Logging,,Pressures (psi),,,,,,,Temperatures (K),,,Valves,,,,,,Force (kg),,Sequence,,,
n,deltaTime,Nitrogen Pressure,Pneumatic Circuit Pressure,Purge Circuit Pressure,Oxidizer Fill Pressure,Oxidizer Tank Pressure,Fuel Tank Pressure,Chamber Pressure 1,Igniter Temperature,Oxidizer Bulkhead Temperature,Fuel Bulkhead Temperature,Nitrogen Purge Valve,Oxidizer Fill Valve,GSE Oxidizer Dump Valve,Tank Oxidizer Dump Valve,Main Oxidizer Valve,Main Fuel Valve,Total Tank Mass,Thrust,System Clock (s),State,,
0,3017229.81,1724.53,107.86,549.58,819.61,7.4,4.67,11.75,0,0,0,0,0,0,1,0,0,2.35,0.1,11926.85,%sSafe,,
1,24.99,1724.53,107.86,549.58,819.61,7.4,4.67,11.86,0,0,0,0,0,0,1,0,0,2.35,0.1,11926.87,%sSafe,,
2,75.45,1724.53,107.86,549.58,819.61,7.4,4.67,11.86,0,0,0,0,0,0,1,0,0,2.35,0.1,11926.95,%sSafe,,
3,29.65,1724.53,107.86,549.58,819.61,7.4,4.67,11.86,0,0,0,0,0,0,1,0,0,2.35,0.1,11926.98,%sSafe,,
4,75.88,1724.52,107.81,549.58,819.61,7.4,4.67,11.86,0,0,0,0,0,0,1,0,0,2.35,0.1,11927.05,%sSafe,,
5,25.6,1724.52,107.81,549.64,819.67,7.4,4.67,11.86,0,0,0,0,0,0,1,0,0,2.35,0.1,11927.08,%sSafe,,
6,83.15,1724.52,107.81,549.64,819.67,7.48,4.67,11.86,0,0,0,0,0,0,1,0,0,2.35,0.1,11927.16,%sSafe,,
7,26.36,1724.52,107.81,549.64,819.67,7.48,4.67,11.86,0,0,0,0,0,0,1,0,0,2.35,0.1,11927.19,%sSafe,,
8,66.22,1724.52,107.81,549.64,819.67,7.48,4.87,11.93,0,0,0,0,0,0,1,0,0,2.35,0.1,11927.25,%sSafe,,
9,28.13,1724.42,107.81,549.64,819.67,7.48,4.87,11.93,0,0,0,0,0,0,1,0,0,2.35,0.1,11927.28,%sSafe,,
10,105.61,1724.42,107.74,549.64,819.67,7.48,4.87,11.93,0,0,0,0,0,0,1,0,0,2.35,0.1,11927.39,%sSafe,,
11,33.39,1724.42,107.74,549.62,819.67,7.48,4.87,11.93,0,0,0,0,0,0,1,0,0,2.35,0.1,11927.42,%sSafe,,
12,132.78,1724.42,107.74,549.62,819.59,7.5,4.87,11.93,0,0,0,0,0,0,1,0,0,2.35,0.1,11927.55,%sSafe,,
13,80.8,1724.42,107.74,549.62,819.59,7.5,4.87,11.93,0,0,0,0,0,0,1,0,0,2.35,0.1,11927.63,%sSafe,,
14,70.53,1724.42,107.74,549.62,819.59,7.5,5.04,12.04,0,0,0,0,0,0,1,0,0,2.35,0.1,11927.71,%sSafe,,
15,37.27,1724.42,107.74,549.62,819.59,7.5,5.04,12.04,0,0,0,0,0,0,1,0,0,2.35,0.1,11927.74,%sSafe,,
16,87.53,1724.42,107.74,549.62,819.59,7.5,5.04,12.04,0,0,0,0,0,0,1,0,0,2.35,0.1,11927.83,%sSafe,,
17,127.58,1724.53,107.74,549.62,819.59,7.5,5.04,12.04,0,0,0,0,0,0,1,0,0,2.35,0.1,11927.96,%sSafe,,
18,57.36,1724.53,107.91,549.62,819.59,7.5,5.04,12.04,0,0,0,0,0,0,1,0,0,2.35,0.1,11928.01,%sSafe,,
19,159.49,1724.53,107.91,549.62,819.59,7.5,5.04,12.04,0,0,0,0,0,0,1,0,0,2.35,0.1,11928.17,%sSafe,,
20,42.47,1724.53,107.91,549.67,819.59,7.5,5.04,12.04,0,0,0,0,0,0,1,0,0,2.35,0.1,11928.22,%sSafe,,
21,148.38,1724.53,107.91,549.67,819.52,7.5,5.04,12.04,0,0,0,0,0,0,1,0,0,2.35,0.1,11928.37,%sSafe,,
22,108.88,1724.53,107.91,549.67,819.52,7.37,4.86,12.04,0,0,0,0,0,0,1,0,0,2.35,0.1,11928.47,%sSafe,,
23,26.72,1724.53,107.91,549.67,819.52,7.37,4.86,11.94,0,0,0,0,0,0,1,0,0,2.35,0.1,11928.5,%sSafe,,
24,128.32,1724.53,107.91,549.67,819.52,7.37,4.86,11.94,0,0,0,0,0,0,1,0,0,2.35,0.11,11928.63,%sSafe,,
25,27.59,1724.53,107.91,549.67,819.52,7.37,4.86,11.94,0,0,0,0,0,0,1,0,0,2.35,0.11,11928.66,%sSafe,,
26,130.03,1724.7,107.92,549.65,819.52,7.37,4.86,11.94,0,0,0,0,0,0,1,0,0,2.35,0.11,11928.79,%sSafe,,
27,88.37,1724.7,107.92,549.65,819.44,7.37,4.86,11.94,0,0,0,0,0,0,1,0,0,2.35,0.11,11928.88,%sSafe,,
28,26.44,1724.7,107.92,549.65,819.44,7.33,4.86,11.94,0,0,0,0,0,0,1,0,0,2.35,0.11,11928.9,%sSafe,,
29,162.17,1724.7,107.92,549.65,819.44,7.33,4.93,11.94,0,0,0,0,0,0,1,0,0,2.35,0.11,11929.06,%sSafe,,
30,32.9,1724.7,107.92,549.65,819.44,7.33,4.93,11.98,0,0,0,0,0,0,1,0,0,2.35,0.11,11929.1,%sSafe,,
31,28.65,1724.7,107.92,549.65,819.44,7.33,4.93,11.98,0,0,0,0,0,0,1,0,0,2.36,0.11,11929.13,%sSafe,,
32,24.48,1724.77,107.92,549.65,819.44,7.33,4.93,11.98,0,0,0,0,0,0,1,0,0,2.36,0.11,11929.15,%sSafe,,
33,24.05,1724.77,107.85,549.67,819.43,7.29,4.93,11.98,0,0,0,0,0,0,1,0,0,2.36,0.11,11929.17,%sSafe,,
34,27.65,1724.77,107.85,549.67,819.43,7.29,4.99,11.98,0,0,0,0,0,0,1,0,0,2.36,0.11,11929.2,%sSafe,,
35,25.49,1724.77,107.85,549.67,819.43,7.29,4.99,12.13,0,0,0,0,0,0,1,0,0,2.36,0.11,11929.23,%sSafe,,
36,23.13,1724.77,107.85,549.67,819.43,7.29,4.99,12.13,0,0,0,0,0,0,1,0,0,2.36,0.12,11929.25,%sSafe,,
37,30.7,1724.8,107.79,549.67,819.43,7.29,4.99,12.13,0,0,0,0,0,0,1,0,0,2.36,0.12,11929.28,%sSafe,,
38,30.16,1724.8,107.79,549.63,819.43,7.29,4.99,12.13,0,0,0,0,0,0,1,0,0,2.36,0.12,11929.31,%sSafe,,
39,24.88,1724.8,107.79,549.63,819.47,7.28,4.99,12.13,0,0,0,0,0,0,1,0,0,2.36,0.12,11929.34,%sSafe,,
40,38.06,1724.8,107.79,549.63,819.47,7.28,5.03,12.06,0,0,0,0,0,0,1,0,0,2.36,0.12,11929.37,%sSafe,,
41,28.22,1724.8,107.79,549.63,819.47,7.28,5.03,12.06,0,0,0,0,0,0,1,0,0,2.36,0.12,11929.4,%sSafe,,
42,25.61,1724.68,107.68,549.63,819.47,7.28,5.03,12.06,0,0,0,0,0,0,1,0,0,2.35,0.12,11929.43,%sSafe,,
43,23.1,1724.68,107.68,549.59,819.47,7.28,5.03,12.06,0,0,0,0,0,0,1,0,0,2.35,0.12,11929.45,%sSafe,,
44,24.38,1724.68,107.68,549.59,819.46,7.34,5,12.11,0,0,0,0,0,0,1,0,0,2.35,0.11,11929.48,%sSafe,,
45,27.88,1724.68,107.68,549.59,819.46,7.34,5,12.11,0,0,0,0,0,0,1,0,0,2.35,0.11,11929.5,%sSafe,,
46,23.66,1724.47,107.56,549.59,819.46,7.34,5,12.11,0,0,0,0,0,0,1,0,0,2.35,0.11,11929.53,%sSafe,,
47,30.32,1724.47,107.56,549.59,819.52,7.35,5,12.11,0,0,0,0,0,0,1,0,0,2.35,0.11,11929.56,%sSafe,,
48,42.81,1724.47,107.56,549.59,819.52,7.35,5.04,12.02,0,0,0,0,0,0,1,0,0,2.35,0.11,11929.6,%sSafe,,
49,25.63,1724.47,107.56,549.59,819.52,7.35,5.04,12.02,0,0,0,0,0,0,1,0,0,2.35,0.11,11929.63,%sSafe,,
50,59.66,1724.44,107.56,549.59,819.52,7.35,5.04,12.02,0,0,0,0,0,0,1,0,0,2.35,0.11,11929.69,%sSafe,,
51,69.2,1724.44,107.51,549.58,819.52,7.35,5.04,12.02,0,0,0,0,0,0,1,0,0,2.35,0.11,11929.75,%sSafe,,
52,35.54,1724.44,107.51,549.58,819.54,7.35,5.04,12.02,0,0,0,0,0,0,1,0,0,2.35,0.11,11929.79,%sSafe,,
53,25.01,1724.44,107.51,549.58,819.54,7.34,5.07,11.96,0,0,0,0,0,0,1,0,0,2.35,0.11,11929.81,%sSafe,,
54,26.64,1724.44,107.51,549.58,819.54,7.34,5.07,11.96,0,0,0,0,0,0,1,0,0,2.35,0.1,11929.84,%sSafe,,
55,25.22,1724.44,107.51,549.58,819.54,7.34,5.07,11.96,0,0,0,0,0,0,1,0,0,2.35,0.1,11929.87,%sSafe,,
56,26.08,1724.27,107.63,549.58,819.54,7.34,5.07,11.96,0,0,0,0,0,0,1,0,0,2.35,0.1,11929.89,%sSafe,,
57,27.03,1724.27,107.63,549.66,819.6,7.52,5.07,11.96,0,0,0,0,0,0,1,0,0,2.35,0.1,11929.92,%sSafe,,
58,26.88,1724.27,107.63,549.66,819.6,7.52,5.26,11.96,0,0,0,0,0,0,1,0,0,2.35,0.1,11929.95,%sSafe,,
59,23.23,1724.27,107.63,549.66,819.6,7.52,5.26,11.73,0,0,0,0,0,0,1,0,0,2.35,0.11,11929.97,%sSafe,,
60,22.24,1724.43,107.71,549.66,819.6,7.52,5.26,11.73,0,0,0,0,0,0,1,0,0,2.35,0.11,11929.99,%sSafe,,
61,24.33,1724.43,107.71,549.63,819.57,7.37,5.26,11.73,0,0,0,0,0,0,1,0,0,2.35,0.11,11930.02,%sSafe,,
62,43.12,1724.43,107.71,549.63,819.57,7.37,5.26,11.73,0,0,0,0,0,0,1,0,0,2.35,0.11,11930.06,%sSafe,,
63,26.08,1724.43,107.71,549.63,819.57,7.37,5.05,11.64,0,0,0,0,0,0,1,0,0,2.35,0.11,11930.09,%sSafe,,
64,41.27,1724.43,107.71,549.63,819.57,7.37,5.05,11.64,0,0,0,0,0,0,1,0,0,2.35,0.11,11930.13,%sSafe,,
65,31.67,1724.42,107.71,549.63,819.57,7.37,5.05,11.64,0,0,0,0,0,0,1,0,0,2.36,0.11,11930.16,%sSafe,,
66,23.97,1724.42,107.71,549.63,819.57,7.37,5.05,11.64,0,0,0,0,0,0,1,0,0,2.36,0.11,11930.18,%sPre-ignition Purge,,
67,35.68,1724.42,107.78,549.58,819.61,7.37,5.05,11.64,0,0,0,0,0,0,1,0,0,2.36,0.11,11930.22,%sPre-ignition Purge,,
68,39.66,1724.42,107.78,549.58,819.61,7.24,5.05,11.64,0,0,0,0,0,0,1,100,100,2.36,0.11,11930.26,%sPre-ignition Purge,,
69,73.47,1724.42,107.78,549.58,819.61,7.24,4.82,11.49,0,0,0,0,0,0,1,100,100,2.36,0.11,11930.33,%sPre-ignition Purge,,
70,24.11,1724.42,107.78,549.58,819.61,7.24,4.82,11.49,0,0,0,0,0,0,1,100,100,2.36,0.1,11930.36,%sPre-ignition Purge,,
71,26.3,1724.37,107.67,549.58,819.61,7.24,4.82,11.49,0,0,0,0,0,0,1,100,100,2.35,0.1,11930.38,%sPre-ignition Purge,,
72,23.94,1724.37,107.67,549.57,819.64,7.24,4.82,11.49,0,0,0,0,0,0,1,100,100,2.35,0.1,11930.41,%sPre-ignition Purge,,
73,22.17,1724.37,107.67,549.57,819.64,7.23,4.82,11.49,0,0,0,0,0,0,1,100,100,2.35,0.1,11930.43,%sPre-ignition Purge,,
74,24.05,1724.37,107.67,549.57,819.64,7.23,4.9,11.48,0,0,0,0,0,0,1,100,100,2.35,0.1,11930.45,%sPre-ignition Purge,,
75,27.64,1724.41,107.74,549.63,819.64,7.23,4.9,11.48,0,0,0,0,0,0,1,100,100,2.35,0.1,11930.48,%sPre-ignition Purge,,
76,23.02,1724.41,107.74,549.63,819.75,7.31,4.9,11.48,0,0,0,0,0,0,1,100,100,2.35,0.1,11930.5,%sPre-ignition Purge,,
77,26.2,1724.41,107.74,549.63,819.75,7.31,4.91,11.54,0,0,0,0,0,0,1,100,100,2.35,0.1,11930.53,%sPre-ignition Purge,,
78,24.1,1724.41,107.74,549.63,819.75,7.31,4.91,11.54,0,0,0,0,0,0,1,100,100,2.35,0.11,11930.55,%sPre-ignition Purge,,
79,23.65,1724.52,107.88,549.65,819.75,7.31,4.91,11.54,0,0,0,0,0,0,1,100,100,2.35,0.11,11930.58,%sPre-ignition Purge,,
80,25.8,1724.52,107.88,549.65,819.77,7.26,4.91,11.54,0,0,0,0,0,0,1,100,100,2.35,0.11,11930.6,%sPre-ignition Purge,,
81,26.18,1724.52,107.88,549.65,819.77,7.26,4.85,11.43,0,0,0,0,0,0,1,100,100,2.35,0.11,11930.63,%sPre-ignition Purge,,
82,28.16,1724.52,107.88,549.65,819.77,7.26,4.85,11.43,0,0,0,0,0,0,1,100,100,2.35,0.1,11930.66,%sPre-ignition Purge,,
83,24.04,1723.92,107.81,549.7,820.02,7.26,4.85,11.43,0,0,0,0,0,0,1,100,100,2.35,0.1,11930.68,%sPre-ignition Purge,,
84,23.06,1723.92,107.81,549.7,820.02,8.8,4.85,11.43,0,0,0,0,0,0,1,100,100,2.35,0.1,11930.7,%sPre-ignition Purge,,
85,26.58,1723.92,107.81,549.7,820.02,8.8,6.1,12.57,0,0,0,0,0,0,1,100,100,2.35,0.1,11930.73,%sPre-ignition Purge,,
86,26.62,1723.92,107.81,549.7,820.02,8.8,6.1,12.57,0,0,0,0,0,0,1,100,100,2.36,0.12,11930.76,%sPre-ignition Purge,,
87,26.61,1724.6,108.03,549.92,820.19,8.8,6.1,12.57,0,0,0,0,0,0,1,100,100,2.36,0.12,11930.78,%sPre-ignition Purge,,
88,25.24,1724.6,108.03,549.92,820.19,9.08,6.1,12.57,0,0,0,0,0,0,1,100,100,2.36,0.12,11930.81,%sPre-ignition Purge,,
89,24.11,1724.6,108.03,549.92,820.19,9.08,6.36,12.79,0,0,0,0,0,0,1,100,100,2.36,0.12,11930.83,%sPre-ignition Purge,,
90,22.28,1724.6,108.03,549.92,820.19,9.08,6.36,12.79,0,0,0,0,0,0,1,100,100,2.36,0.13,11930.86,%sPre-ignition Purge,,
91,22.8,1725.06,108.35,550.07,820.19,9.08,6.36,12.79,0,0,0,0,0,0,1,100,100,2.37,0.13,11930.88,%sPre-ignition Purge,,
92,25.15,1725.06,108.35,550.07,820.37,9.61,6.36,12.79,0,0,0,0,0,0,1,100,100,2.37,0.13,11930.9,%sPre-ignition Purge,,
93,24.13,1725.06,108.35,550.07,820.37,9.61,6.8,12.79,0,0,0,0,0,0,1,100,100,2.37,0.13,11930.93,%sPre-ignition Purge,,
94,29.34,1725.06,108.35,550.07,820.37,9.61,6.8,13.25,0,0,0,0,0,0,1,100,100,2.37,0.14,11930.96,%sPre-ignition Purge,,
95,22.15,1725.32,108.45,550.07,820.37,9.61,6.8,13.25,0,0,0,0,0,0,1,100,100,2.37,0.14,11930.98,%sPre-ignition Purge,,
96,29.19,1725.32,108.45,550.15,820.46,9.87,6.8,13.25,0,0,0,0,0,0,1,100,100,2.37,0.14,11931.01,%sPre-ignition Purge,,
97,25.09,1725.32,108.45,550.15,820.46,9.87,7.02,13.25,0,0,0,0,0,0,1,100,100,2.37,0.14,11931.03,%sPre-ignition Purge,,
98,26.69,1725.6,108.45,550.15,820.46,9.87,7.02,13.56,0,0,0,0,0,0,1,100,100,2.37,0.15,11931.06,%sPre-ignition Purge,,
99,27.19,1725.6,108.5,550.21,820.46,9.87,7.02,13.56,0,0,0,0,0,0,1,100,100,2.37,0.15,11931.09,%sPre-ignition Purge,,
100,40.79,1725.6,108.5,550.21,820.47,9.95,6.98,13.56,0,0,0,0,0,0,1,100,100,2.37,0.15,11931.13,%sPre-ignition Purge,,
101,22.26,1725.6,108.5,550.21,820.47,9.95,6.98,13.86,0,0,0,0,0,0,1,100,100,2.37,0.15,11931.15,%sPre-ignition Purge,,
102,27.01,1725.6,108.5,550.21,820.47,9.95,6.98,13.86,0,0,0,0,0,0,1,100,100,2.36,0.13,11931.18,%sPre-ignition Purge,,
103,26.64,1724.78,108.18,550.21,820.47,9.95,6.98,13.86,0,0,0,0,0,0,1,100,100,2.36,0.13,11931.2,%sPre-ignition Purge,,
104,24.2,1724.78,108.18,550.01,820.29,9.95,6.98,13.86,0,0,0,0,0,0,1,100,100,2.36,0.13,11931.23,%sPre-ignition Purge,,
105,27.96,1724.78,108.18,550.01,820.29,9.45,6.39,13.86,0,0,0,0,0,0,1,100,100,2.36,0.13,11931.26,%sPre-ignition Purge,,
106,26.46,1724.78,108.18,550.01,820.29,9.45,6.39,13.86,0,0,0,0,0,0,1,100,100,2.36,0.13,11931.28,%sPre-ignition Purge,,
107,28.31,1724.19,108.18,550.01,820.29,9.45,6.39,13.19,0,0,0,0,0,0,1,100,100,2.36,0.11,11931.31,%sPre-ignition Purge,,
108,28.34,1724.19,107.95,549.87,820.29,9.45,6.39,13.19,0,0,0,0,0,0,1,100,100,2.36,0.11,11931.34,%sPre-ignition Purge,,
109,26.59,1724.19,107.95,549.87,820.08,9.45,6.39,13.19,0,0,0,0,0,0,1,100,100,2.36,0.11,11931.37,%sPre-ignition Purge,,
110,22.19,1724.19,107.95,549.87,820.08,8.77,5.63,12.64,0,0,0,0,0,0,1,100,100,2.36,0.11,11931.39,%sPre-ignition Purge,,
111,27.99,1723.41,107.95,549.87,820.08,8.77,5.63,12.64,0,0,0,0,0,0,1,100,100,2.35,0.09,11931.42,%sPre-ignition Purge,,
112,22.43,1723.41,107.71,549.87,820.08,8.77,5.63,12.64,0,0,0,0,0,0,1,100,100,2.35,0.09,11931.44,%sPre-ignition Purge,,
113,27.2,1723.41,107.71,549.64,820.08,8.77,5.63,12.64,0,0,0,0,0,0,1,100,100,2.35,0.09,11931.47,%sPre-ignition Purge,,
114,21.47,1723.41,107.71,549.64,819.86,8.21,5.63,12.64,0,0,0,0,0,0,1,100,100,2.35,0.09,11931.49,%sPre-ignition Purge,,
115,25.18,1723.41,107.71,549.64,819.86,8.21,4.99,12.09,0,0,0,0,0,0,1,100,100,2.35,0.08,11931.51,%sPre-ignition Purge,,
116,31.69,1722.78,107.25,549.64,819.86,8.21,4.99,12.09,0,0,0,0,0,0,1,100,100,2.35,0.08,11931.54,%sPre-ignition Purge,,
117,41.21,1722.78,107.25,549.42,819.62,8.21,4.99,12.09,0,0,0,0,0,0,1,100,100,2.35,0.08,11931.59,%sPre-ignition Purge,,
118,29.07,1722.78,107.25,549.42,819.62,7.57,4.35,12.09,0,0,0,0,0,0,1,100,100,2.35,0.08,11931.61,%sPre-ignition Purge,,
119,32.95,1722.78,107.25,549.42,819.62,7.57,4.35,11.45,0,0,0,0,0,0,1,100,100,2.34,0.06,11931.65,%sPre-ignition Purge,,
120,24.99,1720.39,106.66,549.42,819.62,7.57,4.35,11.45,0,0,0,0,0,0,1,100,100,2.34,0.06,11931.67,%sPre-ignition Purge,,
121,25.07,1720.39,106.66,532.29,819.41,7.02,4.35,11.45,0,0,0,0,0,0,1,100,100,2.34,0.06,11931.7,%sPre-ignition Purge,,
122,25.74,1720.39,106.66,532.29,819.41,7.02,3.84,10.92,0,0,0,0,0,0,1,100,100,2.34,0.06,11931.72,%sPre-ignition Purge,,
123,29.88,1720.39,106.66,532.29,819.41,7.02,3.84,10.92,0,0,0,0,0,0,1,100,100,2.34,0.05,11931.75,%sPre-ignition Purge,,
124,24.23,1717.55,106.22,532.29,819.41,7.02,3.84,10.92,0,0,0,0,0,0,1,100,100,2.34,0.05,11931.78,%sPre-ignition Purge,,
125,27.79,1717.55,106.22,510.48,818.99,7.02,3.84,10.92,0,0,0,0,0,0,1,100,100,2.34,0.05,11931.8,%sPre-ignition Purge,,
126,24.73,1717.55,106.22,510.48,818.99,5.06,3.84,10.92,0,0,0,0,0,0,1,100,100,2.34,0.05,11931.83,%sPre-ignition Purge,,
127,27.61,1717.55,106.22,510.48,818.99,5.06,2.33,9.24,0,0,0,0,0,0,1,100,100,2.34,0,11931.86,%sPre-ignition Purge,,
128,27.2,1713.37,105.97,510.48,818.99,5.06,2.33,9.24,0,0,0,0,0,0,1,100,100,2.32,0,11931.88,%sPre-ignition Purge,,
129,23.59,1713.37,105.97,488.76,818.99,5.06,2.33,9.24,0,0,0,0,0,0,1,100,100,2.32,0,11931.91,%sPre-ignition Purge,,
130,25.88,1713.37,105.97,488.76,818.73,4.74,2.33,9.24,0,0,0,0,0,0,1,100,100,2.32,0,11931.93,%sPre-ignition Purge,,
131,27.81,1713.37,105.97,488.76,818.73,4.74,1.84,8.47,0,0,0,0,0,0,1,100,100,2.32,-0.03,11931.96,%sPre-ignition Purge,,
132,28.5,1709.35,105.58,488.76,818.73,4.74,1.84,8.47,0,0,0,0,0,0,1,100,100,2.31,-0.03,11931.99,%sPre-ignition Purge,,
133,24.31,1709.35,105.58,467.09,818.73,4.74,1.84,8.47,0,0,0,0,0,0,1,100,100,2.31,-0.03,11932.01,%sPre-ignition Purge,,
134,22.73,1709.35,105.58,467.09,818.37,4.74,1.84,8.47,0,0,0,0,0,0,1,100,100,2.31,-0.03,11932.04,%sPre-ignition Purge,,
135,24.13,1709.35,105.58,467.09,818.37,4.48,1.34,7.59,0,0,0,0,0,0,1,100,100,2.31,-0.04,11932.06,%sPre-ignition Purge,,
136,28.84,1705.19,105.4,467.09,818.37,4.48,1.34,7.59,0,0,0,0,0,0,1,100,100,2.31,-0.04,11932.09,%sPre-ignition Purge,,
137,38.27,1705.19,105.4,445.44,818.07,4.48,1.34,7.59,0,0,0,0,0,0,1,100,100,2.31,-0.04,11932.13,%sPre-ignition Purge,,
138,23.01,1705.19,105.4,445.44,818.07,4.43,1.34,7.59,0,0,0,0,0,0,1,100,100,2.31,-0.04,11932.15,%sPre-ignition Purge,,
139,24.23,1705.19,105.4,445.44,818.07,4.43,1.08,6.77,0,0,0,0,0,0,1,100,100,2.31,-0.06,11932.18,%sPre-ignition Purge,,
140,26.84,1700.76,105.14,423.76,818.07,4.43,1.08,6.77,0,0,0,0,0,0,1,100,100,2.3,-0.06,11932.2,%sPre-ignition Purge,,
141,25.7,1700.76,105.14,423.76,817.84,4.43,1.08,6.77,0,0,0,0,0,0,1,100,100,2.3,-0.06,11932.23,%sPre-ignition Purge,,
142,22.37,1700.76,105.14,423.76,817.84,4.65,1.13,6.77,0,0,0,0,0,0,1,100,100,2.3,-0.06,11932.25,%sPre-ignition Purge,,
143,24.93,1700.76,105.14,423.76,817.84,4.65,1.13,6.03,0,0,0,0,0,0,1,100,100,2.3,-0.07,11932.28,%sPre-ignition Purge,,
144,21.58,1697.11,105.24,423.76,817.84,4.65,1.13,6.03,0,0,0,0,0,0,1,100,100,2.3,-0.07,11932.3,%sPre-ignition Purge,,
145,25.02,1697.11,105.24,402.44,817.91,5.9,1.13,6.03,0,0,0,0,0,0,1,100,100,2.3,-0.07,11932.32,%sPre-ignition Purge,,
146,22.24,1697.11,105.24,402.44,817.91,5.9,2.24,6.18,0,0,0,0,0,0,1,100,100,2.3,-0.07,11932.34,%sPre-ignition Purge,,
147,26.23,1693.32,105.24,402.44,817.91,5.9,2.24,6.18,0,0,0,0,0,0,1,100,100,2.3,-0.07,11932.37,%sPre-ignition Purge,,
148,26.59,1693.32,105.38,402.44,817.91,5.9,2.24,6.18,0,0,0,0,0,0,1,100,100,2.3,-0.07,11932.4,%sPre-ignition Purge,,
149,22.77,1693.32,105.38,381.13,818,7.41,3.62,6.18,0,0,0,0,0,0,1,100,100,2.3,-0.07,11932.42,%sPre-ignition Purge,,
150,30.32,1693.32,105.38,381.13,818,7.41,3.62,6.24,0,0,0,0,0,0,1,100,100,2.3,-0.06,11932.45,%sPre-ignition Purge,,
151,31.64,1689.37,105.53,359.73,818,7.41,3.62,6.24,0,0,0,0,0,0,1,100,100,2.3,-0.06,11932.48,%sPre-ignition Purge,,
152,26.51,1689.37,105.53,359.73,818,7.41,3.62,6.24,0,0,0,0,0,0,1,100,100,2.3,-0.06,11932.51,%sPre-ignition Purge,,
153,27.09,1689.37,105.53,359.73,818.02,7.41,3.62,6.24,0,0,0,0,0,0,1,100,100,2.3,-0.06,11932.54,%sPre-ignition Purge,,
154,24.67,1689.37,105.53,359.73,818.02,9.1,5.11,6.43,0,0,0,0,0,0,1,0,0,2.3,-0.06,11932.56,%sPre-ignition Purge,,
155,38.19,1689.37,105.53,359.73,818.02,9.1,5.11,6.43,0,0,0,0,0,0,1,0,0,2.3,-0.06,11932.6,%sPre-ignition Purge,,
156,22.65,1685.06,105.87,359.73,818.02,9.1,5.11,6.43,0,0,0,0,0,0,1,0,0,2.3,-0.06,11932.62,%sPre-ignition Purge,,
157,28.59,1685.06,105.87,338.28,818.05,9.1,5.11,6.43,0,0,0,0,0,0,1,0,0,2.3,-0.06,11932.65,%sPre-ignition Purge,,
158,20.14,1685.06,105.87,338.28,818.05,10.7,6.52,6.4,0,0,0,0,0,0,1,0,0,2.3,-0.06,11932.67,%sPre-ignition Purge,,
159,23.03,1685.06,105.87,338.28,818.05,10.7,6.52,6.4,0,0,0,0,0,0,1,0,0,2.29,-0.06,11932.69,%sPre-ignition Purge,,
160,24,1682.34,106.34,338.28,818.05,10.7,6.52,6.4,0,0,0,0,0,0,1,0,0,2.29,-0.06,11932.72,%sPre-ignition Purge,,
161,23.02,1682.34,106.34,333.73,818.04,10.7,6.52,6.4,0,0,0,0,0,0,1,0,0,2.29,-0.06,11932.74,%sPre-ignition Purge,,
162,25.88,1682.34,106.34,333.73,818.04,12.4,8.03,6.36,0,0,0,0,0,0,1,0,0,2.29,-0.06,11932.77,%sPre-ignition Purge,,
163,28.58,1680.56,106.34,333.73,818.04,12.4,8.03,6.36,0,0,0,0,0,0,1,0,0,2.29,-0.06,11932.79,%sPre-ignition Purge,,
164,24.16,1680.56,106.79,334,818.03,12.4,8.03,6.36,0,0,0,0,0,0,1,0,0,2.29,-0.06,11932.82,%sPre-ignition Purge,,
165,25.08,1680.56,106.79,334,818.03,14.08,9.43,6.36,0,0,0,0,0,0,1,0,0,2.29,-0.06,11932.84,%sPre-ignition Purge,,
166,27.53,1680.56,106.79,334,818.03,14.08,9.43,6.34,0,0,0,0,0,0,1,0,0,2.29,-0.05,11932.87,%sPre-ignition Purge,,
167,26.65,1678.67,106.75,334,818.03,14.08,9.43,6.34,0,0,0,0,0,0,1,0,0,2.29,-0.05,11932.9,%sPre-ignition Purge,,
168,24.73,1678.67,106.75,333.94,818.03,14.08,9.43,6.34,0,0,0,0,0,0,1,0,0,2.29,-0.05,11932.92,%sPre-ignition Purge,,
169,29.54,1678.67,106.75,333.94,817.94,15.57,10.9,6.24,0,0,0,0,0,0,1,0,0,2.29,-0.05,11932.95,%sPre-ignition Purge,,
170,29.57,1678.94,106.75,333.94,817.94,15.57,10.9,6.24,0,0,0,0,0,0,1,0,0,2.29,-0.05,11932.98,%sPre-ignition Purge,,
171,25.46,1678.94,107.94,333.94,817.94,15.57,10.9,6.24,0,0,0,0,0,0,1,0,0,2.29,-0.05,11933.01,%sPre-ignition Purge,,
172,26.88,1678.94,107.94,334.91,818.92,15.57,10.9,6.24,0,0,0,0,0,0,1,0,0,2.29,-0.05,11933.03,%sPre-ignition Purge,,
173,28.63,1678.94,107.94,334.91,818.92,19.51,14.48,6.24,0,0,0,0,0,0,1,0,0,2.29,-0.05,11933.06,%sPre-ignition Purge,,
174,26.07,1677.85,107.94,334.91,818.92,19.51,14.48,8.14,0,0,0,0,0,0,1,0,0,2.3,-0.03,11933.09,%sPre-ignition Purge,,
175,25.94,1677.85,108.18,334.91,818.92,19.51,14.48,8.14,0,0,0,0,0,0,1,0,0,2.3,-0.03,11933.11,%sPre-ignition Purge,,
176,25.58,1677.85,108.18,334.96,819.18,19.51,14.48,8.14,0,0,0,0,0,0,1,0,0,2.3,-0.03,11933.14,%sPre-ignition Purge,,
177,22.13,1677.85,108.18,334.96,819.18,21.9,16.79,8.14,0,0,0,0,0,0,1,0,0,2.3,-0.03,11933.16,%sPre-ignition Purge,,
178,23,1677.85,108.18,334.96,819.18,21.9,16.79,8.92,0,0,0,0,0,0,1,0,0,2.3,0,11933.19,%sPre-ignition Purge,,
179,22.7,1676.86,108.18,334.96,819.18,21.9,16.79,8.92,0,0,0,0,0,0,1,0,0,2.3,0,11933.21,%sPre-ignition Purge,,
180,22.17,1676.86,108.37,334.97,819.43,24.16,16.79,8.92,0,0,0,0,0,0,1,0,0,2.3,0,11933.23,%sPre-ignition Purge,,
181,28.35,1676.86,108.37,334.97,819.43,24.16,19.06,9.69,0,0,0,0,0,0,1,0,0,2.3,0,11933.26,%sPre-ignition Purge,,
182,29.71,1676.86,108.37,334.97,819.43,24.16,19.06,9.69,0,0,0,0,0,0,1,0,0,2.31,0.02,11933.29,%sPre-ignition Purge,,
183,27.53,1675.81,108.68,335.16,819.43,24.16,19.06,9.69,0,0,0,0,0,0,1,0,0,2.31,0.02,11933.32,%sPre-ignition Purge,,
184,28.55,1675.81,108.68,335.16,819.73,24.16,19.06,9.69,0,0,0,0,0,0,1,0,0,2.31,0.02,11933.34,%sPre-ignition Purge,,
185,22.7,1675.81,108.68,335.16,819.73,26.53,21.46,9.69,0,0,0,0,0,0,1,0,0,2.31,0.02,11933.37,%sPre-ignition Purge,,
186,28.13,1674.89,108.68,335.16,819.73,26.53,21.46,10.55,0,0,0,0,0,0,1,0,0,2.31,0.05,11933.39,%sPre-ignition Purge,,
187,28.18,1674.89,108.96,335.16,819.73,26.53,21.46,10.55,0,0,0,0,0,0,1,0,0,2.31,0.05,11933.42,%sPre-ignition Purge,,
188,24.53,1674.89,108.96,335.21,819.73,26.53,21.46,10.55,0,0,0,0,0,0,1,0,0,2.31,0.05,11933.45,%sPre-ignition Purge,,
189,23.1,1674.89,108.96,335.21,819.91,28.65,23.94,10.55,0,0,0,0,0,0,1,0,0,2.31,0.05,11933.47,%sPre-ignition Purge,,
190,27.72,1674.89,108.96,335.21,819.91,28.65,23.94,11.27,0,0,0,0,0,0,1,0,0,2.31,0.05,11933.5,%sPre-ignition Purge,,
191,28.17,1674.89,108.96,335.21,819.91,28.65,23.94,11.27,0,0,0,0,0,0,1,0,0,2.31,0.05,11933.53,%sPre-ignition Purge,,
192,31.74,1673.34,109.02,335.26,819.91,28.65,23.94,11.27,0,0,0,0,0,0,1,0,0,2.31,0.05,11933.56,%sPre-ignition Purge,,
193,26.21,1673.34,109.02,335.26,819.96,28.65,23.94,11.27,0,0,0,0,0,0,1,0,0,2.31,0.05,11933.58,%sPre-ignition Purge,,
194,27.13,1673.34,109.02,335.26,819.96,30.14,25.92,11.27,0,0,0,0,0,0,1,0,0,2.31,0.05,11933.61,%sPre-ignition Purge,,
195,27.75,1673.34,109.02,335.26,819.96,30.14,25.92,11.31,0,0,0,0,0,0,1,0,0,2.31,0.04,11933.64,%sPre-ignition Purge,,
196,32.86,1671.73,109.02,335.26,819.96,30.14,25.92,11.31,0,0,0,0,0,0,1,0,0,2.32,0.04,11933.67,%sPre-ignition Purge,,
197,32.2,1671.73,109.05,335.26,819.96,30.14,25.92,11.31,0,0,0,0,0,0,1,0,0,2.32,0.04,11933.7,%sPre-ignition Purge,,
198,24.8,1671.73,109.05,335.33,819.96,30.14,25.92,11.31,0,0,0,0,0,0,1,0,0,2.32,0.04,11933.73,%sPre-ignition Purge,,
199,26.1,1671.73,109.05,335.33,819.97,31.88,27.98,11.31,0,0,0,0,0,0,1,0,0,2.32,0.04,11933.76,%sPre-ignition Purge,,
200,25.72,1671.73,109.05,335.33,819.97,31.88,27.98,11.31,0,0,0,0,0,0,1,0,0,2.32,0.04,11933.78,%sPre-ignition Purge,,
201,29.22,1671.73,109.05,335.33,819.97,31.88,27.98,11.4,0,0,0,0,0,0,1,0,0,2.31,0.05,11933.81,%sPre-ignition Purge,,
202,27.79,1670.22,109.05,335.33,819.97,31.88,27.98,11.4,0,0,0,0,0,0,1,0,0,2.31,0.05,11933.84,%sPre-ignition Purge,,
203,28.72,1670.22,109.05,335.34,819.97,31.88,27.98,11.4,0,0,0,0,0,0,1,0,0,2.31,0.05,11933.87,%sPre-ignition Purge,,
204,33.74,1670.22,109.05,335.34,820.02,33.78,27.98,11.4,0,0,0,0,0,0,1,0,0,2.31,0.05,11933.9,%sPre-ignition Purge,,
205,37.78,1670.22,109.05,335.34,820.02,33.78,30.06,11.59,0,0,0,0,0,0,1,0,0,2.31,0.05,11933.94,%sPre-ignition Purge,,
206,32.76,1670.22,109.05,335.34,820.02,33.78,30.06,11.59,0,0,0,0,0,0,1,0,0,2.31,0.05,11933.97,%sPre-ignition Purge,,
207,31.65,1670.22,109.05,335.34,820.02,33.78,30.06,11.59,0,0,0,0,0,0,1,0,0,2.31,0.05,11934,%sPre-ignition Purge,,
208,32.08,1668.22,108.22,335.34,820.02,33.78,30.06,11.59,0,0,0,0,0,0,1,0,0,2.31,0.05,11934.03,%sPre-ignition Purge,,
209,44.53,1668.22,108.22,335.18,820.02,33.78,30.06,11.59,0,0,0,0,0,0,1,0,0,2.31,0.05,11934.08,%sPre-ignition Purge,,
210,32.17,1668.22,108.22,335.18,820.05,35.76,30.06,11.59,0,0,0,0,0,0,1,0,0,2.31,0.05,11934.11,%sPre-ignition Purge,,
211,32.65,1668.22,108.22,335.18,820.05,35.76,32.25,11.59,0,0,0,0,0,0,1,0,0,2.31,0.05,11934.14,%sPre-ignition Purge,,
212,29.85,1668.22,108.22,335.18,820.05,35.76,32.25,11.76,0,0,0,0,0,0,1,0,0,2.31,0.05,11934.17,%sPre-ignition Purge,,
213,23.61,1668.22,108.22,335.18,820.05,35.76,32.25,11.76,0,0,0,0,0,0,1,0,0,2.31,0.06,11934.2,%sPre-ignition Purge,,
214,28.23,1666.09,108.22,335.18,820.05,35.76,32.25,11.76,0,0,0,0,0,0,1,0,0,2.32,0.06,11934.23,%sPre-ignition Purge,,
215,37.34,1666.09,108.28,335.18,820.05,35.76,32.25,11.76,0,0,0,0,0,0,1,0,0,2.32,0.06,11934.26,%sPre-ignition Purge,,
216,26.65,1666.09,108.28,335.1,820.15,35.76,32.25,11.76,0,0,0,0,0,0,1,0,0,2.32,0.06,11934.29,%sPre-ignition Purge,,
217,35.97,1666.09,108.28,335.1,820.15,38.44,32.25,11.76,0,0,0,0,0,0,1,0,0,2.32,0.06,11934.33,%sPre-ignition Purge,,
218,26.74,1666.09,108.28,335.1,820.15,38.44,35.35,11.93,0,0,0,0,0,0,1,0,0,2.32,0.06,11934.35,%sPre-ignition Purge,,
219,33.93,1666.09,108.28,335.1,820.15,38.44,35.35,11.93,0,0,0,0,0,0,1,0,0,2.32,0.06,11934.39,%sPre-ignition Purge,,
220,23.65,1661.9,108.28,335.1,820.15,38.44,35.35,11.93,0,0,0,0,0,0,1,0,0,2.32,0.06,11934.41,%sPre-ignition Purge,,
221,26.7,1661.9,107.32,335.1,820.15,38.44,35.35,11.93,0,0,0,0,0,0,1,0,0,2.32,0.06,11934.44,%sPre-ignition Purge,,
222,49.9,1661.9,107.32,333.97,820.15,38.44,35.35,11.93,0,0,0,0,0,0,1,0,0,2.32,0.06,11934.49,%sPre-ignition Purge,,
223,31.72,1661.9,107.32,333.97,819.25,39.19,35.35,11.93,0,0,0,0,0,0,1,0,0,2.32,0.06,11934.52,%sPre-ignition Purge,,
224,25.1,1661.9,107.32,333.97,819.25,39.19,35.35,11.93,0,0,0,0,0,0,1,0,0,2.32,0.06,11934.54,%sPre-ignition Purge,,
225,22.16,1661.9,107.32,333.97,819.25,39.19,36.76,11.93,0,0,0,0,0,0,1,0,0,2.32,0.06,11934.57,%sPre-ignition Purge,,
226,35.26,1661.9,107.32,333.97,819.25,39.19,36.76,10.27,0,0,0,0,0,0,1,0,0,2.31,0.04,11934.6,%sPre-ignition Purge,,
227,35.77,1661.9,107.32,333.97,819.25,39.19,36.76,10.27,0,0,0,0,0,0,1,0,0,2.31,0.04,11934.64,%sPre-ignition Purge,,
228,25.07,1658.81,107.25,333.97,819.25,39.19,36.76,10.27,0,0,0,0,0,0,1,0,0,2.31,0.04,11934.66,%sOxidizer Fill,,
229,32.56,1658.81,107.25,333.87,819.25,39.19,36.76,10.27,0,0,0,0,0,0,1,0,0,2.31,0.04,11934.69,%sOxidizer Fill,,
230,27.21,1658.81,107.25,333.87,819.03,42.57,36.76,10.27,0,0,0,0,0,0,1,0,0,2.31,0.04,11934.72,%sOxidizer Fill,,
231,25.33,1658.81,107.25,333.87,819.03,42.57,40.42,9.61,0,0,0,0,0,0,1,0,0,2.31,0.04,11934.75,%sOxidizer Fill,,
232,26.12,1658.81,107.25,333.87,819.03,42.57,40.42,9.61,0,0,0,0,0,0,1,0,0,2.31,0.02,11934.77,%sOxidizer Fill,,
233,26.37,1657.67,107.25,333.87,819.03,42.57,40.42,9.61,0,0,0,0,0,0,1,0,0,2.3,0.02,11934.8,%sOxidizer Fill,,
234,31.12,1657.67,106.54,333.87,819.03,42.57,40.42,9.61,0,0,0,0,0,0,1,0,0,2.3,0.02,11934.83,%sOxidizer Fill,,
235,23.15,1657.67,106.54,354.58,819.03,42.57,40.42,9.61,0,0,0,0,0,0,1,0,0,2.3,0.02,11934.85,%sOxidizer Fill,,
236,25.6,1657.67,106.54,354.58,818.83,46.19,44.35,9.61,0,0,0,0,0,0,1,0,0,2.3,0.02,11934.88,%sOxidizer Fill,,
237,35.18,1657.67,106.54,354.58,818.83,46.19,44.35,8.98,0,0,0,0,0,0,1,0,0,2.3,-0.01,11934.91,%sOxidizer Fill,,
238,24.66,1657.13,106.54,354.58,818.83,46.19,44.35,8.98,0,0,0,0,0,0,1,0,0,2.3,-0.01,11934.94,%sOxidizer Fill,,
239,25.89,1657.13,106.21,354.58,818.83,46.19,44.35,8.98,0,0,0,0,0,0,1,0,0,2.3,-0.01,11934.97,%sOxidizer Fill,,
240,41.7,1657.13,106.21,375.11,818.52,46.19,44.35,8.98,0,0,0,0,0,0,1,0,0,2.3,-0.01,11935.01,%sOxidizer Fill,,
241,29.19,1657.13,106.21,375.11,818.52,49.28,44.35,8.98,0,0,0,0,0,0,1,0,0,2.3,-0.01,11935.04,%sOxidizer Fill,,
242,23.79,1657.13,106.21,375.11,818.52,49.28,47.84,8.2,0,0,0,0,0,0,1,0,0,2.3,-0.03,11935.06,%sOxidizer Fill,,
243,24.16,1657.03,106.21,375.11,818.52,49.28,47.84,8.2,0,0,0,0,0,0,1,0,0,2.3,-0.03,11935.08,%sOxidizer Fill,,
244,30.53,1657.03,106.14,396.01,818.52,49.28,47.84,8.2,0,0,0,0,0,0,1,0,0,2.3,-0.03,11935.11,%sOxidizer Fill,,
245,26.77,1657.03,106.14,396.01,818.48,53.05,51.46,8.2,0,0,0,0,0,0,1,0,0,2.3,-0.03,11935.14,%sOxidizer Fill,,
246,29.83,1657.03,106.14,396.01,818.48,53.05,51.46,8.2,0,0,0,0,0,0,1,0,0,2.3,-0.03,11935.17,%sOxidizer Fill,,
247,22.21,1657.03,106.14,396.01,818.48,53.05,51.46,8.14,0,0,0,0,0,0,1,0,0,2.3,-0.02,11935.19,%sOxidizer Fill,,
248,25.78,1657.91,106.29,417.03,818.48,53.05,51.46,8.14,0,0,0,0,0,0,1,0,0,2.3,-0.02,11935.22,%sOxidizer Fill,,
249,29.61,1657.91,106.29,417.03,818.65,57.21,51.46,8.14,0,0,0,0,0,0,1,0,0,2.3,-0.02,11935.25,%sOxidizer Fill,,
250,32.6,1657.91,106.29,417.03,818.65,57.21,55.32,8.14,0,0,0,0,0,0,1,0,0,2.3,-0.02,11935.28,%sOxidizer Fill,,
251,24.4,1657.91,106.29,417.03,818.65,57.21,55.32,8.66,0,0,0,0,0,0,1,0,0,2.3,0,11935.31,%sOxidizer Fill,,
252,28.52,1659.12,106.29,417.03,818.65,57.21,55.32,8.66,0,0,0,0,0,0,1,0,0,2.31,0,11935.33,%sOxidizer Fill,,
253,27.62,1659.12,106.45,438.07,818.65,57.21,55.32,8.66,0,0,0,0,0,0,1,0,0,2.31,0,11935.36,%sOxidizer Fill,,
254,24.04,1659.12,106.45,438.07,818.8,60.93,55.32,8.66,0,0,0,0,0,0,1,0,0,2.31,0,11935.39,%sOxidizer Fill,,
255,25.8,1659.12,106.45,438.07,818.8,60.93,59.03,9.24,0,0,0,0,0,0,1,0,0,2.31,0,11935.41,%sOxidizer Fill,,
256,24.13,1659.12,106.45,438.07,818.8,60.93,59.03,9.24,0,0,0,0,0,0,1,0,0,2.31,0.02,11935.44,%sOxidizer Fill,,
257,22.23,1660.29,106.62,438.07,818.8,60.93,59.03,9.24,0,0,0,0,0,0,1,0,0,2.32,0.02,11935.46,%sOxidizer Fill,,
258,73.71,1660.29,106.62,459.16,818.8,60.93,59.03,9.24,0,0,0,0,0,0,1,0,0,2.32,0.02,11935.53,%sOxidizer Fill,,
259,30.46,1660.29,106.62,459.16,818.98,64.43,59.03,9.24,0,0,0,0,0,0,1,0,0,2.32,0.02,11935.56,%sOxidizer Fill Confirmation,,
260,27.4,1660.29,106.62,459.16,818.98,64.43,62.69,9.24,0,0,0,0,0,0,1,0,0,2.32,0.02,11935.59,%sOxidizer Fill Confirmation,,
261,25.57,1660.29,106.62,459.16,818.98,64.43,62.69,9.77,0,0,0,0,0,0,1,0,0,2.33,0.04,11935.62,%sOxidizer Fill Confirmation,,
262,27.17,1662.09,107.64,459.16,818.98,64.43,62.69,9.77,0,0,0,0,0,0,1,0,0,2.33,0.04,11935.64,%sOxidizer Fill Confirmation,,
263,23.23,1662.09,107.64,480.32,818.98,64.43,62.69,9.77,0,0,0,0,0,0,1,0,0,2.33,0.04,11935.67,%sOxidizer Fill Confirmation,,
264,26.41,1662.09,107.64,480.32,819.12,64.43,62.69,9.77,0,0,0,0,0,0,1,0,0,2.33,0.04,11935.69,%sOxidizer Fill Confirmation,,
265,26.34,1662.09,107.64,480.32,819.12,67.67,66.01,10.3,0,0,0,0,0,0,1,0,0,2.33,0.04,11935.72,%sOxidizer Fill Confirmation,,
266,36.77,1664.35,107.64,480.32,819.12,67.67,66.01,10.3,0,0,0,0,0,0,1,0,0,2.34,0.04,11935.76,%sOxidizer Fill Confirmation,,
267,27.62,1664.35,107.74,480.32,819.12,67.67,66.01,10.3,0,0,0,0,0,0,1,0,0,2.34,0.04,11935.78,%sOxidizer Fill Confirmation,,
268,29.29,1664.35,107.74,501.51,819.25,67.67,66.01,10.3,0,0,0,0,0,0,1,0,0,2.34,0.04,11935.81,%sOxidizer Fill Confirmation,,
269,27.83,1664.35,107.74,501.51,819.25,70.02,68.33,10.3,0,0,0,0,0,0,1,0,0,2.34,0.04,11935.84,%sOxidizer Fill Confirmation,,
270,25.83,1664.35,107.74,501.51,819.25,70.02,68.33,10.78,0,0,0,0,0,0,1,0,0,2.34,0.06,11935.87,%sOxidizer Fill Confirmation,,
271,28.74,1664.35,107.74,501.51,819.25,70.02,68.33,10.78,0,0,0,0,0,0,1,0,0,2.34,0.06,11935.89,%sOxidizer Fill Confirmation,,
272,26.48,1666.6,107.83,522.7,819.41,70.02,68.33,10.78,0,0,0,0,0,0,1,0,0,2.34,0.06,11935.92,%sOxidizer Fill Confirmation,,
273,34.38,1666.6,107.83,522.7,819.41,71.64,68.33,10.78,0,0,0,0,0,0,1,0,0,2.34,0.06,11935.96,%sOxidizer Fill Confirmation,,
274,21.63,1666.6,107.83,522.7,819.41,71.64,69.97,10.78,0,0,0,0,0,0,1,0,0,2.34,0.06,11935.98,%sOxidizer Fill Confirmation,,
275,25.08,1668.79,106.52,522.7,819.41,71.64,69.97,11.05,0,0,0,0,0,0,1,0,0,2.34,0.06,11936,%sOxidizer Fill Confirmation,,
276,41.07,1668.79,106.52,543.71,819.47,71.64,69.97,11.05,0,0,0,0,0,0,1,0,0,2.34,0.06,11936.04,%sOxidizer Fill Confirmation,,
277,23.97,1668.79,106.52,543.71,819.47,71.75,69.97,11.05,0,0,0,0,0,0,1,0,0,2.34,0.06,11936.07,%sOxidizer Fill Confirmation,,
278,26.22,1668.79,106.52,543.71,819.47,71.75,70.14,11.06,0,0,0,0,0,0,1,0,0,2.34,0.06,11936.09,%sOxidizer Fill Confirmation,,
279,22.64,1668.79,106.52,543.71,819.47,71.75,70.14,11.06,0,0,0,0,0,0,1,0,0,2.35,0.06,11936.12,%sOxidizer Fill Confirmation,,
280,21.72,1669.49,106.53,543.71,819.47,71.75,70.14,11.06,0,0,0,0,0,0,1,0,0,2.35,0.06,11936.14,%sOxidizer Fill Confirmation,,
281,25.06,1669.49,106.53,543.93,819.45,71.47,70.14,11.06,0,0,0,0,0,0,1,0,0,2.35,0.06,11936.16,%sOxidizer Fill Confirmation,,
282,28.4,1669.49,106.53,543.93,819.45,71.47,69.95,11.06,0,0,0,0,0,0,1,0,0,2.35,0.06,11936.19,%sOxidizer Fill Confirmation,,
283,23.51,1669.49,106.53,543.93,819.45,71.47,69.95,11.06,0,0,0,0,0,0,1,0,0,2.35,0.07,11936.21,%sOxidizer Fill Confirmation,,
284,26.23,1669.46,105.96,543.93,819.45,71.47,69.95,11.06,0,0,0,0,0,0,1,0,0,2.36,0.07,11936.24,%sOxidizer Fill Confirmation,,
285,31.57,1669.46,105.96,544.16,819.45,71.47,69.95,11.06,0,0,0,0,0,0,1,0,0,2.36,0.07,11936.27,%sOxidizer Fill Confirmation,,
286,25.6,1669.46,105.96,544.16,790.56,71.47,69.95,11.06,0,0,0,0,0,0,1,0,0,2.36,0.07,11936.3,%sOxidizer Fill Confirmation,,
287,28.62,1669.46,105.96,544.16,790.56,72.18,70.31,11.04,0,0,0,0,0,0,1,0,0,2.36,0.07,11936.33,%sOxidizer Fill Confirmation,,
288,32.99,1669.46,105.96,544.16,790.56,72.18,70.31,11.04,0,0,0,0,0,0,1,0,0,2.36,0.07,11936.36,%sOxidizer Fill Confirmation,,
289,22.78,1669.02,105.96,544.16,790.56,72.18,70.31,11.04,0,0,0,0,0,0,1,0,0,2.36,0.07,11936.38,%sOxidizer Fill Confirmation,,
290,25.61,1669.02,105.72,544,756.64,72.18,70.31,11.04,0,0,0,0,0,0,1,0,0,2.36,0.07,11936.41,%sOxidizer Fill Confirmation,,
291,29.98,1669.02,105.72,544,756.64,73.38,70.31,11.04,0,0,0,0,0,0,1,0,0,2.36,0.07,11936.44,%sOxidizer Fill Confirmation,,
292,24.04,1669.02,105.72,544,756.64,73.38,71.88,10.67,0,0,0,0,0,0,1,0,0,2.36,0.06,11936.46,%sOxidizer Fill Confirmation,,
293,21.1,1669.02,105.72,544,756.64,73.38,71.88,10.67,0,0,0,0,0,0,1,0,0,2.36,0.06,11936.48,%sOxidizer Fill Confirmation,,
294,29.41,1668.53,105.65,543.85,756.64,73.38,71.88,10.67,0,0,0,0,0,0,1,0,0,2.36,0.06,11936.51,%sOxidizer Fill Confirmation,,
295,28.52,1668.53,105.65,543.85,721.04,73.38,71.88,10.67,0,0,0,0,0,0,1,0,0,2.36,0.06,11936.54,%sOxidizer Fill Confirmation,,
296,28.69,1668.53,105.65,543.85,721.04,75.51,74.03,10.25,0,0,0,0,0,0,1,0,0,2.36,0.06,11936.57,%sOxidizer Fill Confirmation,,
297,29.97,1668.53,105.65,543.85,721.04,75.51,74.03,10.25,0,0,0,0,0,0,1,0,0,2.36,0.05,11936.6,%sOxidizer Fill Confirmation,,
298,27.2,1668.53,105.65,543.85,721.04,75.51,74.03,10.25,0,0,0,0,0,0,1,0,0,2.37,0.05,11936.63,%sOxidizer Fill Confirmation,,
299,28.25,1667.9,105.56,543.67,721.04,75.51,74.03,10.25,0,0,0,0,0,0,1,0,0,2.37,0.05,11936.66,%sOxidizer Fill Confirmation,,
300,32.04,1667.9,105.56,543.67,684.83,78.92,74.03,10.25,0,0,0,0,0,0,1,0,0,2.37,0.05,11936.69,%sOxidizer Fill Confirmation,,
301,24.15,1667.9,105.56,543.67,684.83,78.92,77.27,9.82,0,0,0,0,0,0,1,0,0,2.37,0.05,11936.71,%sOxidizer Fill Confirmation,,
302,27.18,1667.9,105.56,543.67,684.83,78.92,77.27,9.82,0,0,0,0,0,0,1,0,0,2.37,0.03,11936.74,%sOxidizer Fill Confirmation,,
303,28.49,1667.9,105.56,543.67,684.83,78.92,77.27,9.82,0,0,0,0,0,0,1,0,0,2.38,0.03,11936.77,%sOxidizer Fill Confirmation,,
304,28.06,1667.69,105.48,543.56,684.83,78.92,77.27,9.82,0,0,0,0,0,0,1,0,0,2.38,0.03,11936.8,%sOxidizer Fill Confirmation,,
305,23.76,1667.69,105.48,543.56,684.83,78.92,77.27,9.82,0,0,0,0,0,0,1,0,0,2.38,0.03,11936.82,%sOxidizer Fill Confirmation,,
306,26.08,1667.69,105.48,543.56,647.61,83.26,77.27,9.82,0,0,0,0,0,0,1,0,0,2.38,0.03,11936.84,%sOxidizer Fill Confirmation,,
307,25.5,1667.69,105.48,543.56,647.61,83.26,81.55,9.82,0,0,0,0,0,0,1,0,0,2.38,0.03,11936.87,%sOxidizer Fill Confirmation,,
308,23.73,1667.69,105.48,543.56,647.61,83.26,81.55,9.24,0,0,0,0,0,0,1,0,0,2.38,0.02,11936.89,%sOxidizer Fill Confirmation,,
309,29.09,1667.18,105.26,543.56,647.61,83.26,81.55,9.24,0,0,0,0,0,0,1,0,0,2.38,0.02,11936.92,%sOxidizer Fill Confirmation,,
310,34.4,1667.18,105.26,543.42,609.03,89.22,81.55,9.24,0,0,0,0,0,0,1,0,0,2.38,0.02,11936.96,%sOxidizer Fill Confirmation,,
311,30.65,1667.18,105.26,543.42,609.03,89.22,87.26,9.24,0,0,0,0,0,0,1,0,0,2.38,0.02,11936.99,%sOxidizer Fill Confirmation,,
312,27.63,1667.18,105.26,543.42,609.03,89.22,87.26,8.83,0,0,0,0,0,0,1,0,0,2.41,0.01,11937.02,%sOxidizer Fill Confirmation,,
313,24.86,1666.75,105.19,543.42,609.03,89.22,87.26,8.83,0,0,0,0,0,0,1,0,0,2.41,0.01,11937.04,%sOxidizer Fill Confirmation,,
314,26.18,1666.75,105.19,543.32,609.03,89.22,87.26,8.83,0,0,0,0,0,0,1,0,0,2.41,0.01,11937.07,%sOxidizer Fill Confirmation,,
315,26.94,1666.75,105.19,543.32,568.32,96.78,87.26,8.83,0,0,0,0,0,0,1,0,0,2.41,0.01,11937.09,%sOxidizer Fill Confirmation,,
316,25.44,1666.75,105.19,543.32,568.32,96.78,94.77,8.34,0,0,0,0,0,0,1,0,0,2.41,-0.01,11937.12,%sOxidizer Fill Confirmation,,
317,35.33,1666.2,105.19,543.32,568.32,96.78,94.77,8.34,0,0,0,0,0,0,1,0,0,2.43,-0.01,11937.15,%sOxidizer Fill Confirmation,,
318,23.8,1666.2,104.99,543.23,568.32,96.78,94.77,8.34,0,0,0,0,0,0,1,0,0,2.43,-0.01,11937.18,%sOxidizer Fill Confirmation,,
319,22.96,1666.2,104.99,543.23,526.6,105.21,103.03,8.34,0,0,0,0,0,0,1,0,0,2.43,-0.01,11937.2,%sOxidizer Fill Confirmation,,
320,25.27,1666.2,104.99,543.23,526.6,105.21,103.03,8.01,0,0,0,0,0,0,1,0,0,2.43,-0.01,11937.23,%sOxidizer Fill Confirmation,,
321,30.29,1666.2,104.99,543.23,526.6,105.21,103.03,8.01,0,0,0,0,0,0,1,0,0,2.43,-0.01,11937.26,%sOxidizer Fill Confirmation,,
322,21.92,1666.22,106.17,543.23,526.6,105.21,103.03,8.01,0,0,0,0,0,0,1,0,0,2.45,-0.01,11937.28,%sOxidizer Fill Confirmation,,
323,27.72,1666.22,106.17,543.23,483.62,115.62,103.03,8.01,0,0,0,0,0,0,1,0,0,2.45,-0.01,11937.31,%sOxidizer Fill Confirmation,,
324,24.83,1666.22,106.17,543.23,483.62,115.62,103.03,8.01,0,0,0,0,0,0,1,0,0,2.45,-0.01,11937.33,%sOxidizer Fill Confirmation,,
325,23.3,1666.22,106.17,543.23,483.62,115.62,113.29,8.01,0,0,0,0,0,0,1,0,0,2.45,-0.01,11937.35,%sOxidizer Fill Confirmation,,
326,23.29,1666.22,106.17,543.23,483.62,115.62,113.29,7.99,0,0,0,0,0,0,1,0,0,2.45,-0.02,11937.38,%sOxidizer Fill Confirmation,,
327,28.93,1665.91,106.7,543.22,483.62,115.62,113.29,7.99,0,0,0,0,0,0,1,0,0,2.49,-0.02,11937.41,%sOxidizer Fill Confirmation,,
328,26.83,1665.91,106.7,543.22,439.77,115.62,113.29,7.99,0,0,0,0,0,0,1,0,0,2.49,-0.02,11937.43,%sOxidizer Fill Confirmation,,
329,23.88,1665.91,106.7,543.22,439.77,127.38,113.29,7.99,0,0,0,0,0,0,1,0,0,2.49,-0.02,11937.46,%sOxidizer Fill Confirmation,,
330,25.43,1665.91,106.7,543.22,439.77,127.38,124.86,7.99,0,0,0,0,0,0,1,0,0,2.5,-0.02,11937.48,%sOxidizer Fill Confirmation,,
331,28.85,1666.01,107.45,543.22,439.77,127.38,124.86,7.99,0,0,0,0,0,0,1,0,0,2.5,-0.02,11937.51,%sOxidizer Fill Confirmation,,
332,24.84,1666.01,107.45,543.2,439.77,127.38,124.86,7.99,0,0,0,0,0,0,1,0,0,2.5,-0.02,11937.54,%sOxidizer Fill Confirmation,,
333,29.11,1666.01,107.45,543.2,424.42,139.33,136.9,7.99,0,0,0,0,0,0,1,0,0,2.5,-0.02,11937.57,%sOxidizer Fill Confirmation,,
334,22.93,1666.01,107.45,543.2,424.42,139.33,136.9,8.15,0,0,0,0,0,0,1,0,0,2.5,-0.01,11937.59,%sOxidizer Fill Confirmation,,
335,28.19,1666.01,107.45,543.2,424.42,139.33,136.9,8.15,0,0,0,0,0,0,1,0,0,2.54,-0.01,11937.62,%sOxidizer Fill Confirmation,,
336,24.39,1666.15,107.51,543.22,413.76,139.33,136.9,8.15,0,0,0,0,0,0,1,0,0,2.54,-0.01,11937.64,%sOxidizer Fill Confirmation,,
337,32.65,1666.15,107.51,543.22,413.76,150.63,136.9,8.15,0,0,0,0,0,0,1,0,0,2.54,-0.01,11937.67,%sOxidizer Fill Confirmation,,
338,22.74,1666.15,107.51,543.22,413.76,150.63,136.9,8.15,0,0,0,0,0,0,1,0,0,2.54,-0.01,11937.7,%sOxidizer Fill Confirmation,,
339,27.88,1666.15,107.51,543.22,413.76,150.63,147.85,8.06,0,0,0,0,0,0,1,0,0,2.58,-0.01,11937.72,%sOxidizer Fill Confirmation,,
340,25.68,1666.36,107.33,543.22,413.76,150.63,147.85,8.06,0,0,0,0,0,0,1,0,0,2.58,-0.01,11937.75,%sOxidizer Fill Confirmation,,
341,38.61,1666.36,107.33,543.2,404.6,150.63,147.85,8.06,0,0,0,0,0,0,1,0,0,2.58,-0.01,11937.79,%sOxidizer Fill Confirmation,,
342,28.02,1666.36,107.33,543.2,404.6,161.72,147.85,8.06,0,0,0,0,0,0,1,0,0,2.58,-0.01,11937.82,%sOxidizer Fill Confirmation,,
343,24.33,1666.36,107.33,543.2,404.6,161.72,158.81,7.95,0,0,0,0,0,0,1,0,0,2.58,-0.01,11937.84,%sOxidizer Fill Confirmation,,
344,23.86,1666.52,107.22,543.2,404.6,161.72,158.81,7.95,0,0,0,0,0,0,1,0,0,2.61,-0.02,11937.87,%sOxidizer Fill Confirmation,,
345,28.72,1666.52,107.22,543.22,396.01,161.72,158.81,7.95,0,0,0,0,0,0,1,0,0,2.61,-0.02,11937.89,%sOxidizer Fill Confirmation,,
346,26.86,1666.52,107.22,543.22,396.01,172.92,158.81,7.95,0,0,0,0,0,0,1,0,0,2.61,-0.02,11937.92,%sOxidizer Fill Confirmation,,
347,24.31,1666.49,107.22,543.22,396.01,172.92,170.03,7.91,0,0,0,0,0,0,1,0,0,2.63,-0.02,11937.95,%sOxidizer Fill Confirmation,,
348,31.73,1666.49,107.18,543.25,396.01,172.92,170.03,7.91,0,0,0,0,0,0,1,0,0,2.63,-0.02,11937.98,%sOxidizer Fill Confirmation,,
349,25.64,1666.49,107.18,543.25,388.6,183.74,170.03,7.91,0,0,0,0,0,0,1,0,0,2.63,-0.02,11938,%sOxidizer Fill Confirmation,,
350,22.81,1666.49,107.18,543.25,388.6,183.74,180.64,7.94,0,0,0,0,0,0,1,0,0,2.63,-0.02,11938.03,%sOxidizer Fill Confirmation,,
351,24.9,1666.65,107.23,543.25,388.6,183.74,180.64,7.94,0,0,0,0,0,0,1,0,0,2.67,-0.02,11938.05,%sOxidizer Fill Confirmation,,
352,32.75,1666.65,107.23,543.32,388.6,183.74,180.64,7.94,0,0,0,0,0,0,1,0,0,2.67,-0.02,11938.08,%sOxidizer Fill Confirmation,,
353,22.92,1666.65,107.23,543.32,382.65,193.68,180.64,7.94,0,0,0,0,0,0,1,0,0,2.67,-0.02,11938.11,%sOxidizer Fill Confirmation,,
354,22.25,1666.65,107.23,543.32,382.65,193.68,190.47,7.87,0,0,0,0,0,0,1,0,0,2.67,-0.02,11938.13,%sOxidizer Fill Confirmation,,
355,29.84,1666.58,107.14,543.3,382.65,193.68,190.47,7.87,0,0,0,0,0,0,1,0,0,2.68,-0.02,11938.16,%sOxidizer Fill Confirmation,,
356,24.87,1666.58,107.14,543.3,379.02,202.83,190.47,7.87,0,0,0,0,0,0,1,0,0,2.68,-0.02,11938.18,%sOxidizer Fill Confirmation,,
357,23.1,1666.58,107.14,543.3,379.02,202.83,199.42,7.87,0,0,0,0,0,0,1,0,0,2.68,-0.02,11938.21,%sOxidizer Fill Confirmation,,
358,21.93,1666.58,107.14,543.3,379.02,202.83,199.42,7.88,0,0,0,0,0,0,1,0,0,2.7,-0.03,11938.23,%sOxidizer Fill Confirmation,,
359,28.13,1666.48,107.14,543.28,379.02,202.83,199.42,7.88,0,0,0,0,0,0,1,0,0,2.7,-0.03,11938.26,%sOxidizer Fill Confirmation,,
360,29.53,1666.48,107.14,543.28,376.42,211.66,199.42,7.88,0,0,0,0,0,0,1,0,0,2.7,-0.03,11938.29,%sOxidizer Fill Confirmation,,
361,23.8,1666.48,107.14,543.28,376.42,211.66,208.14,7.71,0,0,0,0,0,0,1,0,0,2.7,-0.03,11938.31,%sOxidizer Fill Confirmation,,
362,29.3,1666.48,107.14,543.28,376.42,211.66,208.14,7.71,0,0,0,0,0,0,1,0,0,2.73,-0.03,11938.34,%sOxidizer Fill Confirmation,,
363,26.77,1666.38,107.14,543.28,376.42,211.66,208.14,7.71,0,0,0,0,0,0,1,0,0,2.73,-0.03,11938.37,%sOxidizer Fill Confirmation,,
364,24.77,1666.38,107.17,543.23,375.55,219.57,208.14,7.71,0,0,0,0,0,0,1,0,0,2.73,-0.03,11938.39,%sOxidizer Fill Confirmation,,
365,23.83,1666.38,107.17,543.23,375.55,219.57,215.93,7.81,0,0,0,0,0,0,1,0,0,2.73,-0.03,11938.41,%sOxidizer Fill Confirmation,,
366,24.64,1666.38,107.17,543.23,375.55,219.57,215.93,7.81,0,0,0,0,0,0,1,0,0,2.75,-0.03,11938.44,%sOxidizer Fill Confirmation,,
367,26.16,1666.47,107.21,543.23,375.55,219.57,215.93,7.81,0,0,0,0,0,0,1,0,0,2.75,-0.03,11938.46,%sOxidizer Fill Confirmation,,
368,23.78,1666.47,107.21,543.22,375.8,219.57,215.93,7.81,0,0,0,0,0,0,1,0,0,2.75,-0.03,11938.49,%sOxidizer Fill Confirmation,,
369,28.2,1666.47,107.21,543.22,375.8,226.93,223.26,7.85,0,0,0,0,0,0,1,0,0,2.75,-0.03,11938.52,%sOxidizer Fill Confirmation,,
370,27.17,1666.51,107.21,543.22,375.8,226.93,223.26,7.85,0,0,0,0,0,0,1,0,0,2.78,-0.03,11938.54,%sOxidizer Fill Confirmation,,
371,22.17,1666.51,107.15,543.25,375.8,226.93,223.26,7.85,0,0,0,0,0,0,1,0,0,2.78,-0.03,11938.57,%sOxidizer Fill Confirmation,,
372,22.9,1666.51,107.15,543.25,376.57,233.88,230.07,7.85,0,0,0,0,0,0,1,0,0,2.78,-0.03,11938.59,%sOxidizer Fill Confirmation,,
373,27.99,1666.51,107.15,543.25,376.57,233.88,230.07,7.76,0,0,0,0,0,0,1,0,0,2.78,-0.04,11938.62,%sOxidizer Fill Confirmation,,
374,25.69,1666.51,107.15,543.25,376.57,233.88,230.07,7.76,0,0,0,0,0,0,1,0,0,2.79,-0.04,11938.64,%sOxidizer Fill Confirmation,,
375,27.77,1666.59,107.15,543.36,377.74,233.88,230.07,7.76,0,0,0,0,0,0,1,0,0,2.79,-0.04,11938.67,%sOxidizer Fill Confirmation,,
376,22.29,1666.59,107.15,543.36,377.74,240.86,230.07,7.76,0,0,0,0,0,0,1,0,0,2.79,-0.04,11938.69,%sOxidizer Fill Confirmation,,
377,28.51,1666.59,107.15,543.36,377.74,240.86,236.84,7.64,0,0,0,0,0,0,1,0,0,2.79,-0.04,11938.72,%sOxidizer Fill Confirmation,,
378,27.41,1666.47,107.15,543.36,377.74,240.86,236.84,7.64,0,0,0,0,0,0,1,0,0,2.81,-0.04,11938.75,%sOxidizer Fill Confirmation,,
379,25.15,1666.47,107.19,543.42,379.42,240.86,236.84,7.64,0,0,0,0,0,0,1,0,0,2.81,-0.04,11938.77,%sOxidizer Fill Confirmation,,
380,28.36,1666.47,107.19,543.42,379.42,248.07,244.02,7.64,0,0,0,0,0,0,1,0,0,2.81,-0.04,11938.8,%sOxidizer Fill Confirmation,,
381,28.41,1666.47,107.19,543.42,379.42,248.07,244.02,7.74,0,0,0,0,0,0,1,0,0,2.81,-0.03,11938.83,%sOxidizer Fill Confirmation,,
382,26.14,1666.26,107.23,543.4,379.42,248.07,244.02,7.74,0,0,0,0,0,0,1,0,0,2.83,-0.03,11938.86,%sOxidizer Fill Confirmation,,
383,22.44,1666.26,107.23,543.4,381.22,254.67,244.02,7.74,0,0,0,0,0,0,1,0,0,2.83,-0.03,11938.88,%sOxidizer Fill Confirmation,,
384,26.03,1666.26,107.23,543.4,381.22,254.67,250.38,7.84,0,0,0,0,0,0,1,0,0,2.83,-0.03,11938.91,%sOxidizer Fill Confirmation,,
385,23.38,1666.26,107.23,543.4,381.22,254.67,250.38,7.84,0,0,0,0,0,0,1,0,0,2.85,-0.03,11938.93,%sOxidizer Fill Confirmation,,
386,22.25,1666.08,107.2,543.4,381.22,254.67,250.38,7.84,0,0,0,0,0,0,1,0,0,2.85,-0.03,11938.95,%sOxidizer Fill Confirmation,,
387,24.09,1666.08,107.2,543.4,383.33,261.11,256.67,7.84,0,0,0,0,0,0,1,0,0,2.85,-0.03,11938.97,%sOxidizer Fill Confirmation,,
388,24.65,1666.08,107.2,543.4,383.33,261.11,256.67,7.99,0,0,0,0,0,0,1,0,0,2.85,-0.04,11939,%sOxidizer Fill Confirmation,,
389,22.84,1666.08,107.2,543.4,383.33,261.11,256.67,7.99,0,0,0,0,0,0,1,0,0,2.87,-0.04,11939.02,%sOxidizer Fill Confirmation,,
390,24.22,1665.92,107.21,543.38,383.33,261.11,256.67,7.99,0,0,0,0,0,0,1,0,0,2.87,-0.04,11939.05,%sOxidizer Fill Confirmation,,
391,21.23,1665.92,107.21,543.38,385.77,267.88,256.67,7.99,0,0,0,0,0,0,1,0,0,2.87,-0.04,11939.07,%sOxidizer Fill Confirmation,,
392,25.15,1665.92,107.21,543.38,385.77,267.88,263.47,7.99,0,0,0,0,0,0,1,0,0,2.87,-0.04,11939.09,%sOxidizer Fill Confirmation,,
393,22.84,1665.89,107.22,543.38,385.77,267.88,263.47,8.15,0,0,0,0,0,0,1,0,0,2.89,-0.04,11939.12,%sOxidizer Fill Confirmation,,
394,28.91,1665.89,107.22,543.37,388.35,274.21,263.47,8.15,0,0,0,0,0,0,1,0,0,2.89,-0.04,11939.14,%sOxidizer Fill Confirmation,,
395,29.02,1665.89,107.22,543.37,388.35,274.21,269.77,8.15,0,0,0,0,0,0,1,0,0,2.89,-0.04,11939.17,%sOxidizer Fill Confirmation,,
396,24.11,1665.89,107.22,543.37,388.35,274.21,269.77,8.28,0,0,0,0,0,0,1,0,0,2.9,-0.04,11939.2,%sOxidizer Fill Confirmation,,
397,24.51,1665.88,107.19,543.31,388.35,274.21,269.77,8.28,0,0,0,0,0,0,1,0,0,2.9,-0.04,11939.22,%sOxidizer Fill Confirmation,,
398,30.39,1665.88,107.19,543.31,391.04,280.45,269.77,8.28,0,0,0,0,0,0,1,0,0,2.9,-0.04,11939.25,%sOxidizer Fill Confirmation,,
399,25.87,1665.88,107.19,543.31,391.04,280.45,276.11,8.38,0,0,0,0,0,0,1,0,0,2.9,-0.04,11939.28,%sOxidizer Fill Confirmation,,
400,23.18,1666.08,107.23,543.31,391.04,280.45,276.11,8.38,0,0,0,0,0,0,1,0,0,2.92,-0.03,11939.3,%sOxidizer Fill Confirmation,,
401,25.01,1666.08,107.23,543.4,391.04,280.45,276.11,8.38,0,0,0,0,0,0,1,0,0,2.92,-0.03,11939.33,%sOxidizer Fill Confirmation,,
402,27.28,1666.08,107.23,543.4,393.87,286.88,276.11,8.38,0,0,0,0,0,0,1,0,0,2.92,-0.03,11939.35,%sOxidizer Fill Confirmation,,
403,25.73,1666.08,107.23,543.4,393.87,286.88,282.55,8.33,0,0,0,0,0,0,1,0,0,2.94,-0.03,11939.38,%sOxidizer Fill Confirmation,,
404,27.29,1666.19,107.27,543.45,393.87,286.88,282.55,8.33,0,0,0,0,0,0,1,0,0,2.94,-0.03,11939.41,%sOxidizer Fill Confirmation,,
405,23.78,1666.19,107.27,543.45,396.84,286.88,282.55,8.33,0,0,0,0,0,0,1,0,0,2.94,-0.03,11939.43,%sOxidizer Fill Confirmation,,
406,22.65,1666.19,107.27,543.45,396.84,293.19,288.61,8.33,0,0,0,0,0,0,1,0,0,2.94,-0.03,11939.45,%sOxidizer Fill Confirmation,,
407,24.63,1666.19,107.27,543.45,396.84,293.19,288.61,8.18,0,0,0,0,0,0,1,0,0,2.94,-0.04,11939.48,%sOxidizer Fill Confirmation,,
408,25.56,1666.1,107.23,543.47,396.84,293.19,288.61,8.18,0,0,0,0,0,0,1,0,0,2.95,-0.04,11939.5,%sOxidizer Fill Confirmation,,
409,26.15,1666.1,107.23,543.47,400.2,299.7,288.61,8.18,0,0,0,0,0,0,1,0,0,2.95,-0.04,11939.53,%sOxidizer Fill Confirmation,,
410,27.13,1666.1,107.23,543.47,400.2,299.7,295.15,8.18,0,0,0,0,0,0,1,0,0,2.95,-0.04,11939.56,%sOxidizer Fill Confirmation,,
411,27.64,1666.06,107.23,543.47,400.2,299.7,295.15,8.09,0,0,0,0,0,0,1,0,0,2.97,-0.03,11939.58,%sOxidizer Fill Confirmation,,
412,29.23,1666.06,107.31,543.41,400.2,299.7,295.15,8.09,0,0,0,0,0,0,1,0,0,2.97,-0.03,11939.61,%sOxidizer Fill Confirmation,,
413,27.67,1666.06,107.31,543.41,403.75,306.4,295.15,8.09,0,0,0,0,0,0,1,0,0,2.97,-0.03,11939.64,%sOxidizer Fill Confirmation,,
414,23.11,1666.06,107.31,543.41,403.75,306.4,301.69,8.09,0,0,0,0,0,0,1,0,0,2.97,-0.03,11939.66,%sOxidizer Fill Confirmation,,
415,24.74,1666.06,107.31,543.41,403.75,306.4,301.69,8.08,0,0,0,0,0,0,1,0,0,2.98,-0.03,11939.69,%sOxidizer Fill Confirmation,,
416,27.58,1666.09,107.31,543.41,403.75,306.4,301.69,8.08,0,0,0,0,0,0,1,0,0,2.98,-0.03,11939.72,%sOxidizer Fill Confirmation,,
417,27.71,1666.09,107.38,543.4,407.21,306.4,301.69,8.08,0,0,0,0,0,0,1,0,0,2.98,-0.03,11939.74,%sOxidizer Fill Confirmation,,
418,35.28,1666.09,107.38,543.4,407.21,312.6,301.69,8.08,0,0,0,0,0,0,1,0,0,2.98,-0.03,11939.78,%sOxidizer Fill Confirmation,,
419,29.73,1666.09,107.38,543.4,407.21,312.6,307.68,8.08,0,0,0,0,0,0,1,0,0,2.98,-0.03,11939.81,%sOxidizer Fill Confirmation,,
420,32.26,1666.09,107.38,543.4,407.21,312.6,307.68,7.93,0,0,0,0,0,0,1,0,0,3,-0.04,11939.84,%sOxidizer Fill Confirmation,,
421,28.67,1666.24,107.39,543.4,407.21,312.6,307.68,7.93,0,0,0,0,0,0,1,0,0,3,-0.04,11939.87,%sOxidizer Fill Confirmation,,
422,26.62,1666.24,107.39,543.4,407.21,312.6,307.68,7.93,0,0,0,0,0,0,1,0,0,3,-0.04,11939.9,%sOxidizer Fill Confirmation,,
423,24.74,1666.24,107.39,543.45,411.07,318.75,307.68,7.93,0,0,0,0,0,0,1,0,0,3,-0.04,11939.92,%sOxidizer Fill Confirmation,,
424,33.85,1666.24,107.39,543.45,411.07,318.75,313.84,7.93,0,0,0,0,0,0,1,0,0,3,-0.04,11939.96,%sOxidizer Fill Confirmation,,
425,26.53,1666.24,107.39,543.45,411.07,318.75,313.84,7.73,0,0,0,0,0,0,1,0,0,3,-0.05,11939.98,%sOxidizer Fill Confirmation,,
426,29.77,1666.24,107.39,543.45,411.07,318.75,313.84,7.73,0,0,0,0,0,0,1,0,0,3.02,-0.05,11940.01,%sOxidizer Fill Confirmation,,
427,43.68,1666.25,107.3,543.45,411.07,318.75,313.84,7.73,0,0,0,0,0,0,1,0,0,3.02,-0.05,11940.06,%sOxidizer Fill Confirmation,,
428,32.29,1666.25,107.3,543.43,411.07,318.75,313.84,7.73,0,0,0,0,0,0,1,0,0,3.02,-0.05,11940.09,%sOxidizer Fill Confirmation,,
429,33.18,1666.25,107.3,543.43,414.86,325.51,313.84,7.73,0,0,0,0,0,0,1,0,0,3.02,-0.05,11940.12,%sOxidizer Fill Confirmation,,
430,30.53,1666.25,107.3,543.43,414.86,325.51,320.61,7.73,0,0,0,0,0,0,1,0,0,3.02,-0.05,11940.15,%sOxidizer Fill Confirmation,,
431,40.25,1666.25,107.3,543.43,414.86,325.51,320.61,7.7,0,0,0,0,0,0,1,0,0,3.02,-0.05,11940.19,%sOxidizer Fill Confirmation,,
432,33.87,1666.25,107.3,543.43,414.86,325.51,320.61,7.7,0,0,0,0,0,0,1,0,0,3.03,-0.05,11940.23,%sOxidizer Fill Confirmation,,
433,26.74,1666.36,107.29,543.43,414.86,325.51,320.61,7.7,0,0,0,0,0,0,1,0,0,3.03,-0.05,11940.25,%sOxidizer Fill Confirmation,,
434,37.37,1666.36,107.29,543.44,419.09,325.51,320.61,7.7,0,0,0,0,0,0,1,0,0,3.03,-0.05,11940.29,%sOxidizer Fill Confirmation,,
435,35.82,1666.36,107.29,543.44,419.09,332.19,320.61,7.7,0,0,0,0,0,0,1,0,0,3.03,-0.05,11940.33,%sOxidizer Fill Confirmation,,
436,28.34,1666.36,107.29,543.44,419.09,332.19,327.19,7.7,0,0,0,0,0,0,1,0,0,3.03,-0.05,11940.35,%sOxidizer Fill Confirmation,,
437,31.66,1666.36,107.29,543.44,419.09,332.19,327.19,7.56,0,0,0,0,0,0,1,0,0,3.03,-0.05,11940.39,%sOxidizer Fill Confirmation,,
438,24.31,1666.4,107.29,543.44,419.09,332.19,327.19,7.56,0,0,0,0,0,0,1,0,0,3.05,-0.05,11940.41,%sOxidizer Fill Confirmation,,
439,32.23,1666.4,107.23,543.44,419.09,332.19,327.19,7.56,0,0,0,0,0,0,1,0,0,3.05,-0.05,11940.44,%sOxidizer Fill Confirmation,,
440,25.78,1666.4,107.23,543.41,419.09,332.19,327.19,7.56,0,0,0,0,0,0,1,0,0,3.05,-0.05,11940.47,%sOxidizer Fill Confirmation,,
441,23.69,1666.4,107.23,543.41,423.8,339.66,327.19,7.56,0,0,0,0,0,0,1,0,0,3.05,-0.05,11940.49,%sOxidizer Fill Confirmation,,
442,36.9,1666.4,107.23,543.41,423.8,339.66,334.44,7.56,0,0,0,0,0,0,1,0,0,3.05,-0.05,11940.53,%sOxidizer Fill Confirmation,,
443,27.09,1666.4,107.23,543.41,423.8,339.66,334.44,7.39,0,0,0,0,0,0,1,0,0,3.05,-0.04,11940.56,%sOxidizer Fill Confirmation,,
444,41.74,1666.62,107.23,543.41,423.8,339.66,334.44,7.39,0,0,0,0,0,0,1,0,0,3.08,-0.04,11940.6,%sOxidizer Fill Confirmation,,
445,38.05,1666.62,107.14,543.41,423.8,339.66,334.44,7.39,0,0,0,0,0,0,1,0,0,3.08,-0.04,11940.64,%sOxidizer Fill Confirmation,,
446,26.58,1666.62,107.14,543.44,423.8,339.66,334.44,7.39,0,0,0,0,0,0,1,0,0,3.08,-0.04,11940.66,%sOxidizer Fill Confirmation,,
447,34.67,1666.62,107.14,543.44,429.16,347.74,334.44,7.39,0,0,0,0,0,0,1,0,0,3.08,-0.04,11940.7,%sOxidizer Fill Confirmation,,
448,28.18,1666.62,107.14,543.44,429.16,347.74,342.23,7.39,0,0,0,0,0,0,1,0,0,3.08,-0.04,11940.73,%sOxidizer Fill Confirmation,,
449,22,1666.62,107.14,543.44,429.16,347.74,342.23,7.28,0,0,0,0,0,0,1,0,0,3.08,-0.04,11940.75,%sOxidizer Fill Confirmation,,
450,29.72,1666.62,107.14,543.44,429.16,347.74,342.23,7.28,0,0,0,0,0,0,1,0,0,3.1,-0.04,11940.78,%sOxidizer Fill Confirmation,,
451,28.1,1666.47,107.1,543.38,429.16,347.74,342.23,7.28,0,0,0,0,0,0,1,0,0,3.1,-0.04,11940.8,%sOxidizer Fill Confirmation,,
452,25.19,1666.47,107.1,543.38,434.75,355.61,342.23,7.28,0,0,0,0,0,0,1,0,0,3.1,-0.04,11940.83,%sOxidizer Fill Confirmation,,
453,28.71,1666.47,107.1,543.38,434.75,355.61,350.08,7.28,0,0,0,0,0,0,1,0,0,3.1,-0.04,11940.86,%sOxidizer Fill Confirmation,,
454,29.41,1666.47,107.1,543.38,434.75,355.61,350.08,7.31,0,0,0,0,0,0,1,0,0,3.12,-0.04,11940.89,%sOxidizer Fill Confirmation,,
455,30.96,1666.35,107.02,543.38,434.75,355.61,350.08,7.31,0,0,0,0,0,0,1,0,0,3.12,-0.04,11940.92,%sOxidizer Fill Confirmation,,
456,28.88,1666.35,107.02,543.38,434.75,355.61,350.08,7.31,0,0,0,0,0,0,1,0,0,3.12,-0.04,11940.95,%sOxidizer Fill Confirmation,,
457,29.63,1666.35,107.02,543.38,440.56,355.61,350.08,7.31,0,0,0,0,0,0,1,0,0,3.12,-0.04,11940.98,%sOxidizer Fill Confirmation,,
458,29.41,1666.35,107.02,543.38,440.56,363.75,358,7.38,0,0,0,0,0,0,1,0,0,3.12,-0.04,11941.01,%sOxidizer Fill Confirmation,,
459,25.88,1666.35,107.02,543.38,440.56,363.75,358,7.38,0,0,0,0,0,0,1,0,0,3.15,-0.04,11941.03,%sOxidizer Fill Confirmation,,
460,29.95,1666.59,106.99,543.34,440.56,363.75,358,7.38,0,0,0,0,0,0,1,0,0,3.15,-0.04,11941.06,%sOxidizer Fill Confirmation,,
461,26.63,1666.59,106.99,543.34,446.25,363.75,358,7.38,0,0,0,0,0,0,1,0,0,3.15,-0.04,11941.09,%sOxidizer Fill Confirmation,,
462,25.14,1666.59,106.99,543.34,446.25,371.52,365.7,7.38,0,0,0,0,0,0,1,0,0,3.15,-0.04,11941.11,%sOxidizer Fill Confirmation,,
463,26.16,1666.59,106.99,543.34,446.25,371.52,365.7,7.48,0,0,0,0,0,0,1,0,0,3.15,-0.04,11941.14,%sOxidizer Fill Confirmation,,
464,25.17,1666.73,106.99,543.34,446.25,371.52,365.7,7.48,0,0,0,0,0,0,1,0,0,3.18,-0.04,11941.17,%sOxidizer Fill Confirmation,,
465,29.34,1666.73,106.96,543.34,446.25,371.52,365.7,7.48,0,0,0,0,0,0,1,0,0,3.18,-0.04,11941.2,%sOxidizer Fill Confirmation,,
466,24.7,1666.73,106.96,543.35,452.15,379.4,365.7,7.48,0,0,0,0,0,0,1,0,0,3.18,-0.04,11941.22,%sOxidizer Fill Confirmation,,
467,29.47,1666.73,106.96,543.35,452.15,379.4,373.48,7.48,0,0,0,0,0,0,1,0,0,3.18,-0.04,11941.25,%sOxidizer Fill Confirmation,,
468,26.14,1666.73,106.96,543.35,452.15,379.4,373.48,7.61,0,0,0,0,0,0,1,0,0,3.18,-0.04,11941.28,%sOxidizer Fill Confirmation,,
469,31.18,1666.69,106.96,543.35,452.15,379.4,373.48,7.61,0,0,0,0,0,0,1,0,0,3.2,-0.04,11941.31,%sOxidizer Fill Confirmation,,
470,28.53,1666.69,106.94,543.36,452.15,379.4,373.48,7.61,0,0,0,0,0,0,1,0,0,3.2,-0.04,11941.34,%sOxidizer Fill Confirmation,,
471,31.64,1666.69,106.94,543.36,458.33,387.3,381.58,7.61,0,0,0,0,0,0,1,0,0,3.2,-0.04,11941.37,%sOxidizer Fill Confirmation,,
472,24.59,1666.69,106.94,543.36,458.33,387.3,381.58,7.78,0,0,0,0,0,0,1,0,0,3.2,-0.04,11941.39,%sOxidizer Fill Confirmation,,
473,21.08,1666.69,106.94,543.36,458.33,387.3,381.58,7.78,0,0,0,0,0,0,1,0,0,3.22,-0.04,11941.41,%sOxidizer Fill Confirmation,,
474,29.08,1666.84,106.93,543.39,458.33,387.3,381.58,7.78,0,0,0,0,0,0,1,0,0,3.22,-0.04,11941.44,%sOxidizer Fill Confirmation,,
475,31.76,1666.84,106.93,543.39,464.37,395.02,381.58,7.78,0,0,0,0,0,0,1,0,0,3.22,-0.04,11941.47,%sOxidizer Fill Confirmation,,
476,21.31,1666.84,106.93,543.39,464.37,395.02,389.21,7.78,0,0,0,0,0,0,1,0,0,3.22,-0.04,11941.49,%sOxidizer Fill Confirmation,,
477,27.17,1667,106.93,543.39,464.37,395.02,389.21,7.78,0,0,0,0,0,0,1,0,0,3.25,-0.04,11941.52,%sOxidizer Fill Confirmation,,
478,33.87,1667,107,543.42,464.37,395.02,389.21,7.78,0,0,0,0,0,0,1,0,0,3.25,-0.04,11941.56,%sOxidizer Fill Confirmation,,
479,26.58,1667,107,543.42,470.33,402.12,389.21,7.78,0,0,0,0,0,0,1,0,0,3.25,-0.04,11941.58,%sOxidizer Fill Confirmation,,
480,26.97,1667,107,543.42,470.33,402.12,396.21,7.76,0,0,0,0,0,0,1,0,0,3.25,-0.04,11941.61,%sOxidizer Fill Confirmation,,
481,27.47,1667.05,107,543.42,470.33,402.12,396.21,7.76,0,0,0,0,0,0,1,0,0,3.28,-0.04,11941.64,%sOxidizer Fill Confirmation,,
482,23.9,1667.05,107.03,543.46,475.72,402.12,396.21,7.76,0,0,0,0,0,0,1,0,0,3.28,-0.04,11941.66,%sOxidizer Fill Confirmation,,
483,29.74,1667.05,107.03,543.46,475.72,408.76,396.21,7.76,0,0,0,0,0,0,1,0,0,3.28,-0.04,11941.69,%sOxidizer Fill Confirmation,,
484,24.22,1667.05,107.03,543.46,475.72,408.76,402.8,7.76,0,0,0,0,0,0,1,0,0,3.28,-0.04,11941.71,%sOxidizer Fill Confirmation,,
485,25.24,1667.14,107.03,543.46,475.72,408.76,402.8,7.68,0,0,0,0,0,0,1,0,0,3.3,-0.04,11941.74,%sOxidizer Fill Confirmation,,
486,27.74,1667.14,107.12,543.5,475.72,408.76,402.8,7.68,0,0,0,0,0,0,1,0,0,3.3,-0.04,11941.77,%sOxidizer Fill Confirmation,,
487,29.17,1667.14,107.12,543.5,475.72,408.76,402.8,7.68,0,0,0,0,0,0,1,0,0,3.3,-0.04,11941.8,%sOxidizer Fill Confirmation,,
488,28.36,1667.14,107.12,543.5,480.53,414.47,408.54,7.68,0,0,0,0,0,0,1,0,0,3.3,-0.04,11941.83,%sOxidizer Fill Confirmation,,
489,23.07,1667.14,107.12,543.5,480.53,414.47,408.54,7.78,0,0,0,0,0,0,1,0,0,3.32,-0.04,11941.85,%sOxidizer Fill Confirmation,,
490,28.47,1667.09,107.12,543.5,480.53,414.47,408.54,7.78,0,0,0,0,0,0,1,0,0,3.32,-0.04,11941.88,%sOxidizer Fill Confirmation,,
491,26.2,1667.09,107.18,543.49,484.87,419.64,408.54,7.78,0,0,0,0,0,0,1,0,0,3.32,-0.04,11941.9,%sOxidizer Fill Confirmation,,
492,29.44,1667.09,107.18,543.49,484.87,419.64,413.58,7.78,0,0,0,0,0,0,1,0,0,3.32,-0.04,11941.93,%sOxidizer Fill Confirmation,,
493,21.3,1667.09,107.18,543.49,484.87,419.64,413.58,7.94,0,0,0,0,0,0,1,0,0,3.32,-0.05,11941.95,%sOxidizer Fill Confirmation,,
494,26.32,1667.14,107.09,543.5,484.87,419.64,413.58,7.94,0,0,0,0,0,0,1,0,0,3.34,-0.05,11941.98,%sOxidizer Fill Confirmation,,
495,30.34,1667.14,107.09,543.5,488.9,419.64,413.58,7.94,0,0,0,0,0,0,1,0,0,3.34,-0.05,11942.01,%sOxidizer Fill Confirmation,,
496,27.36,1667.14,107.09,543.5,488.9,424.48,418.38,7.94,0,0,0,0,0,0,1,0,0,3.34,-0.05,11942.04,%sOxidizer Fill Confirmation,,
497,25.81,1667.14,107.09,543.5,488.9,424.48,418.38,7.78,0,0,0,0,0,0,1,0,0,3.34,-0.05,11942.06,%sOxidizer Fill Confirmation,,
498,26.75,1667.36,107.09,543.5,488.9,424.48,418.38,7.78,0,0,0,0,0,0,1,0,0,3.36,-0.05,11942.09,%sOxidizer Fill Confirmation,,
499,24.78,1667.36,107.21,543.55,488.9,424.48,418.38,7.78,0,0,0,0,0,0,1,0,0,3.36,-0.05,11942.12,%sOxidizer Fill Confirmation,,
500,24.79,1667.36,107.21,543.55,492.81,428.82,422.72,7.76,0,0,0,0,0,0,1,0,0,3.36,-0.05,11942.14,%sOxidizer Fill Confirmation,,
501,28.79,1667.36,107.21,543.55,492.81,428.82,422.72,7.76,0,0,0,0,0,0,1,0,0,3.38,-0.05,11942.17,%sOxidizer Fill Confirmation,,
502,24.25,1667.25,107.3,543.55,492.81,428.82,422.72,7.76,0,0,0,0,0,0,1,0,0,3.38,-0.05,11942.19,%sOxidizer Fill Confirmation,,
503,23.91,1667.25,107.3,543.56,496.45,428.82,422.72,7.76,0,0,0,0,0,0,1,0,0,3.38,-0.05,11942.22,%sOxidizer Fill Confirmation,,
504,22.89,1667.25,107.3,543.56,496.45,433.11,426.92,7.87,0,0,0,0,0,0,1,0,0,3.38,-0.05,11942.24,%sOxidizer Fill Confirmation,,
505,33.79,1667.25,107.3,543.56,496.45,433.11,426.92,7.87,0,0,0,0,0,0,1,0,0,3.39,-0.04,11942.27,%sOxidizer Fill Confirmation,,
506,27.26,1667.15,107.21,543.57,496.45,433.11,426.92,7.87,0,0,0,0,0,0,1,0,0,3.39,-0.04,11942.3,%sOxidizer Fill Confirmation,,
507,24.19,1667.15,107.21,543.57,499.85,436.99,426.92,7.87,0,0,0,0,0,0,1,0,0,3.39,-0.04,11942.32,%sOxidizer Fill Confirmation,,
508,23.67,1667.15,107.21,543.57,499.85,436.99,430.79,7.84,0,0,0,0,0,0,1,0,0,3.39,-0.05,11942.35,%sOxidizer Fill Confirmation,,
509,26.17,1667.15,107.21,543.57,499.85,436.99,430.79,7.84,0,0,0,0,0,0,1,0,0,3.41,-0.05,11942.37,%sOxidizer Fill Confirmation,,
510,23.93,1667.18,107.15,543.61,499.85,436.99,430.79,7.84,0,0,0,0,0,0,1,0,0,3.41,-0.05,11942.4,%sOxidizer Fill Confirmation,,
511,26.24,1667.18,107.15,543.61,502.92,440.76,434.31,7.84,0,0,0,0,0,0,1,0,0,3.41,-0.05,11942.42,%sOxidizer Fill Confirmation,,
512,27.83,1667.18,107.15,543.61,502.92,440.76,434.31,7.81,0,0,0,0,0,0,1,0,0,3.43,-0.05,11942.45,%sOxidizer Fill Confirmation,,
513,27.01,1667.03,107.15,543.61,502.92,440.76,434.31,7.81,0,0,0,0,0,0,1,0,0,3.43,-0.05,11942.48,%sOxidizer Fill Confirmation,,
514,23.99,1667.03,107.15,543.63,506.01,444.56,434.31,7.81,0,0,0,0,0,0,1,0,0,3.43,-0.05,11942.5,%sOxidizer Fill Confirmation,,
515,27.66,1667.03,107.15,543.63,506.01,444.56,438,7.81,0,0,0,0,0,0,1,0,0,3.43,-0.05,11942.53,%sOxidizer Fill Confirmation,,
516,22.1,1667.03,107.15,543.63,506.01,444.56,438,7.81,0,0,0,0,0,0,1,0,0,3.44,-0.04,11942.55,%sOxidizer Fill Confirmation,,
517,25.64,1667.04,107.16,543.63,506.01,444.56,438,7.81,0,0,0,0,0,0,1,0,0,3.44,-0.04,11942.58,%sOxidizer Fill Confirmation,,
518,21.99,1667.04,107.16,543.64,508.94,444.56,438,7.81,0,0,0,0,0,0,1,0,0,3.44,-0.04,11942.6,%sOxidizer Fill Confirmation,,
519,23.71,1667.04,107.16,543.64,508.94,447.95,441.23,7.72,0,0,0,0,0,0,1,0,0,3.44,-0.04,11942.62,%sOxidizer Fill Confirmation,,
520,23.56,1667.31,107.16,543.64,508.94,447.95,441.23,7.72,0,0,0,0,0,0,1,0,0,3.46,-0.04,11942.65,%sOxidizer Fill Confirmation,,
521,27.14,1667.31,107.16,543.65,508.94,447.95,441.23,7.72,0,0,0,0,0,0,1,0,0,3.46,-0.04,11942.68,%sOxidizer Fill Confirmation,,
522,25.54,1667.31,107.16,543.65,511.81,450.9,441.23,7.72,0,0,0,0,0,0,1,0,0,3.46,-0.04,11942.7,%sOxidizer Fill Confirmation,,
523,24.77,1667.31,107.16,543.65,511.81,450.9,444.12,7.66,0,0,0,0,0,0,1,0,0,3.46,-0.04,11942.73,%sOxidizer Fill Confirmation,,
524,28.09,1667.39,107.2,543.65,511.81,450.9,444.12,7.66,0,0,0,0,0,0,1,0,0,3.48,-0.04,11942.75,%sOxidizer Fill Confirmation,,
525,26.35,1667.39,107.2,543.69,511.81,450.9,444.12,7.66,0,0,0,0,0,0,1,0,0,3.48,-0.04,11942.78,%sOxidizer Fill Confirmation,,
526,27.63,1667.39,107.2,543.69,514.62,453.91,446.89,7.66,0,0,0,0,0,0,1,0,0,3.48,-0.04,11942.81,%sOxidizer Fill Confirmation,,
527,26.63,1667.39,107.2,543.69,514.62,453.91,446.89,7.53,0,0,0,0,0,0,1,0,0,3.49,-0.04,11942.83,%sOxidizer Fill Confirmation,,
528,26.55,1667.51,107.26,543.69,514.62,453.91,446.89,7.53,0,0,0,0,0,0,1,0,0,3.49,-0.04,11942.86,%sOxidizer Fill Confirmation,,
529,24.04,1667.51,107.26,543.73,514.62,453.91,446.89,7.53,0,0,0,0,0,0,1,0,0,3.49,-0.04,11942.89,%sOxidizer Fill Confirmation,,
530,22.58,1667.51,107.26,543.73,517.21,456.76,449.62,7.47,0,0,0,0,0,0,1,0,0,3.49,-0.03,11942.91,%sOxidizer Fill Confirmation,,
531,27.72,1667.51,107.26,543.73,517.21,456.76,449.62,7.47,0,0,0,0,0,0,1,0,0,3.51,-0.03,11942.94,%sOxidizer Fill Confirmation,,
532,25.58,1667.59,107.37,543.73,517.21,456.76,449.62,7.47,0,0,0,0,0,0,1,0,0,3.51,-0.03,11942.96,%sOxidizer Fill Confirmation,,
533,23.56,1667.59,107.37,543.78,517.21,456.76,449.62,7.47,0,0,0,0,0,0,1,0,0,3.51,-0.03,11942.98,%sOxidizer Fill Confirmation,,
534,22.34,1667.59,107.37,543.78,519.76,459.51,449.62,7.47,0,0,0,0,0,0,1,0,0,3.51,-0.03,11943.01,%sOxidizer Fill Confirmation,,
535,24.84,1667.59,107.37,543.78,519.76,459.51,452.31,7.66,0,0,0,0,0,0,1,0,0,3.52,-0.03,11943.03,%sOxidizer Fill Confirmation,,
536,28.82,1667.45,107.25,543.74,519.76,459.51,452.31,7.66,0,0,0,0,0,0,1,0,0,3.52,-0.03,11943.06,%sOxidizer Fill Confirmation,,
537,24.22,1667.45,107.25,543.74,522.01,459.51,452.31,7.66,0,0,0,0,0,0,1,0,0,3.52,-0.03,11943.08,%sOxidizer Fill Confirmation,,
538,21.84,1667.45,107.25,543.74,522.01,462.19,452.31,7.66,0,0,0,0,0,0,1,0,0,3.52,-0.03,11943.11,%sOxidizer Fill Confirmation,,
539,27.64,1667.45,107.25,543.74,522.01,462.19,454.9,7.65,0,0,0,0,0,0,1,0,0,3.53,-0.03,11943.13,%sOxidizer Fill Confirmation,,
540,25.85,1667.38,107.19,543.74,522.01,462.19,454.9,7.65,0,0,0,0,0,0,1,0,0,3.53,-0.03,11943.16,%sOxidizer Fill Confirmation,,
541,25.26,1667.38,107.19,543.72,524.32,462.19,454.9,7.65,0,0,0,0,0,0,1,0,0,3.53,-0.03,11943.19,%sOxidizer Fill Confirmation,,
542,24.57,1667.38,107.19,543.72,524.32,464.56,457.22,7.6,0,0,0,0,0,0,1,0,0,3.53,-0.03,11943.21,%sOxidizer Fill Confirmation,,
543,27.44,1667.27,107.19,543.72,524.32,464.56,457.22,7.6,0,0,0,0,0,0,1,0,0,3.55,-0.03,11943.24,%sOxidizer Fill Confirmation,,
544,25.17,1667.27,107.27,543.73,524.32,464.56,457.22,7.6,0,0,0,0,0,0,1,0,0,3.55,-0.03,11943.26,%sOxidizer Fill Confirmation,,
545,27.42,1667.27,107.27,543.73,526.45,466.9,459.58,7.6,0,0,0,0,0,0,1,0,0,3.55,-0.03,11943.29,%sOxidizer Fill Confirmation,,
546,25.79,1667.27,107.27,543.73,526.45,466.9,459.58,7.67,0,0,0,0,0,0,1,0,0,3.56,-0.03,11943.32,%sOxidizer Fill Confirmation,,
547,29.43,1667.19,107.28,543.73,526.45,466.9,459.58,7.67,0,0,0,0,0,0,1,0,0,3.56,-0.03,11943.35,%sOxidizer Fill Confirmation,,
548,26.72,1667.19,107.28,543.71,528.53,468.98,461.58,7.67,0,0,0,0,0,0,1,0,0,3.56,-0.03,11943.37,%sOxidizer Fill Confirmation,,
549,25.84,1667.19,107.28,543.71,528.53,468.98,461.58,7.62,0,0,0,0,0,0,1,0,0,3.56,-0.03,11943.4,%sOxidizer Fill Confirmation,,
550,24.7,1667.15,107.26,543.71,528.53,468.98,461.58,7.62,0,0,0,0,0,0,1,0,0,3.57,-0.03,11943.42,%sOxidizer Fill Confirmation,,
551,22.15,1667.15,107.26,543.65,528.53,468.98,461.58,7.62,0,0,0,0,0,0,1,0,0,3.57,-0.03,11943.44,%sOxidizer Fill Confirmation,,
552,27.53,1667.15,107.26,543.65,530.37,470.73,463.44,7.73,0,0,0,0,0,0,1,0,0,3.57,-0.03,11943.47,%sOxidizer Fill Confirmation,,
553,23.3,1667.19,107.26,543.65,530.37,470.73,463.44,7.73,0,0,0,0,0,0,1,0,0,3.59,-0.03,11943.5,%sOxidizer Fill Confirmation,,
554,29.25,1667.19,107.27,543.66,532.05,470.73,463.44,7.73,0,0,0,0,0,0,1,0,0,3.59,-0.03,11943.52,%sOxidizer Fill Confirmation,,
555,32.19,1667.19,107.27,543.66,532.05,472.66,465.38,7.73,0,0,0,0,0,0,1,0,0,3.59,-0.03,11943.56,%sOxidizer Fill Confirmation,,
556,28.26,1667.19,107.27,543.66,532.05,472.66,465.38,7.78,0,0,0,0,0,0,1,0,0,3.59,-0.04,11943.59,%sOxidizer Fill Confirmation,,
557,23.89,1667.19,107.27,543.66,532.05,472.66,465.38,7.78,0,0,0,0,0,0,1,0,0,3.6,-0.04,11943.61,%sOxidizer Fill Confirmation,,
558,26.78,1666.82,107.2,543.6,533.79,472.66,465.38,7.78,0,0,0,0,0,0,1,0,0,3.6,-0.04,11943.64,%sOxidizer Fill Confirmation,,
559,21.74,1666.82,107.2,543.6,533.79,474.84,465.38,7.78,0,0,0,0,0,0,1,0,0,3.6,-0.04,11943.66,%sOxidizer Fill Confirmation,,
560,25.17,1666.82,107.2,543.6,533.79,474.84,467.42,7.98,0,0,0,0,0,0,1,0,0,3.6,-0.04,11943.68,%sOxidizer Fill Confirmation,,
561,23.89,1666.82,107.2,543.6,533.79,474.84,467.42,7.98,0,0,0,0,0,0,1,0,0,3.61,-0.04,11943.71,%sOxidizer Fill Confirmation,,
562,25.74,1666.66,107.03,543.52,535.44,474.84,467.42,7.98,0,0,0,0,0,0,1,0,0,3.61,-0.04,11943.73,%sOxidizer Fill Confirmation,,
563,29.86,1666.66,107.03,543.52,535.44,476.78,467.42,7.98,0,0,0,0,0,0,1,0,0,3.61,-0.04,11943.76,%sOxidizer Fill Confirmation,,
564,23.01,1666.66,107.03,543.52,535.44,476.78,469.52,8.2,0,0,0,0,0,0,1,0,0,3.61,-0.04,11943.79,%sOxidizer Fill Confirmation,,
565,24.92,1666.74,107.03,543.52,535.44,476.78,469.52,8.2,0,0,0,0,0,0,1,0,0,3.63,-0.04,11943.81,%sOxidizer Fill Confirmation,,
566,25.19,1666.74,106.98,543.6,537.14,476.78,469.52,8.2,0,0,0,0,0,0,1,0,0,3.63,-0.04,11943.84,%sOxidizer Fill Confirmation,,
567,27.53,1666.74,106.98,543.6,537.14,478.47,471.4,8.19,0,0,0,0,0,0,1,0,0,3.63,-0.04,11943.86,%sOxidizer Fill Confirmation,,
568,25.72,1666.74,106.98,543.6,537.14,478.47,471.4,8.19,0,0,0,0,0,0,1,0,0,3.63,-0.05,11943.89,%sOxidizer Fill Confirmation,,
569,24.07,1666.8,106.95,543.6,537.14,478.47,471.4,8.19,0,0,0,0,0,0,1,0,0,3.64,-0.05,11943.91,%sOxidizer Fill Confirmation,,
570,26.5,1666.8,106.95,543.6,538.62,480.13,471.4,8.19,0,0,0,0,0,0,1,0,0,3.64,-0.05,11943.94,%sOxidizer Fill Confirmation,,
571,25.16,1666.8,106.95,543.6,538.62,480.13,472.98,8.19,0,0,0,0,0,0,1,0,0,3.64,-0.05,11943.96,%sOxidizer Fill Confirmation,,
572,26.77,1666.8,106.95,543.6,538.62,480.13,472.98,8.14,0,0,0,0,0,0,1,0,0,3.64,-0.04,11943.99,%sOxidizer Fill Confirmation,,
573,25.72,1666.9,106.98,543.62,538.62,480.13,472.98,8.14,0,0,0,0,0,0,1,0,0,3.66,-0.04,11944.02,%sOxidizer Fill Confirmation,,
574,23.87,1666.9,106.98,543.62,540.04,481.57,474.57,8.14,0,0,0,0,0,0,1,0,0,3.66,-0.04,11944.04,%sOxidizer Fill Confirmation,,
575,23.69,1666.9,106.98,543.62,540.04,481.57,474.57,8.17,0,0,0,0,0,0,1,0,0,3.66,-0.04,11944.06,%sOxidizer Fill Confirmation,,
576,26.64,1666.9,106.98,543.62,540.04,481.57,474.57,8.17,0,0,0,0,0,0,1,0,0,3.67,-0.05,11944.09,%sOxidizer Fill Confirmation,,
577,25.68,1667.06,107.07,543.66,541.51,481.57,474.57,8.17,0,0,0,0,0,0,1,0,0,3.67,-0.05,11944.12,%sOxidizer Fill Confirmation,,
578,27.18,1667.06,107.07,543.66,541.51,483.19,474.57,8.17,0,0,0,0,0,0,1,0,0,3.67,-0.05,11944.14,%sOxidizer Fill Confirmation,,
579,26.67,1667.06,107.07,543.66,541.51,483.19,476.17,7.99,0,0,0,0,0,0,1,0,0,3.67,-0.05,11944.17,%sOxidizer Fill Confirmation,,
580,24.47,1667.06,107.07,543.66,541.51,483.19,476.17,7.99,0,0,0,0,0,0,1,0,0,3.68,-0.05,11944.2,%sOxidizer Fill Confirmation,,
581,26.59,1667.18,107.07,543.66,541.51,483.19,476.17,7.99,0,0,0,0,0,0,1,0,0,3.68,-0.05,11944.22,%sOxidizer Fill Confirmation,,
582,33.54,1667.18,107.07,543.66,542.81,484.66,476.17,7.99,0,0,0,0,0,0,1,0,0,3.68,-0.05,11944.26,%sOxidizer Fill Confirmation,,
583,22.62,1667.18,107.07,543.66,542.81,484.66,477.5,7.83,0,0,0,0,0,0,1,0,0,3.68,-0.05,11944.28,%sOxidizer Fill Confirmation,,
584,33.63,1667.18,107.07,543.66,542.81,484.66,477.5,7.83,0,0,0,0,0,0,1,0,0,3.7,-0.05,11944.31,%sOxidizer Fill Confirmation,,
585,22.17,1667.34,107.07,543.66,542.81,484.66,477.5,7.83,0,0,0,0,0,0,1,0,0,3.7,-0.05,11944.33,%sOxidizer Fill Confirmation,,
586,31.71,1667.34,107.05,543.67,544.15,484.66,477.5,7.83,0,0,0,0,0,0,1,0,0,3.7,-0.05,11944.37,%sOxidizer Fill Confirmation,,
587,28.58,1667.34,107.05,543.67,544.15,486.28,479.02,7.83,0,0,0,0,0,0,1,0,0,3.7,-0.05,11944.39,%sOxidizer Fill Confirmation,,
588,26.69,1667.34,107.05,543.67,544.15,486.28,479.02,7.69,0,0,0,0,0,0,1,0,0,3.7,-0.04,11944.42,%sOxidizer Fill Confirmation,,
589,26.61,1667.34,107.05,543.67,544.15,486.28,479.02,7.69,0,0,0,0,0,0,1,0,0,3.72,-0.04,11944.45,%sOxidizer Fill Confirmation,,
590,28.12,1667.47,107.12,543.67,544.15,486.28,479.02,7.69,0,0,0,0,0,0,1,0,0,3.72,-0.04,11944.48,%sOxidizer Fill Confirmation,,
591,29.71,1667.47,107.12,543.73,545.52,486.28,479.02,7.69,0,0,0,0,0,0,1,0,0,3.72,-0.04,11944.51,%sOxidizer Fill Confirmation,,
592,29.67,1667.47,107.12,543.73,545.52,487.88,480.4,7.69,0,0,0,0,0,0,1,0,0,3.72,-0.04,11944.53,%sOxidizer Fill Confirmation,,
593,23.71,1667.47,107.12,543.73,545.52,487.88,480.4,7.65,0,0,0,0,0,0,1,0,0,3.72,-0.04,11944.56,%sOxidizer Fill Confirmation,,
594,25.11,1667.48,107.12,543.73,545.52,487.88,480.4,7.65,0,0,0,0,0,0,1,0,0,3.73,-0.04,11944.58,%sOxidizer Fill Confirmation,,
595,25.77,1667.48,107.03,543.73,545.52,487.88,480.4,7.65,0,0,0,0,0,0,1,0,0,3.73,-0.04,11944.61,%sOxidizer Fill Confirmation,,
596,31.65,1667.48,107.03,543.75,546.92,489.36,480.4,7.65,0,0,0,0,0,0,1,0,0,3.73,-0.04,11944.64,%sOxidizer Fill Confirmation,,
597,29.66,1667.48,107.03,543.75,546.92,489.36,480.4,7.65,0,0,0,0,0,0,1,0,0,3.73,-0.04,11944.67,%sOxidizer Fill Confirmation,,
598,22.08,1667.48,107.03,543.75,546.92,489.36,481.89,7.65,0,0,0,0,0,0,1,0,0,3.73,-0.04,11944.69,%sOxidizer Fill Confirmation,,
599,23.35,1667.48,107.03,543.75,546.92,489.36,481.89,7.7,0,0,0,0,0,0,1,0,0,3.73,-0.04,11944.72,%sOxidizer Fill Confirmation,,
600,28.62,1667.62,107.03,543.75,546.92,489.36,481.89,7.7,0,0,0,0,0,0,1,0,0,3.75,-0.04,11944.74,%sOxidizer Fill Confirmation,,
601,35.22,1667.62,107.09,543.75,546.92,489.36,481.89,7.7,0,0,0,0,0,0,1,0,0,3.75,-0.04,11944.78,%sOxidizer Fill Confirmation,,
602,33.68,1667.62,107.09,543.82,546.92,489.36,481.89,7.7,0,0,0,0,0,0,1,0,0,3.75,-0.04,11944.81,%sOxidizer Fill Confirmation,,
603,29.56,1667.62,107.09,543.82,548.38,490.73,481.89,7.7,0,0,0,0,0,0,1,0,0,3.75,-0.04,11944.84,%sOxidizer Fill Confirmation,,
604,25.62,1667.62,107.09,543.82,548.38,490.73,483.22,7.7,0,0,0,0,0,0,1,0,0,3.75,-0.04,11944.87,%sOxidizer Fill Confirmation,,
605,27.81,1667.62,107.09,543.82,548.38,490.73,483.22,7.48,0,0,0,0,0,0,1,0,0,3.75,-0.04,11944.9,%sOxidizer Fill Confirmation,,
606,24.84,1667.86,107.09,543.82,548.38,490.73,483.22,7.48,0,0,0,0,0,0,1,0,0,3.77,-0.04,11944.92,%sOxidizer Fill Confirmation,,
607,23.29,1667.86,107.14,543.82,548.38,490.73,483.22,7.48,0,0,0,0,0,0,1,0,0,3.77,-0.04,11944.94,%sOxidizer Fill Confirmation,,
608,29.69,1667.86,107.14,543.89,548.38,490.73,483.22,7.48,0,0,0,0,0,0,1,0,0,3.77,-0.04,11944.97,%sOxidizer Fill Confirmation,,
609,22.18,1667.86,107.14,543.89,549.76,492.26,483.22,7.48,0,0,0,0,0,0,1,0,0,3.77,-0.04,11945,%sOxidizer Fill Confirmation,,
610,24.97,1667.86,107.14,543.89,549.76,492.26,484.8,7.36,0,0,0,0,0,0,1,0,0,3.77,-0.05,11945.02,%sOxidizer Fill Confirmation,,
611,31.75,1667.86,107.14,543.89,549.76,492.26,484.8,7.36,0,0,0,0,0,0,1,0,0,3.78,-0.05,11945.05,%sOxidizer Fill Confirmation,,
612,23.69,1667.85,107.12,543.89,549.76,492.26,484.8,7.36,0,0,0,0,0,0,1,0,0,3.78,-0.05,11945.08,%sOxidizer Fill Confirmation,,
613,25.21,1667.85,107.12,543.87,551.47,494.1,484.8,7.36,0,0,0,0,0,0,1,0,0,3.78,-0.05,11945.1,%sOxidizer Fill Confirmation,,
614,31.77,1667.85,107.12,543.87,551.47,494.1,486.4,7.36,0,0,0,0,0,0,1,0,0,3.78,-0.05,11945.13,%sOxidizer Fill Confirmation,,
615,31.8,1667.85,107.12,543.87,551.47,494.1,486.4,7.25,0,0,0,0,0,0,1,0,0,3.8,-0.04,11945.17,%sOxidizer Fill Confirmation,,
616,25.94,1667.85,107.12,543.87,551.47,494.1,486.4,7.25,0,0,0,0,0,0,1,0,0,3.8,-0.04,11945.19,%sOxidizer Fill Confirmation,,
617,26.69,1667.89,107.1,543.9,551.47,494.1,486.4,7.25,0,0,0,0,0,0,1,0,0,3.8,-0.04,11945.22,%sOxidizer Fill Confirmation,,
618,23.35,1667.89,107.1,543.9,553.05,495.92,488.18,7.25,0,0,0,0,0,0,1,0,0,3.8,-0.04,11945.24,%sOxidizer Fill Confirmation,,
619,41.33,1667.89,107.1,543.9,553.05,495.92,488.18,7.23,0,0,0,0,0,0,1,0,0,3.8,-0.04,11945.28,%sOxidizer Fill Confirmation,,
620,28.83,1668.13,107.1,543.9,553.05,495.92,488.18,7.23,0,0,0,0,0,0,1,0,0,3.82,-0.04,11945.31,%sOxidizer Fill Confirmation,,
621,25,1668.13,107.08,543.9,553.05,495.92,488.18,7.23,0,0,0,0,0,0,1,0,0,3.82,-0.04,11945.34,%sOxidizer Fill Confirmation,,
622,29.74,1668.13,107.08,543.85,554.63,495.92,488.18,7.23,0,0,0,0,0,0,1,0,0,3.82,-0.04,11945.37,%sOxidizer Fill Confirmation,,
623,25.14,1668.13,107.08,543.85,554.63,497.91,490.22,7.23,0,0,0,0,0,0,1,0,0,3.82,-0.04,11945.39,%sOxidizer Fill Confirmation,,
624,22.1,1668.13,107.08,543.85,554.63,497.91,490.22,7.2,0,0,0,0,0,0,1,0,0,3.82,-0.04,11945.41,%sOxidizer Fill Confirmation,,
625,24.63,1668.13,107.08,543.85,554.63,497.91,490.22,7.2,0,0,0,0,0,0,1,0,0,3.84,-0.04,11945.44,%sOxidizer Fill Confirmation,,
626,22.86,1668.11,107.06,543.89,554.63,497.91,490.22,7.2,0,0,0,0,0,0,1,0,0,3.84,-0.04,11945.46,%sOxidizer Fill Confirmation,,
627,26.82,1668.11,107.06,543.89,556.2,499.94,490.22,7.2,0,0,0,0,0,0,1,0,0,3.84,-0.04,11945.49,%sOxidizer Fill Confirmation,,
628,25.13,1668.11,107.06,543.89,556.2,499.94,491.92,7.2,0,0,0,0,0,0,1,0,0,3.84,-0.04,11945.51,%sOxidizer Fill Confirmation,,
629,23.68,1668.11,107.06,543.89,556.2,499.94,491.92,7.2,0,0,0,0,0,0,1,0,0,3.86,-0.05,11945.54,%sOxidizer Fill Confirmation,,
630,25.62,1668.08,107.05,543.89,556.2,499.94,491.92,7.2,0,0,0,0,0,0,1,0,0,3.86,-0.05,11945.56,%sOxidizer Fill Confirmation,,
631,27.59,1668.08,107.05,543.93,556.2,499.94,491.92,7.2,0,0,0,0,0,0,1,0,0,3.86,-0.05,11945.59,%sOxidizer Fill Confirmation,,
632,23.1,1668.08,107.05,543.93,557.82,501.73,491.92,7.2,0,0,0,0,0,0,1,0,0,3.86,-0.05,11945.61,%sOxidizer Fill Confirmation,,
633,24.3,1668.08,107.05,543.93,557.82,501.73,493.77,7.2,0,0,0,0,0,0,1,0,0,3.86,-0.05,11945.64,%sOxidizer Fill Confirmation,,
634,27.09,1668.12,107.06,543.93,557.82,501.73,493.77,7.17,0,0,0,0,0,0,1,0,0,3.88,-0.05,11945.66,%sOxidizer Fill Confirmation,,
635,28.92,1668.12,107.06,543.94,557.82,501.73,493.77,7.17,0,0,0,0,0,0,1,0,0,3.88,-0.05,11945.69,%sOxidizer Fill Confirmation,,
636,22.16,1668.12,107.06,543.94,559.25,503.31,493.77,7.17,0,0,0,0,0,0,1,0,0,3.88,-0.05,11945.72,%sOxidizer Fill Confirmation,,
637,26.18,1668.12,107.06,543.94,559.25,503.31,495.58,7.37,0,0,0,0,0,0,1,0,0,3.88,-0.05,11945.74,%sOxidizer Fill Confirmation,,
638,25.67,1668.12,107.06,543.94,559.25,503.31,495.58,7.37,0,0,0,0,0,0,1,0,0,3.9,-0.05,11945.77,%sOxidizer Fill Confirmation,,
639,28.1,1668.12,107.06,543.94,559.25,503.31,495.58,7.37,0,0,0,0,0,0,1,0,0,3.9,-0.05,11945.8,%sOxidizer Fill Confirmation,,
640,30.16,1668.14,106.99,543.91,559.25,503.31,495.58,7.37,0,0,0,0,0,0,1,0,0,3.9,-0.05,11945.83,%sOxidizer Fill Confirmation,,
641,27.38,1668.14,106.99,543.91,560.68,505.17,495.58,7.37,0,0,0,0,0,0,1,0,0,3.9,-0.05,11945.85,%sOxidizer Fill Confirmation,,
642,33.32,1668.14,106.99,543.91,560.68,505.17,497.32,7.37,0,0,0,0,0,0,1,0,0,3.9,-0.05,11945.89,%sOxidizer Fill Confirmation,,
643,25.15,1668.14,106.99,543.91,560.68,505.17,497.32,7.5,0,0,0,0,0,0,1,0,0,3.9,-0.05,11945.91,%sOxidizer Fill Confirmation,,
644,36.33,1668.23,106.99,543.91,560.68,505.17,497.32,7.5,0,0,0,0,0,0,1,0,0,3.92,-0.05,11945.95,%sOxidizer Fill Confirmation,,
645,24.12,1668.23,107.05,543.91,560.68,505.17,497.32,7.5,0,0,0,0,0,0,1,0,0,3.92,-0.05,11945.97,%sOxidizer Fill Confirmation,,
646,31.72,1668.23,107.05,543.88,562.18,505.17,497.32,7.5,0,0,0,0,0,0,1,0,0,3.92,-0.05,11946,%sOxidizer Fill Confirmation,,
647,39.73,1668.23,107.05,543.88,562.18,507.04,497.32,7.5,0,0,0,0,0,0,1,0,0,3.92,-0.05,11946.04,%sOxidizer Fill Confirmation,,
648,24.71,1668.23,107.05,543.88,562.18,507.04,499.09,7.48,0,0,0,0,0,0,1,0,0,3.92,-0.05,11946.07,%sOxidizer Fill Confirmation,,
649,31.84,1668.23,107.05,543.88,562.18,507.04,499.09,7.48,0,0,0,0,0,0,1,0,0,3.92,-0.05,11946.1,%sOxidizer Fill Confirmation,,
650,26.41,1668.3,107.05,543.88,562.18,507.04,499.09,7.48,0,0,0,0,0,0,1,0,0,3.94,-0.05,11946.13,%sOxidizer Fill Confirmation,,
651,36.59,1668.3,106.99,543.88,562.18,507.04,499.09,7.48,0,0,0,0,0,0,1,0,0,3.94,-0.05,11946.16,%sOxidizer Fill Confirmation,,
652,26.55,1668.3,106.99,543.87,562.18,507.04,499.09,7.48,0,0,0,0,0,0,1,0,0,3.94,-0.05,11946.19,%sOxidizer Fill Confirmation,,
653,27.16,1668.3,106.99,543.87,563.52,507.04,499.09,7.48,0,0,0,0,0,0,1,0,0,3.94,-0.05,11946.22,%sOxidizer Fill Confirmation,,
654,36.51,1668.3,106.99,543.87,563.52,508.8,500.84,7.48,0,0,0,0,0,0,1,0,0,3.94,-0.05,11946.25,%sOxidizer Fill Confirmation,,
655,26.67,1668.3,106.99,543.87,563.52,508.8,500.84,7.52,0,0,0,0,0,0,1,0,0,3.94,-0.05,11946.28,%sOxidizer Fill Confirmation,,
656,26.7,1668.3,106.99,543.87,563.52,508.8,500.84,7.52,0,0,0,0,0,0,1,0,0,3.94,-0.05,11946.31,%sOxidizer Fill Confirmation,,
657,30.31,1668.28,106.99,543.87,563.52,508.8,500.84,7.52,0,0,0,0,0,0,1,0,0,3.96,-0.05,11946.34,%sOxidizer Fill Confirmation,,
658,29.8,1668.28,107.04,543.87,563.52,508.8,500.84,7.52,0,0,0,0,0,0,1,0,0,3.96,-0.05,11946.37,%sOxidizer Fill Confirmation,,
659,28.03,1668.28,107.04,543.86,563.52,508.8,500.84,7.52,0,0,0,0,0,0,1,0,0,3.96,-0.05,11946.39,%sOxidizer Fill Confirmation,,
660,32.79,1668.28,107.04,543.86,565.03,510.6,500.84,7.52,0,0,0,0,0,0,1,0,0,3.96,-0.05,11946.43,%sOxidizer Fill Confirmation,,
661,36.67,1668.28,107.04,543.86,565.03,510.6,502.41,7.52,0,0,0,0,0,0,1,0,0,3.96,-0.05,11946.46,%sOxidizer Fill Confirmation,,
662,27.74,1668.28,107.04,543.86,565.03,510.6,502.41,7.43,0,0,0,0,0,0,1,0,0,3.96,-0.05,11946.49,%sOxidizer Fill Confirmation,,
663,31.31,1668.28,107.04,543.86,565.03,510.6,502.41,7.43,0,0,0,0,0,0,1,0,0,3.98,-0.05,11946.52,%sOxidizer Fill Confirmation,,
664,29.74,1668.2,107.04,543.86,565.03,510.6,502.41,7.43,0,0,0,0,0,0,1,0,0,3.98,-0.05,11946.55,%sOxidizer Fill Confirmation,,
665,28.76,1668.2,107.04,543.88,565.03,510.6,502.41,7.43,0,0,0,0,0,0,1,0,0,3.98,-0.05,11946.58,%sOxidizer Fill Confirmation,,
666,34.6,1668.2,107.04,543.88,566.34,512.01,502.41,7.43,0,0,0,0,0,0,1,0,0,3.98,-0.05,11946.62,%sOxidizer Fill Confirmation,,
667,36.82,1668.2,107.04,543.88,566.34,512.01,504.08,7.49,0,0,0,0,0,0,1,0,0,3.98,-0.05,11946.65,%sOxidizer Fill Confirmation,,
668,27.72,1668.2,107.04,543.88,566.34,512.01,504.08,7.49,0,0,0,0,0,0,1,0,0,3.98,-0.05,11946.68,%sOxidizer Fill Confirmation,,
669,32.66,1668.2,107.04,543.88,566.34,512.01,504.08,7.49,0,0,0,0,0,0,1,0,0,4,-0.05,11946.71,%sOxidizer Fill Confirmation,,
670,37.41,1668.36,107.01,543.88,566.34,512.01,504.08,7.49,0,0,0,0,0,0,1,0,0,4,-0.05,11946.75,%sOxidizer Fill Confirmation,,
671,30.66,1668.36,107.01,543.85,566.34,512.01,504.08,7.49,0,0,0,0,0,0,1,0,0,4,-0.05,11946.78,%sOxidizer Fill Confirmation,,
672,32.87,1668.36,107.01,543.85,567.67,513.66,504.08,7.49,0,0,0,0,0,0,1,0,0,4,-0.05,11946.81,%sOxidizer Fill Confirmation,,
673,38.71,1668.36,107.01,543.85,567.67,513.66,505.67,7.59,0,0,0,0,0,0,1,0,0,4,-0.05,11946.85,%sOxidizer Fill Confirmation,,
674,28.64,1668.36,107.01,543.85,567.67,513.66,505.67,7.59,0,0,0,0,0,0,1,0,0,4,-0.04,11946.88,%sOxidizer Fill Confirmation,,
675,30.65,1668.36,107.01,543.85,567.67,513.66,505.67,7.59,0,0,0,0,0,0,1,0,0,4.02,-0.04,11946.91,%sOxidizer Fill Confirmation,,
676,34.24,1668.29,107.07,543.85,567.67,513.66,505.67,7.59,0,0,0,0,0,0,1,0,0,4.02,-0.04,11946.95,%sOxidizer Fill Confirmation,,
677,26.14,1668.29,107.07,543.89,567.67,513.66,505.67,7.59,0,0,0,0,0,0,1,0,0,4.02,-0.04,11946.97,%sOxidizer Fill Confirmation,,
678,23.76,1668.29,107.07,543.89,569.07,515.03,505.67,7.59,0,0,0,0,0,0,1,0,0,4.02,-0.04,11947,%sOxidizer Fill Confirmation,,
679,30.14,1668.29,107.07,543.89,569.07,515.03,505.67,7.59,0,0,0,0,0,0,1,0,0,4.02,-0.04,11947.03,%sOxidizer Fill Confirmation,,
680,29.86,1668.29,107.07,543.89,569.07,515.03,507.17,7.74,0,0,0,0,0,0,1,0,0,4.02,-0.04,11947.06,%sOxidizer Fill Confirmation,,
681,27.05,1668.29,107.07,543.89,569.07,515.03,507.17,7.74,0,0,0,0,0,0,1,0,0,4.05,-0.04,11947.08,%sOxidizer Fill Confirmation,,
682,29.66,1668.27,107.07,543.89,569.07,515.03,507.17,7.74,0,0,0,0,0,0,1,0,0,4.05,-0.04,11947.11,%sOxidizer Fill Confirmation,,
683,26.16,1668.27,106.96,543.85,569.07,515.03,507.17,7.74,0,0,0,0,0,0,1,0,0,4.05,-0.04,11947.14,%sOxidizer Fill Confirmation,,
684,33.8,1668.27,106.96,543.85,570.64,516.78,507.17,7.74,0,0,0,0,0,0,1,0,0,4.05,-0.04,11947.17,%sOxidizer Fill Confirmation,,
685,22.21,1668.27,106.96,543.85,570.64,516.78,509.04,7.87,0,0,0,0,0,0,1,0,0,4.05,-0.04,11947.2,%sOxidizer Fill Confirmation,,
686,24.87,1668.27,106.96,543.85,570.64,516.78,509.04,7.87,0,0,0,0,0,0,1,0,0,4.05,-0.04,11947.22,%sOxidizer Fill Confirmation,,
687,50.01,1668.37,106.96,543.85,570.64,516.78,509.04,7.87,0,0,0,0,0,0,1,0,0,4.07,-0.04,11947.27,%sOxidizer Fill Confirmation,,
688,26.06,1668.37,106.98,543.81,570.64,516.78,509.04,7.87,0,0,0,0,0,0,1,0,0,4.07,-0.04,11947.3,%sOxidizer Fill Confirmation,,
689,30.76,1668.37,106.98,543.81,570.64,516.78,509.04,7.87,0,0,0,0,0,0,1,0,0,4.07,-0.04,11947.33,%sOxidizer Fill Confirmation,,
690,30.7,1668.37,106.98,543.81,572.12,518.65,509.04,7.87,0,0,0,0,0,0,1,0,0,4.07,-0.04,11947.36,%sOxidizer Fill Confirmation,,
691,29.67,1668.37,106.98,543.81,572.12,518.65,510.75,7.87,0,0,0,0,0,0,1,0,0,4.07,-0.04,11947.39,%sOxidizer Fill Confirmation,,
692,23.98,1668.37,106.98,543.81,572.12,518.65,510.75,8.06,0,0,0,0,0,0,1,0,0,4.07,-0.04,11947.41,%sOxidizer Fill Confirmation,,
693,27.92,1668.37,106.98,543.81,572.12,518.65,510.75,8.06,0,0,0,0,0,0,1,0,0,4.09,-0.04,11947.44,%sOxidizer Fill Confirmation,,
694,23.14,1668.48,107.03,543.81,572.12,518.65,510.75,8.06,0,0,0,0,0,0,1,0,0,4.09,-0.04,11947.46,%sOxidizer Fill Confirmation,,
695,26.6,1668.48,107.03,543.87,572.12,518.65,510.75,8.06,0,0,0,0,0,0,1,0,0,4.09,-0.04,11947.49,%sOxidizer Fill Confirmation,,
696,28.57,1668.48,107.03,543.87,573.88,520.73,512.65,8.06,0,0,0,0,0,0,1,0,0,4.09,-0.04,11947.52,%sOxidizer Fill Confirmation,,
697,38.72,1668.48,107.03,543.87,573.88,520.73,512.65,8.03,0,0,0,0,0,0,1,0,0,4.09,-0.04,11947.56,%sOxidizer Fill Confirmation,,
698,25.15,1668.48,107.03,543.87,573.88,520.73,512.65,8.03,0,0,0,0,0,0,1,0,0,4.12,-0.04,11947.58,%sOxidizer Fill Confirmation,,
699,33.16,1668.48,107.03,543.87,573.88,520.73,512.65,8.03,0,0,0,0,0,0,1,0,0,4.12,-0.04,11947.62,%sOxidizer Fill Confirmation,,
700,25.69,1668.59,106.95,543.87,573.88,520.73,512.65,8.03,0,0,0,0,0,0,1,0,0,4.12,-0.04,11947.64,%sOxidizer Fill Confirmation,,
701,26.17,1668.59,106.95,543.86,573.88,520.73,512.65,8.03,0,0,0,0,0,0,1,0,0,4.12,-0.04,11947.67,%sOxidizer Fill Confirmation,,
702,26.06,1668.59,106.95,543.86,575.53,522.52,512.65,8.03,0,0,0,0,0,0,1,0,0,4.12,-0.04,11947.69,%sOxidizer Fill Confirmation,,
703,29.35,1668.59,106.95,543.86,575.53,522.52,514.56,8,0,0,0,0,0,0,1,0,0,4.12,-0.04,11947.72,%sOxidizer Fill Confirmation,,
704,27.38,1668.59,106.95,543.86,575.53,522.52,514.56,8,0,0,0,0,0,0,1,0,0,4.15,-0.04,11947.75,%sOxidizer Fill Confirmation,,
705,41.18,1668.71,106.93,543.86,575.53,522.52,514.56,8,0,0,0,0,0,0,1,0,0,4.15,-0.04,11947.79,%sOxidizer Fill Confirmation,,
706,26.04,1668.71,106.93,543.86,575.53,522.52,514.56,8,0,0,0,0,0,0,1,0,0,4.15,-0.04,11947.82,%sOxidizer Fill Confirmation,,
707,35.41,1668.71,106.93,543.86,577.12,524.29,514.56,8,0,0,0,0,0,0,1,0,0,4.15,-0.04,11947.85,%sOxidizer Fill Confirmation,,
708,25.56,1668.71,106.93,543.86,577.12,524.29,516.32,8,0,0,0,0,0,0,1,0,0,4.15,-0.04,11947.88,%sOxidizer Fill Confirmation,,
709,34.66,1668.71,106.93,543.86,577.12,524.29,516.32,7.87,0,0,0,0,0,0,1,0,0,4.15,-0.04,11947.91,%sOxidizer Fill Confirmation,,
710,44.3,1668.71,106.93,543.86,577.12,524.29,516.32,7.87,0,0,0,0,0,0,1,0,0,4.18,-0.04,11947.96,%sOxidizer Fill Confirmation,,
711,25.2,1668.89,107.03,543.86,577.12,524.29,516.32,7.87,0,0,0,0,0,0,1,0,0,4.18,-0.04,11947.98,%sOxidizer Fill Confirmation,,
712,34.86,1668.89,107.03,543.89,577.12,524.29,516.32,7.87,0,0,0,0,0,0,1,0,0,4.18,-0.04,11948.02,%sOxidizer Fill Confirmation,,
713,26.86,1668.89,107.03,543.89,578.79,526.34,516.32,7.87,0,0,0,0,0,0,1,0,0,4.18,-0.04,11948.04,%sOxidizer Fill Confirmation,,
714,31.64,1668.89,107.03,543.89,578.79,526.34,518.25,7.89,0,0,0,0,0,0,1,0,0,4.18,-0.04,11948.08,%sOxidizer Fill Confirmation,,
715,47.1,1668.91,107.03,543.89,578.79,526.34,518.25,7.89,0,0,0,0,0,0,1,0,0,4.21,-0.04,11948.12,%sOxidizer Fill Confirmation,,
716,23.12,1668.91,107.07,543.89,578.79,526.34,518.25,7.89,0,0,0,0,0,0,1,0,0,4.21,-0.04,11948.15,%sOxidizer Fill Confirmation,,
717,23.23,1668.91,107.07,543.93,580.38,528.46,518.25,7.89,0,0,0,0,0,0,1,0,0,4.21,-0.04,11948.17,%sOxidizer Fill Confirmation,,
718,26.87,1668.91,107.07,543.93,580.38,528.46,520.13,7.91,0,0,0,0,0,0,1,0,0,4.21,-0.04,11948.2,%sOxidizer Fill Confirmation,,
719,29.11,1668.91,107.07,543.93,580.38,528.46,520.13,7.91,0,0,0,0,0,0,1,0,0,4.24,-0.04,11948.22,%sOxidizer Fill Confirmation,,
720,28.12,1669.1,107.16,543.91,580.38,528.46,520.13,7.91,0,0,0,0,0,0,1,0,0,4.24,-0.04,11948.25,%sOxidizer Fill Confirmation,,
721,32.77,1669.1,107.16,543.91,581.76,530.51,520.13,7.91,0,0,0,0,0,0,1,0,0,4.24,-0.04,11948.29,%sOxidizer Fill Confirmation,,
722,27.38,1669.1,107.16,543.91,581.76,530.51,522.07,8.03,0,0,0,0,0,0,1,0,0,4.24,-0.04,11948.31,%sOxidizer Fill Confirmation,,
723,48.44,1669.1,107.16,543.91,581.76,530.51,522.07,8.03,0,0,0,0,0,0,1,0,0,4.26,-0.04,11948.36,%sOxidizer Fill Confirmation,,
724,33.57,1669.01,107.16,543.91,581.76,530.51,522.07,8.03,0,0,0,0,0,0,1,0,0,4.26,-0.04,11948.4,%sOxidizer Fill Confirmation,,
725,26.62,1669.01,107.26,543.94,583.33,530.51,522.07,8.03,0,0,0,0,0,0,1,0,0,4.26,-0.04,11948.42,%sOxidizer Fill Confirmation,,
726,23.5,1669.01,107.26,543.94,583.33,532.35,522.07,8.03,0,0,0,0,0,0,1,0,0,4.26,-0.04,11948.45,%sOxidizer Fill Confirmation,,
727,29,1669.01,107.26,543.94,583.33,532.35,523.79,7.95,0,0,0,0,0,0,1,0,0,4.26,-0.04,11948.47,%sOxidizer Fill Confirmation,,
728,22.6,1669.01,107.26,543.94,583.33,532.35,523.79,7.95,0,0,0,0,0,0,1,0,0,4.29,-0.05,11948.5,%sOxidizer Fill Confirmation,,
729,29.74,1668.95,107.26,544,584.77,532.35,523.79,7.95,0,0,0,0,0,0,1,0,0,4.29,-0.05,11948.53,%sOxidizer Fill Confirmation,,
730,23.18,1668.95,107.26,544,584.77,534.41,525.48,7.95,0,0,0,0,0,0,1,0,0,4.29,-0.05,11948.55,%sOxidizer Fill Confirmation,,
731,28.57,1668.95,107.26,544,584.77,534.41,525.48,7.96,0,0,0,0,0,0,1,0,0,4.29,-0.06,11948.58,%sOxidizer Fill Confirmation,,
732,26.03,1668.95,107.26,544,584.77,534.41,525.48,7.96,0,0,0,0,0,0,1,0,0,4.3,-0.06,11948.6,%sOxidizer Fill Confirmation,,
733,24.24,1668.97,107.34,544.05,585.97,534.41,525.48,7.96,0,0,0,0,0,0,1,0,0,4.3,-0.06,11948.63,%sOxidizer Fill Confirmation,,
734,101.36,1668.97,107.34,544.05,585.97,535.92,525.48,7.96,0,0,0,0,0,1,1,0,0,4.3,-0.06,11948.73,%sOxidizer Fill Confirmation,,
735,31.77,1668.97,107.34,544.05,585.97,535.92,526.84,7.96,0,0,0,0,0,1,1,0,0,4.3,-0.06,11948.76,%sOxidizer Fill Confirmation,,
736,25.09,1668.97,107.34,544.05,585.97,535.92,526.84,7.94,0,0,0,0,0,1,1,0,0,4.3,-0.06,11948.79,%sOxidizer Fill Confirmation,,
737,31.84,1668.97,107.34,544.05,585.97,535.92,526.84,7.94,0,0,0,0,0,1,1,0,0,4.33,-0.05,11948.82,%sOxidizer Fill Confirmation,,
738,31.5,1669.13,107.32,544.05,585.97,535.92,526.84,7.94,0,0,0,0,0,1,1,0,0,4.33,-0.05,11948.85,%sOxidizer Fill Confirmation,,
739,25.91,1669.13,107.32,544.05,585.97,535.92,526.84,7.94,0,0,0,0,0,1,1,0,0,4.33,-0.05,11948.88,%sOxidizer Fill Confirmation,,
740,23.74,1669.13,107.32,544.03,587.28,537.38,526.84,7.94,0,0,0,0,0,1,1,0,0,4.33,-0.05,11948.9,%sOxidizer Fill Confirmation,,
741,45.86,1669.13,107.32,544.03,587.28,537.38,528.38,7.84,0,0,0,0,0,1,1,0,0,4.33,-0.05,11948.95,%sOxidizer Fill Confirmation,,
742,29.92,1669.13,107.32,544.03,587.28,537.38,528.38,7.84,0,0,0,0,0,1,1,0,0,4.35,-0.04,11948.98,%sOxidizer Fill Confirmation,,
743,26.71,1669.07,107.32,544.03,587.28,537.38,528.38,7.84,0,0,0,0,0,1,1,0,0,4.35,-0.04,11949,%sOxidizer Fill Confirmation,,
744,23.55,1669.07,107.24,544,588.43,538.8,528.38,7.84,0,0,0,0,0,1,1,0,0,4.35,-0.04,11949.03,%sOxidizer Fill Confirmation,,
745,33.39,1669.07,107.24,544,588.43,538.8,529.94,7.84,0,0,0,0,0,1,1,0,0,4.35,-0.04,11949.06,%sOxidizer Fill Confirmation,,
746,21.9,1669.07,107.24,544,588.43,538.8,529.94,7.73,0,0,0,0,0,1,1,0,0,4.35,-0.04,11949.08,%sOxidizer Fill Confirmation,,
747,24.86,1669.1,107.28,544,588.43,538.8,529.94,7.73,0,0,0,0,0,1,1,0,0,4.37,-0.04,11949.11,%sOxidizer Fill Confirmation,,
748,27.41,1669.1,107.28,544.08,589.68,538.8,529.94,7.73,0,0,0,0,0,1,1,0,0,4.37,-0.04,11949.13,%sOxidizer Fill Confirmation,,
749,23.64,1669.1,107.28,544.08,589.68,540.36,529.94,7.73,0,0,0,0,0,1,1,0,0,4.37,-0.04,11949.16,%sOxidizer Fill Confirmation,,
750,27.2,1669.1,107.28,544.08,589.68,540.36,531.52,7.73,0,0,0,0,0,1,1,0,0,4.37,-0.04,11949.18,%sOxidizer Fill Confirmation,,
751,24.74,1668.94,107.27,544.08,589.68,540.36,531.52,7.7,0,0,0,0,0,1,1,0,0,4.39,-0.05,11949.21,%sOxidizer Fill Confirmation,,
752,28.3,1668.94,107.27,544.18,590.98,540.36,531.52,7.7,0,0,0,0,0,1,1,0,0,4.39,-0.05,11949.24,%sOxidizer Fill Confirmation,,
753,28.32,1668.94,107.27,544.18,590.98,542.02,531.52,7.7,0,0,0,0,0,1,1,0,0,4.39,-0.05,11949.27,%sOxidizer Fill Confirmation,,
754,27.68,1668.94,107.27,544.18,590.98,542.02,532.94,7.68,0,0,0,0,0,1,1,0,0,4.39,-0.05,11949.29,%sOxidizer Fill Confirmation,,
755,23.49,1668.81,107.27,544.18,590.98,542.02,532.94,7.68,0,0,0,0,0,1,1,0,0,4.41,-0.05,11949.32,%sOxidizer Fill Confirmation,,
756,26.68,1668.81,107.12,544.18,590.98,542.02,532.94,7.68,0,0,0,0,0,1,1,0,0,4.41,-0.05,11949.34,%sOxidizer Fill Confirmation,,
757,25.59,1668.81,107.12,544.16,592,543.33,532.94,7.68,0,0,0,0,0,1,1,0,0,4.41,-0.05,11949.37,%sOxidizer Fill Confirmation,,
758,27.76,1668.81,107.12,544.16,592,543.33,534.3,7.74,0,0,0,0,0,1,1,0,0,4.41,-0.05,11949.4,%sOxidizer Fill Confirmation,,
759,26.8,1668.87,107.03,544.16,592,543.33,534.3,7.74,0,0,0,0,0,1,1,0,0,4.42,-0.05,11949.42,%sOxidizer Fill Confirmation,,
760,28.89,1668.87,107.03,544.16,593.05,544.35,534.3,7.74,0,0,0,0,0,1,1,0,0,4.42,-0.05,11949.45,%sOxidizer Fill Confirmation,,
761,25.53,1668.87,107.03,544.16,593.05,544.35,535.59,7.84,0,0,0,0,0,1,1,0,0,4.42,-0.05,11949.48,%sOxidizer Fill Confirmation,,
762,26.91,1668.87,107.03,544.16,593.05,544.35,535.59,7.84,0,0,0,0,0,1,1,0,0,4.42,-0.05,11949.5,%sOxidizer Fill Confirmation,,
763,29.41,1668.76,106.94,544.17,593.05,544.35,535.59,7.84,0,0,0,0,0,1,1,0,0,4.44,-0.05,11949.53,%sOxidizer Fill Confirmation,,
764,28.65,1668.76,106.94,544.17,594.24,545.49,535.59,7.84,0,0,0,0,0,1,1,0,0,4.44,-0.05,11949.56,%sOxidizer Fill Confirmation,,
765,24.03,1668.76,106.94,544.17,594.24,545.49,536.77,7.77,0,0,0,0,0,1,1,0,0,4.44,-0.05,11949.59,%sOxidizer Fill Confirmation,,
766,25.33,1668.76,106.82,544.17,594.24,545.49,536.77,7.77,0,0,0,0,0,1,1,0,0,4.46,-0.05,11949.61,%sOxidizer Fill Confirmation,,
767,27.3,1668.76,106.82,544.17,594.24,545.49,536.77,7.77,0,0,0,0,0,1,1,0,0,4.46,-0.05,11949.64,%sOxidizer Fill Confirmation,,
768,25.1,1668.76,106.82,544.17,595.09,546.52,536.77,7.77,0,0,0,0,0,1,1,0,0,4.46,-0.05,11949.66,%sOxidizer Fill Confirmation,,
769,23.71,1668.76,106.82,544.17,595.09,546.52,538,7.84,0,0,0,0,0,1,1,0,0,4.46,-0.05,11949.69,%sOxidizer Fill Confirmation,,
770,24.03,1668.83,106.83,544.11,595.09,546.52,538,7.84,0,0,0,0,0,1,1,0,0,4.48,-0.04,11949.71,%sOxidizer Fill Confirmation,,
771,28.21,1668.83,106.83,544.11,596.03,547.48,538,7.84,0,0,0,0,0,1,1,0,0,4.48,-0.04,11949.74,%sOxidizer Fill Confirmation,,
772,25.03,1668.83,106.83,544.11,596.03,547.48,539.17,7.84,0,0,0,0,0,1,1,0,0,4.48,-0.04,11949.77,%sOxidizer Fill Confirmation,,
773,27.63,1668.9,106.83,544.11,596.03,547.48,539.17,7.89,0,0,0,0,0,1,1,0,0,4.5,-0.04,11949.79,%sOxidizer Fill Confirmation,,
774,22.1,1668.9,106.8,544.11,596.03,547.48,539.17,7.89,0,0,0,0,0,1,1,0,0,4.5,-0.04,11949.82,%sOxidizer Fill Confirmation,,
775,24.92,1668.9,106.8,544.07,596.98,547.48,539.17,7.89,0,0,0,0,0,1,1,0,0,4.5,-0.04,11949.84,%sOxidizer Fill Confirmation,,
776,23.09,1668.9,106.8,544.07,596.98,548.55,540.3,7.89,0,0,0,0,0,1,1,0,0,4.5,-0.04,11949.86,%sOxidizer Fill Confirmation,,
777,23.63,1668.9,106.8,544.07,596.98,548.55,540.3,7.93,0,0,0,0,0,1,1,0,0,4.5,-0.05,11949.89,%sOxidizer Fill Confirmation,,
778,26.07,1668.71,106.73,544.08,596.98,548.55,540.3,7.93,0,0,0,0,0,1,1,0,0,4.51,-0.05,11949.91,%sOxidizer Fill Confirmation,,
779,25.93,1668.71,106.73,544.08,597.92,549.65,540.3,7.93,0,0,0,0,0,1,1,0,0,4.51,-0.05,11949.94,%sOxidizer Fill Confirmation,,
780,25.11,1668.71,106.73,544.08,597.92,549.65,541.48,7.93,0,0,0,0,0,1,1,0,0,4.51,-0.05,11949.96,%sOxidizer Fill Confirmation,,
781,25.65,1668.92,106.81,544.08,597.92,549.65,541.48,8.04,0,0,0,0,0,1,1,0,0,4.53,-0.04,11949.99,%sOxidizer Fill Confirmation,,
782,25.96,1668.92,106.81,544.14,598.85,549.65,541.48,8.04,0,0,0,0,0,1,1,0,0,4.53,-0.04,11950.02,%sOxidizer Fill Confirmation,,
783,26.24,1668.92,106.81,544.14,598.85,550.5,541.48,8.04,0,0,0,0,0,1,1,0,0,4.53,-0.04,11950.04,%sOxidizer Fill Confirmation,,
784,22.2,1668.92,106.81,544.14,598.85,550.5,542.07,8.01,0,0,0,0,0,1,1,0,0,4.53,-0.04,11950.06,%sOxidizer Fill Confirmation,,
785,23.72,1668.92,106.81,544.14,598.85,550.5,542.07,8.01,0,0,0,0,0,1,1,0,0,4.54,-0.04,11950.09,%sOxidizer Fill Confirmation,,
786,24.06,1669.13,106.86,544.16,599.58,550.5,542.07,8.01,0,0,0,0,0,1,1,0,0,4.54,-0.04,11950.11,%sOxidizer Fill Confirmation,,
787,28.06,1669.13,106.86,544.16,599.58,551.22,542.8,8.01,0,0,0,0,0,1,1,0,0,4.54,-0.04,11950.14,%sOxidizer Fill Confirmation,,
788,26.65,1669.13,106.86,544.16,599.58,551.22,542.8,7.9,0,0,0,0,0,1,1,0,0,4.54,-0.04,11950.17,%sOxidizer Fill Confirmation,,
789,26.06,1669.22,106.89,544.16,599.58,551.22,542.8,7.9,0,0,0,0,0,1,1,0,0,4.56,-0.04,11950.19,%sOxidizer Fill Confirmation,,
790,24.73,1669.22,106.89,544.15,600.31,551.91,542.8,7.9,0,0,0,0,0,1,1,0,0,4.56,-0.04,11950.22,%sOxidizer Fill Confirmation,,
791,25.51,1669.22,106.89,544.15,600.31,551.91,543.76,7.95,0,0,0,0,0,1,1,0,0,4.56,-0.04,11950.24,%sOxidizer Fill Confirmation,,
792,28.31,1669.22,106.89,544.15,600.31,551.91,543.76,7.95,0,0,0,0,0,1,1,0,0,4.56,-0.04,11950.27,%sOxidizer Fill Confirmation,,
793,28.89,1669.38,106.96,544.1,600.31,551.91,543.76,7.95,0,0,0,0,0,1,1,0,0,4.58,-0.04,11950.3,%sOxidizer Fill Confirmation,,
794,26.76,1669.38,106.96,544.1,601.2,552.59,543.76,7.95,0,0,0,0,0,1,1,0,0,4.58,-0.04,11950.33,%sOxidizer Fill Confirmation,,
795,23.79,1669.38,106.96,544.1,601.2,552.59,544.55,7.95,0,0,0,0,0,1,1,0,0,4.58,-0.04,11950.35,%sOxidizer Fill Confirmation,,
796,24.66,1669.38,106.96,544.1,601.2,552.59,544.55,7.92,0,0,0,0,0,1,1,0,0,4.59,-0.03,11950.38,%sOxidizer Fill Confirmation,,
797,24.37,1669.42,107,544.11,602.02,553.42,544.55,7.92,0,0,0,0,0,1,1,0,0,4.59,-0.03,11950.4,%sOxidizer Fill Confirmation,,
798,24.09,1669.42,107,544.11,602.02,553.42,545.31,7.83,0,0,0,0,0,1,1,0,0,4.59,-0.03,11950.42,%sOxidizer Fill Confirmation,,
799,22.94,1669.48,107,544.11,602.02,553.42,545.31,7.83,0,0,0,0,0,1,1,0,0,4.59,-0.03,11950.45,%sOxidizer Fill Confirmation,,
800,27.91,1669.48,107,544.11,602.02,553.42,545.31,7.83,0,0,0,0,0,1,1,0,0,4.59,-0.03,11950.47,%sOxidizer Fill Confirmation,,
801,24.67,1669.48,107,544.1,602.62,554.22,546.11,7.83,0,0,0,0,0,1,1,0,0,4.59,-0.03,11950.5,%sOxidizer Fill Confirmation,,
802,24.66,1669.48,107,544.1,602.62,554.22,546.11,7.86,0,0,0,0,0,1,1,0,0,4.61,-0.03,11950.52,%sOxidizer Fill Confirmation,,
803,37.2,1669.45,107.03,544.1,602.62,554.22,546.11,7.86,0,0,0,0,0,1,1,0,0,4.61,-0.03,11950.56,%sOxidizer Fill Confirmation,,
804,27.72,1669.45,107.03,544.17,602.62,554.22,546.11,7.86,0,0,0,0,0,1,1,0,0,4.61,-0.03,11950.59,%sOxidizer Fill Confirmation,,
805,25.99,1669.45,107.03,544.17,603.43,555.13,546.11,7.86,0,0,0,0,0,1,1,0,0,4.61,-0.03,11950.61,%sOxidizer Fill Confirmation,,
806,27.54,1669.52,107.03,544.17,603.43,555.13,546.93,7.77,0,0,0,0,0,1,1,0,0,4.62,-0.03,11950.64,%sOxidizer Fill Confirmation,,
807,23.34,1669.52,106.99,544.17,603.43,555.13,546.93,7.77,0,0,0,0,0,1,1,0,0,4.62,-0.03,11950.67,%sOxidizer Fill Confirmation,,
808,25.54,1669.52,106.99,544.2,604.15,555.85,546.93,7.77,0,0,0,0,0,1,1,0,0,4.62,-0.03,11950.69,%sOxidizer Fill Confirmation,,
809,24.1,1669.52,106.99,544.2,604.15,555.85,547.57,7.77,0,0,0,0,0,1,1,0,0,4.62,-0.03,11950.72,%sOxidizer Fill Confirmation,,
810,26.14,1669.58,106.99,544.2,604.15,555.85,547.57,7.59,0,0,0,0,0,1,1,0,0,4.63,-0.04,11950.74,%sOxidizer Fill Confirmation,,
811,30.73,1669.58,107.05,544.2,604.15,555.85,547.57,7.59,0,0,0,0,0,1,1,0,0,4.63,-0.04,11950.77,%sOxidizer Fill Confirmation,,
812,24.37,1669.58,107.05,544.23,604.87,556.6,547.57,7.59,0,0,0,0,0,1,1,0,0,4.63,-0.04,11950.8,%sOxidizer Fill Confirmation,,
813,25.04,1669.58,107.05,544.23,604.87,556.6,548.28,7.59,0,0,0,0,0,1,1,0,0,4.65,-0.04,11950.82,%sOxidizer Fill Confirmation,,
814,35.14,1669.72,107.05,544.23,604.87,556.6,548.28,7.59,0,0,0,0,0,1,1,0,0,4.65,-0.04,11950.86,%sOxidizer Fill Confirmation,,
815,24.59,1669.72,107.12,544.31,605.57,557.45,548.28,7.59,0,0,0,0,0,1,1,0,0,4.65,-0.04,11950.88,%sOxidizer Fill Confirmation,,
816,25.58,1669.72,107.12,544.31,605.57,557.45,548.83,7.59,0,0,0,0,0,1,1,0,0,4.65,-0.04,11950.91,%sOxidizer Fill Confirmation,,
817,26.65,1669.72,107.12,544.31,605.57,557.45,548.83,7.39,0,0,0,0,0,1,1,0,0,4.67,-0.05,11950.93,%sOxidizer Fill Confirmation,,
818,22.06,1669.61,107.12,544.31,605.57,557.45,548.83,7.39,0,0,0,0,0,1,1,0,0,4.67,-0.05,11950.96,%sOxidizer Fill Confirmation,,
819,25.54,1669.61,107.12,544.31,606.25,558.49,549.62,7.39,0,0,0,0,0,1,1,0,0,4.67,-0.05,11950.98,%sOxidizer Fill Confirmation,,
820,24.03,1669.61,107.12,544.31,606.25,558.49,549.62,7.36,0,0,0,0,0,1,1,0,0,4.68,-0.05,11951.01,%sOxidizer Fill Confirmation,,
821,25.13,1669.33,107.04,544.31,606.25,558.49,549.62,7.36,0,0,0,0,0,1,1,0,0,4.68,-0.05,11951.03,%sOxidizer Fill Confirmation,,
822,25.08,1669.33,107.04,544.27,606.25,558.49,549.62,7.36,0,0,0,0,0,1,1,0,0,4.68,-0.05,11951.06,%sOxidizer Fill Confirmation,,
823,24.59,1669.33,107.04,544.27,607.03,559.23,549.62,7.36,0,0,0,0,0,1,1,0,0,4.68,-0.05,11951.08,%sOxidizer Fill Confirmation,,
824,23.93,1669.3,107.04,544.27,607.03,559.23,550.62,7.51,0,0,0,0,0,1,1,0,0,4.69,-0.05,11951.1,%sOxidizer Fill Confirmation,,
825,22.88,1669.3,107.11,544.29,607.03,559.23,550.62,7.51,0,0,0,0,0,1,1,0,0,4.69,-0.05,11951.13,%sOxidizer Fill Confirmation,,
826,27.08,1669.3,107.11,544.29,607.7,560.04,550.62,7.51,0,0,0,0,0,1,1,0,0,4.69,-0.05,11951.15,%sOxidizer Fill Confirmation,,
827,22.62,1669.3,107.11,544.29,607.7,560.04,551.35,7.51,0,0,0,0,0,1,1,0,0,4.69,-0.05,11951.18,%sOxidizer Fill Confirmation,,
828,26.1,1669.21,107.14,544.36,607.7,560.04,551.35,7.54,0,0,0,0,0,1,1,0,0,4.69,-0.05,11951.2,%sOxidizer Fill Confirmation,,
829,24.23,1669.21,107.14,544.36,608.29,560.9,551.35,7.54,0,0,0,0,0,1,1,0,0,4.69,-0.05,11951.23,%sOxidizer Fill Confirmation,,
830,24.93,1669.21,107.14,544.36,608.29,560.9,552.06,7.54,0,0,0,0,0,1,1,0,0,4.69,-0.05,11951.25,%sOxidizer Fill Confirmation,,
831,24.64,1669.21,107.14,544.36,608.29,560.9,552.06,7.45,0,0,0,0,0,1,1,0,0,4.69,-0.06,11951.28,%sOxidizer Fill Confirmation,,
832,26.1,1669.22,107.19,544.36,608.29,560.9,552.06,7.45,0,0,0,0,0,1,1,0,0,4.71,-0.06,11951.3,%sOxidizer Fill Confirmation,,
833,21.71,1669.22,107.19,544.37,608.94,561.64,552.74,7.45,0,0,0,0,0,1,1,0,0,4.71,-0.06,11951.32,%sOxidizer Fill Confirmation,,
834,25.67,1669.22,107.19,544.37,608.94,561.64,552.74,7.39,0,0,0,0,0,1,1,0,0,4.72,-0.06,11951.35,%sOxidizer Fill Confirmation,,
835,26.63,1669.14,107.21,544.37,608.94,561.64,552.74,7.39,0,0,0,0,0,1,1,0,0,4.72,-0.06,11951.38,%sOxidizer Fill Confirmation,,
836,21.98,1669.14,107.21,544.36,608.94,561.64,552.74,7.39,0,0,0,0,0,1,1,0,0,4.72,-0.06,11951.4,%sOxidizer Fill Confirmation,,
837,25.65,1669.14,107.21,544.36,609.58,562.29,553.33,7.39,0,0,0,0,0,1,1,0,0,4.72,-0.06,11951.42,%sOxidizer Fill Confirmation,,
838,26.14,1669.33,107.24,544.36,609.58,562.29,553.33,7.36,0,0,0,0,0,1,1,0,0,4.73,-0.05,11951.45,%sOxidizer Fill Confirmation,,
839,23.1,1669.33,107.24,544.3,610.12,562.29,553.33,7.36,0,0,0,0,0,1,1,0,0,4.73,-0.05,11951.47,%sOxidizer Fill Confirmation,,
840,26.71,1669.33,107.24,544.3,610.12,562.99,553.33,7.36,0,0,0,0,0,1,1,0,0,4.73,-0.05,11951.5,%sOxidizer Fill Confirmation,,
841,25.56,1669.33,107.24,544.3,610.12,562.99,553.85,7.49,0,0,0,0,0,1,1,0,0,4.73,-0.05,11951.53,%sOxidizer Fill Confirmation,,
842,28.59,1669.39,107.16,544.29,610.12,562.99,553.85,7.49,0,0,0,0,0,1,1,0,0,4.75,-0.05,11951.55,%sOxidizer Fill Confirmation,,
843,25.44,1669.39,107.16,544.29,610.71,563.67,553.85,7.49,0,0,0,0,0,1,1,0,0,4.75,-0.05,11951.58,%sOxidizer Fill Confirmation,,
844,23.79,1669.39,107.16,544.29,610.71,563.67,554.4,7.5,0,0,0,0,0,1,1,0,0,4.75,-0.05,11951.6,%sOxidizer Fill Confirmation,,
845,21.56,1669.39,107.16,544.29,610.71,563.67,554.4,7.5,0,0,0,0,0,1,1,0,0,4.77,-0.05,11951.63,%sOxidizer Fill Confirmation,,
846,28.76,1669.61,107.19,544.36,610.71,563.67,554.4,7.5,0,0,0,0,0,1,1,0,0,4.77,-0.05,11951.65,%sOxidizer Fill Confirmation,,
847,23.54,1669.61,107.19,544.36,611.18,564.18,554.4,7.5,0,0,0,0,0,1,1,0,0,4.77,-0.05,11951.68,%sOxidizer Fill Confirmation,,
848,23.14,1669.61,107.19,544.36,611.18,564.18,555,7.36,0,0,0,0,0,1,1,0,0,4.77,-0.04,11951.7,%sOxidizer Fill Confirmation,,
849,22.04,1669.61,107.19,544.36,611.18,564.18,555,7.36,0,0,0,0,0,1,1,0,0,4.78,-0.04,11951.72,%sOxidizer Fill Confirmation,,
850,24.21,1669.45,107.17,544.3,611.18,564.18,555,7.36,0,0,0,0,0,1,1,0,0,4.78,-0.04,11951.75,%sOxidizer Fill Confirmation,,
851,25.03,1669.45,107.17,544.3,611.61,564.9,555.89,7.36,0,0,0,0,0,1,1,0,0,4.78,-0.04,11951.77,%sOxidizer Fill Confirmation,,
852,24.04,1669.45,107.17,544.3,611.61,564.9,555.89,7.62,0,0,0,0,0,1,1,0,0,4.78,-0.04,11951.8,%sOxidizer Fill Confirmation,,
853,26.66,1669.41,107.17,544.3,611.61,564.9,555.89,7.62,0,0,0,0,0,1,1,0,0,4.78,-0.04,11951.82,%sOxidizer Fill Confirmation,,
854,23.33,1669.41,107.19,544.27,612.01,564.9,555.89,7.62,0,0,0,0,0,1,1,0,0,4.78,-0.04,11951.85,%sOxidizer Fill Confirmation,,
855,25.21,1669.41,107.19,544.27,612.01,565.18,556.66,7.7,0,0,0,0,0,1,1,0,0,4.78,-0.04,11951.87,%sOxidizer Fill Confirmation,,
856,25.62,1669.41,107.19,544.27,612.01,565.18,556.66,7.7,0,0,0,0,0,1,1,0,0,4.79,-0.05,11951.9,%sOxidizer Fill Confirmation,,
857,26.03,1669.49,107.23,544.29,612.01,565.18,556.66,7.7,0,0,0,0,0,1,1,0,0,4.79,-0.05,11951.92,%sOxidizer Fill Confirmation,,
858,26.16,1669.49,107.23,544.29,612.55,566.17,557.2,7.7,0,0,0,0,0,1,1,0,0,4.79,-0.05,11951.95,%sOxidizer Fill Confirmation,,
859,25.23,1669.49,107.23,544.29,612.55,566.17,557.2,7.7,0,0,0,0,0,1,1,0,0,4.81,-0.05,11951.97,%sOxidizer Fill Confirmation,,
860,26.53,1669.45,107.16,544.29,612.55,566.17,557.2,7.7,0,0,0,0,0,1,1,0,0,4.81,-0.05,11952,%sOxidizer Fill Confirmation,,
861,26.12,1669.45,107.16,544.27,612.55,566.17,557.2,7.7,0,0,0,0,0,1,1,0,0,4.81,-0.05,11952.03,%sOxidizer Fill Confirmation,,
862,27.11,1669.45,107.16,544.27,613.04,566.81,557.86,7.7,0,0,0,0,0,1,1,0,0,4.81,-0.05,11952.05,%sOxidizer Fill Confirmation,,
863,23.68,1669.45,107.16,544.27,613.04,566.81,557.86,7.67,0,0,0,0,0,1,1,0,0,4.81,-0.05,11952.08,%sOxidizer Fill Confirmation,,
864,26.12,1669.45,107.16,544.27,613.04,566.81,557.86,7.67,0,0,0,0,0,1,1,0,0,4.82,-0.05,11952.1,%sOxidizer Fill Confirmation,,
865,25.24,1669.47,107.14,544.23,613.04,566.81,557.86,7.67,0,0,0,0,0,1,1,0,0,4.82,-0.05,11952.13,%sOxidizer Fill Confirmation,,
866,26.14,1669.47,107.14,544.23,613.76,566.81,557.86,7.67,0,0,0,0,0,1,1,0,0,4.82,-0.05,11952.16,%sOxidizer Fill Confirmation,,
867,37.24,1669.47,107.14,544.23,613.76,567.5,557.86,7.67,0,0,0,0,0,1,1,0,0,4.82,-0.05,11952.19,%sOxidizer Fill Confirmation,,
868,29.99,1669.47,107.14,544.23,613.76,567.5,558.57,7.91,0,0,0,0,0,1,1,0,0,4.82,-0.05,11952.22,%sOxidizer Fill Confirmation,,
869,35.38,1669.47,107.14,544.23,613.76,567.5,558.57,7.91,0,0,0,0,0,1,1,0,0,4.83,-0.04,11952.26,%sOxidizer Fill Confirmation,,
870,33.66,1669.43,107.06,544.22,613.76,567.5,558.57,7.91,0,0,0,0,0,1,1,0,0,4.83,-0.04,11952.29,%sOxidizer Fill Confirmation,,
871,33.23,1669.43,107.06,544.22,613.76,567.5,558.57,7.91,0,0,0,0,0,1,1,0,0,4.83,-0.04,11952.32,%sOxidizer Fill Confirmation,,
872,26.73,1669.43,107.06,544.22,614.26,568.19,558.57,7.91,0,0,0,0,0,1,1,0,0,4.83,-0.04,11952.35,%sOxidizer Fill Confirmation,,
873,33.73,1669.43,107.06,544.22,614.26,568.19,559.22,7.91,0,0,0,0,0,1,1,0,0,4.83,-0.04,11952.39,%sOxidizer Fill Confirmation,,
874,26.66,1669.43,107.06,544.22,614.26,568.19,559.22,8.01,0,0,0,0,0,1,1,0,0,4.86,-0.04,11952.41,%sOxidizer Fill Confirmation,,
875,35.46,1669.43,107.06,544.22,614.26,568.19,559.22,8.01,0,0,0,0,0,1,1,0,0,4.86,-0.04,11952.45,%sOxidizer Fill Confirmation,,
876,25.2,1669.57,107.04,544.22,614.26,568.19,559.22,8.01,0,0,0,0,0,1,1,0,0,4.86,-0.04,11952.47,%sOxidizer Fill Confirmation,,
877,34.49,1669.57,107.04,544.26,614.26,568.19,559.22,8.01,0,0,0,0,0,1,1,0,0,4.86,-0.04,11952.51,%sOxidizer Fill Confirmation,,
878,31.39,1669.57,107.04,544.26,614.84,568.83,559.22,8.01,0,0,0,0,0,1,1,0,0,4.86,-0.04,11952.54,%sOxidizer Fill Confirmation,,
879,29.76,1669.57,107.04,544.26,614.84,568.83,559.89,8.01,0,0,0,0,0,1,1,0,0,4.86,-0.04,11952.57,%sOxidizer Fill Confirmation,,
880,28.71,1669.57,107.04,544.26,614.84,568.83,559.89,7.9,0,0,0,0,0,1,1,0,0,4.86,-0.04,11952.6,%sOxidizer Fill Confirmation,,
881,35.42,1669.47,107.04,544.26,614.84,568.83,559.89,7.9,0,0,0,0,0,1,1,0,0,4.88,-0.04,11952.63,%sOxidizer Fill Confirmation,,
882,26.6,1669.47,107.04,544.26,614.84,568.83,559.89,7.9,0,0,0,0,0,1,1,0,0,4.88,-0.04,11952.66,%sOxidizer Fill Confirmation,,
883,32.87,1669.47,107.04,544.29,615.46,568.83,559.89,7.9,0,0,0,0,0,1,1,0,0,4.88,-0.04,11952.69,%sOxidizer Fill Confirmation,,
884,39.69,1669.47,107.04,544.29,615.46,569.47,559.89,7.9,0,0,0,0,0,1,1,0,0,4.88,-0.04,11952.73,%sOxidizer Fill Confirmation,,
885,31.76,1669.47,107.04,544.29,615.46,569.47,560.71,7.9,0,0,0,0,0,1,1,0,0,4.88,-0.04,11952.76,%sOxidizer Fill Confirmation,,
886,30.69,1669.47,107.04,544.29,615.46,569.47,560.71,7.78,0,0,0,0,0,1,1,0,0,4.88,-0.05,11952.79,%sOxidizer Fill Confirmation,,
887,32.2,1669.47,107.04,544.29,615.46,569.47,560.71,7.78,0,0,0,0,0,1,1,0,0,4.89,-0.05,11952.83,%sOxidizer Fill Confirmation,,
888,24.49,1669.21,107.03,544.29,615.46,569.47,560.71,7.78,0,0,0,0,0,1,1,0,0,4.89,-0.05,11952.85,%sOxidizer Fill Confirmation,,
889,28.62,1669.21,107.03,544.3,615.46,569.47,560.71,7.78,0,0,0,0,0,1,1,0,0,4.89,-0.05,11952.88,%sOxidizer Fill Confirmation,,
890,27.62,1669.21,107.03,544.3,616.16,569.47,560.71,7.78,0,0,0,0,0,1,1,0,0,4.89,-0.05,11952.91,%sOxidizer Fill Confirmation,,
891,33.23,1669.21,107.03,544.3,616.16,570.39,561.85,7.86,0,0,0,0,0,1,1,0,0,4.89,-0.05,11952.94,%sOxidizer Fill Confirmation,,
892,25.13,1669.21,107.03,544.3,616.16,570.39,561.85,7.86,0,0,0,0,0,1,1,0,0,4.89,-0.04,11952.97,%sOxidizer Fill Confirmation,,
893,29.72,1669.09,107.03,544.3,616.16,570.39,561.85,7.86,0,0,0,0,0,1,1,0,0,4.89,-0.04,11952.99,%sOxidizer Fill Confirmation,,
894,38.38,1669.09,107,544.3,616.16,570.39,561.85,7.86,0,0,0,0,0,1,1,0,0,4.89,-0.04,11953.03,%sOxidizer Fill Confirmation,,
895,23.68,1669.09,107,544.21,616.92,570.39,561.85,7.86,0,0,0,0,0,1,1,0,0,4.89,-0.04,11953.06,%sOxidizer Fill Confirmation,,
896,33.6,1669.09,107,544.21,616.92,571.55,561.85,7.86,0,0,0,0,0,1,1,0,0,4.89,-0.04,11953.09,%sOxidizer Fill Confirmation,,
897,27.81,1669.09,107,544.21,616.92,571.55,562.78,7.93,0,0,0,0,0,1,1,0,0,4.89,-0.05,11953.12,%sOxidizer Fill Confirmation,,
898,27.71,1669.09,107,544.21,616.92,571.55,562.78,7.93,0,0,0,0,0,1,1,0,0,4.92,-0.05,11953.15,%sOxidizer Fill Confirmation,,
899,26.88,1669.31,107.01,544.21,616.92,571.55,562.78,7.93,0,0,0,0,0,1,1,0,0,4.92,-0.05,11953.17,%sOxidizer Fill Confirmation,,
900,30.69,1669.31,107.01,544.24,617.87,571.55,562.78,7.93,0,0,0,0,0,1,1,0,0,4.92,-0.05,11953.2,%sOxidizer Fill Confirmation,,
901,31.2,1669.31,107.01,544.24,617.87,572.5,563.57,7.93,0,0,0,0,0,1,1,0,0,4.92,-0.05,11953.23,%sOxidizer Fill Confirmation,,
902,28.8,1669.31,107.01,544.24,617.87,572.5,563.57,7.84,0,0,0,0,0,1,1,0,0,4.92,-0.05,11953.26,%sOxidizer Fill Confirmation,,
903,30.65,1669.31,107.01,544.24,617.87,572.5,563.57,7.84,0,0,0,0,0,1,1,0,0,4.94,-0.05,11953.29,%sOxidizer Fill Confirmation,,
904,26.52,1669.37,107.03,544.29,617.87,572.5,563.57,7.84,0,0,0,0,0,1,1,0,0,4.94,-0.05,11953.32,%sOxidizer Fill Confirmation,,
905,29.22,1669.37,107.03,544.29,618.82,572.5,563.57,7.84,0,0,0,0,0,1,1,0,0,4.94,-0.05,11953.35,%sOxidizer Fill Confirmation,,
906,27.18,1669.37,107.03,544.29,618.82,573.67,563.57,7.84,0,0,0,0,0,1,1,0,0,4.94,-0.05,11953.38,%sOxidizer Fill Confirmation,,
907,25.86,1669.37,107.03,544.29,618.82,573.67,564.53,7.79,0,0,0,0,0,1,1,0,0,4.96,-0.04,11953.4,%sOxidizer Fill Confirmation,,
908,31.89,1669.54,107.03,544.29,618.82,573.67,564.53,7.79,0,0,0,0,0,1,1,0,0,4.96,-0.04,11953.43,%sOxidizer Fill Confirmation,,
909,27.94,1669.54,107.15,544.25,618.82,573.67,564.53,7.79,0,0,0,0,0,1,1,0,0,4.96,-0.04,11953.46,%sOxidizer Fill Confirmation,,
910,27.76,1669.54,107.15,544.25,619.69,574.37,564.53,7.79,0,0,0,0,0,1,1,0,0,4.96,-0.04,11953.49,%sOxidizer Fill Confirmation,,
911,22.1,1669.54,107.15,544.25,619.69,574.37,565.47,7.79,0,0,0,0,0,1,1,0,0,4.96,-0.04,11953.51,%sOxidizer Fill Confirmation,,
912,27.68,1669.54,107.15,544.25,619.69,574.37,565.47,7.74,0,0,0,0,0,1,1,0,0,4.96,-0.04,11953.54,%sOxidizer Fill Confirmation,,
913,24,1669.54,107.14,544.25,619.69,574.37,565.47,7.74,0,0,0,0,0,1,1,0,0,4.97,-0.04,11953.56,%sOxidizer Fill Confirmation,,
914,25.71,1669.54,107.14,544.21,619.69,574.37,565.47,7.74,0,0,0,0,0,1,1,0,0,4.97,-0.04,11953.59,%sOxidizer Fill Confirmation,,
915,25.05,1669.54,107.14,544.21,620.64,575.45,565.47,7.74,0,0,0,0,0,1,1,0,0,4.97,-0.04,11953.62,%sOxidizer Fill Confirmation,,
916,29.44,1669.54,107.14,544.21,620.64,575.45,566.5,7.74,0,0,0,0,0,1,1,0,0,4.97,-0.04,11953.64,%sOxidizer Fill Confirmation,,
917,25.51,1669.51,107.12,544.21,620.64,575.45,566.5,7.85,0,0,0,0,0,1,1,0,0,5,-0.04,11953.67,%sOxidizer Fill Confirmation,,
918,28.25,1669.51,107.12,544.21,620.64,575.45,566.5,7.85,0,0,0,0,0,1,1,0,0,5,-0.04,11953.7,%sOxidizer Fill Confirmation,,
919,24.2,1669.51,107.12,544.21,621.43,575.45,566.5,7.85,0,0,0,0,0,1,1,0,0,5,-0.04,11953.72,%sOxidizer Fill Confirmation,,
920,28.57,1669.51,107.12,544.21,621.43,576.6,567.8,7.88,0,0,0,0,0,1,1,0,0,5,-0.04,11953.75,%sOxidizer Fill Confirmation,,
921,23.1,1669.51,107.12,544.21,621.43,576.6,567.8,7.88,0,0,0,0,0,1,1,0,0,5.03,-0.04,11953.77,%sOxidizer Fill Confirmation,,
922,25.66,1669.51,107.11,544.21,621.43,576.6,567.8,7.88,0,0,0,0,0,1,1,0,0,5.03,-0.04,11953.8,%sOxidizer Fill Confirmation,,
923,26.6,1669.51,107.11,544.21,622.33,577.57,567.8,7.88,0,0,0,0,0,1,1,0,0,5.03,-0.04,11953.83,%sOxidizer Fill Confirmation,,
924,28.57,1669.51,107.11,544.21,622.33,577.57,569,7.94,0,0,0,0,0,1,1,0,0,5.03,-0.04,11953.85,%sOxidizer Fill Confirmation,,
925,27.81,1669.52,107.11,544.21,622.33,577.57,569,7.94,0,0,0,0,0,1,1,0,0,5.05,-0.04,11953.88,%sOxidizer Fill Confirmation,,
926,25.28,1669.52,107.15,544.21,622.33,577.57,569,7.94,0,0,0,0,0,1,1,0,0,5.05,-0.04,11953.91,%sOxidizer Fill Confirmation,,
927,25.29,1669.52,107.15,544.2,623.18,578.78,569,7.94,0,0,0,0,0,1,1,0,0,5.05,-0.04,11953.93,%sOxidizer Fill Confirmation,,
928,27.8,1669.52,107.15,544.2,623.18,578.78,570.23,8.12,0,0,0,0,0,1,1,0,0,5.05,-0.04,11953.96,%sOxidizer Fill Confirmation,,
929,21.98,1669.52,107.15,544.2,623.18,578.78,570.23,8.12,0,0,0,0,0,1,1,0,0,5.06,-0.04,11953.98,%sOxidizer Fill Confirmation,,
930,28.62,1669.47,107.25,544.2,623.18,578.78,570.23,8.12,0,0,0,0,0,1,1,0,0,5.06,-0.04,11954.01,%sOxidizer Fill Confirmation,,
931,26.56,1669.47,107.25,544.26,624.14,578.78,570.23,8.12,0,0,0,0,0,1,1,0,0,5.06,-0.04,11954.04,%sOxidizer Fill Confirmation,,
932,23.05,1669.47,107.25,544.26,624.14,579.96,570.23,8.12,0,0,0,0,0,1,1,0,0,5.06,-0.04,11954.06,%sOxidizer Fill Confirmation,,
933,24.03,1669.47,107.25,544.26,624.14,579.96,571.15,8.11,0,0,0,0,0,1,1,0,0,5.06,-0.04,11954.09,%sOxidizer Fill Confirmation,,
934,22.57,1669.47,107.25,544.26,624.14,579.96,571.15,8.11,0,0,0,0,0,1,1,0,0,5.06,-0.04,11954.11,%sOxidizer Fill Confirmation,,
935,25.93,1669.62,107.24,544.31,624.14,579.96,571.15,8.11,0,0,0,0,0,1,1,0,0,5.08,-0.04,11954.13,%sOxidizer Fill Confirmation,,
936,31.6,1669.62,107.24,544.31,625.02,580.94,571.15,8.11,0,0,0,0,0,1,1,0,0,5.08,-0.04,11954.17,%sOxidizer Fill Confirmation,,
937,26.47,1669.62,107.24,544.31,625.02,580.94,571.95,7.99,0,0,0,0,0,1,1,0,0,5.08,-0.04,11954.19,%sOxidizer Fill Confirmation,,
938,22.79,1669.44,107.18,544.31,625.02,580.94,571.95,7.99,0,0,0,0,0,1,1,0,0,5.1,-0.04,11954.21,%sOxidizer Fill Confirmation,,
939,30.6,1669.44,107.18,544.37,625.02,580.94,571.95,7.99,0,0,0,0,0,1,1,0,0,5.1,-0.04,11954.25,%sOxidizer Fill Confirmation,,
940,24.47,1669.44,107.18,544.37,625.86,581.79,571.95,7.99,0,0,0,0,0,1,1,0,0,5.1,-0.04,11954.27,%sOxidizer Fill Confirmation,,
941,30.62,1669.44,107.18,544.37,625.86,581.79,573.17,7.99,0,0,0,0,0,1,1,0,0,5.1,-0.04,11954.3,%sOxidizer Fill Confirmation,,
942,25.05,1669.44,107.18,544.37,625.86,581.79,573.17,7.99,0,0,0,0,0,1,1,0,0,5.1,-0.04,11954.33,%sOxidizer Fill Confirmation,,
943,27.67,1669.49,107.18,544.36,625.86,581.79,573.17,7.99,0,0,0,0,0,1,1,0,0,5.1,-0.04,11954.35,%sOxidizer Fill Confirmation,,
944,26.22,1669.49,107.18,544.36,626.51,582.42,573.17,7.99,0,0,0,0,0,1,1,0,0,5.1,-0.04,11954.38,%sOxidizer Fill Confirmation,,
945,23.06,1669.49,107.18,544.36,626.51,582.42,573.97,7.95,0,0,0,0,0,1,1,0,0,5.1,-0.03,11954.4,%sOxidizer Fill Confirmation,,
946,23.09,1669.49,107.18,544.36,626.51,582.42,573.97,7.95,0,0,0,0,0,1,1,0,0,5.13,-0.03,11954.43,%sOxidizer Fill Confirmation,,
947,28.6,1669.56,107.18,544.29,626.51,582.42,573.97,7.95,0,0,0,0,0,1,1,0,0,5.13,-0.03,11954.45,%sOxidizer Fill Confirmation,,
948,24.66,1669.56,107.18,544.29,627.14,583.13,573.97,7.95,0,0,0,0,0,1,1,0,0,5.13,-0.03,11954.48,%sOxidizer Fill Confirmation,,
949,25.02,1669.56,107.18,544.29,627.14,583.13,574.64,8.1,0,0,0,0,0,1,1,0,0,5.13,-0.03,11954.5,%sOxidizer Fill Confirmation,,
950,23.08,1669.56,107.18,544.29,627.14,583.13,574.64,8.1,0,0,0,0,0,1,1,0,0,5.15,-0.03,11954.53,%sOxidizer Fill Confirmation,,
951,27.61,1669.33,106.97,544.3,627.74,583.13,574.64,8.1,0,0,0,0,0,1,1,0,0,5.15,-0.03,11954.55,%sOxidizer Fill Confirmation,,
952,24.62,1669.33,106.97,544.3,627.74,583.98,574.64,8.1,0,0,0,0,0,1,1,0,0,5.15,-0.03,11954.58,%sOxidizer Fill Confirmation,,
953,23.87,1669.33,106.97,544.3,627.74,583.98,575.38,8.06,0,0,0,0,0,1,1,0,0,5.15,-0.03,11954.6,%sOxidizer Fill Confirmation,,
954,23.57,1669.33,106.97,544.3,627.74,583.98,575.38,8.06,0,0,0,0,0,1,1,0,0,5.17,-0.03,11954.63,%sOxidizer Fill Confirmation,,
955,27.64,1669.45,106.93,544.33,627.74,583.98,575.38,8.06,0,0,0,0,0,1,1,0,0,5.17,-0.03,11954.65,%sOxidizer Fill Confirmation,,
956,24.53,1669.45,106.93,544.33,628.27,584.43,575.38,8.06,0,0,0,0,0,1,1,0,0,5.17,-0.03,11954.68,%sOxidizer Fill Confirmation,,
957,27.08,1669.45,106.93,544.33,628.27,584.43,575.99,7.91,0,0,0,0,0,1,1,0,0,5.17,-0.03,11954.71,%sOxidizer Fill Confirmation,,
958,26.67,1669.59,107,544.33,628.27,584.43,575.99,7.91,0,0,0,0,0,1,1,0,0,5.19,-0.04,11954.73,%sOxidizer Fill Confirmation,,
959,32.69,1669.59,107,544.4,628.27,584.43,575.99,7.91,0,0,0,0,0,1,1,0,0,5.19,-0.04,11954.77,%sOxidizer Fill Confirmation,,
960,28.55,1669.59,107,544.4,628.86,585.1,576.39,7.91,0,0,0,0,0,1,1,0,0,5.19,-0.04,11954.79,%sOxidizer Fill Confirmation,,
961,24.68,1669.59,107,544.4,628.86,585.1,576.39,7.77,0,0,0,0,0,1,1,0,0,5.19,-0.04,11954.82,%sOxidizer Fill Confirmation,,
962,26.59,1669.7,107.08,544.4,628.86,585.1,576.39,7.77,0,0,0,0,0,1,1,0,0,5.19,-0.04,11954.85,%sOxidizer Fill Confirmation,,
963,25.64,1669.7,107.08,544.39,628.86,585.1,576.39,7.77,0,0,0,0,0,1,1,0,0,5.19,-0.04,11954.87,%sOxidizer Fill Confirmation,,
964,24.03,1669.7,107.08,544.39,629.44,585.84,577.06,7.72,0,0,0,0,0,1,1,0,0,5.19,-0.04,11954.89,%sOxidizer Fill Confirmation,,
965,26.57,1669.74,107.08,544.39,629.44,585.84,577.06,7.72,0,0,0,0,0,1,1,0,0,5.2,-0.03,11954.92,%sOxidizer Fill Confirmation,,
966,31.14,1669.74,107.08,544.39,629.44,585.84,577.06,7.72,0,0,0,0,0,1,1,0,0,5.2,-0.03,11954.95,%sOxidizer Fill Confirmation,,
967,25.26,1669.74,107.08,544.4,630.06,586.43,577.06,7.72,0,0,0,0,0,1,1,0,0,5.2,-0.03,11954.98,%sOxidizer Fill Confirmation,,
968,27.04,1669.74,107.08,544.4,630.06,586.43,577.53,7.56,0,0,0,0,0,1,1,0,0,5.2,-0.03,11955,%sOxidizer Fill Confirmation,,
969,27.14,1669.74,107.08,544.4,630.06,586.43,577.53,7.56,0,0,0,0,0,1,1,0,0,5.23,-0.03,11955.03,%sOxidizer Fill Confirmation,,
970,25.59,1669.91,107.03,544.39,630.68,587.04,577.53,7.56,0,0,0,0,0,1,1,0,0,5.23,-0.03,11955.06,%sOxidizer Fill Confirmation,,
971,27.02,1669.91,107.03,544.39,630.68,587.04,578.3,7.56,0,0,0,0,0,1,1,0,0,5.23,-0.03,11955.08,%sOxidizer Fill Confirmation,,
972,26.69,1669.91,107.03,544.39,630.68,587.04,578.3,7.59,0,0,0,0,0,1,1,0,0,5.24,-0.03,11955.11,%sOxidizer Fill Confirmation,,
973,27.15,1670.05,107.15,544.4,630.68,587.04,578.3,7.59,0,0,0,0,0,1,1,0,0,5.24,-0.03,11955.14,%sOxidizer Fill Confirmation,,
974,28.62,1670.05,107.15,544.4,631.12,587.48,578.3,7.59,0,0,0,0,0,1,1,0,0,5.24,-0.03,11955.17,%sOxidizer Fill Confirmation,,
975,24.06,1670.05,107.15,544.4,631.12,587.48,578.82,7.61,0,0,0,0,0,1,1,0,0,5.24,-0.03,11955.19,%sOxidizer Fill Confirmation,,
976,20.67,1670.05,107.15,544.4,631.12,587.48,578.82,7.61,0,0,0,0,0,1,1,0,0,5.26,-0.04,11955.21,%sOxidizer Fill Confirmation,,
977,25.87,1670.23,107.16,544.4,631.12,587.48,578.82,7.61,0,0,0,0,0,1,1,0,0,5.26,-0.04,11955.24,%sOxidizer Fill Confirmation,,
978,25.98,1670.23,107.16,544.41,631.66,588.2,578.82,7.61,0,0,0,0,0,1,1,0,0,5.26,-0.04,11955.26,%sOxidizer Fill Confirmation,,
979,25.45,1670.23,107.16,544.41,631.66,588.2,579.25,7.65,0,0,0,0,0,1,1,0,0,5.26,-0.04,11955.29,%sOxidizer Fill Confirmation,,
980,27.02,1670.23,107.16,544.41,631.66,588.2,579.25,7.65,0,0,0,0,0,1,1,0,0,5.28,-0.04,11955.32,%sOxidizer Fill Confirmation,,
981,24.06,1670.1,107.08,544.42,632.24,589.01,579.25,7.65,0,0,0,0,0,1,1,0,0,5.28,-0.04,11955.34,%sOxidizer Fill Confirmation,,
982,28.56,1670.1,107.08,544.42,632.24,589.01,580.02,7.65,0,0,0,0,0,1,1,0,0,5.28,-0.04,11955.37,%sOxidizer Fill Confirmation,,
983,24.06,1670.1,107.08,544.42,632.24,589.01,580.02,7.66,0,0,0,0,0,1,1,0,0,5.28,-0.05,11955.39,%sOxidizer Fill Confirmation,,
984,26.31,1670.09,107.02,544.42,632.76,589.01,580.02,7.66,0,0,0,0,0,1,1,0,0,5.29,-0.05,11955.42,%sOxidizer Fill Confirmation,,
985,24.5,1670.09,107.02,544.42,632.76,589.73,580.94,7.66,0,0,0,0,0,1,1,0,0,5.29,-0.05,11955.44,%sOxidizer Fill Confirmation,,
986,24.61,1670.09,107.02,544.42,632.76,589.73,580.94,7.7,0,0,0,0,0,1,1,0,0,5.29,-0.05,11955.47,%sOxidizer Fill Confirmation,,
987,26.14,1670.09,107.02,544.42,632.76,589.73,580.94,7.7,0,0,0,0,0,1,1,0,0,5.3,-0.05,11955.49,%sOxidizer Fill Confirmation,,
988,26.58,1670.31,107.16,544.45,633.22,590.3,580.94,7.7,0,0,0,0,0,1,1,0,0,5.3,-0.05,11955.52,%sOxidizer Fill Confirmation,,
989,26.18,1670.31,107.16,544.45,633.22,590.3,581.54,7.74,0,0,0,0,0,1,1,0,0,5.3,-0.05,11955.55,%sOxidizer Fill Confirmation,,
990,28.08,1670.31,107.16,544.45,633.22,590.3,581.54,7.74,0,0,0,0,0,1,1,0,0,5.3,-0.04,11955.58,%sOxidizer Fill Confirmation,,
991,26.57,1670.36,107.22,544.43,633.22,590.3,581.54,7.74,0,0,0,0,0,1,1,0,0,5.3,-0.04,11955.6,%sOxidizer Fill Confirmation,,
992,25.09,1670.36,107.22,544.43,633.78,591,581.54,7.74,0,0,0,0,0,1,1,0,0,5.3,-0.04,11955.63,%sOxidizer Fill Confirmation,,
993,27.6,1670.36,107.22,544.43,633.78,591,582.2,7.75,0,0,0,0,0,1,1,0,0,5.3,-0.04,11955.65,%sOxidizer Fill Confirmation,,
994,26.32,1670.32,107.11,544.43,633.78,591,582.2,7.75,0,0,0,0,0,1,1,0,0,5.32,-0.04,11955.68,%sOxidizer Fill Confirmation,,
995,27.57,1670.32,107.11,544.41,634.34,591,582.2,7.75,0,0,0,0,0,1,1,0,0,5.32,-0.04,11955.71,%sOxidizer Fill Confirmation,,
996,23.16,1670.32,107.11,544.41,634.34,591.58,583.01,7.75,0,0,0,0,0,1,1,0,0,5.32,-0.04,11955.73,%sOxidizer Fill Confirmation,,
997,32.6,1670.32,107.11,544.41,634.34,591.58,583.01,7.75,0,0,0,0,0,1,1,0,0,5.34,-0.04,11955.76,%sOxidizer Fill Confirmation,,
998,30.62,1670.23,107.04,544.41,634.34,591.58,583.01,7.75,0,0,0,0,0,1,1,0,0,5.34,-0.04,11955.79,%sOxidizer Fill Confirmation,,
999,27.63,1670.23,107.04,544.46,634.87,592.15,583.01,7.75,0,0,0,0,0,1,1,0,0,5.34,-0.04,11955.82,%sOxidizer Fill Confirmation,,
1000,22.54,1670.23,107.04,544.46,634.87,592.15,583.54,7.8,0,0,0,0,0,1,1,0,0,5.34,-0.04,11955.84,%sOxidizer Fill Confirmation,,
1001,25.33,1670.23,107.04,544.46,634.87,592.15,583.54,7.8,0,0,0,0,0,1,1,0,0,5.34,-0.04,11955.87,%sOxidizer Fill Confirmation,,
1002,20.73,1670.24,107.05,544.46,634.87,592.15,583.54,7.8,0,0,0,0,0,1,1,0,0,5.36,-0.04,11955.89,%sOxidizer Fill Confirmation,,
1003,24.02,1670.24,107.05,544.46,634.87,592.15,583.54,7.8,0,0,0,0,0,1,1,0,0,5.36,-0.04,11955.91,%sOxidizer Fill Confirmation,,
1004,23.77,1670.24,107.05,544.46,635.39,592.61,583.54,7.8,0,0,0,0,0,1,1,0,0,5.36,-0.04,11955.94,%sOxidizer Fill Confirmation,,
1005,21.13,1670.24,107.05,544.46,635.39,592.61,584.08,7.8,0,0,0,0,0,1,1,0,0,5.36,-0.04,11955.96,%sOxidizer Fill Confirmation,,
1006,22.06,1670.21,106.93,544.43,635.39,592.61,584.08,7.8,0,0,0,0,0,1,1,0,0,5.36,-0.04,11955.98,%sOxidizer Fill Confirmation,,
1007,27.59,1670.21,106.93,544.43,635.79,593.25,584.08,7.8,0,0,0,0,0,1,1,0,0,5.36,-0.04,11956.01,%sOxidizer Fill Confirmation,,
1008,22.54,1670.21,106.93,544.43,635.79,593.25,584.48,7.8,0,0,0,0,0,1,1,0,0,5.36,-0.04,11956.03,%sOxidizer Fill Confirmation,,
1009,26.65,1670.21,106.93,544.43,635.79,593.25,584.48,7.74,0,0,0,0,0,1,1,0,0,5.36,-0.04,11956.06,%sOxidizer Fill Confirmation,,
1010,25,1670.17,106.89,544.4,635.79,593.25,584.48,7.74,0,0,0,0,0,1,1,0,0,5.37,-0.04,11956.08,%sOxidizer Fill Confirmation,,
1011,22.17,1670.17,106.89,544.4,636.28,593.92,585.07,7.74,0,0,0,0,0,1,1,0,0,5.37,-0.04,11956.11,%sOxidizer Fill Confirmation,,
1012,23.54,1670.17,106.89,544.4,636.28,593.92,585.07,7.71,0,0,0,0,0,1,1,0,0,5.37,-0.04,11956.13,%sOxidizer Fill Confirmation,,
1013,26.32,1670.09,106.89,544.4,636.28,593.92,585.07,7.71,0,0,0,0,0,1,1,0,0,5.38,-0.04,11956.16,%sOxidizer Fill Confirmation,,
1014,24.45,1670.09,106.91,544.41,636.28,593.92,585.07,7.71,0,0,0,0,0,1,1,0,0,5.38,-0.04,11956.18,%sOxidizer Fill Confirmation,,
1015,26.66,1670.09,106.91,544.41,636.85,594.37,585.65,7.67,0,0,0,0,0,1,1,0,0,5.38,-0.03,11956.21,%sOxidizer Fill Confirmation,,
1016,30.17,1670.13,106.91,544.41,636.85,594.37,585.65,7.67,0,0,0,0,0,1,1,0,0,5.39,-0.03,11956.24,%sOxidizer Fill Confirmation,,
1017,24.02,1670.13,107,544.43,636.85,594.37,585.65,7.67,0,0,0,0,0,1,1,0,0,5.39,-0.03,11956.26,%sOxidizer Fill Confirmation,,
1018,25.57,1670.13,107,544.43,637.32,594.84,586.1,7.67,0,0,0,0,0,1,1,0,0,5.39,-0.03,11956.29,%sOxidizer Fill Confirmation,,
1019,26.03,1670.13,107,544.43,637.32,594.84,586.1,7.67,0,0,0,0,0,1,1,0,0,5.4,-0.04,11956.31,%sOxidizer Fill Confirmation,,
1020,27.17,1669.94,106.93,544.43,637.32,594.84,586.1,7.67,0,0,0,0,0,1,1,0,0,5.4,-0.04,11956.34,%sOxidizer Fill Confirmation,,
1021,23.56,1669.94,106.93,544.44,637.77,595.58,586.1,7.67,0,0,0,0,0,1,1,0,0,5.4,-0.04,11956.36,%sOxidizer Fill Confirmation,,
1022,22.08,1669.94,106.93,544.44,637.77,595.58,586.62,7.67,0,0,0,0,0,1,1,0,0,5.4,-0.04,11956.39,%sOxidizer Fill Confirmation,,
1023,24.66,1669.95,106.88,544.44,637.77,595.58,586.62,7.69,0,0,0,0,0,1,1,0,0,5.42,-0.04,11956.41,%sOxidizer Fill Confirmation,,
1024,24.53,1669.95,106.88,544.48,638.32,596.26,586.62,7.69,0,0,0,0,0,1,1,0,0,5.42,-0.04,11956.43,%sOxidizer Fill Confirmation,,
1025,29.7,1669.95,106.88,544.48,638.32,596.26,587.09,7.59,0,0,0,0,0,1,1,0,0,5.42,-0.04,11956.46,%sOxidizer Fill Confirmation,,
1026,26.53,1669.95,106.88,544.48,638.32,596.26,587.09,7.59,0,0,0,0,0,1,1,0,0,5.43,-0.04,11956.49,%sOxidizer Fill Confirmation,,
1027,29.63,1669.95,106.93,544.57,638.32,596.26,587.09,7.59,0,0,0,0,0,1,1,0,0,5.43,-0.04,11956.52,%sOxidizer Fill Confirmation,,
1028,30.11,1669.95,106.93,544.57,638.9,596.91,587.52,7.59,0,0,0,0,0,1,1,0,0,5.43,-0.04,11956.55,%sOxidizer Fill Confirmation,,
1029,25.13,1669.95,106.93,544.57,638.9,596.91,587.52,7.55,0,0,0,0,0,1,1,0,0,5.43,-0.04,11956.58,%sOxidizer Fill Confirmation,,
1030,24.11,1669.91,107.01,544.57,638.9,596.91,587.52,7.55,0,0,0,0,0,1,1,0,0,5.44,-0.04,11956.6,%sOxidizer Fill Confirmation,,
1031,25.22,1669.91,107.01,544.55,638.9,596.91,587.52,7.55,0,0,0,0,0,1,1,0,0,5.44,-0.04,11956.62,%sOxidizer Fill Confirmation,,
1032,25.07,1669.91,107.01,544.55,639.29,597.37,587.97,7.55,0,0,0,0,0,1,1,0,0,5.44,-0.04,11956.65,%sOxidizer Fill Confirmation,,
1033,24.24,1669.91,107.01,544.55,639.29,597.37,587.97,7.62,0,0,0,0,0,1,1,0,0,5.45,-0.04,11956.67,%sOxidizer Fill Confirmation,,
1034,29.64,1669.96,107.09,544.55,639.29,597.37,587.97,7.62,0,0,0,0,0,1,1,0,0,5.45,-0.04,11956.7,%sOxidizer Fill Confirmation,,
1035,23.19,1669.96,107.09,544.52,639.29,597.37,587.97,7.62,0,0,0,0,0,1,1,0,0,5.45,-0.04,11956.73,%sOxidizer Fill Confirmation,,
1036,25.91,1669.96,107.09,544.52,639.72,597.92,588.48,7.62,0,0,0,0,0,1,1,0,0,5.45,-0.04,11956.75,%sOxidizer Fill Confirmation,,
1037,24.63,1669.96,107.09,544.52,639.72,597.92,588.48,7.53,0,0,0,0,0,1,1,0,0,5.45,-0.04,11956.78,%sOxidizer Fill Confirmation,,
1038,27.19,1669.81,106.99,544.52,639.72,597.92,588.48,7.53,0,0,0,0,0,1,1,0,0,5.46,-0.04,11956.8,%sOxidizer Fill Confirmation,,
1039,26.13,1669.81,106.99,544.57,640.09,598.77,588.48,7.53,0,0,0,0,0,1,1,0,0,5.46,-0.04,11956.83,%sOxidizer Fill Confirmation,,
1040,29.57,1669.81,106.99,544.57,640.09,598.77,589.28,7.68,0,0,0,0,0,1,1,0,0,5.46,-0.04,11956.86,%sOxidizer Fill Confirmation,,
1041,24.06,1669.81,106.99,544.57,640.09,598.77,589.28,7.68,0,0,0,0,0,1,1,0,0,5.47,-0.04,11956.88,%sOxidizer Fill Confirmation,,
1042,25.66,1669.72,107.08,544.55,640.09,598.77,589.28,7.68,0,0,0,0,0,1,1,0,0,5.47,-0.04,11956.91,%sOxidizer Fill Confirmation,,
1043,26.79,1669.72,107.08,544.55,640.61,599.44,590.03,7.68,0,0,0,0,0,1,1,0,0,5.47,-0.04,11956.94,%sOxidizer Fill Confirmation,,
1044,20.69,1669.72,107.08,544.55,640.61,599.44,590.03,7.9,0,0,0,0,0,1,1,0,0,5.47,-0.04,11956.96,%sOxidizer Fill Confirmation,,
1045,21.06,1669.67,107.09,544.55,640.61,599.44,590.03,7.9,0,0,0,0,0,1,1,0,0,5.48,-0.04,11956.98,%sOxidizer Fill Confirmation,,
1046,26.15,1669.67,107.09,544.54,641.14,599.44,590.03,7.9,0,0,0,0,0,1,1,0,0,5.48,-0.04,11957,%sOxidizer Fill Confirmation,,
1047,22.74,1669.67,107.09,544.54,641.14,600.16,590.03,7.9,0,0,0,0,0,1,1,0,0,5.48,-0.04,11957.03,%sOxidizer Fill Confirmation,,
1048,22.52,1669.77,107.09,544.54,641.14,600.16,590.62,8.03,0,0,0,0,0,1,1,0,0,5.5,-0.04,11957.05,%sOxidizer Fill Confirmation,,
1049,28.72,1669.77,107.02,544.48,641.14,600.16,590.62,8.03,0,0,0,0,0,1,1,0,0,5.5,-0.04,11957.08,%sOxidizer Fill Confirmation,,
1050,28.11,1669.77,107.02,544.48,641.46,600.56,590.62,8.03,0,0,0,0,0,1,1,0,0,5.5,-0.04,11957.11,%sOxidizer Fill Confirmation,,
1051,24.91,1669.77,107.02,544.48,641.46,600.56,591.11,8.08,0,0,0,0,0,1,1,0,0,5.51,-0.03,11957.13,%sOxidizer Fill Confirmation,,
1052,28.69,1669.73,106.95,544.43,641.46,600.56,591.11,8.08,0,0,0,0,0,1,1,0,0,5.51,-0.03,11957.16,%sOxidizer Fill Confirmation,,
1053,24.11,1669.73,106.95,544.43,641.78,600.56,591.11,8.08,0,0,0,0,0,1,1,0,0,5.51,-0.03,11957.18,%sOxidizer Fill Confirmation,,
1054,23.11,1669.73,106.95,544.43,641.78,600.91,591.56,8.02,0,0,0,0,0,1,1,0,0,5.51,-0.03,11957.21,%sOxidizer Fill Confirmation,,
1055,24.46,1669.94,106.96,544.43,641.78,600.91,591.56,8.02,0,0,0,0,0,1,1,0,0,5.52,-0.03,11957.23,%sOxidizer Fill Confirmation,,
1056,30.85,1669.94,106.96,544.49,641.78,600.91,591.56,8.02,0,0,0,0,0,1,1,0,0,5.52,-0.03,11957.26,%sOxidizer Fill Confirmation,,
1057,21.93,1669.94,106.96,544.49,642.26,601.22,591.56,8.02,0,0,0,0,0,1,1,0,0,5.52,-0.03,11957.29,%sOxidizer Fill Confirmation,,
1058,24.87,1669.94,106.96,544.49,642.26,601.22,592,7.88,0,0,0,0,0,1,1,0,0,5.53,-0.03,11957.31,%sOxidizer Fill Confirmation,,
1059,28.15,1669.78,106.98,544.44,642.26,601.22,592,7.88,0,0,0,0,0,1,1,0,0,5.53,-0.03,11957.34,%sOxidizer Fill Confirmation,,
1060,23.85,1669.78,106.98,544.44,642.7,601.63,592,7.88,0,0,0,0,0,1,1,0,0,5.53,-0.03,11957.36,%sOxidizer Fill Confirmation,,
1061,22.12,1669.78,106.98,544.44,642.7,601.63,592.77,8.14,0,0,0,0,0,1,1,0,0,5.53,-0.03,11957.38,%sOxidizer Fill Confirmation,,
1062,21.01,1669.77,106.98,544.44,642.7,601.63,592.77,8.14,0,0,0,0,0,1,1,0,0,5.54,-0.03,11957.41,%sOxidizer Fill Confirmation,,
1063,24.82,1669.77,106.87,544.39,643.05,602.19,592.77,8.14,0,0,0,0,0,1,1,0,0,5.54,-0.03,11957.43,%sOxidizer Fill Confirmation,,
1064,24.86,1669.77,106.87,544.39,643.05,602.19,593.42,8.23,0,0,0,0,0,1,1,0,0,5.54,-0.03,11957.45,%sOxidizer Fill Confirmation,,
1065,25.7,1669.77,106.87,544.39,643.05,602.19,593.42,8.23,0,0,0,0,0,1,1,0,0,5.55,-0.03,11957.48,%sOxidizer Fill Confirmation,,
1066,29.77,1669.87,106.85,544.43,643.05,602.19,593.42,8.23,0,0,0,0,0,1,1,0,0,5.55,-0.03,11957.51,%sOxidizer Fill Confirmation,,
1067,29.83,1669.87,106.85,544.43,643.47,602.77,593.42,8.23,0,0,0,0,0,1,1,0,0,5.55,-0.03,11957.54,%sOxidizer Fill Confirmation,,
1068,24.18,1669.87,106.85,544.43,643.47,602.77,593.8,8.23,0,0,0,0,0,1,1,0,0,5.55,-0.03,11957.56,%sOxidizer Fill Confirmation,,
1069,25.68,1669.8,106.85,544.43,643.47,602.77,593.8,8.05,0,0,0,0,0,1,1,0,0,5.57,-0.03,11957.59,%sOxidizer Fill Confirmation,,
1070,26.69,1669.8,106.75,544.43,643.95,602.77,593.8,8.05,0,0,0,0,0,1,1,0,0,5.57,-0.03,11957.62,%sOxidizer Fill Confirmation,,
1071,21.92,1669.8,106.75,544.43,643.95,603.34,593.8,8.05,0,0,0,0,0,1,1,0,0,5.57,-0.03,11957.64,%sOxidizer Fill Confirmation,,
1072,24.94,1669.8,106.75,544.43,643.95,603.34,594.24,8.07,0,0,0,0,0,1,1,0,0,5.57,-0.03,11957.66,%sOxidizer Fill Confirmation,,
1073,21.51,1669.8,106.75,544.43,643.95,603.34,594.24,8.07,0,0,0,0,0,1,1,0,0,5.59,-0.03,11957.68,%sOxidizer Fill Confirmation,,
1074,22.26,1670.01,106.82,544.43,643.95,603.34,594.24,8.07,0,0,0,0,0,1,1,0,0,5.59,-0.03,11957.71,%sOxidizer Fill Confirmation,,
1075,24.76,1670.01,106.82,544.42,644.4,603.6,594.6,8.07,0,0,0,0,0,1,1,0,0,5.59,-0.03,11957.73,%sOxidizer Fill Confirmation,,
1076,27.65,1670.01,106.82,544.42,644.4,603.6,594.6,7.98,0,0,0,0,0,1,1,0,0,5.59,-0.03,11957.76,%sOxidizer Fill Confirmation,,
1077,23.96,1670.16,106.82,544.42,644.4,603.6,594.6,7.98,0,0,0,0,0,1,1,0,0,5.61,-0.03,11957.78,%sOxidizer Fill Confirmation,,
1078,23.26,1670.16,106.89,544.42,644.4,603.6,594.6,7.98,0,0,0,0,0,1,1,0,0,5.61,-0.03,11957.81,%sOxidizer Fill Confirmation,,
1079,28.36,1670.16,106.89,544.47,644.74,603.81,594.87,7.72,0,0,0,0,0,1,1,0,0,5.61,-0.03,11957.84,%sOxidizer Fill Confirmation,,
1080,22.62,1670.16,106.89,544.47,644.74,603.81,594.87,7.72,0,0,0,0,0,1,1,0,0,5.61,-0.03,11957.86,%sOxidizer Fill Confirmation,,
1081,24.06,1670.19,106.89,544.47,644.74,603.81,594.87,7.72,0,0,0,0,0,1,1,0,0,5.61,-0.03,11957.88,%sOxidizer Fill Confirmation,,
1082,21.96,1670.19,106.89,544.46,645.13,603.81,594.87,7.72,0,0,0,0,0,1,1,0,0,5.61,-0.03,11957.9,%sOxidizer Fill Confirmation,,
1083,21.9,1670.19,106.89,544.46,645.13,604.26,594.87,7.72,0,0,0,0,0,1,1,0,0,5.61,-0.03,11957.93,%sOxidizer Fill Confirmation,,
1084,22.22,1670.19,106.89,544.46,645.13,604.26,595.39,7.78,0,0,0,0,0,1,1,0,0,5.61,-0.03,11957.95,%sOxidizer Fill Confirmation,,
1085,25.12,1670,106.88,544.46,645.13,604.26,595.39,7.78,0,0,0,0,0,1,1,0,0,5.62,-0.03,11957.97,%sOxidizer Fill Confirmation,,
1086,22.02,1670,106.88,544.46,645.63,604.85,595.39,7.78,0,0,0,0,0,1,1,0,0,5.62,-0.03,11958,%sOxidizer Fill Confirmation,,
1087,23.62,1670,106.88,544.46,645.63,604.85,595.85,7.82,0,0,0,0,0,1,1,0,0,5.62,-0.03,11958.02,%sOxidizer Fill Confirmation,,
1088,23.61,1669.99,106.98,544.46,645.63,604.85,595.85,7.82,0,0,0,0,0,1,1,0,0,5.63,-0.03,11958.04,%sOxidizer Fill Confirmation,,
1089,26.7,1669.99,106.98,544.56,646.1,604.85,595.85,7.82,0,0,0,0,0,1,1,0,0,5.63,-0.03,11958.07,%sOxidizer Fill Confirmation,,
1090,30.62,1669.99,106.98,544.56,646.1,605.55,596.46,7.82,0,0,0,0,0,1,1,0,0,5.63,-0.03,11958.1,%sOxidizer Fill Confirmation,,
1091,27.1,1669.99,106.98,544.56,646.1,605.55,596.46,7.8,0,0,0,0,0,1,1,0,0,5.63,-0.03,11958.13,%sOxidizer Fill Confirmation,,
1092,22.18,1669.89,106.98,544.56,646.1,605.55,596.46,7.8,0,0,0,0,0,1,1,0,0,5.64,-0.04,11958.15,%sOxidizer Fill Confirmation,,
1093,27.67,1669.89,107.01,544.56,646.1,605.55,596.46,7.8,0,0,0,0,0,1,1,0,0,5.64,-0.04,11958.18,%sOxidizer Fill Confirmation,,
1094,29.17,1669.89,107.01,544.52,646.1,605.55,596.46,7.8,0,0,0,0,0,1,1,0,0,5.64,-0.04,11958.21,%sOxidizer Fill Confirmation,,
1095,26.71,1669.89,107.01,544.52,646.51,606.05,596.83,7.83,0,0,0,0,0,1,1,0,0,5.64,-0.04,11958.23,%sOxidizer Fill Confirmation,,
1096,35.79,1669.89,107.01,544.52,646.51,606.05,596.83,7.83,0,0,0,0,0,1,1,0,0,5.64,-0.03,11958.27,%sOxidizer Fill Confirmation,,
1097,24.14,1669.89,107.01,544.52,646.51,606.05,596.83,7.83,0,0,0,0,0,1,1,0,0,5.65,-0.03,11958.29,%sOxidizer Fill Confirmation,,
1098,27.71,1669.97,107.04,544.52,646.51,606.05,596.83,7.83,0,0,0,0,0,1,1,0,0,5.65,-0.03,11958.32,%sOxidizer Fill Confirmation,,
1099,25.57,1669.97,107.04,544.56,646.51,606.05,596.83,7.83,0,0,0,0,0,1,1,0,0,5.65,-0.03,11958.35,%sOxidizer Fill Confirmation,,
1100,31.22,1669.97,107.04,544.56,646.91,606.59,597.1,7.83,0,0,0,0,0,1,1,0,0,5.65,-0.03,11958.38,%sOxidizer Fill Confirmation,,
1101,29.76,1669.97,107.04,544.56,646.91,606.59,597.1,7.7,0,0,0,0,0,1,1,0,0,5.65,-0.03,11958.41,%sOxidizer Fill Confirmation,,
1102,30.24,1669.97,107.04,544.56,646.91,606.59,597.1,7.7,0,0,0,0,0,1,1,0,0,5.66,-0.04,11958.44,%sOxidizer Fill Confirmation,,
1103,31.38,1669.94,107.12,544.56,646.91,606.59,597.1,7.7,0,0,0,0,0,1,1,0,0,5.66,-0.04,11958.47,%sOxidizer Fill Confirmation,,
1104,26.14,1669.94,107.12,544.56,646.91,606.59,597.1,7.7,0,0,0,0,0,1,1,0,0,5.66,-0.04,11958.49,%sOxidizer Fill Confirmation,,
1105,32.24,1669.94,107.12,544.56,647.28,607.02,597.1,7.7,0,0,0,0,0,1,1,0,0,5.66,-0.04,11958.53,%sOxidizer Fill Confirmation,,
1106,29.89,1669.94,107.12,544.56,647.28,607.02,597.66,7.7,0,0,0,0,0,1,1,0,0,5.66,-0.04,11958.56,%sOxidizer Fill Confirmation,,
1107,30.22,1669.94,107.12,544.56,647.28,607.02,597.66,7.82,0,0,0,0,0,1,1,0,0,5.66,-0.03,11958.59,%sOxidizer Fill Confirmation,,
1108,25.66,1670.05,107.12,544.56,647.28,607.02,597.66,7.82,0,0,0,0,0,1,1,0,0,5.68,-0.03,11958.61,%sOxidizer Fill Confirmation,,
1109,33.35,1670.05,107.17,544.56,647.28,607.02,597.66,7.82,0,0,0,0,0,1,1,0,0,5.68,-0.03,11958.65,%sOxidizer Fill Confirmation,,
1110,32.21,1670.05,107.17,544.53,647.28,607.02,597.66,7.82,0,0,0,0,0,1,1,0,0,5.68,-0.03,11958.68,%sOxidizer Fill Confirmation,,
1111,27.26,1670.05,107.17,544.53,647.77,607.57,597.66,7.82,0,0,0,0,0,1,1,0,0,5.68,-0.03,11958.71,%sOxidizer Fill Confirmation,,
1112,34.72,1670.05,107.17,544.53,647.77,607.57,598.19,7.82,0,0,0,0,0,1,1,0,0,5.68,-0.03,11958.74,%sOxidizer Fill Confirmation,,
1113,33.63,1670.05,107.17,544.53,647.77,607.57,598.19,7.94,0,0,0,0,0,1,1,0,0,5.68,-0.03,11958.77,%sOxidizer Fill Confirmation,,
1114,33.23,1670.05,107.17,544.53,647.77,607.57,598.19,7.94,0,0,0,0,0,1,1,0,0,5.68,-0.03,11958.81,%sOxidizer Fill Confirmation,,
1115,26.41,1670.16,107.25,544.53,647.77,607.57,598.19,7.94,0,0,0,0,0,1,1,0,0,5.68,-0.03,11958.83,%sOxidizer Fill Confirmation,,
1116,34.18,1670.16,107.25,544.58,647.77,607.57,598.19,7.94,0,0,0,0,0,1,1,0,0,5.68,-0.03,11958.87,%sOxidizer Fill Confirmation,,
1117,29.55,1670.16,107.25,544.58,648.2,607.57,598.19,7.94,0,0,0,0,0,1,1,0,0,5.68,-0.03,11958.9,%sOxidizer Fill Confirmation,,
1118,30.66,1670.16,107.25,544.58,648.2,607.99,598.84,7.94,0,0,0,0,0,1,1,0,0,5.68,-0.03,11958.93,%sOxidizer Fill Confirmation,,
1119,31.32,1670.16,107.25,544.58,648.2,607.99,598.84,7.96,0,0,0,0,0,1,1,0,0,5.68,-0.03,11958.96,%sOxidizer Fill Confirmation,,
1120,39.28,1670.16,107.25,544.58,648.2,607.99,598.84,7.96,0,0,0,0,0,1,1,0,0,5.69,-0.03,11959,%sOxidizer Fill Confirmation,,
1121,27.01,1670.06,107.29,544.58,648.2,607.99,598.84,7.96,0,0,0,0,0,1,1,0,0,5.69,-0.03,11959.03,%sOxidizer Fill Confirmation,,
1122,31.6,1670.06,107.29,544.58,648.2,607.99,598.84,7.96,0,0,0,0,0,1,1,0,0,5.69,-0.03,11959.06,%sOxidizer Fill Confirmation,,
1123,25.02,1670.06,107.29,544.58,648.77,608.77,598.84,7.96,0,0,0,0,0,1,1,0,0,5.69,-0.03,11959.08,%sOxidizer Fill Confirmation,,
1124,26.44,1670.06,107.29,544.58,648.77,608.77,599.46,7.96,0,0,0,0,0,1,1,0,0,5.69,-0.03,11959.11,%sOxidizer Fill Confirmation,,
1125,25.57,1670.06,107.29,544.58,648.77,608.77,599.46,7.91,0,0,0,0,0,1,1,0,0,5.69,-0.04,11959.13,%sOxidizer Fill Confirmation,,
1126,30.57,1670.1,107.28,544.58,648.77,608.77,599.46,7.91,0,0,0,0,0,1,1,0,0,5.7,-0.04,11959.16,%sOxidizer Fill Confirmation,,
1127,25.71,1670.1,107.28,544.6,648.77,608.77,599.46,7.91,0,0,0,0,0,1,1,0,0,5.7,-0.04,11959.19,%sOxidizer Fill Confirmation,,
1128,28.79,1670.1,107.28,544.6,649.4,609.42,599.46,7.91,0,0,0,0,0,1,1,0,0,5.7,-0.04,11959.22,%sOxidizer Fill Confirmation,,
1129,27.87,1670.1,107.28,544.6,649.4,609.42,600.11,7.91,0,0,0,0,0,1,1,0,0,5.7,-0.04,11959.25,%sOxidizer Fill Confirmation,,
1130,29.69,1670.1,107.28,544.6,649.4,609.42,600.11,7.91,0,0,0,0,0,1,1,0,0,5.7,-0.03,11959.28,%sOxidizer Fill Confirmation,,
1131,22.2,1670.1,107.28,544.6,649.4,609.42,600.11,7.91,0,0,0,0,0,1,1,0,0,5.71,-0.03,11959.3,%sOxidizer Fill Confirmation,,
1132,26.01,1670.09,107.15,544.6,649.4,609.42,600.11,7.91,0,0,0,0,0,1,1,0,0,5.71,-0.03,11959.32,%sOxidizer Fill Confirmation,,
1133,27.14,1670.09,107.15,544.62,649.94,609.42,600.11,7.91,0,0,0,0,0,1,1,0,0,5.71,-0.03,11959.35,%sOxidizer Fill Confirmation,,
1134,25.71,1670.09,107.15,544.62,649.94,610.1,600.11,7.91,0,0,0,0,0,1,1,0,0,5.71,-0.03,11959.38,%sOxidizer Fill Confirmation,,
1135,21.28,1670.09,107.15,544.62,649.94,610.1,600.83,7.91,0,0,0,0,0,1,1,0,0,5.71,-0.03,11959.4,%sOxidizer Fill Confirmation,,
1136,28.91,1670.09,107.15,544.62,649.94,610.1,600.83,7.96,0,0,0,0,0,1,1,0,0,5.74,-0.04,11959.43,%sOxidizer Fill Confirmation,,
1137,27.35,1670.19,107.25,544.62,649.94,610.1,600.83,7.96,0,0,0,0,0,1,1,0,0,5.74,-0.04,11959.46,%sOxidizer Fill Confirmation,,
1138,28.75,1670.19,107.25,544.66,649.94,610.1,600.83,7.96,0,0,0,0,0,1,1,0,0,5.74,-0.04,11959.48,%sOxidizer Fill Confirmation,,
1139,26.62,1670.19,107.25,544.66,650.63,610.95,600.83,7.96,0,0,0,0,0,1,1,0,0,5.74,-0.04,11959.51,%sOxidizer Fill Confirmation,,
1140,24.61,1670.19,107.25,544.66,650.63,610.95,601.49,7.96,0,0,0,0,0,1,1,0,0,5.74,-0.04,11959.54,%sOxidizer Fill Confirmation,,
1141,22.76,1670.19,107.25,544.66,650.63,610.95,601.49,7.83,0,0,0,0,0,1,1,0,0,5.74,-0.03,11959.56,%sOxidizer Fill Confirmation,,
1142,24.14,1670.19,107.25,544.66,650.63,610.95,601.49,7.83,0,0,0,0,0,1,1,0,0,5.76,-0.03,11959.58,%sOxidizer Fill Confirmation,,
1143,28.38,1670.34,107.19,544.65,650.63,610.95,601.49,7.83,0,0,0,0,0,1,1,0,0,5.76,-0.03,11959.61,%sOxidizer Fill Confirmation,,
1144,30.23,1670.34,107.19,544.65,651.33,611.67,601.49,7.83,0,0,0,0,0,1,1,0,0,5.76,-0.03,11959.64,%sOxidizer Fill Confirmation,,
1145,26.23,1670.34,107.19,544.65,651.33,611.67,602.1,7.83,0,0,0,0,0,1,1,0,0,5.76,-0.03,11959.67,%sOxidizer Fill Confirmation,,
1146,28.14,1670.34,107.19,544.65,651.33,611.67,602.1,7.83,0,0,0,0,0,1,1,0,0,5.78,-0.03,11959.69,%sOxidizer Fill Confirmation,,
1147,29.8,1670.51,107.24,544.7,651.33,611.67,602.1,7.83,0,0,0,0,0,1,1,0,0,5.78,-0.03,11959.72,%sOxidizer Fill Confirmation,,
1148,27.66,1670.51,107.24,544.7,652.05,612.63,602.1,7.83,0,0,0,0,0,1,1,0,0,5.78,-0.03,11959.75,%sOxidizer Fill Confirmation,,
1149,26.66,1670.51,107.24,544.7,652.05,612.63,602.95,7.83,0,0,0,0,0,1,1,0,0,5.78,-0.03,11959.78,%sOxidizer Fill Confirmation,,
1150,27.56,1670.51,107.24,544.7,652.05,612.63,602.95,7.82,0,0,0,0,0,1,1,0,0,5.78,-0.03,11959.81,%sOxidizer Fill Confirmation,,
1151,27.18,1670.66,107.24,544.75,652.05,612.63,602.95,7.82,0,0,0,0,0,1,1,0,0,5.8,-0.03,11959.83,%sOxidizer Fill Confirmation,,
1152,34.11,1670.66,107.24,544.75,652.75,612.63,602.95,7.82,0,0,0,0,0,1,1,0,0,5.8,-0.03,11959.87,%sOxidizer Fill Confirmation,,
1153,25,1670.66,107.24,544.75,652.75,613.41,603.71,7.71,0,0,0,0,0,1,1,0,0,5.8,-0.03,11959.89,%sOxidizer Fill Confirmation,,
1154,23.62,1670.66,107.24,544.75,652.75,613.41,603.71,7.71,0,0,0,0,0,1,1,0,0,5.82,-0.03,11959.92,%sOxidizer Fill Confirmation,,
1155,28.81,1670.69,107.26,544.75,652.75,613.41,603.71,7.71,0,0,0,0,0,1,1,0,0,5.82,-0.03,11959.95,%sOxidizer Fill Confirmation,,
1156,27.75,1670.69,107.26,544.78,652.75,613.41,603.71,7.71,0,0,0,0,0,1,1,0,0,5.82,-0.03,11959.97,%sOxidizer Fill Confirmation,,
1157,23.42,1670.69,107.26,544.78,653.5,614.27,604.35,7.71,0,0,0,0,0,1,1,0,0,5.82,-0.03,11960,%sOxidizer Fill Confirmation,,
1158,30.58,1670.69,107.26,544.78,653.5,614.27,604.35,7.57,0,0,0,0,0,1,1,0,0,5.82,-0.03,11960.03,%sOxidizer Fill Confirmation,,
1159,31.21,1670.62,107.23,544.78,653.5,614.27,604.35,7.57,0,0,0,0,0,1,1,0,0,5.83,-0.03,11960.06,%sOxidizer Fill Confirmation,,
1160,24.03,1670.62,107.23,544.83,654.15,614.27,604.35,7.57,0,0,0,0,0,1,1,0,0,5.83,-0.03,11960.08,%sOxidizer Fill Confirmation,,
1161,24.6,1670.62,107.23,544.83,654.15,614.88,604.35,7.57,0,0,0,0,0,1,1,0,0,5.83,-0.03,11960.11,%sOxidizer Fill Confirmation,,
1162,25.07,1670.62,107.23,544.83,654.15,614.88,604.98,7.57,0,0,0,0,0,1,1,0,0,5.83,-0.03,11960.13,%sOxidizer Fill Confirmation,,
1163,22.72,1670.62,107.23,544.83,654.15,614.88,604.98,7.48,0,0,0,0,0,1,1,0,0,5.86,-0.03,11960.15,%sOxidizer Fill Confirmation,,
1164,26.5,1670.62,107.2,544.82,654.15,614.88,604.98,7.48,0,0,0,0,0,1,1,0,0,5.86,-0.03,11960.18,%sOxidizer Fill Confirmation,,
1165,26.63,1670.62,107.2,544.82,654.8,615.64,604.98,7.48,0,0,0,0,0,1,1,0,0,5.86,-0.03,11960.21,%sOxidizer Fill Confirmation,,
1166,25.63,1670.62,107.2,544.82,654.8,615.64,605.57,7.41,0,0,0,0,0,1,1,0,0,5.86,-0.03,11960.23,%sOxidizer Fill Confirmation,,
1167,26.6,1670.72,107.2,544.82,654.8,615.64,605.57,7.41,0,0,0,0,0,1,1,0,0,5.87,-0.03,11960.26,%sOxidizer Fill Confirmation,,
1168,30.66,1670.72,107.21,544.83,654.8,615.64,605.57,7.41,0,0,0,0,0,1,1,0,0,5.87,-0.03,11960.29,%sOxidizer Fill Confirmation,,
1169,26.05,1670.72,107.21,544.83,655.31,616.14,605.57,7.41,0,0,0,0,0,1,1,0,0,5.87,-0.03,11960.32,%sOxidizer Fill Confirmation,,
1170,23.79,1670.72,107.21,544.83,655.31,616.14,606.15,7.4,0,0,0,0,0,1,1,0,0,5.87,-0.02,11960.34,%sOxidizer Fill Confirmation,,
1171,27.4,1670.7,107.21,544.83,655.31,616.14,606.15,7.4,0,0,0,0,0,1,1,0,0,5.89,-0.02,11960.37,%sOxidizer Fill Confirmation,,
1172,28.54,1670.7,107.16,544.82,655.31,616.14,606.15,7.4,0,0,0,0,0,1,1,0,0,5.89,-0.02,11960.4,%sOxidizer Fill Confirmation,,
1173,21.06,1670.7,107.16,544.82,655.77,616.66,606.15,7.4,0,0,0,0,0,1,1,0,0,5.89,-0.02,11960.42,%sOxidizer Fill Confirmation,,
1174,24.27,1670.7,107.16,544.82,655.77,616.66,606.95,7.46,0,0,0,0,0,1,1,0,0,5.89,-0.03,11960.44,%sOxidizer Fill Confirmation,,
1175,29.62,1670.7,107.16,544.82,655.77,616.66,606.95,7.46,0,0,0,0,0,1,1,0,0,5.91,-0.03,11960.47,%sOxidizer Fill Confirmation,,
1176,22.05,1670.81,107.33,544.81,655.77,616.66,606.95,7.46,0,0,0,0,0,1,1,0,0,5.91,-0.03,11960.49,%sOxidizer Fill Confirmation,,
1177,21.14,1670.81,107.33,544.81,656.33,616.99,606.95,7.46,0,0,0,0,0,1,1,0,0,5.91,-0.03,11960.51,%sOxidizer Fill Confirmation,,
1178,27.25,1670.81,107.33,544.81,656.33,616.99,607.42,7.29,0,0,0,0,0,1,1,0,0,5.91,-0.02,11960.54,%sOxidizer Fill Confirmation,,
1179,31.64,1670.81,107.33,544.81,656.33,616.99,607.42,7.29,0,0,0,0,0,1,1,0,0,5.92,-0.02,11960.57,%sOxidizer Fill Confirmation,,
1180,26.69,1670.98,107.32,544.81,656.33,616.99,607.42,7.29,0,0,0,0,0,1,1,0,0,5.92,-0.02,11960.6,%sOxidizer Fill Confirmation,,
1181,24.04,1670.98,107.32,544.82,656.76,617.42,607.42,7.29,0,0,0,0,0,1,1,0,0,5.92,-0.02,11960.62,%sOxidizer Fill Confirmation,,
1182,26.22,1670.98,107.32,544.82,656.76,617.42,607.99,7.32,0,0,0,0,0,1,1,0,0,5.92,-0.02,11960.65,%sOxidizer Fill Confirmation,,
1183,26.56,1670.98,107.32,544.82,656.76,617.42,607.99,7.32,0,0,0,0,0,1,1,0,0,5.93,-0.02,11960.68,%sOxidizer Fill Confirmation,,
1184,25.12,1671.01,107.34,544.82,656.76,617.42,607.99,7.32,0,0,0,0,0,1,1,0,0,5.93,-0.02,11960.7,%sOxidizer Fill Confirmation,,
1185,24.64,1671.01,107.34,544.83,657.1,617.42,607.99,7.32,0,0,0,0,0,1,1,0,0,5.93,-0.02,11960.73,%sOxidizer Fill Confirmation,,
1186,33.95,1671.01,107.34,544.83,657.1,618,608.56,7.32,0,0,0,0,0,1,1,0,0,5.93,-0.02,11960.76,%sOxidizer Fill Confirmation,,
1187,22.15,1671.01,107.34,544.83,657.1,618,608.56,7.32,0,0,0,0,0,1,1,0,0,5.93,-0.03,11960.78,%sOxidizer Fill Confirmation,,
1188,27.62,1671.02,107.26,544.83,657.1,618,608.56,7.32,0,0,0,0,0,1,1,0,0,5.95,-0.03,11960.81,%sOxidizer Fill Confirmation,,
1189,27.34,1671.02,107.26,544.76,657.1,618,608.56,7.32,0,0,0,0,0,1,1,0,0,5.95,-0.03,11960.84,%sOxidizer Fill Confirmation,,
1190,33.31,1671.02,107.26,544.76,657.45,618.3,608.56,7.32,0,0,0,0,0,1,1,0,0,5.95,-0.03,11960.87,%sOxidizer Fill Confirmation,,
1191,28.6,1671.02,107.26,544.76,657.45,618.3,608.93,7.24,0,0,0,0,0,1,1,0,0,5.95,-0.03,11960.9,%sOxidizer Fill Confirmation,,
1192,27.73,1671.02,107.26,544.76,657.45,618.3,608.93,7.24,0,0,0,0,0,1,1,0,0,5.96,-0.03,11960.93,%sOxidizer Fill Confirmation,,
1193,22.7,1670.84,107.18,544.73,657.45,618.3,608.93,7.24,0,0,0,0,0,1,1,0,0,5.96,-0.03,11960.95,%sOxidizer Fill Confirmation,,
1194,27.48,1670.84,107.18,544.73,657.9,618.3,608.93,7.24,0,0,0,0,0,1,1,0,0,5.96,-0.03,11960.98,%sOxidizer Fill Confirmation,,
1195,27.99,1670.84,107.18,544.73,657.9,618.96,608.93,7.24,0,0,0,0,0,1,1,0,0,5.96,-0.03,11961.01,%sOxidizer Fill Confirmation,,
1196,25.66,1670.84,107.18,544.73,657.9,618.96,609.65,7.28,0,0,0,0,0,1,1,0,0,5.96,-0.03,11961.03,%sOxidizer Fill Confirmation,,
1197,32.1,1670.84,107.18,544.73,657.9,618.96,609.65,7.28,0,0,0,0,0,1,1,0,0,5.97,-0.03,11961.06,%sOxidizer Fill Confirmation,,
1198,28.72,1670.89,107.18,544.7,657.9,618.96,609.65,7.28,0,0,0,0,0,1,1,0,0,5.97,-0.03,11961.09,%sOxidizer Fill Confirmation,,
1199,29.59,1670.89,107.18,544.7,658.35,619.41,609.65,7.28,0,0,0,0,0,1,1,0,0,5.97,-0.03,11961.12,%sOxidizer Fill Confirmation,,
1200,26.13,1670.89,107.18,544.7,658.35,619.41,610.37,7.28,0,0,0,0,0,1,1,0,0,5.97,-0.03,11961.15,%sOxidizer Fill Confirmation,,
1201,26.86,1670.85,107.18,544.7,658.35,619.41,610.37,7.44,0,0,0,0,0,1,1,0,0,5.99,-0.02,11961.17,%sOxidizer Fill Confirmation,,
1202,27.62,1670.85,107.1,544.7,658.35,619.41,610.37,7.44,0,0,0,0,0,1,1,0,0,5.99,-0.02,11961.2,%sOxidizer Fill Confirmation,,
1203,24.18,1670.85,107.1,544.64,658.73,619.95,610.37,7.44,0,0,0,0,0,1,1,0,0,5.99,-0.02,11961.23,%sOxidizer Fill Confirmation,,
1204,29.22,1670.85,107.1,544.64,658.73,619.95,611.13,7.65,0,0,0,0,0,1,1,0,0,5.99,-0.03,11961.26,%sOxidizer Fill Confirmation,,
1205,22.7,1670.85,107.1,544.64,658.73,619.95,611.13,7.65,0,0,0,0,0,1,1,0,0,6,-0.03,11961.28,%sOxidizer Fill Confirmation,,
1206,29.06,1670.93,107.07,544.64,658.73,619.95,611.13,7.65,0,0,0,0,0,1,1,0,0,6,-0.03,11961.31,%sOxidizer Fill Confirmation,,
1207,26.09,1670.93,107.07,544.64,659.14,620.49,611.13,7.65,0,0,0,0,0,1,1,0,0,6,-0.03,11961.33,%sOxidizer Fill Confirmation,,
1208,27.1,1670.93,107.07,544.64,659.14,620.49,611.64,7.65,0,0,0,0,0,1,1,0,0,6,-0.03,11961.36,%sOxidizer Fill Confirmation,,
1209,24.15,1670.93,107.07,544.64,659.14,620.49,611.64,7.65,0,0,0,0,0,1,1,0,0,6.01,-0.03,11961.38,%sOxidizer Fill Confirmation,,
1210,22.56,1670.93,107.08,544.64,659.14,620.49,611.64,7.65,0,0,0,0,0,1,1,0,0,6.01,-0.03,11961.41,%sOxidizer Fill Confirmation,,
1211,25.13,1670.93,107.08,544.63,659.56,621.09,611.64,7.65,0,0,0,0,0,1,1,0,0,6.01,-0.03,11961.43,%sOxidizer Fill Confirmation,,
1212,23.98,1670.93,107.08,544.63,659.56,621.09,612.3,7.67,0,0,0,0,0,1,1,0,0,6.01,-0.03,11961.46,%sOxidizer Fill Confirmation,,
1213,22.24,1670.81,107.08,544.63,659.56,621.09,612.3,7.67,0,0,0,0,0,1,1,0,0,6.02,-0.03,11961.48,%sOxidizer Fill Confirmation,,
1214,29.55,1670.81,107.07,544.63,659.56,621.09,612.3,7.67,0,0,0,0,0,1,1,0,0,6.02,-0.03,11961.51,%sOxidizer Fill Confirmation,,
1215,26.32,1670.81,107.07,544.64,660.11,621.85,612.3,7.67,0,0,0,0,0,1,1,0,0,6.02,-0.03,11961.53,%sOxidizer Fill Confirmation,,
1216,28.6,1670.81,107.07,544.64,660.11,621.85,612.93,7.65,0,0,0,0,0,1,1,0,0,6.02,-0.03,11961.56,%sOxidizer Fill Confirmation,,
1217,30.53,1670.76,107.04,544.64,660.11,621.85,612.93,7.65,0,0,0,0,0,1,1,0,0,6.04,-0.03,11961.59,%sOxidizer Fill Confirmation,,
1218,26.65,1670.76,107.04,544.68,660.59,621.85,612.93,7.65,0,0,0,0,0,1,1,0,0,6.04,-0.03,11961.62,%sOxidizer Fill Confirmation,,
1219,27.64,1670.76,107.04,544.68,660.59,622.47,613.56,7.65,0,0,0,0,0,1,1,0,0,6.04,-0.03,11961.65,%sOxidizer Fill Confirmation,,
1220,24.26,1670.76,107.04,544.68,660.59,622.47,613.56,7.73,0,0,0,0,0,1,1,0,0,6.04,-0.03,11961.67,%sOxidizer Fill Confirmation,,
1221,24.22,1670.77,106.95,544.68,660.59,622.47,613.56,7.73,0,0,0,0,0,1,1,0,0,6.05,-0.04,11961.7,%sOxidizer Fill Confirmation,,
1222,24.76,1670.77,106.95,544.65,660.97,622.47,613.56,7.73,0,0,0,0,0,1,1,0,0,6.05,-0.04,11961.72,%sOxidizer Fill Confirmation,,
1223,32.92,1670.77,106.95,544.65,660.97,623.04,613.56,7.73,0,0,0,0,0,1,1,0,0,6.05,-0.04,11961.75,%sOxidizer Fill Confirmation,,
1224,24.53,1670.77,106.95,544.65,660.97,623.04,613.99,7.72,0,0,0,0,0,1,1,0,0,6.06,-0.04,11961.78,%sOxidizer Fill Confirmation,,
1225,32.61,1670.76,106.99,544.65,660.97,623.04,613.99,7.72,0,0,0,0,0,1,1,0,0,6.06,-0.04,11961.81,%sOxidizer Fill Confirmation,,
1226,26.16,1670.76,106.99,544.65,660.97,623.04,613.99,7.72,0,0,0,0,0,1,1,0,0,6.06,-0.04,11961.84,%sOxidizer Fill Confirmation,,
1227,22.25,1670.76,106.99,544.65,661.49,623.46,614.3,7.66,0,0,0,0,0,1,1,0,0,6.06,-0.04,11961.86,%sOxidizer Fill Confirmation,,
1228,33.28,1670.76,106.99,544.65,661.49,623.46,614.3,7.66,0,0,0,0,0,1,1,0,0,6.07,-0.05,11961.89,%sOxidizer Fill Confirmation,,
1229,21.06,1670.65,107.06,544.65,661.49,623.46,614.3,7.66,0,0,0,0,0,1,1,0,0,6.07,-0.05,11961.91,%sOxidizer Fill Confirmation,,
1230,25.67,1670.65,107.06,544.68,661.95,623.99,614.3,7.66,0,0,0,0,0,1,1,0,0,6.07,-0.05,11961.94,%sOxidizer Fill Confirmation,,
1231,32.61,1670.65,107.06,544.68,661.95,623.99,614.92,7.66,0,0,0,0,0,1,1,0,0,6.07,-0.05,11961.97,%sOxidizer Fill Confirmation,,
1232,28.66,1670.65,107.06,544.68,661.95,623.99,614.92,7.79,0,0,0,0,0,1,1,0,0,6.08,-0.05,11962,%sOxidizer Fill Confirmation,,
1233,25.71,1670.82,107.15,544.68,661.95,623.99,614.92,7.79,0,0,0,0,0,1,1,0,0,6.08,-0.05,11962.03,%sOxidizer Fill Confirmation,,
1234,27.42,1670.82,107.15,544.66,661.95,623.99,614.92,7.79,0,0,0,0,0,1,1,0,0,6.08,-0.05,11962.05,%sOxidizer Fill Confirmation,,
1235,24.61,1670.82,107.15,544.66,662.25,624.26,615.17,7.87,0,0,0,0,0,1,1,0,0,6.08,-0.05,11962.08,%sOxidizer Fill Confirmation,,
1236,28.06,1670.82,107.15,544.66,662.25,624.26,615.17,7.87,0,0,0,0,0,1,1,0,0,6.1,-0.05,11962.11,%sOxidizer Fill Confirmation,,
1237,25.36,1670.92,107.1,544.66,662.25,624.26,615.17,7.87,0,0,0,0,0,1,1,0,0,6.1,-0.05,11962.13,%sOxidizer Fill Confirmation,,
1238,27.11,1670.92,107.1,544.63,662.64,624.53,615.17,7.87,0,0,0,0,0,1,1,0,0,6.1,-0.05,11962.16,%sOxidizer Fill Confirmation,,
1239,24.05,1670.92,107.1,544.63,662.64,624.53,615.37,7.66,0,0,0,0,0,1,1,0,0,6.1,-0.05,11962.18,%sOxidizer Fill Confirmation,,
1240,30.44,1670.92,107.1,544.63,662.64,624.53,615.37,7.66,0,0,0,0,0,1,1,0,0,6.11,-0.05,11962.21,%sOxidizer Fill Confirmation,,
1241,29.11,1671.04,107.14,544.68,663.05,624.53,615.37,7.66,0,0,0,0,0,1,1,0,0,6.11,-0.05,11962.24,%sOxidizer Fill Confirmation,,
1242,28.75,1671.04,107.14,544.68,663.05,624.94,615.37,7.66,0,0,0,0,0,1,1,0,0,6.11,-0.05,11962.27,%sOxidizer Fill Confirmation,,
1243,23.02,1671.04,107.14,544.68,663.05,624.94,615.75,7.66,0,0,0,0,0,1,1,0,0,6.11,-0.05,11962.29,%sOxidizer Fill Confirmation,,
1244,23.88,1671.04,107.14,544.68,663.05,624.94,615.75,7.51,0,0,0,0,0,1,1,0,0,6.12,-0.05,11962.32,%sOxidizer Fill Confirmation,,
1245,26.37,1671.12,107.27,544.68,663.05,624.94,615.75,7.51,0,0,0,0,0,1,1,0,0,6.12,-0.05,11962.34,%sOxidizer Fill Confirmation,,
1246,29.5,1671.12,107.27,544.68,663.39,625.32,615.75,7.51,0,0,0,0,0,1,1,0,0,6.12,-0.05,11962.37,%sOxidizer Fill Confirmation,,
1247,23.68,1671.12,107.27,544.68,663.39,625.32,616.18,7.55,0,0,0,0,0,1,1,0,0,6.12,-0.05,11962.4,%sOxidizer Fill Confirmation,,
1248,24.02,1671.06,107.23,544.68,663.39,625.32,616.18,7.55,0,0,0,0,0,1,1,0,0,6.13,-0.05,11962.42,%sOxidizer Fill Confirmation,,
1249,26.18,1671.06,107.23,544.64,663.79,625.32,616.18,7.55,0,0,0,0,0,1,1,0,0,6.13,-0.05,11962.45,%sOxidizer Fill Confirmation,,
1250,23.04,1671.06,107.23,544.64,663.79,625.68,616.18,7.55,0,0,0,0,0,1,1,0,0,6.13,-0.05,11962.47,%sOxidizer Fill Confirmation,,
1251,22.89,1671.06,107.23,544.64,663.79,625.68,616.51,7.55,0,0,0,0,0,1,1,0,0,6.13,-0.05,11962.49,%sOxidizer Fill Confirmation,,
1252,25.58,1671.12,107.22,544.64,663.79,625.68,616.51,7.6,0,0,0,0,0,1,1,0,0,6.15,-0.04,11962.52,%sOxidizer Fill Confirmation,,
1253,28.1,1671.12,107.22,544.63,664.12,625.68,616.51,7.6,0,0,0,0,0,1,1,0,0,6.15,-0.04,11962.55,%sOxidizer Fill Confirmation,,
1254,26.14,1671.12,107.22,544.63,664.12,625.96,616.51,7.6,0,0,0,0,0,1,1,0,0,6.15,-0.04,11962.57,%sOxidizer Fill Confirmation,,
1255,23.75,1671.12,107.22,544.63,664.12,625.96,616.68,7.59,0,0,0,0,0,1,1,0,0,6.15,-0.04,11962.6,%sOxidizer Fill Confirmation,,
1256,27.89,1671.03,107.18,544.63,664.12,625.96,616.68,7.59,0,0,0,0,0,1,1,0,0,6.16,-0.04,11962.63,%sOxidizer Fill Confirmation,,
1257,27.63,1671.03,107.18,544.59,664.44,625.96,616.68,7.59,0,0,0,0,0,1,1,0,0,6.16,-0.04,11962.65,%sOxidizer Fill Confirmation,,
1258,23.14,1671.03,107.18,544.59,664.44,626.39,616.93,7.59,0,0,0,0,0,1,1,0,0,6.16,-0.04,11962.68,%sOxidizer Fill Confirmation,,
1259,23.17,1670.97,107.18,544.59,664.44,626.39,616.93,7.57,0,0,0,0,0,1,1,0,0,6.17,-0.04,11962.7,%sOxidizer Fill Confirmation,,
1260,27.01,1670.97,107.18,544.61,664.44,626.39,616.93,7.57,0,0,0,0,0,1,1,0,0,6.17,-0.04,11962.73,%sOxidizer Fill Confirmation,,
1261,27.1,1670.97,107.18,544.61,664.44,626.39,616.93,7.57,0,0,0,0,0,1,1,0,0,6.17,-0.04,11962.75,%sOxidizer Fill Confirmation,,
1262,21.95,1670.97,107.18,544.61,664.87,626.79,616.93,7.57,0,0,0,0,0,1,1,0,0,6.17,-0.04,11962.78,%sOxidizer Fill Confirmation,,
1263,25.45,1670.97,107.18,544.61,664.87,626.79,617.45,7.55,0,0,0,0,0,1,1,0,0,6.17,-0.04,11962.8,%sOxidizer Fill Confirmation,,
1264,25.5,1671.04,107.17,544.61,664.87,626.79,617.45,7.55,0,0,0,0,0,1,1,0,0,6.18,-0.04,11962.83,%sOxidizer Fill Confirmation,,
1265,26.63,1671.04,107.17,544.61,664.87,626.79,617.45,7.55,0,0,0,0,0,1,1,0,0,6.18,-0.04,11962.85,%sOxidizer Fill Confirmation,,
1266,24.83,1671.04,107.17,544.61,665.29,627.08,617.45,7.55,0,0,0,0,0,1,1,0,0,6.18,-0.04,11962.88,%sOxidizer Fill Confirmation,,
1267,26.77,1671.04,107.17,544.61,665.29,627.08,618.01,7.65,0,0,0,0,0,1,1,0,0,6.19,-0.03,11962.9,%sOxidizer Fill Confirmation,,
1268,25.56,1671.2,107.09,544.61,665.29,627.08,618.01,7.65,0,0,0,0,0,1,1,0,0,6.19,-0.03,11962.93,%sOxidizer Fill Confirmation,,
1269,26.32,1671.2,107.09,544.63,665.29,627.08,618.01,7.65,0,0,0,0,0,1,1,0,0,6.19,-0.03,11962.96,%sOxidizer Fill Confirmation,,
1270,25,1671.2,107.09,544.63,665.71,627.65,618.43,7.6,0,0,0,0,0,1,1,0,0,6.19,-0.03,11962.98,%sOxidizer Fill Confirmation,,
1271,25.22,1671.16,107.09,544.63,665.71,627.65,618.43,7.6,0,0,0,0,0,1,1,0,0,6.21,-0.03,11963.01,%sOxidizer Fill Confirmation,,
1272,25.47,1671.16,107.07,544.63,665.71,627.65,618.43,7.6,0,0,0,0,0,1,1,0,0,6.21,-0.03,11963.03,%sOxidizer Fill Confirmation,,
1273,24.03,1671.16,107.07,544.65,666.17,628.13,618.43,7.6,0,0,0,0,0,1,1,0,0,6.21,-0.03,11963.06,%sOxidizer Fill Confirmation,,
1274,24.74,1671.16,107.07,544.65,666.17,628.13,618.87,7.61,0,0,0,0,0,1,1,0,0,6.21,-0.03,11963.08,%sOxidizer Fill Confirmation,,
1275,26.59,1671.14,107.08,544.65,666.17,628.13,618.87,7.61,0,0,0,0,0,1,1,0,0,6.22,-0.03,11963.11,%sOxidizer Fill Confirmation,,
1276,29.02,1671.14,107.08,544.63,666.48,628.13,618.87,7.61,0,0,0,0,0,1,1,0,0,6.22,-0.03,11963.14,%sOxidizer Fill Confirmation,,
1277,22.01,1671.14,107.08,544.63,666.48,628.54,618.87,7.61,0,0,0,0,0,1,1,0,0,6.22,-0.03,11963.16,%sOxidizer Fill Confirmation,,
1278,25.67,1671.14,107.08,544.63,666.48,628.54,619.29,7.8,0,0,0,0,0,1,1,0,0,6.23,-0.03,11963.18,%sOxidizer Fill Confirmation,,
1279,23.15,1671.03,107.02,544.57,666.48,628.54,619.29,7.8,0,0,0,0,0,1,1,0,0,6.23,-0.03,11963.21,%sOxidizer Fill Confirmation,,
1280,25.89,1671.03,107.02,544.57,666.84,628.54,619.29,7.8,0,0,0,0,0,1,1,0,0,6.23,-0.03,11963.23,%sOxidizer Fill Confirmation,,
1281,28.3,1671.03,107.02,544.57,666.84,629.1,619.29,7.8,0,0,0,0,0,1,1,0,0,6.23,-0.03,11963.26,%sOxidizer Fill Confirmation,,
1282,24.97,1671.03,107.02,544.57,666.84,629.1,619.84,7.94,0,0,0,0,0,1,1,0,0,6.24,-0.03,11963.29,%sOxidizer Fill Confirmation,,
1283,28.42,1671.03,107.01,544.59,666.84,629.1,619.84,7.94,0,0,0,0,0,1,1,0,0,6.24,-0.03,11963.32,%sOxidizer Fill Confirmation,,
1284,23.78,1671.03,107.01,544.59,667.26,629.1,619.84,7.94,0,0,0,0,0,1,1,0,0,6.24,-0.03,11963.34,%sOxidizer Fill Confirmation,,
1285,23.75,1671.03,107.01,544.59,667.26,629.62,620.3,7.94,0,0,0,0,0,1,1,0,0,6.24,-0.03,11963.36,%sOxidizer Fill Confirmation,,
1286,23.61,1671.11,107.01,544.59,667.26,629.62,620.3,7.97,0,0,0,0,0,1,1,0,0,6.25,-0.04,11963.39,%sOxidizer Fill Confirmation,,
1287,24.26,1671.11,107.03,544.61,667.26,629.62,620.3,7.97,0,0,0,0,0,1,1,0,0,6.25,-0.04,11963.41,%sOxidizer Fill Confirmation,,
1288,22.98,1671.11,107.03,544.61,667.65,629.99,620.3,7.97,0,0,0,0,0,1,1,0,0,6.25,-0.04,11963.43,%sOxidizer Fill Confirmation,,
1289,24.41,1671.11,107.03,544.61,667.65,629.99,620.75,7.97,0,0,0,0,0,1,1,0,0,6.25,-0.04,11963.46,%sOxidizer Fill Confirmation,,
1290,22.21,1671.11,107.03,544.61,667.65,629.99,620.75,7.97,0,0,0,0,0,1,1,0,0,6.26,-0.03,11963.48,%sOxidizer Fill Confirmation,,
1291,25.28,1671.04,107,544.54,668.06,629.99,620.75,7.97,0,0,0,0,0,1,1,0,0,6.26,-0.03,11963.51,%sOxidizer Fill Confirmation,,
1292,27.62,1671.04,107,544.54,668.06,630.6,621.39,7.97,0,0,0,0,0,1,1,0,0,6.26,-0.03,11963.53,%sOxidizer Fill Confirmation,,
1293,26.2,1671.04,107,544.54,668.06,630.6,621.39,8.14,0,0,0,0,0,1,1,0,0,6.26,-0.03,11963.56,%sOxidizer Fill Confirmation,,
1294,23.71,1671.04,107,544.54,668.06,630.6,621.39,8.14,0,0,0,0,0,1,1,0,0,6.27,-0.03,11963.58,%sOxidizer Fill Confirmation,,
1295,25.1,1671.04,107.01,544.55,668.46,631.19,621.39,8.14,0,0,0,0,0,1,1,0,0,6.27,-0.03,11963.61,%sOxidizer Fill Confirmation,,
1296,26.42,1671.04,107.01,544.55,668.46,631.19,622.05,8.14,0,0,0,0,0,1,1,0,0,6.27,-0.03,11963.63,%sOxidizer Fill Confirmation,,
1297,25.5,1671.04,107.01,544.55,668.46,631.19,622.05,8.02,0,0,0,0,0,1,1,0,0,6.27,-0.03,11963.66,%sOxidizer Fill Confirmation,,
1298,26.7,1671.03,107.12,544.55,668.46,631.19,622.05,8.02,0,0,0,0,0,1,1,0,0,6.28,-0.03,11963.69,%sOxidizer Fill Confirmation,,
1299,24.85,1671.03,107.12,544.54,668.74,631.46,622.05,8.02,0,0,0,0,0,1,1,0,0,6.28,-0.03,11963.71,%sOxidizer Fill Confirmation,,
1300,26.06,1671.03,107.12,544.54,668.74,631.46,622.52,8.14,0,0,0,0,0,1,1,0,0,6.28,-0.03,11963.74,%sOxidizer Fill Confirmation,,
1301,27.17,1671.03,107.12,544.54,668.74,631.46,622.52,8.14,0,0,0,0,0,1,1,0,0,6.29,-0.02,11963.76,%sOxidizer Fill Confirmation,,
1302,25.65,1670.85,107.12,544.54,668.74,631.46,622.52,8.14,0,0,0,0,0,1,1,0,0,6.29,-0.02,11963.79,%sOxidizer Fill Confirmation,,
1303,21.41,1670.85,107.03,544.5,669,631.88,622.97,8.14,0,0,0,0,0,1,1,0,0,6.29,-0.02,11963.81,%sOxidizer Fill Confirmation,,
1304,25.73,1670.85,107.03,544.5,669,631.88,622.97,8.19,0,0,0,0,0,1,1,0,0,6.29,-0.02,11963.84,%sOxidizer Fill Confirmation,,
1305,29.16,1670.64,107.03,544.5,669,631.88,622.97,8.19,0,0,0,0,0,1,1,0,0,6.31,-0.02,11963.87,%sOxidizer Fill Confirmation,,
1306,23.71,1670.64,107.05,544.46,669,631.88,622.97,8.19,0,0,0,0,0,1,1,0,0,6.31,-0.02,11963.89,%sOxidizer Fill Confirmation,,
1307,26.11,1670.64,107.05,544.46,669.25,632.06,623.24,8.19,0,0,0,0,0,1,1,0,0,6.31,-0.02,11963.92,%sOxidizer Fill Confirmation,,
1308,22.15,1670.64,107.05,544.46,669.25,632.06,623.24,8.15,0,0,0,0,0,1,1,0,0,6.32,-0.02,11963.94,%sOxidizer Fill Confirmation,,
1309,28.63,1670.71,107.05,544.46,669.25,632.06,623.24,8.15,0,0,0,0,0,1,1,0,0,6.32,-0.02,11963.97,%sOxidizer Fill Confirmation,,
1310,24.04,1670.71,107.05,544.46,669.25,632.06,623.24,8.15,0,0,0,0,0,1,1,0,0,6.32,-0.02,11963.99,%sOxidizer Fill Confirmation,,
1311,21.38,1670.71,107.05,544.44,669.51,632.06,623.24,8.15,0,0,0,0,0,1,1,0,0,6.32,-0.02,11964.01,%sOxidizer Fill Confirmation,,
1312,24.61,1670.71,107.05,544.44,669.51,632.4,623.71,8.09,0,0,0,0,0,1,1,0,0,6.32,-0.02,11964.04,%sOxidizer Fill Confirmation,,
1313,27.19,1670.68,107.01,544.44,669.51,632.4,623.71,8.09,0,0,0,0,0,1,1,0,0,6.33,-0.02,11964.06,%sOxidizer Fill Confirmation,,
1314,26.33,1670.68,107.01,544.47,669.51,632.4,623.71,8.09,0,0,0,0,0,1,1,0,0,6.33,-0.02,11964.09,%sOxidizer Fill Confirmation,,
1315,25.7,1670.68,107.01,544.47,669.8,632.87,624,7.9,0,0,0,0,0,1,1,0,0,6.33,-0.02,11964.12,%sOxidizer Fill Confirmation,,
1316,24.14,1670.68,107.01,544.47,669.8,632.87,624,7.9,0,0,0,0,0,1,1,0,0,6.34,-0.02,11964.14,%sOxidizer Fill Confirmation,,
1317,29.64,1670.79,107.01,544.47,669.8,632.87,624,7.9,0,0,0,0,0,1,1,0,0,6.34,-0.02,11964.17,%sOxidizer Fill Confirmation,,
1318,23.16,1670.79,107.12,544.52,669.8,632.87,624,7.9,0,0,0,0,0,1,1,0,0,6.34,-0.02,11964.19,%sOxidizer Fill Confirmation,,
1319,21.18,1670.79,107.12,544.52,670.09,633.28,624,7.9,0,0,0,0,0,1,1,0,0,6.34,-0.02,11964.21,%sOxidizer Fill Confirmation,,
1320,25.15,1670.79,107.12,544.52,670.09,633.28,624.21,7.81,0,0,0,0,0,1,1,0,0,6.34,-0.02,11964.24,%sOxidizer Fill Confirmation,,
1321,40.19,1670.79,107.12,544.52,670.09,633.28,624.21,7.81,0,0,0,0,0,1,1,0,0,6.34,-0.02,11964.28,%sOxidizer Fill Confirmation,,
1322,25.14,1670.64,107.08,544.52,670.09,633.28,624.21,7.81,0,0,0,0,0,1,1,0,0,6.34,-0.02,11964.31,%sOxidizer Fill Confirmation,,
1323,33.83,1670.64,107.08,544.52,670.42,633.28,624.21,7.81,0,0,0,0,0,1,1,0,0,6.34,-0.02,11964.34,%sOxidizer Fill Confirmation,,
1324,27.87,1670.64,107.08,544.52,670.42,633.69,624.21,7.81,0,0,0,0,0,1,1,0,0,6.34,-0.02,11964.37,%sOxidizer Fill Confirmation,,
1325,25.02,1670.64,107.08,544.52,670.42,633.69,624.69,7.81,0,0,0,0,0,1,1,0,0,6.34,-0.02,11964.39,%sOxidizer Fill Confirmation,,
1326,29.41,1670.64,107.08,544.52,670.42,633.69,624.69,7.71,0,0,0,0,0,1,1,0,0,6.35,-0.02,11964.42,%sOxidizer Fill Confirmation,,
1327,27.35,1670.46,107.03,544.52,670.42,633.69,624.69,7.71,0,0,0,0,0,1,1,0,0,6.35,-0.02,11964.45,%sOxidizer Fill Confirmation,,
1328,41.19,1670.46,107.03,544.56,670.42,633.69,624.69,7.71,0,0,0,0,0,1,1,0,0,6.35,-0.02,11964.49,%sOxidizer Fill Confirmation,,
1329,33.74,1670.46,107.03,544.56,670.71,634.24,624.69,7.71,0,0,0,0,0,1,1,0,0,6.35,-0.02,11964.52,%sOxidizer Fill Confirmation,,
1330,27.23,1670.46,107.03,544.56,670.71,634.24,624.69,7.71,0,0,0,0,0,1,1,0,0,6.35,-0.02,11964.55,%sOxidizer Fill Confirmation,,
1331,24.2,1670.46,107.03,544.56,670.71,634.24,625.01,7.71,0,0,0,0,0,1,1,0,0,6.35,-0.02,11964.58,%sOxidizer Fill Confirmation,,
1332,28.78,1670.46,107.03,544.56,670.71,634.24,625.01,7.63,0,0,0,0,0,1,1,0,0,6.35,-0.02,11964.6,%sOxidizer Fill Confirmation,,
1333,33.77,1670.46,107.03,544.56,670.71,634.24,625.01,7.63,0,0,0,0,0,1,1,0,0,6.37,-0.02,11964.64,%sOxidizer Fill Confirmation,,
1334,25.76,1670.55,107.04,544.64,670.71,634.24,625.01,7.63,0,0,0,0,0,1,1,0,0,6.37,-0.02,11964.66,%sOxidizer Fill Confirmation,,
1335,33.12,1670.55,107.04,544.64,670.71,634.24,625.01,7.63,0,0,0,0,0,1,1,0,0,6.37,-0.02,11964.7,%sOxidizer Fill Confirmation,,
1336,31.74,1670.55,107.04,544.64,670.96,634.56,625.01,7.63,0,0,0,0,0,1,1,0,0,6.37,-0.02,11964.73,%sOxidizer Fill Confirmation,,
1337,29.68,1670.55,107.04,544.64,670.96,634.56,625.31,7.63,0,0,0,0,0,1,1,0,0,6.37,-0.02,11964.76,%sOxidizer Fill Confirmation,,
1338,27.12,1670.55,107.04,544.64,670.96,634.56,625.31,7.62,0,0,0,0,0,1,1,0,0,6.37,-0.02,11964.79,%sOxidizer Fill Confirmation,,
1339,26.65,1670.55,107.04,544.64,670.96,634.56,625.31,7.62,0,0,0,0,0,1,1,0,0,6.38,-0.02,11964.81,%sOxidizer Fill Confirmation,,
1340,37.89,1670.69,107.13,544.64,670.96,634.56,625.31,7.62,0,0,0,0,0,1,1,0,0,6.38,-0.02,11964.85,%sOxidizer Fill Confirmation,,
1341,29.79,1670.69,107.13,544.71,670.96,634.56,625.31,7.62,0,0,0,0,0,1,1,0,0,6.38,-0.02,11964.88,%sOxidizer Fill Confirmation,,
1342,30.63,1670.69,107.13,544.71,671.28,634.82,625.31,7.62,0,0,0,0,0,1,1,0,0,6.38,-0.02,11964.91,%sOxidizer Fill Confirmation,,
1343,30.36,1670.69,107.13,544.71,671.28,634.82,625.55,7.62,0,0,0,0,0,1,1,0,0,6.38,-0.02,11964.94,%sOxidizer Fill Confirmation,,
1344,29.22,1670.69,107.13,544.71,671.28,634.82,625.55,7.69,0,0,0,0,0,1,1,0,0,6.38,-0.03,11964.97,%sOxidizer Fill Confirmation,,
1345,33.67,1670.69,107.13,544.71,671.28,634.82,625.55,7.69,0,0,0,0,0,1,1,0,0,6.39,-0.03,11965,%sOxidizer Fill Confirmation,,
1346,27.61,1670.59,107.01,544.7,671.28,634.82,625.55,7.69,0,0,0,0,0,1,1,0,0,6.39,-0.03,11965.03,%sOxidizer Fill Confirmation,,
1347,32.52,1670.59,107.01,544.7,671.66,634.82,625.55,7.69,0,0,0,0,0,1,1,0,0,6.39,-0.03,11965.06,%sOxidizer Fill Confirmation,,
1348,29.67,1670.59,107.01,544.7,671.66,635.41,625.55,7.69,0,0,0,0,0,1,1,0,0,6.39,-0.03,11965.09,%sOxidizer Fill Confirmation,,
1349,34.2,1670.59,107.01,544.7,671.66,635.41,625.96,7.67,0,0,0,0,0,1,1,0,0,6.39,-0.03,11965.13,%sOxidizer Fill Confirmation,,
1350,36.91,1670.59,107.01,544.7,671.66,635.41,625.96,7.67,0,0,0,0,0,1,1,0,0,6.4,-0.03,11965.16,%sOxidizer Fill Confirmation,,
1351,28.5,1670.79,107.04,544.7,671.66,635.41,625.96,7.67,0,0,0,0,0,1,1,0,0,6.4,-0.03,11965.19,%sOxidizer Fill Confirmation,,
1352,29.6,1670.79,107.04,544.7,671.66,635.41,625.96,7.67,0,0,0,0,0,1,1,0,0,6.4,-0.03,11965.22,%sOxidizer Fill Confirmation,,
1353,29.49,1670.79,107.04,544.7,672.07,635.87,625.96,7.67,0,0,0,0,0,1,1,0,0,6.4,-0.03,11965.25,%sOxidizer Fill Confirmation,,
1354,25.34,1670.79,107.04,544.7,672.07,635.87,626.53,7.67,0,0,0,0,0,1,1,0,0,6.4,-0.03,11965.28,%sOxidizer Fill Confirmation,,
1355,28.22,1670.79,107.04,544.7,672.07,635.87,626.53,7.68,0,0,0,0,0,1,1,0,0,6.4,-0.03,11965.31,%sOxidizer Fill Confirmation,,
1356,27.63,1670.88,107.08,544.7,672.07,635.87,626.53,7.68,0,0,0,0,0,1,1,0,0,6.41,-0.03,11965.33,%sOxidizer Fill Confirmation,,
1357,32.6,1670.88,107.08,544.75,672.07,635.87,626.53,7.68,0,0,0,0,0,1,1,0,0,6.41,-0.03,11965.37,%sOxidizer Fill Confirmation,,
1358,27.52,1670.88,107.08,544.75,672.53,636.57,627.2,7.68,0,0,0,0,0,1,1,0,0,6.41,-0.03,11965.39,%sOxidizer Fill Confirmation,,
1359,29.29,1670.88,107.08,544.75,672.53,636.57,627.2,7.68,0,0,0,0,0,1,1,0,0,6.41,-0.03,11965.42,%sOxidizer Fill Confirmation,,
1360,28.59,1670.88,107.08,544.75,672.53,636.57,627.2,7.63,0,0,0,0,0,1,1,0,0,6.41,-0.03,11965.45,%sOxidizer Fill Confirmation,,
1361,24.95,1670.88,107.01,544.75,672.53,636.57,627.2,7.63,0,0,0,0,0,1,1,0,0,6.43,-0.03,11965.48,%sOxidizer Fill Confirmation,,
1362,27.68,1670.88,107.01,544.79,672.53,636.57,627.2,7.63,0,0,0,0,0,1,1,0,0,6.43,-0.03,11965.5,%sOxidizer Fill Confirmation,,
1363,30.41,1670.88,107.01,544.79,673.02,637.26,627.2,7.63,0,0,0,0,0,1,1,0,0,6.43,-0.03,11965.53,%sOxidizer Fill Confirmation,,
1364,28.36,1670.88,107.01,544.79,673.02,637.26,627.75,7.68,0,0,0,0,0,1,1,0,0,6.43,-0.03,11965.56,%sOxidizer Fill Confirmation,,
1365,23.03,1670.88,107.01,544.79,673.02,637.26,627.75,7.68,0,0,0,0,0,1,1,0,0,6.43,-0.04,11965.59,%sOxidizer Fill Confirmation,,
1366,25.56,1670.88,107.01,544.79,673.02,637.26,627.75,7.68,0,0,0,0,0,1,1,0,0,6.45,-0.04,11965.61,%sOxidizer Fill Confirmation,,
1367,24.93,1670.88,107.09,544.83,673.52,637.26,627.75,7.68,0,0,0,0,0,1,1,0,0,6.45,-0.04,11965.64,%sOxidizer Fill Confirmation,,
1368,29.81,1670.88,107.09,544.83,673.52,637.99,628.54,7.68,0,0,0,0,0,1,1,0,0,6.45,-0.04,11965.67,%sOxidizer Fill Confirmation,,
1369,22.68,1670.88,107.09,544.83,673.52,637.99,628.54,7.68,0,0,0,0,0,1,1,0,0,6.45,-0.04,11965.69,%sOxidizer Fill Confirmation,,
1370,28.51,1670.88,107.09,544.83,673.52,637.99,628.54,7.79,0,0,0,0,0,1,1,0,0,6.45,-0.04,11965.72,%sOxidizer Fill Confirmation,,
1371,23.77,1670.81,107.01,544.83,673.52,637.99,628.54,7.79,0,0,0,0,0,1,1,0,0,6.46,-0.04,11965.74,%sOxidizer Fill Confirmation,,
1372,30.69,1670.81,107.01,544.76,673.52,637.99,628.54,7.79,0,0,0,0,0,1,1,0,0,6.46,-0.04,11965.77,%sOxidizer Fill Confirmation,,
1373,24.06,1670.81,107.01,544.76,674.05,638.39,628.54,7.79,0,0,0,0,0,1,1,0,0,6.46,-0.04,11965.8,%sOxidizer Fill Confirmation,,
1374,24.62,1670.81,107.01,544.76,674.05,638.39,629.13,7.79,0,0,0,0,0,1,1,0,0,6.46,-0.04,11965.82,%sOxidizer Fill Confirmation,,
1375,25.54,1670.81,107.01,544.76,674.05,638.39,629.13,7.79,0,0,0,0,0,1,1,0,0,6.48,-0.04,11965.85,%sOxidizer Fill Confirmation,,
1376,29.58,1670.93,107,544.75,674.05,638.39,629.13,7.79,0,0,0,0,0,1,1,0,0,6.48,-0.04,11965.88,%sOxidizer Fill Confirmation,,
1377,27.58,1670.93,107,544.75,674.54,638.87,629.13,7.79,0,0,0,0,0,1,1,0,0,6.48,-0.04,11965.9,%sOxidizer Fill Confirmation,,
1378,27.95,1670.93,107,544.75,674.54,638.87,629.63,7.89,0,0,0,0,0,1,1,0,0,6.48,-0.04,11965.93,%sOxidizer Fill Confirmation,,
1379,26.29,1670.93,107,544.75,674.54,638.87,629.63,7.89,0,0,0,0,0,1,1,0,0,6.48,-0.04,11965.96,%sOxidizer Fill Confirmation,,
1380,29.61,1671.06,106.94,544.75,674.54,638.87,629.63,7.89,0,0,0,0,0,1,1,0,0,6.5,-0.04,11965.99,%sOxidizer Fill Confirmation,,
1381,29.24,1671.06,106.94,544.7,674.54,638.87,629.63,7.89,0,0,0,0,0,1,1,0,0,6.5,-0.04,11966.02,%sOxidizer Fill Confirmation,,
1382,23.23,1671.06,106.94,544.7,675.06,639.26,629.63,7.89,0,0,0,0,0,1,1,0,0,6.5,-0.04,11966.04,%sOxidizer Fill Confirmation,,
1383,26.08,1671.06,106.94,544.7,675.06,639.26,630.13,7.9,0,0,0,0,0,1,1,0,0,6.52,-0.03,11966.07,%sOxidizer Fill Confirmation,,
1384,28.69,1671.24,106.99,544.7,675.06,639.26,630.13,7.9,0,0,0,0,0,1,1,0,0,6.52,-0.03,11966.09,%sOxidizer Fill Confirmation,,
1385,26.72,1671.24,106.99,544.64,675.46,639.6,630.13,7.9,0,0,0,0,0,1,1,0,0,6.52,-0.03,11966.12,%sOxidizer Fill Confirmation,,
1386,24.46,1671.24,106.99,544.64,675.46,639.6,630.5,7.7,0,0,0,0,0,1,1,0,0,6.52,-0.03,11966.14,%sOxidizer Fill Confirmation,,
1387,23.8,1671.24,106.99,544.64,675.46,639.6,630.5,7.7,0,0,0,0,0,1,1,0,0,6.52,-0.03,11966.17,%sOxidizer Fill Confirmation,,
1388,23.18,1671.23,106.99,544.64,675.46,639.6,630.5,7.7,0,0,0,0,0,1,1,0,0,6.53,-0.03,11966.19,%sOxidizer Fill Confirmation,,
1389,26.65,1671.23,106.9,544.55,675.46,639.6,630.5,7.7,0,0,0,0,0,1,1,0,0,6.53,-0.03,11966.22,%sOxidizer Fill Confirmation,,
1390,25.75,1671.23,106.9,544.55,675.85,640.15,630.5,7.7,0,0,0,0,0,1,1,0,0,6.53,-0.03,11966.24,%sOxidizer Fill Confirmation,,
1391,23.5,1671.23,106.9,544.55,675.85,640.15,631.27,7.7,0,0,0,0,0,1,1,0,0,6.53,-0.03,11966.27,%sOxidizer Fill Confirmation,,
1392,25.2,1671.23,106.9,544.55,675.85,640.15,631.27,7.89,0,0,0,0,0,1,1,0,0,6.53,-0.03,11966.29,%sOxidizer Fill Confirmation,,
1393,27.75,1671.43,106.92,544.55,675.85,640.15,631.27,7.89,0,0,0,0,0,1,1,0,0,6.55,-0.03,11966.32,%sOxidizer Fill Confirmation,,
1394,24.46,1671.43,106.92,544.58,676.28,640.15,631.27,7.89,0,0,0,0,0,1,1,0,0,6.55,-0.03,11966.35,%sOxidizer Fill Confirmation,,
1395,29.71,1671.43,106.92,544.58,676.28,640.53,631.84,7.89,0,0,0,0,0,1,1,0,0,6.55,-0.03,11966.37,%sOxidizer Fill Confirmation,,
1396,22.63,1671.43,106.92,544.58,676.28,640.53,631.84,7.87,0,0,0,0,0,1,1,0,0,6.55,-0.02,11966.4,%sOxidizer Fill Confirmation,,
1397,24.16,1671.44,106.91,544.6,676.28,640.53,631.84,7.87,0,0,0,0,0,1,1,0,0,6.57,-0.02,11966.42,%sOxidizer Fill Confirmation,,
1398,30.05,1671.44,106.91,544.6,676.71,641.05,631.84,7.87,0,0,0,0,0,1,1,0,0,6.57,-0.02,11966.45,%sOxidizer Fill Confirmation,,
1399,23.6,1671.44,106.91,544.6,676.71,641.05,632.3,7.87,0,0,0,0,0,1,1,0,0,6.57,-0.02,11966.48,%sOxidizer Fill Confirmation,,
1400,25.91,1671.44,106.91,544.6,676.71,641.05,632.3,7.79,0,0,0,0,0,1,1,0,0,6.58,-0.02,11966.5,%sOxidizer Fill Confirmation,,
1401,23.98,1671.48,106.79,544.55,676.71,641.05,632.3,7.79,0,0,0,0,0,1,1,0,0,6.58,-0.02,11966.53,%sOxidizer Fill Confirmation,,
1402,30.28,1671.48,106.79,544.55,677.06,641.32,632.3,7.79,0,0,0,0,0,1,1,0,0,6.58,-0.02,11966.56,%sOxidizer Fill Confirmation,,
1403,28.76,1671.48,106.79,544.55,677.06,641.32,632.74,7.79,0,0,0,0,0,1,1,0,0,6.58,-0.02,11966.58,%sOxidizer Fill Confirmation,,
1404,26.86,1671.48,106.79,544.55,677.06,641.32,632.74,7.98,0,0,0,0,0,1,1,0,0,6.59,-0.02,11966.61,%sOxidizer Fill Confirmation,,
1405,22.2,1671.5,106.84,544.55,677.06,641.32,632.74,7.98,0,0,0,0,0,1,1,0,0,6.59,-0.02,11966.63,%sOxidizer Fill Confirmation,,
1406,27.36,1671.5,106.84,544.54,677.48,641.32,632.74,7.98,0,0,0,0,0,1,1,0,0,6.59,-0.02,11966.66,%sOxidizer Fill Confirmation,,
1407,23.23,1671.5,106.84,544.54,677.48,641.68,632.74,7.98,0,0,0,0,0,1,1,0,0,6.59,-0.02,11966.68,%sOxidizer Fill Confirmation,,
1408,24.85,1671.32,106.84,544.54,677.48,641.68,633.15,7.98,0,0,0,0,0,1,1,0,0,6.6,-0.02,11966.71,%sOxidizer Fill Confirmation,,
1409,29.23,1671.32,106.8,544.51,677.48,641.68,633.15,7.98,0,0,0,0,0,1,1,0,0,6.6,-0.02,11966.74,%sOxidizer Fill Confirmation,,
1410,25.89,1671.32,106.8,544.51,677.91,642.14,633.15,7.98,0,0,0,0,0,1,1,0,0,6.6,-0.02,11966.76,%sOxidizer Fill Confirmation,,
1411,24.73,1671.32,106.8,544.51,677.91,642.14,633.6,7.98,0,0,0,0,0,1,1,0,0,6.6,-0.02,11966.79,%sOxidizer Fill Confirmation,,
1412,23.17,1671.25,106.82,544.51,677.91,642.14,633.6,8.07,0,0,0,0,0,1,1,0,0,6.62,-0.02,11966.81,%sOxidizer Fill Confirmation,,
1413,25.89,1671.25,106.82,544.51,677.91,642.14,633.6,8.07,0,0,0,0,0,1,1,0,0,6.62,-0.02,11966.84,%sOxidizer Fill Confirmation,,
1414,30.29,1671.25,106.82,544.51,678.25,642.59,633.6,8.07,0,0,0,0,0,1,1,0,0,6.62,-0.02,11966.87,%sOxidizer Fill Confirmation,,
1415,23.68,1671.24,106.82,544.51,678.25,642.59,634.03,8.01,0,0,0,0,0,1,1,0,0,6.63,-0.02,11966.89,%sOxidizer Fill Confirmation,,
1416,27.79,1671.24,106.86,544.51,678.25,642.59,634.03,8.01,0,0,0,0,0,1,1,0,0,6.63,-0.02,11966.92,%sOxidizer Fill Confirmation,,
1417,24.79,1671.24,106.86,544.51,678.55,642.59,634.03,8.01,0,0,0,0,0,1,1,0,0,6.63,-0.02,11966.94,%sOxidizer Fill Confirmation,,
1418,24.81,1671.24,106.86,544.51,678.55,643,634.43,8.02,0,0,0,0,0,1,1,0,0,6.63,-0.02,11966.97,%sOxidizer Fill Confirmation,,
1419,25.2,1671.25,106.83,544.51,678.55,643,634.43,8.02,0,0,0,0,0,1,1,0,0,6.64,-0.01,11966.99,%sOxidizer Fill Confirmation,,
1420,25.71,1671.25,106.83,544.52,678.95,643.55,634.43,8.02,0,0,0,0,0,1,1,0,0,6.64,-0.01,11967.02,%sOxidizer Fill Confirmation,,
1421,23.77,1671.25,106.83,544.52,678.95,643.55,634.88,8.02,0,0,0,0,0,1,1,0,0,6.64,-0.01,11967.04,%sOxidizer Fill Confirmation,,
1422,27.9,1671.25,106.83,544.52,678.95,643.55,634.88,8.02,0,0,0,0,0,1,1,0,0,6.64,-0.01,11967.07,%sOxidizer Fill Confirmation,,
1423,26.49,1671.18,106.82,544.57,678.95,643.55,634.88,8.02,0,0,0,0,0,1,1,0,0,6.65,-0.01,11967.1,%sOxidizer Fill Confirmation,,
1424,26.92,1671.18,106.82,544.57,679.39,644.13,634.88,8.02,0,0,0,0,0,1,1,0,0,6.65,-0.01,11967.13,%sOxidizer Fill Confirmation,,
1425,24.26,1671.18,106.82,544.57,679.39,644.13,635.29,8.09,0,0,0,0,0,1,1,0,0,6.65,-0.01,11967.15,%sOxidizer Fill Confirmation,,
1426,23.27,1671.18,106.82,544.57,679.39,644.13,635.29,8.09,0,0,0,0,0,1,1,0,0,6.65,-0.01,11967.17,%sOxidizer Fill Confirmation,,
1427,22.16,1671.26,106.79,544.64,679.39,644.13,635.29,8.09,0,0,0,0,0,1,1,0,0,6.66,-0.01,11967.19,%sOxidizer Fill Confirmation,,
1428,22.7,1671.26,106.79,544.64,679.77,644.47,635.37,8.09,0,0,0,0,0,1,1,0,0,6.66,-0.01,11967.22,%sOxidizer Fill Confirmation,,
1429,23.76,1671.26,106.79,544.64,679.77,644.47,635.37,7.83,0,0,0,0,0,1,1,0,0,6.66,-0.02,11967.24,%sOxidizer Fill Confirmation,,
1430,27.79,1671.26,106.79,544.64,679.77,644.47,635.37,7.83,0,0,0,0,0,1,1,0,0,6.67,-0.02,11967.27,%sOxidizer Fill Confirmation,,
1431,25.2,1671.19,106.77,544.65,679.77,644.47,635.37,7.83,0,0,0,0,0,1,1,0,0,6.67,-0.02,11967.29,%sOxidizer Fill Confirmation,,
1432,27.4,1671.19,106.77,544.65,680.09,644.98,635.37,7.83,0,0,0,0,0,1,1,0,0,6.67,-0.02,11967.32,%sOxidizer Fill Confirmation,,
1433,22.7,1671.19,106.77,544.65,680.09,644.98,635.62,7.82,0,0,0,0,0,1,1,0,0,6.67,-0.02,11967.34,%sOxidizer Fill Confirmation,,
1434,26.76,1671.19,106.77,544.65,680.09,644.98,635.62,7.82,0,0,0,0,0,1,1,0,0,6.68,-0.02,11967.37,%sOxidizer Fill Confirmation,,
1435,24.17,1671.14,106.82,544.66,680.4,645.4,635.62,7.82,0,0,0,0,0,1,1,0,0,6.68,-0.02,11967.4,%sOxidizer Fill Confirmation,,
1436,26.73,1671.14,106.82,544.66,680.4,645.4,635.92,7.78,0,0,0,0,0,1,1,0,0,6.68,-0.02,11967.42,%sOxidizer Fill Confirmation,,
1437,24.67,1671.08,106.82,544.66,680.4,645.4,635.92,7.78,0,0,0,0,0,1,1,0,0,6.68,-0.02,11967.45,%sOxidizer Fill Confirmation,,
1438,26.17,1671.08,106.83,544.68,680.4,645.4,635.92,7.78,0,0,0,0,0,1,1,0,0,6.68,-0.02,11967.47,%sOxidizer Fill Confirmation,,
1439,24.02,1671.08,106.83,544.68,680.79,645.67,635.92,7.78,0,0,0,0,0,1,1,0,0,6.68,-0.02,11967.5,%sOxidizer Fill Confirmation,,
1440,27.25,1671.04,106.83,544.68,680.79,645.67,636.26,7.64,0,0,0,0,0,1,1,0,0,6.69,-0.02,11967.52,%sOxidizer Fill Confirmation,,
1441,29.35,1671.04,106.83,544.68,680.79,645.67,636.26,7.64,0,0,0,0,0,1,1,0,0,6.69,-0.02,11967.55,%sOxidizer Fill Confirmation,,
1442,21.3,1671.04,106.83,544.68,681.12,645.84,636.26,7.64,0,0,0,0,0,1,1,0,0,6.69,-0.02,11967.57,%sOxidizer Fill Confirmation,,
1443,23.64,1671.04,106.83,544.68,681.12,645.84,636.38,7.58,0,0,0,0,0,1,1,0,0,6.69,-0.03,11967.6,%sOxidizer Fill Confirmation,,
1444,26.28,1671.22,106.88,544.68,681.12,645.84,636.38,7.58,0,0,0,0,0,1,1,0,0,6.71,-0.03,11967.62,%sOxidizer Fill Confirmation,,
1445,28.29,1671.22,106.88,544.71,681.12,645.84,636.38,7.58,0,0,0,0,0,1,1,0,0,6.71,-0.03,11967.65,%sOxidizer Fill Confirmation,,
1446,22.17,1671.22,106.88,544.71,681.43,645.9,636.48,7.58,0,0,0,0,0,1,1,0,0,6.71,-0.03,11967.68,%sOxidizer Fill Confirmation,,
1447,24.58,1671.22,106.88,544.71,681.43,645.9,636.48,7.38,0,0,0,0,0,1,1,0,0,6.72,-0.02,11967.7,%sOxidizer Fill Confirmation,,
1448,27.68,1671.42,106.93,544.8,681.43,645.9,636.48,7.38,0,0,0,0,0,1,1,0,0,6.72,-0.02,11967.73,%sOxidizer Fill Confirmation,,
1449,26.51,1671.42,106.93,544.8,681.78,646.18,636.48,7.38,0,0,0,0,0,1,1,0,0,6.72,-0.02,11967.75,%sOxidizer Fill Confirmation,,
1450,22.86,1671.42,106.93,544.8,681.78,646.18,636.69,7.26,0,0,0,0,0,1,1,0,0,6.72,-0.02,11967.78,%sOxidizer Fill Confirmation,,
1451,27.22,1671.35,106.79,544.8,681.78,646.18,636.69,7.26,0,0,0,0,0,1,1,0,0,6.72,-0.03,11967.8,%sOxidizer Fill Confirmation,,
1452,25.71,1671.35,106.79,544.81,682.1,646.18,636.69,7.26,0,0,0,0,0,1,1,0,0,6.72,-0.03,11967.83,%sOxidizer Fill Confirmation,,
1453,23.23,1671.35,106.79,544.81,682.1,646.49,637.08,7.26,0,0,0,0,0,1,1,0,0,6.72,-0.03,11967.85,%sOxidizer Fill Confirmation,,
1454,23.96,1671.35,106.79,544.81,682.1,646.49,637.08,7.31,0,0,0,0,0,1,1,0,0,6.72,-0.03,11967.88,%sOxidizer Fill Confirmation,,
1455,26.45,1671.45,106.83,544.8,682.1,646.49,637.08,7.31,0,0,0,0,0,1,1,0,0,6.73,-0.03,11967.9,%sOxidizer Fill Confirmation,,
1456,26.82,1671.45,106.83,544.8,682.24,646.7,637.08,7.31,0,0,0,0,0,1,1,0,0,6.73,-0.03,11967.93,%sOxidizer Fill Confirmation,,
1457,28.36,1671.45,106.83,544.8,682.24,646.7,637.44,7.36,0,0,0,0,0,1,1,0,0,6.73,-0.04,11967.96,%sOxidizer Fill Confirmation,,
1458,22.07,1671.47,106.76,544.72,682.24,646.7,637.44,7.36,0,0,0,0,0,1,1,0,0,6.74,-0.04,11967.98,%sOxidizer Fill Confirmation,,
1459,26.3,1671.47,106.76,544.72,682.24,646.7,637.44,7.36,0,0,0,0,0,1,1,0,0,6.74,-0.04,11968.01,%sOxidizer Fill Confirmation,,
1460,28.3,1671.47,106.76,544.72,682.47,646.9,637.44,7.36,0,0,0,0,0,1,1,0,0,6.74,-0.04,11968.04,%sOxidizer Fill Confirmation,,
1461,24.51,1671.47,106.76,544.72,682.47,646.9,637.87,7.51,0,0,0,0,0,1,1,0,0,6.74,-0.04,11968.06,%sOxidizer Fill Confirmation,,
1462,22.99,1671.28,106.73,544.72,682.47,646.9,637.87,7.51,0,0,0,0,0,1,1,0,0,6.75,-0.04,11968.08,%sOxidizer Fill Confirmation,,
1463,27.84,1671.28,106.73,544.66,682.68,646.9,637.87,7.51,0,0,0,0,0,1,1,0,0,6.75,-0.04,11968.11,%sOxidizer Fill Confirmation,,
1464,22.2,1671.28,106.73,544.66,682.68,647.29,638.22,7.51,0,0,0,0,0,1,1,0,0,6.75,-0.04,11968.13,%sOxidizer Fill Confirmation,,
1465,23.83,1671.28,106.73,544.66,682.68,647.29,638.22,7.67,0,0,0,0,0,1,1,0,0,6.75,-0.03,11968.16,%sOxidizer Fill Confirmation,,
1466,27.74,1671.29,106.8,544.67,683.03,647.29,638.22,7.67,0,0,0,0,0,1,1,0,0,6.76,-0.03,11968.18,%sOxidizer Fill Confirmation,,
1467,25.66,1671.29,106.8,544.67,683.03,647.62,638.5,7.67,0,0,0,0,0,1,1,0,0,6.76,-0.03,11968.21,%sOxidizer Fill Confirmation,,
1468,26.7,1671.29,106.8,544.67,683.03,647.62,638.5,7.66,0,0,0,0,0,1,1,0,0,6.76,-0.04,11968.24,%sOxidizer Fill Confirmation,,
1469,23.72,1671.18,106.75,544.67,683.03,647.62,638.5,7.66,0,0,0,0,0,1,1,0,0,6.77,-0.04,11968.26,%sOxidizer Fill Confirmation,,
1470,22.97,1671.18,106.75,544.68,683.03,647.62,638.5,7.66,0,0,0,0,0,1,1,0,0,6.77,-0.04,11968.28,%sOxidizer Fill Confirmation,,
1471,25.68,1671.18,106.75,544.68,683.36,647.91,638.71,7.66,0,0,0,0,0,1,1,0,0,6.77,-0.04,11968.31,%sOxidizer Fill Confirmation,,
1472,24.13,1671.22,106.75,544.68,683.36,647.91,638.71,7.66,0,0,0,0,0,1,1,0,0,6.78,-0.03,11968.33,%sOxidizer Fill Confirmation,,
1473,24.42,1671.22,106.73,544.67,683.36,647.91,638.71,7.66,0,0,0,0,0,1,1,0,0,6.78,-0.03,11968.36,%sOxidizer Fill Confirmation,,
1474,24.24,1671.22,106.73,544.67,683.6,648.3,638.71,7.66,0,0,0,0,0,1,1,0,0,6.78,-0.03,11968.38,%sOxidizer Fill Confirmation,,
1475,24.87,1671.22,106.73,544.67,683.6,648.3,638.88,7.72,0,0,0,0,0,1,1,0,0,6.79,-0.03,11968.41,%sOxidizer Fill Confirmation,,
1476,26.5,1671.07,106.74,544.64,683.6,648.3,638.88,7.72,0,0,0,0,0,1,1,0,0,6.79,-0.03,11968.43,%sOxidizer Fill Confirmation,,
1477,30.35,1671.07,106.74,544.64,683.75,648.7,638.88,7.72,0,0,0,0,0,1,1,0,0,6.79,-0.03,11968.46,%sOxidizer Fill Confirmation,,
1478,21.12,1671.07,106.74,544.64,683.75,648.7,639.36,7.76,0,0,0,0,0,1,1,0,0,6.79,-0.03,11968.48,%sOxidizer Fill Confirmation,,
1479,24.76,1671.06,106.7,544.64,683.75,648.7,639.36,7.76,0,0,0,0,0,1,1,0,0,6.8,-0.03,11968.51,%sOxidizer Fill Confirmation,,
1480,23.21,1671.06,106.7,544.64,684.02,648.7,639.36,7.76,0,0,0,0,0,1,1,0,0,6.8,-0.03,11968.53,%sOxidizer Fill Confirmation,,
1481,24.08,1671.06,106.7,544.64,684.02,649.03,639.7,7.76,0,0,0,0,0,1,1,0,0,6.8,-0.03,11968.56,%sOxidizer Fill Confirmation,,
1482,25.28,1671.06,106.7,544.64,684.02,649.03,639.7,7.82,0,0,0,0,0,1,1,0,0,6.8,-0.03,11968.58,%sOxidizer Fill Confirmation,,
1483,26.83,1671.07,106.7,544.6,684.02,649.03,639.7,7.82,0,0,0,0,0,1,1,0,0,6.8,-0.03,11968.61,%sOxidizer Fill Confirmation,,
1484,24.17,1671.07,106.7,544.6,684.17,649.32,639.86,7.82,0,0,0,0,0,1,1,0,0,6.8,-0.03,11968.63,%sOxidizer Fill Confirmation,,
1485,22.81,1671.07,106.7,544.6,684.17,649.32,639.86,7.78,0,0,0,0,0,1,1,0,0,6.8,-0.04,11968.66,%sOxidizer Fill Confirmation,,
1486,21.79,1671.1,106.7,544.6,684.17,649.32,639.86,7.78,0,0,0,0,0,1,1,0,0,6.81,-0.04,11968.68,%sOxidizer Fill Confirmation,,
1487,25.28,1671.1,106.78,544.62,684.17,649.32,639.86,7.78,0,0,0,0,0,1,1,0,0,6.81,-0.04,11968.7,%sOxidizer Fill Confirmation,,
1488,25.11,1671.1,106.78,544.62,684.47,649.83,639.86,7.78,0,0,0,0,0,1,1,0,0,6.81,-0.04,11968.73,%sOxidizer Fill Confirmation,,
1489,24.33,1671.12,106.78,544.62,684.47,649.83,640.05,7.66,0,0,0,0,0,1,1,0,0,6.83,-0.04,11968.75,%sOxidizer Fill Confirmation,,
1490,26.33,1671.12,106.89,544.62,684.47,649.83,640.05,7.66,0,0,0,0,0,1,1,0,0,6.83,-0.04,11968.78,%sOxidizer Fill Confirmation,,
1491,24.52,1671.12,106.89,544.63,684.74,650.18,640.05,7.66,0,0,0,0,0,1,1,0,0,6.83,-0.04,11968.8,%sOxidizer Fill Confirmation,,
1492,22.07,1671.12,106.89,544.63,684.74,650.18,640.3,7.66,0,0,0,0,0,1,1,0,0,6.83,-0.04,11968.83,%sOxidizer Fill Confirmation,,
1493,25.06,1671.12,106.99,544.65,684.74,650.18,640.3,7.68,0,0,0,0,0,1,1,0,0,6.84,-0.03,11968.85,%sOxidizer Fill Confirmation,,
1494,30.61,1671.12,106.99,544.65,684.98,650.18,640.3,7.68,0,0,0,0,0,1,1,0,0,6.84,-0.03,11968.88,%sOxidizer Fill Confirmation,,
1495,24.03,1671.12,106.99,544.65,684.98,650.36,640.57,7.68,0,0,0,0,0,1,1,0,0,6.84,-0.03,11968.9,%sOxidizer Fill Confirmation,,
1496,22.59,1671.12,106.99,544.65,684.98,650.36,640.57,7.61,0,0,0,0,0,1,1,0,0,6.84,-0.03,11968.93,%sOxidizer Fill Confirmation,,
1497,23.62,1671.29,107.05,544.64,684.98,650.36,640.57,7.61,0,0,0,0,0,1,1,0,0,6.84,-0.03,11968.95,%sOxidizer Fill Confirmation,,
1498,26.64,1671.29,107.05,544.64,685.26,650.45,640.9,7.58,0,0,0,0,0,1,1,0,0,6.84,-0.03,11968.98,%sOxidizer Fill Confirmation,,
1499,26.05,1671.29,107.05,544.64,685.26,650.45,640.9,7.58,0,0,0,0,0,1,1,0,0,6.84,-0.03,11969,%sOxidizer Fill Confirmation,,
1500,25.63,1671.31,107.04,544.64,685.26,650.45,640.9,7.58,0,0,0,0,0,1,1,0,0,6.85,-0.03,11969.03,%sOxidizer Fill Confirmation,,
1501,25.23,1671.31,107.04,544.61,685.48,650.65,641.18,7.58,0,0,0,0,0,1,1,0,0,6.85,-0.03,11969.05,%sOxidizer Fill Confirmation,,
1502,22.43,1671.31,107.04,544.61,685.48,650.65,641.18,7.58,0,0,0,0,0,1,1,0,0,6.86,-0.03,11969.08,%sOxidizer Fill Confirmation,,
1503,25.08,1671.43,107.13,544.61,685.48,650.65,641.18,7.58,0,0,0,0,0,1,1,0,0,6.86,-0.03,11969.1,%sOxidizer Fill Confirmation,,
1504,24.53,1671.43,107.13,544.6,685.48,650.65,641.18,7.58,0,0,0,0,0,1,1,0,0,6.86,-0.03,11969.13,%sOxidizer Fill Confirmation,,
1505,26.49,1671.43,107.13,544.6,685.68,650.93,641.37,7.56,0,0,0,0,0,1,1,0,0,6.86,-0.03,11969.15,%sOxidizer Fill Confirmation,,
1506,27.37,1671.44,107.17,544.6,685.68,650.93,641.37,7.56,0,0,0,0,0,1,1,0,0,6.87,-0.03,11969.18,%sOxidizer Fill Confirmation,,
1507,27.59,1671.44,107.17,544.67,685.68,650.93,641.37,7.56,0,0,0,0,0,1,1,0,0,6.87,-0.03,11969.21,%sOxidizer Fill Confirmation,,
1508,25.11,1671.44,107.17,544.67,685.96,651.36,641.73,7.63,0,0,0,0,0,1,1,0,0,6.87,-0.03,11969.23,%sOxidizer Fill Confirmation,,
1509,28.63,1671.44,107.17,544.67,685.96,651.36,641.73,7.63,0,0,0,0,0,1,1,0,0,6.88,-0.03,11969.26,%sOxidizer Fill Confirmation,,
1510,24.62,1671.46,107.2,544.67,685.96,651.36,641.73,7.63,0,0,0,0,0,1,1,0,0,6.88,-0.03,11969.29,%sOxidizer Fill Confirmation,,
1511,22.07,1671.46,107.2,544.67,686.25,651.61,641.73,7.63,0,0,0,0,0,1,1,0,0,6.88,-0.03,11969.31,%sOxidizer Fill Confirmation,,
1512,23.08,1671.46,107.2,544.67,686.25,651.61,641.98,7.68,0,0,0,0,0,1,1,0,0,6.88,-0.03,11969.33,%sOxidizer Fill Confirmation,,
1513,27.15,1671.32,107.14,544.67,686.25,651.61,641.98,7.68,0,0,0,0,0,1,1,0,0,6.88,-0.03,11969.36,%sOxidizer Fill Confirmation,,
1514,23.19,1671.32,107.14,544.63,686.34,651.61,641.98,7.68,0,0,0,0,0,1,1,0,0,6.88,-0.03,11969.38,%sOxidizer Fill Confirmation,,
1515,24.58,1671.32,107.14,544.63,686.34,652,641.98,7.68,0,0,0,0,0,1,1,0,0,6.88,-0.03,11969.41,%sOxidizer Fill Confirmation,,
1516,21.98,1671.32,107.14,544.63,686.34,652,642.3,7.68,0,0,0,0,0,1,1,0,0,6.88,-0.03,11969.43,%sOxidizer Fill Confirmation,,
1517,24.32,1671.3,107.14,544.62,686.58,652,642.3,7.68,0,0,0,0,0,1,1,0,0,6.89,-0.03,11969.45,%sOxidizer Fill Confirmation,,
1518,26.59,1671.3,107.14,544.62,686.58,652.35,642.59,7.68,0,0,0,0,0,1,1,0,0,6.89,-0.03,11969.48,%sOxidizer Fill Confirmation,,
1519,24.09,1671.3,107.14,544.62,686.58,652.35,642.59,7.79,0,0,0,0,0,1,1,0,0,6.89,-0.03,11969.5,%sOxidizer Fill Confirmation,,
1520,26.65,1671.31,107.13,544.62,686.58,652.35,642.59,7.79,0,0,0,0,0,1,1,0,0,6.9,-0.03,11969.53,%sOxidizer Fill Confirmation,,
1521,24.62,1671.31,107.13,544.61,686.75,652.55,642.59,7.79,0,0,0,0,0,1,1,0,0,6.9,-0.03,11969.55,%sOxidizer Fill Confirmation,,
1522,25.61,1671.31,107.13,544.61,686.75,652.55,642.96,7.93,0,0,0,0,0,1,1,0,0,6.9,-0.03,11969.58,%sOxidizer Fill Confirmation,,
1523,24.09,1671.37,107.13,544.61,686.75,652.55,642.96,7.93,0,0,0,0,0,1,1,0,0,6.91,-0.02,11969.6,%sOxidizer Fill Confirmation,,
1524,25.5,1671.37,107.15,544.61,686.75,652.55,642.96,7.93,0,0,0,0,0,1,1,0,0,6.91,-0.02,11969.63,%sOxidizer Fill Confirmation,,
1525,25.54,1671.37,107.15,544.63,687.03,652.87,643.17,7.92,0,0,0,0,0,1,1,0,0,6.91,-0.02,11969.66,%sOxidizer Fill Confirmation,,
1526,24.42,1671.37,107.15,544.63,687.03,652.87,643.17,7.92,0,0,0,0,0,1,1,0,0,6.92,-0.02,11969.68,%sOxidizer Fill Confirmation,,
1527,26.61,1671.39,107.13,544.63,687.03,652.87,643.17,7.92,0,0,0,0,0,1,1,0,0,6.92,-0.02,11969.71,%sOxidizer Fill Confirmation,,
1528,26.7,1671.39,107.13,544.67,687.34,653.31,643.17,7.92,0,0,0,0,0,1,1,0,0,6.92,-0.02,11969.73,%sOxidizer Fill Confirmation,,
1529,28.13,1671.39,107.13,544.67,687.34,653.31,643.43,7.99,0,0,0,0,0,1,1,0,0,6.92,-0.02,11969.76,%sOxidizer Fill Confirmation,,
1530,26.34,1671.45,107.13,544.67,687.34,653.31,643.43,7.99,0,0,0,0,0,1,1,0,0,6.93,-0.02,11969.79,%sOxidizer Fill Confirmation,,
1531,27.09,1671.45,107.08,544.68,687.57,653.68,643.43,7.99,0,0,0,0,0,1,1,0,0,6.93,-0.02,11969.81,%sOxidizer Fill Confirmation,,
1532,23.54,1671.45,107.08,544.68,687.57,653.68,643.7,7.94,0,0,0,0,0,1,1,0,0,6.93,-0.02,11969.84,%sOxidizer Fill Confirmation,,
1533,26.55,1671.45,107.08,544.68,687.57,653.68,643.7,7.94,0,0,0,0,0,1,1,0,0,6.94,-0.02,11969.86,%sOxidizer Fill Confirmation,,
1534,25.51,1671.58,107.11,544.64,687.57,653.68,643.7,7.94,0,0,0,0,0,1,1,0,0,6.94,-0.02,11969.89,%sOxidizer Fill Confirmation,,
1535,24.13,1671.58,107.11,544.64,687.8,653.68,643.7,7.94,0,0,0,0,0,1,1,0,0,6.94,-0.02,11969.91,%sOxidizer Fill Confirmation,,
1536,25.58,1671.61,107.11,544.64,687.8,653.7,643.68,7.79,0,0,0,0,0,1,1,0,0,6.94,-0.02,11969.94,%sOxidizer Fill Confirmation,,
1537,29.63,1671.61,107.13,544.64,687.8,653.7,643.68,7.79,0,0,0,0,0,1,1,0,0,6.94,-0.02,11969.97,%sOxidizer Pressure Confirmation,,
1538,24.19,1671.61,107.13,544.66,687.8,653.7,643.68,7.79,0,0,0,0,0,1,1,0,0,6.94,-0.02,11969.99,%sOxidizer Pressure Confirmation,,
1539,23.5,1671.61,107.13,544.66,688.03,653.83,643.95,7.79,0,0,0,0,0,1,1,0,0,6.94,-0.03,11970.02,%sOxidizer Pressure Confirmation,,
1540,25.25,1671.58,107.13,544.66,688.03,653.83,643.95,7.79,0,0,0,0,0,1,1,0,0,6.95,-0.03,11970.04,%sOxidizer Pressure Confirmation,,
1541,25.59,1671.58,107.11,544.65,688.03,653.83,643.95,7.79,0,0,0,0,0,1,1,0,0,6.95,-0.03,11970.07,%sOxidizer Pressure Confirmation,,
1542,25.06,1671.58,107.11,544.65,688.23,653.99,644.24,7.79,0,0,0,0,0,1,1,0,0,6.95,-0.03,11970.09,%sOxidizer Pressure Confirmation,,
1543,26.54,1671.58,107.11,544.65,688.23,653.99,644.24,7.66,0,0,0,0,0,1,1,0,0,6.96,-0.03,11970.12,%sOxidizer Pressure Confirmation,,
1544,24.71,1671.69,107.1,544.71,688.23,653.99,644.24,7.66,0,0,0,0,0,1,1,0,0,6.96,-0.03,11970.14,%sOxidizer Pressure Confirmation,,
1545,27.38,1671.69,107.1,544.71,688.47,654.4,644.64,7.66,0,0,0,0,0,1,1,0,0,6.96,-0.03,11970.17,%sOxidizer Pressure Confirmation,,
1546,25.59,1671.83,107.07,544.71,688.47,654.4,644.64,7.49,0,0,0,0,0,1,1,0,0,6.97,-0.04,11970.2,%sOxidizer Pressure Confirmation,,
1547,25.21,1671.83,107.07,544.75,688.47,654.4,644.64,7.49,0,0,0,0,0,1,1,0,0,6.97,-0.04,11970.22,%sOxidizer Pressure Confirmation,,
1548,37.69,1671.83,107.07,544.75,688.78,654.71,644.64,7.49,0,0,0,0,0,1,1,0,0,6.97,-0.04,11970.26,%sOxidizer Pressure Confirmation,,
1549,24.15,1671.83,107.07,544.75,688.78,654.71,644.84,7.49,0,0,0,0,0,1,1,0,0,6.97,-0.04,11970.28,%sOxidizer Pressure Confirmation,,
1550,32.17,1671.83,107.07,544.75,688.78,654.71,644.84,7.43,0,0,0,0,0,1,1,0,0,6.97,-0.04,11970.32,%sOxidizer Pressure Confirmation,,
1551,31.26,1671.69,106.99,544.75,688.78,654.71,644.84,7.43,0,0,0,0,0,1,1,0,0,6.97,-0.04,11970.35,%sOxidizer Pressure Confirmation,,
1552,24.17,1671.69,106.99,544.74,688.78,654.71,644.84,7.43,0,0,0,0,0,1,1,0,0,6.97,-0.04,11970.37,%sOxidizer Pressure Confirmation,,
1553,26.6,1671.69,106.99,544.74,689.02,654.87,645.25,7.43,0,0,0,0,0,1,1,0,0,6.97,-0.04,11970.4,%sOxidizer Pressure Confirmation,,
1554,32.73,1671.69,106.99,544.74,689.02,654.87,645.25,7.5,0,0,0,0,0,1,1,0,0,6.97,-0.04,11970.43,%sOxidizer Pressure Confirmation,,
1555,31.21,1671.69,106.99,544.74,689.02,654.87,645.25,7.5,0,0,0,0,0,1,1,0,0,6.98,-0.04,11970.46,%sOxidizer Pressure Confirmation,,
1556,28.67,1671.85,106.99,544.74,689.02,654.87,645.25,7.5,0,0,0,0,0,1,1,0,0,6.98,-0.04,11970.49,%sOxidizer Pressure Confirmation,,
1557,32.71,1671.85,106.98,544.8,689.41,654.87,645.25,7.5,0,0,0,0,0,1,1,0,0,6.98,-0.04,11970.52,%sOxidizer Pressure Confirmation,,
1558,33.87,1671.85,106.98,544.8,689.41,655.66,645.25,7.5,0,0,0,0,0,1,1,0,0,6.98,-0.04,11970.56,%sOxidizer Pressure Confirmation,,
1559,29.61,1671.85,106.98,544.8,689.41,655.66,645.86,7.5,0,0,0,0,0,1,1,0,0,6.98,-0.04,11970.59,%sOxidizer Pressure Confirmation,,
1560,24.16,1671.85,106.98,544.8,689.41,655.66,645.86,7.98,0,0,0,0,0,1,1,0,0,6.98,-0.02,11970.61,%sOxidizer Pressure Confirmation,,
1561,30.7,1672.05,106.98,544.8,689.41,655.66,645.86,7.98,0,0,0,0,0,1,1,0,0,6.99,-0.02,11970.64,%sOxidizer Pressure Confirmation,,
1562,32.35,1672.05,105.75,544.8,689.41,655.66,645.86,7.98,0,0,0,0,0,1,1,0,0,6.99,-0.02,11970.67,%sOxidizer Pressure Confirmation,,
1563,45.68,1672.05,105.75,544.91,690.03,655.66,645.86,7.98,0,0,0,0,0,1,1,0,0,6.99,-0.02,11970.72,%sOxidizer Pressure Confirmation,,
1564,41.06,1672.05,105.75,544.91,690.03,656.29,645.86,7.98,0,0,0,0,0,1,1,0,0,6.99,-0.02,11970.76,%sOxidizer Pressure Confirmation,,
1565,37.43,1672.05,105.75,544.91,690.03,656.29,646.69,8.45,0,0,0,0,0,1,1,0,0,6.99,-0.02,11970.8,%sOxidizer Pressure Confirmation,,
1566,33.53,1672.05,105.75,544.91,690.03,656.29,646.69,8.45,0,0,0,0,0,1,1,0,0,6.99,-0.01,11970.83,%sOxidizer Pressure Confirmation,,
1567,28.09,1672.51,105.75,544.91,690.03,656.29,646.69,8.45,0,0,0,0,0,1,1,0,0,6.99,-0.01,11970.86,%sOxidizer Pressure Confirmation,,
1568,38.36,1672.51,104.83,544.91,690.03,656.29,646.69,8.45,0,0,0,0,0,1,1,0,0,6.99,-0.01,11970.9,%sOxidizer Pressure Confirmation,,
1569,50.44,1672.51,104.83,545.08,696,656.29,646.69,8.45,0,0,0,0,0,1,1,0,0,6.99,-0.01,11970.95,%sOxidizer Pressure Confirmation,,
1570,28.75,1672.51,104.83,545.08,696,657.14,646.69,8.45,0,0,0,0,0,1,1,0,0,6.99,-0.01,11970.98,%sOxidizer Pressure Confirmation,,
1571,39.3,1672.51,104.83,545.08,696,657.14,647.41,8.45,0,0,0,0,0,1,1,0,0,6.99,-0.01,11971.02,%sOxidizer Pressure Confirmation,,
1572,30.1,1672.51,104.83,545.08,696,657.14,647.41,8.79,0,0,0,0,0,1,1,0,0,6.99,0,11971.05,%sOxidizer Pressure Confirmation,,
1573,30.64,1672.51,104.83,545.08,696,657.14,647.41,8.79,0,0,0,0,0,1,1,0,0,7,0,11971.08,%sOxidizer Pressure Confirmation,,
1574,27.36,1672.82,104.83,545.08,696,657.14,647.41,8.79,0,0,0,0,0,1,1,0,0,7,0,11971.11,%sOxidizer Pressure Confirmation,,
1575,28.18,1672.82,105.12,545.25,696,657.14,647.41,8.79,0,0,0,0,0,1,1,0,0,7,0,11971.13,%sOxidizer Pressure Confirmation,,
1576,34.78,1672.82,105.12,545.25,702.86,657.14,647.41,8.79,0,0,0,0,0,1,1,0,0,7,0,11971.17,%sOxidizer Pressure Confirmation,,
1577,26.11,1672.82,105.12,545.25,702.86,657.82,648.11,8.79,0,0,0,0,0,1,1,0,0,7,0,11971.19,%sOxidizer Pressure Confirmation,,
1578,37.34,1672.82,105.12,545.25,702.86,657.82,648.11,9.33,0,0,0,0,0,1,1,0,0,7,0.01,11971.23,%sOxidizer Pressure Confirmation,,
1579,40.52,1673.22,105.12,545.25,702.86,657.82,648.11,9.33,0,0,0,0,0,1,1,0,0,7.01,0.01,11971.27,%sOxidizer Pressure Confirmation,,
1580,34.25,1673.22,105.12,545.25,702.86,657.82,648.11,9.33,0,0,0,0,0,1,1,0,0,7.01,0.01,11971.31,%sOxidizer Pressure Confirmation,,
1581,31.11,1673.22,105.37,545.43,702.86,657.82,648.11,9.33,0,0,0,0,0,1,1,0,0,7.01,0.01,11971.34,%sOxidizer Pressure Confirmation,,
1582,27.13,1673.22,105.37,545.43,709.63,658.46,648.11,9.33,0,0,0,0,0,1,1,0,0,7.01,0.01,11971.37,%sOxidizer Pressure Confirmation,,
1583,30.65,1673.22,105.37,545.43,709.63,658.46,648.99,9.92,0,0,0,0,0,1,1,0,0,7.01,0.01,11971.4,%sOxidizer Pressure Confirmation,,
1584,24.71,1673.22,105.37,545.43,709.63,658.46,648.99,9.92,0,0,0,0,0,1,1,0,0,7.01,0.03,11971.42,%sOxidizer Pressure Confirmation,,
1585,27.75,1673.67,105.41,545.43,709.63,658.46,648.99,9.92,0,0,0,0,0,1,1,0,0,7.02,0.03,11971.45,%sOxidizer Pressure Confirmation,,
1586,34.58,1673.67,105.41,545.56,709.63,658.46,648.99,9.92,0,0,0,0,0,1,1,0,0,7.02,0.03,11971.48,%sOxidizer Pressure Confirmation,,
1587,31.58,1673.67,105.41,545.56,716.45,658.46,648.99,9.92,0,0,0,0,0,1,1,0,0,7.02,0.03,11971.51,%sOxidizer Pressure Confirmation,,
1588,26.29,1673.67,105.41,545.56,716.45,659.12,649.8,9.92,0,0,0,0,0,1,1,0,0,7.02,0.03,11971.54,%sOxidizer Pressure Confirmation,,
1589,32.32,1673.67,105.41,545.56,716.45,659.12,649.8,10.57,0,0,0,0,0,1,1,0,0,7.02,0.03,11971.57,%sOxidizer Pressure Confirmation,,
1590,22.15,1673.67,105.41,545.56,716.45,659.12,649.8,10.57,0,0,0,0,0,1,1,0,0,7.02,0.05,11971.6,%sOxidizer Pressure Confirmation,,
1591,24.54,1674.12,105.41,545.56,716.45,659.12,649.8,10.57,0,0,0,0,0,1,1,0,0,7.03,0.05,11971.62,%sOxidizer Pressure Confirmation,,
1592,27.02,1674.12,105.64,545.73,716.45,659.12,649.8,10.57,0,0,0,0,0,1,1,0,0,7.03,0.05,11971.65,%sOxidizer Pressure Confirmation,,
1593,45.93,1674.12,105.64,545.73,723.33,659.12,649.8,10.57,0,0,0,0,0,1,1,0,0,7.03,0.05,11971.69,%sOxidizer Pressure Confirmation,,
1594,22.05,1674.12,105.64,545.73,723.33,659.49,649.8,10.57,0,0,0,0,0,1,1,0,0,7.03,0.05,11971.71,%sOxidizer Pressure Confirmation,,
1595,25.61,1674.12,105.64,545.73,723.33,659.49,650.08,10.57,0,0,0,0,0,1,1,0,0,7.03,0.05,11971.74,%sOxidizer Pressure Confirmation,,
1596,33.15,1674.12,105.64,545.73,723.33,659.49,650.08,11.01,0,0,0,0,0,1,1,0,0,7.04,0.06,11971.77,%sOxidizer Pressure Confirmation,,
1597,29.69,1674.48,105.83,545.73,723.33,659.49,650.08,11.01,0,0,0,0,0,1,1,0,0,7.04,0.06,11971.8,%sOxidizer Pressure Confirmation,,
1598,27.59,1674.48,105.83,545.87,723.33,659.49,650.08,11.01,0,0,0,0,0,1,1,0,0,7.04,0.06,11971.83,%sOxidizer Pressure Confirmation,,
1599,28.02,1674.48,105.83,545.87,730.2,659.78,650.08,11.01,0,0,0,0,0,1,1,0,0,7.04,0.06,11971.86,%sOxidizer Pressure Confirmation,,
1600,25.99,1674.48,105.83,545.87,730.2,659.78,650.33,11.58,0,0,0,0,0,1,1,0,0,7.04,0.06,11971.88,%sOxidizer Pressure Confirmation,,
1601,30.77,1674.48,105.83,545.87,730.2,659.78,650.33,11.58,0,0,0,0,0,1,1,0,0,7.04,0.08,11971.92,%sOxidizer Pressure Confirmation,,
1602,26.56,1674.82,105.83,545.87,730.2,659.78,650.33,11.58,0,0,0,0,0,1,1,0,0,7.04,0.08,11971.94,%sOxidizer Pressure Confirmation,,
1603,23.63,1674.82,106,545.99,737.12,659.78,650.33,11.58,0,0,0,0,0,1,1,0,0,7.04,0.08,11971.97,%sOxidizer Pressure Confirmation,,
1604,28.25,1674.82,106,545.99,737.12,660.17,650.33,11.58,0,0,0,0,0,1,1,0,0,7.04,0.08,11971.99,%sOxidizer Pressure Confirmation,,
1605,27.6,1674.82,106,545.99,737.12,660.17,650.94,12.26,0,0,0,0,0,1,1,0,0,7.04,0.09,11972.02,%sOxidizer Pressure Confirmation,,
1606,23.57,1674.82,106,545.99,737.12,660.17,650.94,12.26,0,0,0,0,0,1,1,0,0,7.05,0.09,11972.05,%sOxidizer Pressure Confirmation,,
1607,24.76,1675.36,106.2,545.99,737.12,660.17,650.94,12.26,0,0,0,0,0,1,1,0,0,7.05,0.09,11972.07,%sOxidizer Pressure Confirmation,,
1608,26.05,1675.36,106.2,546.16,737.12,660.17,650.94,12.26,0,0,0,0,0,1,1,0,0,7.05,0.09,11972.1,%sOxidizer Pressure Confirmation,,
1609,24.63,1675.36,106.2,546.16,744.04,660.56,650.94,12.26,0,0,0,0,0,1,1,0,0,7.05,0.09,11972.12,%sOxidizer Pressure Confirmation,,
1610,25.37,1675.36,106.2,546.16,744.04,660.56,651.25,12.26,0,0,0,0,0,1,1,0,0,7.05,0.09,11972.15,%sOxidizer Pressure Confirmation,,
1611,24.11,1675.67,106.2,546.16,744.04,660.56,651.25,12.69,0,0,0,0,0,1,1,0,0,7.06,0.1,11972.17,%sOxidizer Pressure Confirmation,,
1612,29.22,1675.67,106.42,546.16,744.04,660.56,651.25,12.69,0,0,0,0,0,1,1,0,0,7.06,0.1,11972.2,%sOxidizer Pressure Confirmation,,
1613,25.74,1675.67,106.42,546.27,744.04,660.56,651.25,12.69,0,0,0,0,0,1,1,0,0,7.06,0.1,11972.22,%sOxidizer Pressure Confirmation,,
1614,21.72,1675.67,106.42,546.27,750.76,660.17,651.25,12.69,0,0,0,0,0,1,1,0,0,7.06,0.1,11972.25,%sOxidizer Pressure Confirmation,,
1615,25.26,1675.67,106.42,546.27,750.76,660.17,651.15,12.68,0,0,0,0,0,1,1,0,0,7.06,0.1,11972.27,%sOxidizer Pressure Confirmation,,
1616,27.64,1675.72,107.73,546.27,750.76,660.17,651.15,12.68,0,0,0,0,0,1,1,0,0,7.06,0.1,11972.3,%sOxidizer Pressure Confirmation,,
1617,43.17,1675.72,107.73,546.32,757.23,660.17,651.15,12.68,0,0,0,0,0,1,1,0,0,7.06,0.1,11972.34,%sOxidizer Pressure Confirmation,,
1618,23.89,1675.72,107.73,546.32,757.23,660.09,650.88,12.68,0,0,0,0,0,1,1,0,0,7.06,0.1,11972.37,%sOxidizer Pressure Confirmation,,
1619,22.17,1675.72,107.73,546.32,757.23,660.09,650.88,12.71,0,0,0,0,0,1,1,0,0,7.07,0.1,11972.39,%sOxidizer Pressure Confirmation,,
1620,26.02,1675.65,107.73,546.32,757.23,660.09,650.88,12.71,0,0,0,0,0,1,1,0,0,7.07,0.1,11972.41,%sOxidizer Pressure Confirmation,,
1621,25.7,1675.65,108.78,546.31,757.23,660.09,650.88,12.71,0,0,0,0,0,1,1,0,0,7.07,0.1,11972.44,%sOxidizer Pressure Confirmation,,
1622,36.26,1675.65,108.78,546.31,758.3,659.72,650.88,12.71,0,0,0,0,0,1,1,0,0,7.07,0.1,11972.48,%sOxidizer Pressure Confirmation,,
1623,22.7,1675.65,108.78,546.31,758.3,659.72,650.67,12.71,0,0,0,0,0,1,1,0,0,7.07,0.1,11972.5,%sOxidizer Pressure Confirmation,,
1624,27.66,1675.65,108.78,546.31,758.3,659.72,650.67,12.79,0,0,0,0,0,1,1,0,0,7.07,0.1,11972.53,%sOxidizer Pressure Confirmation,,
1625,34.12,1675.65,108.65,546.34,758.3,659.72,650.67,12.79,0,0,0,0,0,1,1,0,0,7.07,0.1,11972.56,%sOxidizer Pressure Confirmation,,
1626,26.72,1675.65,108.65,546.34,758.61,659.72,650.67,12.79,0,0,0,0,0,1,1,0,0,7.07,0.1,11972.59,%sOxidizer Pressure Confirmation,,
1627,27.03,1675.65,108.65,546.34,758.61,659.49,650.29,12.79,0,0,0,0,0,1,1,0,0,7.07,0.1,11972.62,%sOxidizer Pressure Confirmation,,
1628,24.62,1675.63,108.65,546.34,758.61,659.49,650.29,12.79,0,0,0,0,0,1,1,0,0,7.06,0.1,11972.64,%sOxidizer Pressure Confirmation,,
1629,27.1,1675.63,108.47,546.31,758.61,659.49,650.29,12.79,0,0,0,0,0,1,1,0,0,7.06,0.1,11972.67,%sOxidizer Pressure Confirmation,,
1630,30.09,1675.63,108.47,546.31,758.84,659.49,650.29,12.79,0,0,0,0,0,1,1,0,0,7.06,0.1,11972.7,%sOxidizer Pressure Confirmation,,
1631,26.58,1675.63,108.47,546.31,758.84,659.4,650.05,12.79,0,0,0,0,0,1,1,0,0,7.06,0.1,11972.72,%sOxidizer Pressure Confirmation,,
1632,28.57,1675.63,108.47,546.31,758.84,659.4,650.05,12.92,0,0,0,0,0,1,1,0,0,7.06,0.1,11972.75,%sOxidizer Pressure Confirmation,,
1633,23.14,1675.54,108.58,546.31,758.84,659.4,650.05,12.92,0,0,0,0,0,1,1,0,0,7.06,0.1,11972.78,%sOxidizer Pressure Confirmation,,
1634,39.75,1675.54,108.58,546.3,759.08,659.23,650.05,12.92,0,0,0,0,0,1,1,0,0,7.06,0.1,11972.81,%sOxidizer Pressure Confirmation,,
1635,26.62,1675.54,108.58,546.3,759.08,659.23,649.62,12.87,0,0,0,0,0,1,1,0,0,7.06,0.1,11972.84,%sOxidizer Pressure Confirmation,,
1636,26.19,1675.54,108.58,546.3,759.08,659.23,649.62,12.87,0,0,0,0,0,1,1,0,0,7.06,0.11,11972.87,%sOxidizer Pressure Confirmation,,
1637,25.08,1675.78,108.54,546.3,759.08,659.23,649.62,12.87,0,0,0,0,0,1,1,0,0,7.06,0.11,11972.89,%sOxidizer Pressure Confirmation,,
1638,25.8,1675.78,108.54,546.26,759.08,659.23,649.62,12.87,0,0,0,0,0,1,1,0,0,7.06,0.11,11972.92,%sOxidizer Pressure Confirmation,,
1639,26.91,1675.78,108.54,546.26,759.17,659.01,649.62,12.87,0,0,0,0,0,1,1,0,0,7.06,0.11,11972.95,%sOxidizer Pressure Confirmation,,
1640,27.77,1675.78,108.54,546.26,759.17,659.01,649.48,12.95,0,0,0,0,0,1,1,0,0,7.06,0.12,11972.97,%sOxidizer Pressure Confirmation,,
1641,26.56,1675.9,108.55,546.26,759.17,659.01,649.48,12.95,0,0,0,0,0,1,1,0,0,7.06,0.12,11973,%sOxidizer Pressure Confirmation,,
1642,23.9,1675.9,108.55,546.25,759.32,658.95,649.48,12.95,0,0,0,0,0,1,1,0,0,7.06,0.12,11973.02,%sOxidizer Pressure Confirmation,,
1643,25.29,1675.9,108.55,546.25,759.32,658.95,649.34,12.97,0,0,0,0,0,1,1,0,0,7.06,0.12,11973.05,%sOxidizer Pressure Confirmation,,
1644,25.71,1676,108.55,546.25,759.32,658.95,649.34,12.97,0,0,0,0,0,1,1,0,0,7.06,0.12,11973.07,%sOxidizer Pressure Confirmation,,
1645,25.81,1676,108.64,546.26,759.32,658.95,649.34,12.97,0,0,0,0,0,1,1,0,0,7.06,0.12,11973.1,%sOxidizer Pressure Confirmation,,
1646,26.14,1676,108.64,546.26,759.41,658.81,649.34,12.97,0,0,0,0,0,1,1,0,0,7.06,0.12,11973.13,%sOxidizer Pressure Confirmation,,
1647,27.46,1676,108.64,546.26,759.41,658.81,649.1,12.93,0,0,0,0,0,1,1,0,0,7.07,0.12,11973.15,%sOxidizer Pressure Confirmation,,
1648,25.74,1676.07,108.71,546.26,759.41,658.81,649.1,12.93,0,0,0,0,0,1,1,0,0,7.07,0.12,11973.18,%sOxidizer Pressure Confirmation,,
1649,27.65,1676.07,108.71,546.26,759.41,658.81,649.1,12.93,0,0,0,0,0,1,1,0,0,7.07,0.12,11973.21,%sOxidizer Pressure Confirmation,,
1650,27.27,1676.07,108.71,546.26,759.5,658.59,649.03,12.93,0,0,0,0,0,1,1,0,0,7.07,0.12,11973.23,%sOxidizer Pressure Confirmation,,
1651,30.97,1676.07,108.71,546.26,759.5,658.59,649.03,13.03,0,0,0,0,0,1,1,0,0,7.07,0.13,11973.27,%sOxidizer Pressure Confirmation,,
1652,23.53,1675.97,108.69,546.21,759.5,658.59,649.03,13.03,0,0,0,0,0,1,1,0,0,7.07,0.13,11973.29,%sOxidizer Pressure Confirmation,,
1653,27.2,1675.97,108.69,546.21,759.56,658.29,649.03,13.03,0,0,0,0,0,1,1,0,0,7.07,0.13,11973.32,%sOxidizer Pressure Confirmation,,
1654,23.6,1675.97,108.69,546.21,759.56,658.29,648.87,13.03,0,0,0,0,0,1,1,0,0,7.07,0.13,11973.34,%sOxidizer Pressure Confirmation,,
1655,27.41,1675.97,108.69,546.21,759.56,658.29,648.87,13.04,0,0,0,0,0,1,1,0,0,7.07,0.13,11973.37,%sOxidizer Pressure Confirmation,,
1656,24.22,1676.08,108.74,546.21,759.56,658.29,648.87,13.04,0,0,0,0,0,1,1,0,0,7.07,0.13,11973.39,%sOxidizer Pressure Confirmation,,
1657,31.82,1676.08,108.74,546.21,759.71,657.91,648.87,13.04,0,0,0,0,0,1,1,0,0,7.07,0.13,11973.42,%sOxidizer Pressure Confirmation,,
1658,22.18,1676.08,108.74,546.21,759.71,657.91,648.77,13.03,0,0,0,0,0,1,1,0,0,7.07,0.13,11973.45,%sOxidizer Pressure Confirmation,,
1659,23.21,1676.08,108.74,546.21,759.71,657.91,648.77,13.03,0,0,0,0,0,1,1,0,0,7.07,0.12,11973.47,%sOxidizer Pressure Confirmation,,
1660,24.15,1676.06,108.69,546.2,759.76,657.67,648.77,13.03,0,0,0,0,0,1,1,0,0,7.07,0.12,11973.49,%sOxidizer Pressure Confirmation,,
1661,32.8,1676.06,108.69,546.2,759.76,657.67,648.63,13.03,0,0,0,0,0,1,1,0,0,7.07,0.12,11973.53,%sOxidizer Pressure Confirmation,,
1662,24.95,1676.06,108.69,546.2,759.76,657.67,648.63,13.07,0,0,0,0,0,1,1,0,0,7.07,0.12,11973.55,%sOxidizer Pressure Confirmation,,
1663,22.16,1676.22,108.69,546.2,759.76,657.67,648.63,13.07,0,0,0,0,0,1,1,0,0,7.07,0.12,11973.57,%sOxidizer Pressure Confirmation,,
1664,25.17,1676.22,108.77,546.21,759.86,657.43,648.63,13.07,0,0,0,0,0,1,1,0,0,7.07,0.12,11973.6,%sOxidizer Pressure Confirmation,,
1665,25.02,1676.22,108.77,546.21,759.86,657.43,648.49,13.07,0,0,0,0,0,1,1,0,0,7.07,0.12,11973.62,%sOxidizer Pressure Confirmation,,
1666,22.67,1676.22,108.77,546.21,759.86,657.43,648.49,12.98,0,0,0,0,0,1,1,0,0,7.07,0.12,11973.65,%sOxidizer Pressure Confirmation,,
1667,28.69,1676.21,108.81,546.21,759.86,657.43,648.49,12.98,0,0,0,0,0,1,1,0,0,7.07,0.12,11973.67,%sOxidizer Pressure Confirmation,,
1668,25.48,1676.21,108.81,546.29,759.98,657.13,648.49,12.98,0,0,0,0,0,1,1,0,0,7.07,0.12,11973.7,%sOxidizer Pressure Confirmation,,
1669,26.85,1676.21,108.81,546.29,759.98,657.13,648.37,12.81,0,0,0,0,0,1,1,0,0,7.07,0.12,11973.73,%sOxidizer Pressure Confirmation,,
1670,21.22,1676.22,108.77,546.29,759.98,657.13,648.37,12.81,0,0,0,0,0,1,1,0,0,7.07,0.12,11973.75,%sOxidizer Pressure Confirmation,,
1671,29.72,1676.22,108.77,546.35,759.98,657.13,648.37,12.81,0,0,0,0,0,1,1,0,0,7.07,0.12,11973.78,%sOxidizer Pressure Confirmation,,
1672,22.98,1676.22,108.77,546.35,759.99,656.98,648.26,12.79,0,0,0,0,0,1,1,0,0,7.07,0.11,11973.8,%sOxidizer Pressure Confirmation,,
1673,25.1,1676.07,108.77,546.35,759.99,656.98,648.26,12.79,0,0,0,0,0,1,1,0,0,7.07,0.11,11973.83,%sOxidizer Pressure Confirmation,,
1674,27.01,1676.07,108.82,546.36,759.99,656.98,648.26,12.79,0,0,0,0,0,1,1,0,0,7.07,0.11,11973.85,%sOxidizer Pressure Confirmation,,
1675,24.03,1676.07,108.82,546.36,760.1,656.91,648.26,12.79,0,0,0,0,0,1,1,0,0,7.07,0.11,11973.88,%sOxidizer Pressure Confirmation,,
1676,22.47,1676.1,108.82,546.36,760.1,656.91,648.26,12.78,0,0,0,0,0,1,1,0,0,7.07,0.11,11973.9,%sOxidizer Pressure Confirmation,,
1677,24.86,1676.1,108.86,546.36,760.1,656.91,648.26,12.78,0,0,0,0,0,1,1,0,0,7.07,0.11,11973.92,%sOxidizer Pressure Confirmation,,
1678,28.14,1676.1,108.86,546.36,760.17,656.89,648.26,12.78,0,0,0,0,0,1,1,0,0,7.07,0.11,11973.95,%sOxidizer Pressure Confirmation,,
1679,26.32,1676.1,108.86,546.36,760.17,656.89,648.13,12.79,0,0,0,0,0,1,1,0,0,7.07,0.11,11973.98,%sOxidizer Pressure Confirmation,,
1680,24.06,1676.1,108.86,546.36,760.17,656.89,648.13,12.79,0,0,0,0,0,1,1,0,0,7.07,0.11,11974,%sOxidizer Pressure Confirmation,,
1681,24.08,1676.17,108.82,546.39,760.19,656.89,648.13,12.79,0,0,0,0,0,1,1,0,0,7.07,0.11,11974.03,%sOxidizer Pressure Confirmation,,
1682,22.96,1676.17,108.82,546.39,760.19,656.64,648.13,12.79,0,0,0,0,0,1,1,0,0,7.07,0.11,11974.05,%sOxidizer Pressure Confirmation,,
1683,23.03,1676.17,108.82,546.39,760.19,656.64,647.99,12.79,0,0,0,0,0,1,1,0,0,7.07,0.11,11974.07,%sOxidizer Pressure Confirmation,,
1684,27.75,1676.01,108.68,546.39,760.19,656.64,647.99,12.79,0,0,0,0,0,1,1,0,0,7.07,0.11,11974.1,%sOxidizer Pressure Confirmation,,
1685,21.97,1676.01,108.68,546.36,760.31,656.64,647.99,12.79,0,0,0,0,0,1,1,0,0,7.07,0.11,11974.12,%sOxidizer Pressure Confirmation,,
1686,23.57,1676.01,108.68,546.36,760.31,656.64,647.98,12.84,0,0,0,0,0,1,1,0,0,7.07,0.11,11974.15,%sOxidizer Pressure Confirmation,,
1687,30.41,1676.01,108.68,546.36,760.31,656.64,647.98,12.84,0,0,0,0,0,1,1,0,0,7.07,0.11,11974.18,%sOxidizer Pressure Confirmation,,
1688,22.49,1676.12,108.67,546.36,760.31,656.64,647.98,12.84,0,0,0,0,0,1,1,0,0,7.07,0.11,11974.2,%sOxidizer Pressure Confirmation,,
1689,23.13,1676.12,108.67,546.42,760.43,656.78,647.98,12.84,0,0,0,0,0,1,1,0,0,7.07,0.11,11974.22,%sOxidizer Pressure Confirmation,,
1690,24.15,1676.12,108.67,546.42,760.43,656.78,647.9,12.79,0,0,0,0,0,1,1,0,0,7.06,0.11,11974.25,%sOxidizer Pressure Confirmation,,
1691,26.34,1676.13,108.61,546.42,760.43,656.78,647.9,12.79,0,0,0,0,0,1,1,0,0,7.06,0.11,11974.27,%sOxidizer Pressure Confirmation,,
1692,25.29,1676.13,108.61,546.42,760.43,656.78,647.9,12.79,0,0,0,0,0,1,1,0,0,7.06,0.11,11974.3,%sOxidizer Pressure Confirmation,,
1693,25.28,1676.13,108.61,546.42,760.45,656.81,647.94,12.79,0,0,0,0,0,1,1,0,0,7.06,0.11,11974.32,%sOxidizer Pressure Confirmation,,
1694,26.72,1676.07,108.63,546.42,760.45,656.81,647.94,12.8,0,0,0,0,0,1,1,0,0,7.06,0.11,11974.35,%sOxidizer Pressure Confirmation,,
1695,25.22,1676.07,108.63,546.43,760.54,656.81,647.94,12.8,0,0,0,0,0,1,1,0,0,7.06,0.11,11974.38,%sOxidizer Pressure Confirmation,,
1696,22.83,1676.07,108.63,546.43,760.54,656.83,647.8,12.8,0,0,0,0,0,1,1,0,0,7.06,0.11,11974.4,%sOxidizer Pressure Confirmation,,
1697,24.19,1676.07,108.63,546.43,760.54,656.83,647.8,12.65,0,0,0,0,0,1,1,0,0,7.06,0.11,11974.42,%sOxidizer Pressure Confirmation,,
1698,22.14,1675.94,108.64,546.43,760.54,656.83,647.8,12.65,0,0,0,0,0,1,1,0,0,7.06,0.11,11974.44,%sOxidizer Pressure Confirmation,,
1699,26.63,1675.94,108.64,546.38,760.52,656.93,647.81,12.65,0,0,0,0,0,1,1,0,0,7.06,0.11,11974.47,%sOxidizer Pressure Confirmation,,
1700,24.26,1675.88,108.64,546.38,760.52,656.93,647.81,12.75,0,0,0,0,0,1,1,0,0,7.06,0.11,11974.5,%sOxidizer Pressure Confirmation,,
1701,30.71,1675.88,108.65,546.39,760.52,656.93,647.81,12.75,0,0,0,0,0,1,1,0,0,7.06,0.11,11974.53,%sOxidizer Pressure Confirmation,,
1702,25.83,1675.88,108.65,546.39,760.57,657.03,647.92,12.75,0,0,0,0,0,1,1,0,0,7.06,0.11,11974.55,%sOxidizer Pressure Confirmation,,
1703,25.65,1675.88,108.65,546.39,760.57,657.03,647.92,12.91,0,0,0,0,0,1,1,0,0,7.06,0.11,11974.58,%sOxidizer Pressure Confirmation,,
1704,23.09,1675.89,108.65,546.39,760.57,657.03,647.92,12.91,0,0,0,0,0,1,1,0,0,7.06,0.11,11974.6,%sOxidizer Pressure Confirmation,,
1705,24.22,1675.89,108.72,546.38,760.69,657.03,647.92,12.91,0,0,0,0,0,1,1,0,0,7.06,0.11,11974.62,%sOxidizer Pressure Confirmation,,
1706,25.73,1675.89,108.72,546.38,760.69,656.95,647.95,12.92,0,0,0,0,0,1,1,0,0,7.06,0.11,11974.65,%sOxidizer Pressure Confirmation,,
1707,30.78,1675.95,108.72,546.38,760.69,656.95,647.95,12.92,0,0,0,0,0,1,1,0,0,7.06,0.11,11974.68,%sOxidizer Pressure Confirmation,,
1708,25.46,1675.95,108.78,546.38,760.69,656.95,647.95,12.92,0,0,0,0,0,1,1,0,0,7.06,0.11,11974.71,%sOxidizer Pressure Confirmation,,
1709,24.28,1675.95,108.78,546.38,760.79,656.9,647.83,12.92,0,0,0,0,0,1,1,0,0,7.06,0.11,11974.73,%sOxidizer Pressure Confirmation,,
1710,25.64,1676.02,108.78,546.38,760.79,656.9,647.83,12.92,0,0,0,0,0,1,1,0,0,7.07,0.11,11974.76,%sOxidizer Pressure Confirmation,,
1711,26.27,1676.02,108.78,546.38,760.79,656.9,647.83,12.92,0,0,0,0,0,1,1,0,0,7.07,0.11,11974.78,%sOxidizer Pressure Confirmation,,
1712,23.66,1676.02,108.78,546.38,760.86,656.53,647.82,12.92,0,0,0,0,0,1,1,0,0,7.07,0.11,11974.81,%sOxidizer Pressure Confirmation,,
1713,26.06,1676.02,108.78,546.38,760.86,656.53,647.82,12.84,0,0,0,0,0,1,1,0,0,7.07,0.11,11974.83,%sOxidizer Pressure Confirmation,,
1714,25.5,1675.9,108.84,546.42,760.86,656.53,647.82,12.84,0,0,0,0,0,1,1,0,0,7.07,0.11,11974.86,%sOxidizer Pressure Confirmation,,
1715,25.15,1675.9,108.84,546.42,761,656.54,647.77,12.84,0,0,0,0,0,1,1,0,0,7.07,0.11,11974.88,%sOxidizer Pressure Confirmation,,
1716,26.84,1675.9,108.84,546.42,761,656.54,647.77,12.73,0,0,0,0,0,1,1,0,0,7.07,0.11,11974.91,%sOxidizer Pressure Confirmation,,
1717,24.06,1675.98,108.94,546.42,761,656.54,647.77,12.73,0,0,0,0,0,1,1,0,0,7.07,0.11,11974.93,%sOxidizer Pressure Confirmation,,
1718,27.86,1675.98,108.94,546.46,761.02,656.56,647.77,12.73,0,0,0,0,0,1,1,0,0,7.07,0.11,11974.96,%sOxidizer Pressure Confirmation,,
1719,24.68,1675.98,108.94,546.46,761.02,656.56,647.63,12.63,0,0,0,0,0,1,1,0,0,7.07,0.11,11974.99,%sOxidizer Pressure Confirmation,,
1720,25.12,1675.98,108.94,546.46,761.02,656.56,647.63,12.63,0,0,0,0,0,1,1,0,0,7.07,0.11,11975.01,%sOxidizer Pressure Confirmation,,
1721,25.77,1676.04,108.96,546.43,761.02,656.56,647.63,12.63,0,0,0,0,0,1,1,0,0,7.07,0.11,11975.04,%sOxidizer Pressure Confirmation,,
1722,24.39,1676.04,108.96,546.43,761.07,656.37,647.58,12.63,0,0,0,0,0,1,1,0,0,7.07,0.11,11975.06,%sOxidizer Pressure Confirmation,,
1723,25.64,1676.04,108.96,546.43,761.07,656.37,647.58,12.65,0,0,0,0,0,1,1,0,0,7.07,0.11,11975.09,%sOxidizer Pressure Confirmation,,
1724,26.06,1675.99,108.96,546.43,761.07,656.37,647.58,12.65,0,0,0,0,0,1,1,0,0,7.07,0.1,11975.11,%sOxidizer Pressure Confirmation,,
1725,24.29,1675.99,109.04,546.43,761.17,656.47,647.58,12.65,0,0,0,0,0,1,1,0,0,7.07,0.1,11975.14,%sOxidizer Pressure Confirmation,,
1726,24.31,1675.99,109.04,546.43,761.17,656.47,647.54,12.74,0,0,0,0,0,1,1,0,0,7.07,0.1,11975.16,%sOxidizer Pressure Confirmation,,
1727,27.61,1676.16,109.04,546.43,761.17,656.47,647.54,12.74,0,0,0,0,0,1,1,0,0,7.07,0.11,11975.19,%sOxidizer Pressure Confirmation,,
1728,23.25,1676.16,109.1,546.48,761.17,656.47,647.54,12.74,0,0,0,0,0,1,1,0,0,7.07,0.11,11975.21,%sOxidizer Pressure Confirmation,,
1729,26.85,1676.16,109.1,546.48,761.23,656.32,647.47,12.82,0,0,0,0,0,1,1,0,0,7.07,0.11,11975.24,%sOxidizer Pressure Confirmation,,
1730,28.25,1676.16,109.1,546.48,761.23,656.32,647.47,12.82,0,0,0,0,0,1,1,0,0,7.07,0.11,11975.27,%sOxidizer Pressure Confirmation,,
1731,25.03,1676.12,109.07,546.49,761.23,656.32,647.47,12.82,0,0,0,0,0,1,1,0,0,7.07,0.11,11975.29,%sOxidizer Pressure Confirmation,,
1732,29.7,1676.12,109.07,546.49,761.29,656.25,647.52,12.87,0,0,0,0,0,1,1,0,0,7.07,0.11,11975.32,%sOxidizer Pressure Confirmation,,
1733,31.2,1676.12,109.07,546.49,761.29,656.25,647.52,12.87,0,0,0,0,0,1,1,0,0,7.07,0.11,11975.35,%sOxidizer Pressure Confirmation,,
1734,23.88,1676.16,109.06,546.49,761.29,656.25,647.52,12.87,0,0,0,0,0,1,1,0,0,7.07,0.11,11975.38,%sOxidizer Pressure Confirmation,,
1735,25.11,1676.16,109.06,546.46,761.3,656.22,647.43,12.87,0,0,0,0,0,1,1,0,0,7.07,0.11,11975.4,%sOxidizer Pressure Confirmation,,
1736,23.66,1676.16,109.06,546.46,761.3,656.22,647.43,12.8,0,0,0,0,0,1,1,0,0,7.07,0.11,11975.43,%sOxidizer Pressure Confirmation,,
1737,24.54,1676.25,109.03,546.46,761.3,656.22,647.43,12.8,0,0,0,0,0,1,1,0,0,7.07,0.11,11975.45,%sOxidizer Pressure Confirmation,,
1738,25.14,1676.25,109.03,546.46,761.3,656.22,647.43,12.8,0,0,0,0,0,1,1,0,0,7.07,0.11,11975.48,%sOxidizer Pressure Confirmation,,
1739,22.7,1676.25,109.03,546.46,761.3,656.15,647.34,12.76,0,0,0,0,0,1,1,0,0,7.07,0.12,11975.5,%sOxidizer Pressure Confirmation,,
1740,24.19,1676.29,108.99,546.46,761.3,656.15,647.34,12.76,0,0,0,0,0,1,1,0,0,7.07,0.12,11975.52,%sOxidizer Pressure Confirmation,,
1741,26.04,1676.29,108.99,546.45,761.28,656.15,647.34,12.76,0,0,0,0,0,1,1,0,0,7.07,0.12,11975.55,%sOxidizer Pressure Confirmation,,
1742,27.16,1676.29,108.99,546.45,761.28,656.04,647.37,12.76,0,0,0,0,0,1,1,0,0,7.07,0.12,11975.58,%sOxidizer Pressure Confirmation,,
1743,25.87,1676.29,108.99,546.45,761.28,656.04,647.37,12.72,0,0,0,0,0,1,1,0,0,7.07,0.11,11975.6,%sOxidizer Pressure Confirmation,,
1744,26.66,1676.16,108.89,546.45,761.28,656.04,647.37,12.72,0,0,0,0,0,1,1,0,0,7.07,0.11,11975.63,%sOxidizer Pressure Confirmation,,
1745,23.6,1676.16,108.89,546.47,761.32,656.17,647.37,12.72,0,0,0,0,0,1,1,0,0,7.07,0.11,11975.65,%sOxidizer Pressure Confirmation,,
1746,22.13,1676.16,108.89,546.47,761.32,656.17,647.31,12.72,0,0,0,0,0,1,1,0,0,7.07,0.11,11975.67,%sOxidizer Pressure Confirmation,,
1747,21.97,1676.16,108.89,546.47,761.32,656.17,647.31,12.79,0,0,0,0,0,1,1,0,0,7.07,0.11,11975.7,%sOxidizer Pressure Confirmation,,
1748,23.8,1676.19,108.82,546.47,761.32,656.17,647.31,12.79,0,0,0,0,0,1,1,0,0,7.07,0.11,11975.72,%sOxidizer Pressure Confirmation,,
1749,28.04,1676.19,108.82,546.42,761.35,656.23,647.33,12.79,0,0,0,0,0,1,1,0,0,7.07,0.11,11975.75,%sOxidizer Pressure Confirmation,,
1750,26.11,1676.19,108.82,546.42,761.35,656.23,647.33,12.87,0,0,0,0,0,1,1,0,0,7.07,0.12,11975.77,%sOxidizer Pressure Confirmation,,
1751,25.81,1676.14,108.84,546.42,761.35,656.23,647.33,12.87,0,0,0,0,0,1,1,0,0,7.07,0.12,11975.8,%sOxidizer Pressure Confirmation,,
1752,26.22,1676.14,108.84,546.38,761.33,656.07,647.28,12.87,0,0,0,0,0,1,1,0,0,7.07,0.12,11975.83,%sOxidizer Pressure Confirmation,,
1753,29.19,1676.14,108.84,546.38,761.33,656.07,647.28,12.83,0,0,0,0,0,1,1,0,0,7.07,0.12,11975.86,%sOxidizer Pressure Confirmation,,
1754,26.43,1676.16,108.89,546.38,761.33,656.07,647.28,12.83,0,0,0,0,0,1,1,0,0,7.07,0.12,11975.88,%sOxidizer Pressure Confirmation,,
1755,25.56,1676.16,108.89,546.41,761.37,656.09,647.17,12.75,0,0,0,0,0,1,1,0,0,7.07,0.12,11975.91,%sOxidizer Pressure Confirmation,,
1756,23.24,1676.2,108.89,546.41,761.37,656.09,647.17,12.75,0,0,0,0,0,1,1,0,0,7.07,0.11,11975.93,%sOxidizer Pressure Confirmation,,
1757,23.45,1676.2,108.89,546.41,761.37,656.09,647.17,12.75,0,0,0,0,0,1,1,0,0,7.07,0.11,11975.95,%sOxidizer Pressure Confirmation,,
1758,23.61,1676.2,108.89,546.41,761.36,655.97,647.17,12.75,0,0,0,0,0,1,1,0,0,7.07,0.11,11975.98,%sOxidizer Pressure Confirmation,,
1759,22.15,1676.2,108.89,546.41,761.36,655.97,647.07,12.58,0,0,0,0,0,1,1,0,0,7.07,0.11,11976,%sOxidizer Pressure Confirmation,,
1760,24.26,1676.2,108.89,546.41,761.36,655.97,647.07,12.58,0,0,0,0,0,1,1,0,0,7.07,0.11,11976.02,%sOxidizer Pressure Confirmation,,
1761,22.23,1676.1,108.93,546.41,761.37,656.11,647.07,12.58,0,0,0,0,0,1,1,0,0,7.07,0.11,11976.05,%sOxidizer Pressure Confirmation,,
1762,24.16,1676.1,108.93,546.41,761.37,656.11,646.98,12.52,0,0,0,0,0,1,1,0,0,7.07,0.11,11976.07,%sOxidizer Pressure Confirmation,,
1763,24.22,1676.27,108.93,546.41,761.37,656.11,646.98,12.52,0,0,0,0,0,1,1,0,0,7.07,0.11,11976.1,%sOxidizer Pressure Confirmation,,
1764,24.48,1676.27,108.93,546.41,761.37,656.11,646.98,12.52,0,0,0,0,0,1,1,0,0,7.07,0.11,11976.12,%sOxidizer Pressure Confirmation,,
1765,25.21,1676.27,108.93,546.45,761.38,656.07,646.89,12.44,0,0,0,0,0,1,1,0,0,7.07,0.11,11976.14,%sOxidizer Pressure Confirmation,,
1766,26.03,1676.33,108.93,546.45,761.38,656.07,646.89,12.44,0,0,0,0,0,1,1,0,0,7.07,0.11,11976.17,%sOxidizer Pressure Confirmation,,
1767,22.83,1676.33,108.98,546.47,761.42,656.07,646.89,12.44,0,0,0,0,0,1,1,0,0,7.07,0.11,11976.19,%sOxidizer Pressure Confirmation,,
1768,23.65,1676.33,108.98,546.47,761.42,656.02,646.89,12.44,0,0,0,0,0,1,1,0,0,7.07,0.11,11976.22,%sOxidizer Pressure Confirmation,,
1769,29.14,1676.33,108.98,546.47,761.42,656.02,646.81,12.4,0,0,0,0,0,1,1,0,0,7.07,0.11,11976.25,%sOxidizer Pressure Confirmation,,
1770,23.59,1676.41,108.99,546.46,761.42,656.02,646.81,12.4,0,0,0,0,0,1,1,0,0,7.07,0.11,11976.27,%sOxidizer Pressure Confirmation,,
1771,26.4,1676.41,108.99,546.46,761.45,655.93,646.79,12.4,0,0,0,0,0,1,1,0,0,7.07,0.11,11976.3,%sOxidizer Pressure Confirmation,,
1772,29.17,1676.41,108.99,546.46,761.45,655.93,646.79,12.38,0,0,0,0,0,1,1,0,0,7.07,0.1,11976.33,%sOxidizer Pressure Confirmation,,
1773,29.26,1676.28,108.96,546.51,761.45,655.93,646.79,12.38,0,0,0,0,0,1,1,0,0,7.07,0.1,11976.35,%sOxidizer Pressure Confirmation,,
1774,23.63,1676.28,108.96,546.51,761.53,656.08,646.79,12.38,0,0,0,0,0,1,1,0,0,7.07,0.1,11976.38,%sOxidizer Pressure Confirmation,,
1775,23.13,1676.28,108.96,546.51,761.53,656.08,646.82,12.38,0,0,0,0,0,1,1,0,0,7.07,0.1,11976.4,%sOxidizer Pressure Confirmation,,
1776,22.08,1676.28,108.96,546.51,761.53,656.08,646.82,12.33,0,0,0,0,0,1,1,0,0,7.07,0.1,11976.42,%sOxidizer Pressure Confirmation,,
1777,26.1,1676.21,108.95,546.51,761.53,656.08,646.82,12.33,0,0,0,0,0,1,1,0,0,7.07,0.1,11976.45,%sOxidizer Pressure Confirmation,,
1778,26.7,1676.21,108.95,546.5,761.53,656.08,646.82,12.33,0,0,0,0,0,1,1,0,0,7.07,0.1,11976.48,%sOxidizer Pressure Confirmation,,
1779,30.17,1676.21,108.95,546.5,761.53,656.13,646.82,12.33,0,0,0,0,0,1,1,0,0,7.07,0.1,11976.51,%sOxidizer Pressure Confirmation,,
1780,27.73,1676.21,108.95,546.5,761.53,656.13,646.92,12.4,0,0,0,0,0,1,1,0,0,7.07,0.1,11976.53,%sOxidizer Pressure Confirmation,,
1781,31.26,1676.17,108.95,546.5,761.53,656.13,646.92,12.4,0,0,0,0,0,1,1,0,0,7.07,0.1,11976.57,%sOxidizer Pressure Confirmation,,
1782,28.67,1676.17,108.91,546.51,761.53,656.13,646.92,12.4,0,0,0,0,0,1,1,0,0,7.07,0.1,11976.59,%sOxidizer Pressure Confirmation,,
1783,29.66,1676.17,108.91,546.51,761.53,656.13,646.92,12.4,0,0,0,0,0,1,1,0,0,7.07,0.1,11976.62,%sOxidizer Pressure Confirmation,,
1784,25.8,1676.17,108.91,546.51,761.53,656,646.87,12.4,0,0,0,0,0,1,1,0,0,7.07,0.1,11976.65,%sOxidizer Pressure Confirmation,,
1785,25.65,1676.17,108.91,546.51,761.53,656,646.87,12.37,0,0,0,0,0,1,1,0,0,7.07,0.1,11976.68,%sOxidizer Pressure Confirmation,,
1786,29.35,1676.17,108.91,546.51,761.53,656,646.87,12.37,0,0,0,0,0,1,1,0,0,7.07,0.1,11976.7,%sOxidizer Pressure Confirmation,,
1787,38.11,1676.39,108.87,546.51,761.53,656,646.87,12.37,0,0,0,0,0,1,1,0,0,7.07,0.1,11976.74,%sOxidizer Pressure Confirmation,,
1788,31.27,1676.39,108.87,546.58,761.6,656,646.87,12.37,0,0,0,0,0,1,1,0,0,7.07,0.1,11976.77,%sOxidizer Pressure Confirmation,,
1789,34.23,1676.39,108.87,546.58,761.6,656,646.87,12.37,0,0,0,0,0,1,1,0,0,7.07,0.1,11976.81,%sOxidizer Pressure Confirmation,,
1790,25.13,1676.39,108.87,546.58,761.6,655.95,646.74,12.37,0,0,0,0,0,1,1,0,0,7.07,0.1,11976.83,%sOxidizer Pressure Confirmation,,
1791,36.8,1676.39,108.87,546.58,761.6,655.95,646.74,12.38,0,0,0,0,0,1,1,0,0,7.07,0.1,11976.87,%sOxidizer Pressure Confirmation,,
1792,28.73,1676.39,108.87,546.58,761.6,655.95,646.74,12.38,0,0,0,0,0,1,1,0,0,7.07,0.1,11976.9,%sOxidizer Pressure Confirmation,,
1793,32.67,1676.35,108.87,546.58,761.6,655.95,646.74,12.38,0,0,0,0,0,1,1,0,0,7.07,0.1,11976.93,%sOxidizer Pressure Confirmation,,
1794,24.64,1676.35,108.87,546.58,761.6,655.95,646.74,12.38,0,0,0,0,0,1,1,0,0,7.07,0.1,11976.96,%sOxidizer Pressure Confirmation,,
1795,27.73,1676.35,108.87,546.58,761.6,655.91,646.75,12.38,0,0,0,0,0,1,1,0,0,7.07,0.1,11976.98,%sOxidizer Pressure Confirmation,,
1796,36.31,1676.35,108.87,546.58,761.6,655.91,646.75,12.37,0,0,0,0,0,1,1,0,0,7.07,0.1,11977.02,%sOxidizer Pressure Confirmation,,
1797,27.63,1676.35,108.87,546.58,761.6,655.91,646.75,12.37,0,0,0,0,0,1,1,0,0,7.07,0.1,11977.05,%sOxidizer Pressure Confirmation,,
1798,28.25,1676.35,108.87,546.58,761.6,655.91,646.75,12.37,0,0,0,0,0,1,1,0,0,7.07,0.1,11977.08,%sOxidizer Pressure Confirmation,,
1799,25.19,1676.33,108.84,546.58,761.6,655.91,646.75,12.37,0,0,0,0,0,1,1,0,0,7.07,0.1,11977.1,%sOxidizer Pressure Confirmation,,
1800,30.76,1676.33,108.84,546.56,761.6,655.91,646.75,12.37,0,0,0,0,0,1,1,0,0,7.07,0.1,11977.13,%sOxidizer Pressure Confirmation,,
1801,29.21,1676.33,108.84,546.56,761.64,655.74,646.75,12.37,0,0,0,0,0,1,1,0,0,7.07,0.1,11977.16,%sOxidizer Pressure Confirmation,,
1802,35.91,1676.33,108.84,546.56,761.64,655.74,646.75,12.37,0,0,0,0,0,1,1,0,0,7.07,0.1,11977.2,%sOxidizer Pressure Confirmation,,
1803,28.03,1676.33,108.84,546.56,761.64,655.74,646.43,12.31,0,0,0,0,0,1,1,0,0,7.07,0.11,11977.23,%sOxidizer Pressure Confirmation,,
1804,38.55,1676.43,108.84,546.56,761.64,655.74,646.43,12.31,0,0,0,0,0,1,1,0,0,7.07,0.11,11977.26,%sOxidizer Pressure Confirmation,,
1805,32.34,1676.43,108.76,546.56,761.64,655.74,646.43,12.31,0,0,0,0,0,1,1,0,0,7.07,0.11,11977.3,%sOxidizer Pressure Confirmation,,
1806,31.36,1676.43,108.76,546.57,761.64,655.74,646.43,12.31,0,0,0,0,0,1,1,0,0,7.07,0.11,11977.33,%sOxidizer Pressure Confirmation,,
1807,28.72,1676.43,108.76,546.57,761.76,655.72,646.43,12.31,0,0,0,0,0,1,1,0,0,7.07,0.11,11977.36,%sOxidizer Pressure Confirmation,,
1808,27.71,1676.43,108.76,546.57,761.76,655.72,646.44,12.31,0,0,0,0,0,1,1,0,0,7.07,0.11,11977.38,%sOxidizer Pressure Confirmation,,
1809,26.7,1676.43,108.76,546.57,761.76,655.72,646.44,12.28,0,0,0,0,0,1,1,0,0,7.07,0.1,11977.41,%sOxidizer Pressure Confirmation,,
1810,28.72,1676.38,108.76,546.57,761.76,655.72,646.44,12.28,0,0,0,0,0,1,1,0,0,7.07,0.1,11977.44,%sOxidizer Pressure Confirmation,,
1811,27.15,1676.38,108.83,546.54,761.76,655.72,646.44,12.28,0,0,0,0,0,1,1,0,0,7.07,0.1,11977.47,%sOxidizer Pressure Confirmation,,
1812,27.08,1676.38,108.83,546.54,761.76,655.72,646.44,12.28,0,0,0,0,0,1,1,0,0,7.07,0.1,11977.49,%sOxidizer Pressure Confirmation,,
1813,27.75,1676.38,108.83,546.54,761.85,655.77,646.44,12.28,0,0,0,0,0,1,1,0,0,7.07,0.1,11977.52,%sOxidizer Pressure Confirmation,,
1814,31.31,1676.38,108.83,546.54,761.85,655.77,646.5,12.33,0,0,0,0,0,1,1,0,0,7.07,0.1,11977.55,%sOxidizer Pressure Confirmation,,
1815,24.69,1676.38,108.83,546.54,761.85,655.77,646.5,12.33,0,0,0,0,0,1,1,0,0,7.07,0.1,11977.58,%sOxidizer Pressure Confirmation,,
1816,31.45,1676.45,108.83,546.54,761.85,655.77,646.5,12.33,0,0,0,0,0,1,1,0,0,7.07,0.1,11977.61,%sOxidizer Pressure Confirmation,,
1817,25.99,1676.45,108.82,546.54,761.85,655.77,646.5,12.33,0,0,0,0,0,1,1,0,0,7.07,0.1,11977.64,%sOxidizer Pressure Confirmation,,
1818,31.45,1676.45,108.82,546.54,761.85,655.77,646.5,12.33,0,0,0,0,0,1,1,0,0,7.07,0.1,11977.67,%sOxidizer Pressure Confirmation,,
1819,22.26,1676.45,108.82,546.54,761.92,655.69,646.41,12.34,0,0,0,0,0,1,1,0,0,7.07,0.1,11977.69,%sOxidizer Pressure Confirmation,,
1820,26.16,1676.45,108.82,546.54,761.92,655.69,646.41,12.34,0,0,0,0,0,1,1,0,0,7.07,0.1,11977.71,%sOxidizer Pressure Confirmation,,
1821,24.72,1676.24,108.82,546.54,761.92,655.69,646.41,12.34,0,0,0,0,0,1,1,0,0,7.07,0.1,11977.74,%sOxidizer Pressure Confirmation,,
1822,31.2,1676.24,108.78,546.51,761.92,655.69,646.41,12.34,0,0,0,0,0,1,1,0,0,7.07,0.1,11977.77,%sOxidizer Pressure Confirmation,,
1823,25.67,1676.24,108.78,546.51,762.02,655.72,646.41,12.34,0,0,0,0,0,1,1,0,0,7.07,0.1,11977.8,%sOxidizer Pressure Confirmation,,
1824,24.13,1676.24,108.78,546.51,762.02,655.72,646.41,12.34,0,0,0,0,0,1,1,0,0,7.07,0.1,11977.82,%sOxidizer Pressure Confirmation,,
1825,33.1,1676.24,108.78,546.51,762.02,655.72,646.41,12.32,0,0,0,0,0,1,1,0,0,7.07,0.11,11977.85,%sOxidizer Pressure Confirmation,,
1826,30.63,1676.31,108.76,546.51,762.02,655.72,646.41,12.32,0,0,0,0,0,1,1,0,0,7.07,0.11,11977.88,%sOxidizer Pressure Confirmation,,
1827,26.2,1676.31,108.76,546.51,762.12,655.59,646.41,12.32,0,0,0,0,0,1,1,0,0,7.07,0.11,11977.91,%sOxidizer Pressure Confirmation,,
1828,28.73,1676.31,108.76,546.51,762.12,655.59,646.38,12.32,0,0,0,0,0,1,1,0,0,7.07,0.11,11977.94,%sOxidizer Pressure Confirmation,,
1829,23.58,1676.31,108.76,546.51,762.12,655.59,646.38,12.38,0,0,0,0,0,1,1,0,0,7.07,0.11,11977.96,%sOxidizer Pressure Confirmation,,
1830,21.85,1676.31,108.76,546.51,762.12,655.59,646.38,12.38,0,0,0,0,0,1,1,0,0,7.07,0.11,11977.98,%sOxidizer Pressure Confirmation,,
1831,26.65,1676.5,108.84,546.48,762.12,655.59,646.38,12.38,0,0,0,0,0,1,1,0,0,7.07,0.11,11978.01,%sOxidizer Pressure Confirmation,,
1832,30.57,1676.5,108.84,546.48,762.15,655.37,646.38,12.38,0,0,0,0,0,1,1,0,0,7.07,0.11,11978.04,%sOxidizer Pressure Confirmation,,
1833,26.31,1676.5,108.84,546.48,762.15,655.37,646.24,12.38,0,0,0,0,0,1,1,0,0,7.07,0.11,11978.07,%sOxidizer Pressure Confirmation,,
1834,24.01,1676.62,108.84,546.48,762.15,655.37,646.24,12.36,0,0,0,0,0,1,1,0,0,7.07,0.12,11978.09,%sOxidizer Pressure Confirmation,,
1835,24.57,1676.62,108.9,546.48,762.15,655.37,646.24,12.36,0,0,0,0,0,1,1,0,0,7.07,0.12,11978.12,%sOxidizer Pressure Confirmation,,
1836,28.15,1676.62,108.9,546.53,762.26,655.37,646.24,12.36,0,0,0,0,0,1,1,0,0,7.07,0.12,11978.14,%sOxidizer Pressure Confirmation,,
1837,22.91,1676.62,108.9,546.53,762.26,655.4,646.25,12.36,0,0,0,0,0,1,1,0,0,7.07,0.12,11978.17,%sOxidizer Pressure Confirmation,,
1838,25.98,1676.62,108.9,546.53,762.26,655.4,646.25,12.38,0,0,0,0,0,1,1,0,0,7.07,0.11,11978.19,%sOxidizer Pressure Confirmation,,
1839,28.66,1676.44,108.95,546.53,762.26,655.4,646.25,12.38,0,0,0,0,0,1,1,0,0,7.07,0.11,11978.22,%sOxidizer Pressure Confirmation,,
1840,25.6,1676.44,108.95,546.56,762.32,655.4,646.25,12.38,0,0,0,0,0,1,1,0,0,7.07,0.11,11978.25,%sOxidizer Pressure Confirmation,,
1841,22.62,1676.44,108.95,546.56,762.32,655.36,646.25,12.31,0,0,0,0,0,1,1,0,0,7.07,0.11,11978.27,%sOxidizer Pressure Confirmation,,
1842,26.06,1676.44,108.95,546.56,762.32,655.36,646.25,12.31,0,0,0,0,0,1,1,0,0,7.07,0.11,11978.3,%sOxidizer Pressure Confirmation,,
1843,28.61,1676.4,108.87,546.56,762.32,655.36,646.25,12.31,0,0,0,0,0,1,1,0,0,7.07,0.11,11978.33,%sOxidizer Pressure Confirmation,,
1844,23.76,1676.4,108.87,546.56,762.44,655.45,646.33,12.31,0,0,0,0,0,1,1,0,0,7.07,0.11,11978.35,%sOxidizer Pressure Confirmation,,
1845,32,1676.4,108.87,546.56,762.44,655.45,646.33,12.37,0,0,0,0,0,1,1,0,0,7.07,0.11,11978.38,%sOxidizer Pressure Confirmation,,
1846,28.7,1676.47,108.87,546.56,762.44,655.45,646.33,12.37,0,0,0,0,0,1,1,0,0,7.07,0.11,11978.41,%sOxidizer Pressure Confirmation,,
1847,26.64,1676.47,108.95,546.58,762.46,655.45,646.33,12.37,0,0,0,0,0,1,1,0,0,7.07,0.11,11978.44,%sOxidizer Pressure Confirmation,,
1848,26.62,1676.47,108.95,546.58,762.46,655.48,646.33,12.37,0,0,0,0,0,1,1,0,0,7.07,0.11,11978.46,%sOxidizer Pressure Confirmation,,
1849,24.49,1676.47,108.95,546.58,762.46,655.48,646.62,12.37,0,0,0,0,0,1,1,0,0,7.07,0.11,11978.49,%sOxidizer Pressure Confirmation,,
1850,27.11,1676.47,108.95,546.58,762.46,655.48,646.62,12.51,0,0,0,0,0,1,1,0,0,7.07,0.11,11978.51,%sOxidizer Pressure Confirmation,,
1851,27.71,1676.39,108.98,546.58,762.46,655.48,646.62,12.51,0,0,0,0,0,1,1,0,0,7.07,0.11,11978.54,%sOxidizer Pressure Confirmation,,
1852,28.13,1676.39,108.98,546.57,762.49,655.48,646.62,12.51,0,0,0,0,0,1,1,0,0,7.07,0.11,11978.57,%sOxidizer Pressure Confirmation,,
1853,26.55,1676.39,108.98,546.57,762.49,655.26,646.7,12.51,0,0,0,0,0,1,1,0,0,7.07,0.11,11978.6,%sOxidizer Pressure Confirmation,,
1854,27.1,1676.39,108.98,546.57,762.49,655.26,646.7,12.61,0,0,0,0,0,1,1,0,0,7.07,0.11,11978.62,%sOxidizer Pressure Confirmation,,
1855,20.48,1676.34,108.92,546.57,762.49,655.26,646.7,12.61,0,0,0,0,0,1,1,0,0,7.07,0.11,11978.64,%sOxidizer Pressure Confirmation,,
1856,23.98,1676.34,108.92,546.62,762.49,655.26,646.7,12.61,0,0,0,0,0,1,1,0,0,7.07,0.11,11978.67,%sOxidizer Pressure Confirmation,,
1857,21.68,1676.34,108.92,546.62,762.52,655.04,646.7,12.61,0,0,0,0,0,1,1,0,0,7.07,0.11,11978.69,%sOxidizer Pressure Confirmation,,
1858,23.04,1676.34,108.92,546.62,762.52,655.04,646.47,12.54,0,0,0,0,0,1,1,0,0,7.07,0.11,11978.71,%sOxidizer Pressure Confirmation,,
1859,26.69,1676.34,108.92,546.62,762.52,655.04,646.47,12.54,0,0,0,0,0,1,1,0,0,7.07,0.11,11978.74,%sOxidizer Pressure Confirmation,,
1860,25.39,1676.2,108.97,546.62,762.52,655.04,646.47,12.54,0,0,0,0,0,1,1,0,0,7.07,0.11,11978.77,%sOxidizer Pressure Confirmation,,
1861,25.31,1676.2,108.97,546.6,762.58,655.04,646.47,12.54,0,0,0,0,0,1,1,0,0,7.07,0.11,11978.79,%sOxidizer Pressure Confirmation,,
1862,21.11,1676.2,108.97,546.6,762.58,655.1,646.46,12.54,0,0,0,0,0,1,1,0,0,7.07,0.11,11978.81,%sOxidizer Pressure Confirmation,,
1863,26.56,1676.55,108.97,546.6,762.58,655.1,646.46,12.5,0,0,0,0,0,1,1,0,0,7.07,0.11,11978.84,%sOxidizer Pressure Confirmation,,
1864,25.68,1676.55,109.06,546.6,762.58,655.1,646.46,12.5,0,0,0,0,0,1,1,0,0,7.07,0.11,11978.86,%sOxidizer Pressure Confirmation,,
1865,25.52,1676.55,109.06,546.62,762.59,655.1,646.46,12.5,0,0,0,0,0,1,1,0,0,7.07,0.11,11978.89,%sOxidizer Pressure Confirmation,,
1866,24.1,1676.55,109.06,546.62,762.59,655.05,646.39,12.5,0,0,0,0,0,1,1,0,0,7.07,0.11,11978.91,%sOxidizer Pressure Confirmation,,
1867,23.63,1676.45,109.08,546.62,762.59,655.05,646.39,12.61,0,0,0,0,0,1,1,0,0,7.07,0.11,11978.94,%sOxidizer Pressure Confirmation,,
1868,31.2,1676.45,109.08,546.58,762.59,655.05,646.39,12.61,0,0,0,0,0,1,1,0,0,7.07,0.11,11978.97,%sOxidizer Pressure Confirmation,,
1869,24.65,1676.45,109.08,546.58,762.58,655,646.39,12.61,0,0,0,0,0,1,1,0,0,7.07,0.11,11978.99,%sOxidizer Pressure Confirmation,,
1870,22.05,1676.45,109.08,546.58,762.58,655,646.37,12.64,0,0,0,0,0,1,1,0,0,7.07,0.11,11979.02,%sOxidizer Pressure Confirmation,,
1871,25.65,1676.37,109.03,546.58,762.58,655,646.37,12.64,0,0,0,0,0,1,1,0,0,7.07,0.11,11979.04,%sOxidizer Pressure Confirmation,,
1872,25.6,1676.37,109.03,546.6,762.68,655,646.37,12.64,0,0,0,0,0,1,1,0,0,7.07,0.11,11979.07,%sOxidizer Pressure Confirmation,,
1873,26.18,1676.37,109.03,546.6,762.68,655.1,646.37,12.64,0,0,0,0,0,1,1,0,0,7.07,0.11,11979.09,%sOxidizer Pressure Confirmation,,
1874,28.36,1676.48,109.03,546.6,762.68,655.1,646.38,12.56,0,0,0,0,0,1,1,0,0,7.07,0.11,11979.12,%sOxidizer Pressure Confirmation,,
1875,23.73,1676.48,109.13,546.6,762.68,655.1,646.38,12.56,0,0,0,0,0,1,1,0,0,7.07,0.11,11979.14,%sOxidizer Pressure Confirmation,,
1876,27.52,1676.48,109.13,546.56,762.64,654.87,646.38,12.56,0,0,0,0,0,1,1,0,0,7.07,0.11,11979.17,%sOxidizer Pressure Confirmation,,
1877,26.63,1676.48,109.13,546.56,762.64,654.87,646.13,12.64,0,0,0,0,0,1,1,0,0,7.07,0.12,11979.2,%sOxidizer Pressure Confirmation,,
1878,27.7,1676.57,109.11,546.56,762.64,654.87,646.13,12.64,0,0,0,0,0,1,1,0,0,7.07,0.12,11979.23,%sOxidizer Pressure Confirmation,,
1879,29.92,1676.57,109.11,546.52,762.64,654.87,646.13,12.64,0,0,0,0,0,1,1,0,0,7.07,0.12,11979.26,%sOxidizer Pressure Confirmation,,
1880,23.83,1676.57,109.11,546.52,762.7,654.9,646.13,12.69,0,0,0,0,0,1,1,0,0,7.07,0.12,11979.28,%sOxidizer Pressure Confirmation,,
1881,27.3,1676.57,109.11,546.52,762.7,654.9,646.13,12.69,0,0,0,0,0,1,1,0,0,7.07,0.12,11979.31,%sOxidizer Pressure Confirmation,,
1882,23.1,1676.7,109.22,546.52,762.7,654.9,646.13,12.69,0,0,0,0,0,1,1,0,0,7.07,0.12,11979.33,%sOxidizer Pressure Confirmation,,
1883,27.39,1676.7,109.22,546.5,762.74,654.9,646.13,12.69,0,0,0,0,0,1,1,0,0,7.07,0.12,11979.36,%sOxidizer Pressure Confirmation,,
1884,23.1,1676.7,109.22,546.5,762.74,654.84,645.98,12.66,0,0,0,0,0,1,1,0,0,7.07,0.11,11979.38,%sOxidizer Pressure Confirmation,,
1885,29.89,1676.64,109.22,546.5,762.74,654.84,645.98,12.66,0,0,0,0,0,1,1,0,0,7.07,0.11,11979.41,%sOxidizer Pressure Confirmation,,
1886,27.76,1676.64,109.14,546.51,762.82,654.97,645.98,12.66,0,0,0,0,0,1,1,0,0,7.07,0.11,11979.44,%sOxidizer Pressure Confirmation,,
1887,24.82,1676.64,109.14,546.51,762.82,654.97,645.85,12.65,0,0,0,0,0,1,1,0,0,7.07,0.11,11979.46,%sOxidizer Pressure Confirmation,,
1888,26.76,1676.64,109.14,546.51,762.82,654.97,645.85,12.65,0,0,0,0,0,1,1,0,0,7.07,0.12,11979.49,%sOxidizer Pressure Confirmation,,
1889,28.44,1676.75,109.14,546.5,762.85,654.97,645.85,12.65,0,0,0,0,0,1,1,0,0,7.07,0.12,11979.52,%sOxidizer Pressure Confirmation,,
1890,33.71,1676.75,109.14,546.5,762.85,655.04,645.65,12.65,0,0,0,0,0,1,1,0,0,7.07,0.12,11979.55,%sOxidizer Pressure Confirmation,,
1891,26.76,1676.75,109.14,546.5,762.85,655.04,645.65,12.64,0,0,0,0,0,1,1,0,0,7.07,0.12,11979.58,%sOxidizer Pressure Confirmation,,
1892,23.23,1676.93,109.25,546.49,762.85,655.04,645.65,12.64,0,0,0,0,0,1,1,0,0,7.07,0.12,11979.6,%sOxidizer Pressure Confirmation,,
1893,26.77,1676.93,109.25,546.49,762.87,655.15,645.65,12.64,0,0,0,0,0,1,1,0,0,7.07,0.12,11979.63,%sOxidizer Pressure Confirmation,,
1894,27.51,1676.93,109.25,546.49,762.87,655.15,645.74,12.64,0,0,0,0,0,1,1,0,0,7.07,0.12,11979.66,%sOxidizer Pressure Confirmation,,
1895,23.11,1676.93,109.25,546.49,762.87,655.15,645.74,12.66,0,0,0,0,0,1,1,0,0,7.07,0.11,11979.68,%sOxidizer Pressure Confirmation,,
1896,24.12,1677,109.28,546.53,762.87,655.15,645.74,12.66,0,0,0,0,0,1,1,0,0,7.07,0.11,11979.7,%sOxidizer Pressure Confirmation,,
1897,26.76,1677,109.28,546.53,762.88,655.12,645.69,12.66,0,0,0,0,0,1,1,0,0,7.07,0.11,11979.73,%sOxidizer Pressure Confirmation,,
1898,23.72,1677,109.28,546.53,762.88,655.12,645.69,12.64,0,0,0,0,0,1,1,0,0,7.07,0.11,11979.75,%sOxidizer Pressure Confirmation,,
1899,27.67,1676.72,109.28,546.53,762.88,655.12,645.69,12.64,0,0,0,0,0,1,1,0,0,7.07,0.11,11979.78,%sOxidizer Pressure Confirmation,,
1900,22.23,1676.72,109.2,546.55,762.88,655.12,645.69,12.64,0,0,0,0,0,1,1,0,0,7.07,0.11,11979.8,%sOxidizer Pressure Confirmation,,
1901,24.77,1676.72,109.2,546.55,762.91,655.22,645.68,12.62,0,0,0,0,0,1,1,0,0,7.07,0.11,11979.83,%sOxidizer Pressure Confirmation,,
1902,29.18,1676.72,109.2,546.55,762.91,655.22,645.68,12.62,0,0,0,0,0,1,1,0,0,7.08,0.11,11979.86,%sOxidizer Pressure Confirmation,,
1903,23.85,1676.75,109.13,546.55,762.91,655.22,645.68,12.62,0,0,0,0,0,1,1,0,0,7.08,0.11,11979.88,%sOxidizer Pressure Confirmation,,
1904,25.66,1676.75,109.13,546.52,762.89,655.22,645.68,12.62,0,0,0,0,0,1,1,0,0,7.08,0.11,11979.91,%sOxidizer Pressure Confirmation,,
1905,23.98,1676.75,109.13,546.52,762.89,655.12,645.61,12.68,0,0,0,0,0,1,1,0,0,7.08,0.11,11979.93,%sOxidizer Pressure Confirmation,,
1906,26.97,1676.89,109.13,546.52,762.89,655.12,645.61,12.68,0,0,0,0,0,1,1,0,0,7.08,0.11,11979.96,%sOxidizer Pressure Confirmation,,
1907,27.52,1676.89,109.12,546.5,762.89,655.12,645.61,12.68,0,0,0,0,0,1,1,0,0,7.08,0.11,11979.99,%sOxidizer Pressure Confirmation,,
1908,20.28,1676.89,109.12,546.5,762.86,654.9,645.61,12.68,0,0,0,0,0,1,1,0,0,7.08,0.11,11980.01,%sOxidizer Pressure Confirmation,,
1909,25.14,1676.89,109.12,546.5,762.86,654.9,645.49,12.82,0,0,0,0,0,1,1,0,0,7.07,0.11,11980.03,%sOxidizer Pressure Confirmation,,
1910,28.2,1676.67,109.04,546.5,762.86,654.9,645.49,12.82,0,0,0,0,0,1,1,0,0,7.07,0.11,11980.06,%sOxidizer Pressure Confirmation,,
1911,22.16,1676.67,109.04,546.51,762.89,654.91,645.49,12.82,0,0,0,0,0,1,1,0,0,7.07,0.11,11980.08,%sOxidizer Pressure Confirmation,,
1912,26.77,1676.67,109.04,546.51,762.89,654.91,645.53,12.82,0,0,0,0,0,1,1,0,0,7.07,0.11,11980.11,%sOxidizer Pressure Confirmation,,
1913,23.09,1676.76,109.02,546.51,762.89,654.91,645.53,12.72,0,0,0,0,0,1,1,0,0,7.07,0.11,11980.13,%sOxidizer Pressure Confirmation,,
1914,27.8,1676.76,109.02,546.48,762.85,654.91,645.53,12.72,0,0,0,0,0,1,1,0,0,7.07,0.11,11980.16,%sOxidizer Pressure Confirmation,,
1915,26.61,1676.76,109.02,546.48,762.85,654.82,645.36,12.72,0,0,0,0,0,1,1,0,0,7.07,0.11,11980.19,%sOxidizer Pressure Confirmation,,
1916,21.17,1676.76,109.02,546.48,762.85,654.82,645.36,12.8,0,0,0,0,0,1,1,0,0,7.07,0.12,11980.21,%sOxidizer Pressure Confirmation,,
1917,23.17,1676.81,108.88,546.48,762.85,654.82,645.36,12.8,0,0,0,0,0,1,1,0,0,7.07,0.12,11980.23,%sOxidizer Pressure Confirmation,,
1918,26.1,1676.81,108.88,546.49,762.82,654.72,645.48,12.8,0,0,0,0,0,1,1,0,0,7.07,0.12,11980.26,%sOxidizer Pressure Confirmation,,
1919,29.82,1676.81,108.88,546.49,762.82,654.72,645.48,12.95,0,0,0,0,0,1,1,0,0,7.07,0.12,11980.29,%sOxidizer Pressure Confirmation,,
1920,24.74,1676.81,108.88,546.49,762.82,654.72,645.48,12.95,0,0,0,0,0,1,1,0,0,7.07,0.12,11980.31,%sOxidizer Pressure Confirmation,,
1921,21.19,1676.82,108.88,546.49,762.82,654.72,645.48,12.95,0,0,0,0,0,1,1,0,0,7.07,0.12,11980.33,%sOxidizer Pressure Confirmation,,
1922,28.13,1676.82,108.85,546.47,762.86,654.61,645.48,12.95,0,0,0,0,0,1,1,0,0,7.07,0.12,11980.36,%sOxidizer Pressure Confirmation,,
1923,22.12,1676.82,108.85,546.47,762.86,654.61,645.51,13,0,0,0,0,0,1,1,0,0,7.07,0.12,11980.38,%sOxidizer Pressure Confirmation,,
1924,24.6,1676.82,108.85,546.47,762.86,654.61,645.51,13,0,0,0,0,0,1,1,0,0,7.08,0.12,11980.41,%sOxidizer Pressure Confirmation,,
1925,23.68,1676.69,108.8,546.47,762.86,654.61,645.51,13,0,0,0,0,0,1,1,0,0,7.08,0.12,11980.43,%sOxidizer Pressure Confirmation,,
1926,25.72,1676.69,108.8,546.44,762.86,654.61,645.51,13,0,0,0,0,0,1,1,0,0,7.08,0.12,11980.46,%sOxidizer Pressure Confirmation,,
1927,24.05,1676.69,108.8,546.44,762.81,654.48,645.65,13.1,0,0,0,0,0,1,1,0,0,7.08,0.12,11980.48,%sOxidizer Pressure Confirmation,,
1928,25.58,1676.66,108.8,546.44,762.81,654.48,645.65,13.1,0,0,0,0,0,1,1,0,0,7.07,0.12,11980.51,%sOxidizer Pressure Confirmation,,
1929,23.2,1676.66,108.7,546.44,762.81,654.48,645.65,13.1,0,0,0,0,0,1,1,0,0,7.07,0.12,11980.53,%sOxidizer Pressure Confirmation,,
1930,26.73,1676.66,108.7,546.44,762.83,654.41,645.65,13.1,0,0,0,0,0,1,1,0,0,7.07,0.12,11980.56,%sOxidizer Pressure Confirmation,,
1931,23.12,1676.66,108.7,546.44,762.83,654.41,645.54,13.2,0,0,0,0,0,1,1,0,0,7.07,0.13,11980.58,%sOxidizer Pressure Confirmation,,
1932,27.74,1676.62,108.65,546.44,762.83,654.41,645.54,13.2,0,0,0,0,0,1,1,0,0,7.07,0.13,11980.61,%sOxidizer Pressure Confirmation,,
1933,26.96,1676.62,108.65,546.41,762.83,654.41,645.54,13.2,0,0,0,0,0,1,1,0,0,7.07,0.13,11980.63,%sOxidizer Pressure Confirmation,,
1934,24.02,1676.62,108.65,546.41,762.87,654.42,645.69,13.2,0,0,0,0,0,1,1,0,0,7.07,0.13,11980.66,%sOxidizer Pressure Confirmation,,
1935,23,1676.61,108.65,546.41,762.87,654.42,645.69,13.32,0,0,0,0,0,1,1,0,0,7.07,0.13,11980.68,%sOxidizer Pressure Confirmation,,
1936,25.58,1676.61,108.65,546.43,762.92,654.42,645.69,13.32,0,0,0,0,0,1,1,0,0,7.07,0.13,11980.71,%sOxidizer Pressure Confirmation,,
1937,21.83,1676.61,108.65,546.43,762.92,654.54,645.69,13.32,0,0,0,0,0,1,1,0,0,7.07,0.13,11980.73,%sOxidizer Pressure Confirmation,,
1938,25.61,1676.61,108.65,546.43,762.92,654.54,645.75,13.25,0,0,0,0,0,1,1,0,0,7.07,0.12,11980.75,%sOxidizer Pressure Confirmation,,
1939,26.59,1676.63,108.76,546.43,762.92,654.54,645.75,13.25,0,0,0,0,0,1,1,0,0,7.07,0.12,11980.78,%sOxidizer Pressure Confirmation,,
1940,25.62,1676.63,108.76,546.46,762.95,654.54,645.75,13.25,0,0,0,0,0,1,1,0,0,7.07,0.12,11980.81,%sOxidizer Pressure Confirmation,,
1941,25.05,1676.63,108.76,546.46,762.95,654.6,645.59,13.25,0,0,0,0,0,1,1,0,0,7.07,0.12,11980.83,%sOxidizer Pressure Confirmation,,
1942,22.3,1676.63,108.76,546.46,762.95,654.6,645.59,13.15,0,0,0,0,0,1,1,0,0,7.07,0.12,11980.85,%sOxidizer Pressure Confirmation,,
1943,22.69,1676.63,108.76,546.46,762.95,654.6,645.59,13.15,0,0,0,0,0,1,1,0,0,7.07,0.12,11980.88,%sOxidizer Pressure Confirmation,,
1944,26.27,1676.54,108.84,546.47,763,654.59,645.59,13.15,0,0,0,0,0,1,1,0,0,7.07,0.12,11980.9,%sOxidizer Pressure Confirmation,,
1945,24.82,1676.54,108.84,546.47,763,654.59,645.53,12.97,0,0,0,0,0,1,1,0,0,7.07,0.12,11980.93,%sOxidizer Pressure Confirmation,,
1946,28.72,1676.76,108.84,546.47,763,654.59,645.53,12.97,0,0,0,0,0,1,1,0,0,7.07,0.12,11980.96,%sOxidizer Pressure Confirmation,,
1947,25.47,1676.76,108.9,546.5,763.03,654.59,645.53,12.97,0,0,0,0,0,1,1,0,0,7.07,0.12,11980.98,%sOxidizer Pressure Confirmation,,
1948,23.09,1676.76,108.9,546.5,763.03,654.55,645.6,12.93,0,0,0,0,0,1,1,0,0,7.07,0.12,11981,%sOxidizer Pressure Confirmation,,
1949,24.84,1676.77,109,546.5,763.03,654.55,645.6,12.93,0,0,0,0,0,1,1,0,0,7.08,0.12,11981.03,%sOxidizer Pressure Confirmation,,
1950,28.44,1676.77,109,546.5,763.05,654.56,645.71,12.93,0,0,0,0,0,1,1,0,0,7.08,0.12,11981.06,%sOxidizer Pressure Confirmation,,
1951,22.16,1676.77,109,546.5,763.05,654.56,645.71,12.93,0,0,0,0,0,1,1,0,0,7.08,0.12,11981.08,%sOxidizer Pressure Confirmation,,
1952,26.05,1676.67,109.07,546.5,763.05,654.56,645.71,12.8,0,0,0,0,0,1,1,0,0,7.07,0.12,11981.11,%sOxidizer Pressure Confirmation,,
1953,25.72,1676.67,109.07,546.54,763.1,654.67,645.71,12.8,0,0,0,0,0,1,1,0,0,7.07,0.12,11981.13,%sOxidizer Pressure Confirmation,,
1954,20.99,1676.67,109.07,546.54,763.1,654.67,645.54,12.8,0,0,0,0,0,1,1,0,0,7.07,0.12,11981.15,%sOxidizer Pressure Confirmation,,
1955,23.58,1676.67,109.07,546.54,763.1,654.67,645.54,12.65,0,0,0,0,0,1,1,0,0,7.07,0.11,11981.18,%sOxidizer Pressure Confirmation,,
1956,23.19,1676.72,109.12,546.54,763.1,654.67,645.54,12.65,0,0,0,0,0,1,1,0,0,7.07,0.11,11981.2,%sOxidizer Pressure Confirmation,,
1957,25.31,1676.72,109.12,546.61,763.12,654.56,645.54,12.65,0,0,0,0,0,1,1,0,0,7.07,0.11,11981.23,%sOxidizer Pressure Confirmation,,
1958,31.71,1676.72,109.12,546.61,763.12,654.56,645.47,12.47,0,0,0,0,0,1,1,0,0,7.07,0.11,11981.26,%sOxidizer Pressure Confirmation,,
1959,25.27,1676.92,109.21,546.61,763.12,654.56,645.47,12.47,0,0,0,0,0,1,1,0,0,7.07,0.11,11981.28,%sOxidizer Pressure Confirmation,,
1960,24.42,1676.92,109.21,546.69,763.26,654.56,645.47,12.47,0,0,0,0,0,1,1,0,0,7.07,0.11,11981.31,%sOxidizer Pressure Confirmation,,
1961,23.21,1676.92,109.21,546.69,763.26,654.52,645.28,12.26,0,0,0,0,0,1,1,0,0,7.07,0.1,11981.33,%sOxidizer Pressure Confirmation,,
1962,28.26,1676.85,109.25,546.69,763.26,654.52,645.28,12.26,0,0,0,0,0,1,1,0,0,7.07,0.1,11981.36,%sOxidizer Pressure Confirmation,,
1963,25.06,1676.85,109.25,546.68,763.26,654.52,645.28,12.26,0,0,0,0,0,1,1,0,0,7.07,0.1,11981.38,%sOxidizer Pressure Confirmation,,
1964,24.98,1676.85,109.25,546.68,763.37,654.65,645.31,12.26,0,0,0,0,0,1,1,0,0,7.07,0.1,11981.41,%sOxidizer Pressure Confirmation,,
1965,24.01,1676.8,109.25,546.68,763.37,654.65,645.31,12.22,0,0,0,0,0,1,1,0,0,7.07,0.1,11981.43,%sOxidizer Pressure Confirmation,,
1966,28.32,1676.8,109.25,546.65,763.44,654.65,645.31,12.22,0,0,0,0,0,1,1,0,0,7.07,0.1,11981.46,%sOxidizer Pressure Confirmation,,
1967,23.78,1676.8,109.25,546.65,763.44,654.64,645.15,12.22,0,0,0,0,0,1,1,0,0,7.07,0.1,11981.48,%sOxidizer Pressure Confirmation,,
1968,25.82,1677.01,109.2,546.65,763.44,654.64,645.15,12.18,0,0,0,0,0,1,1,0,0,7.07,0.1,11981.51,%sOxidizer Pressure Confirmation,,
1969,28.73,1677.01,109.2,546.64,763.4,654.64,645.15,12.18,0,0,0,0,0,1,1,0,0,7.07,0.1,11981.54,%sOxidizer Pressure Confirmation,,
1970,24.45,1677.01,109.2,546.64,763.4,654.46,645.16,12.14,0,0,0,0,0,1,1,0,0,7.07,0.1,11981.56,%sOxidizer Pressure Confirmation,,
1971,23.6,1677.01,109.2,546.64,763.4,654.46,645.16,12.14,0,0,0,0,0,1,1,0,0,7.07,0.1,11981.59,%sOxidizer Pressure Confirmation,,
1972,26.22,1676.95,109.13,546.68,763.4,654.46,645.16,12.14,0,0,0,0,0,1,1,0,0,7.07,0.1,11981.61,%sOxidizer Pressure Confirmation,,
1973,26.66,1676.95,109.13,546.68,763.5,654.56,645.29,12.14,0,0,0,0,0,1,1,0,0,7.07,0.1,11981.64,%sOxidizer Pressure Confirmation,,
1974,24.74,1676.95,109.13,546.68,763.5,654.56,645.29,12.21,0,0,0,0,0,1,1,0,0,7.07,0.1,11981.66,%sOxidizer Pressure Confirmation,,
1975,25.76,1676.99,109.08,546.7,763.58,654.56,645.29,12.21,0,0,0,0,0,1,1,0,0,7.07,0.1,11981.69,%sOxidizer Pressure Confirmation,,
1976,27.58,1676.99,109.08,546.7,763.58,654.75,645.45,12.21,0,0,0,0,0,1,1,0,0,7.07,0.1,11981.72,%sOxidizer Pressure Confirmation,,
1977,22.31,1676.99,109.08,546.7,763.58,654.75,645.45,12.27,0,0,0,0,0,1,1,0,0,7.07,0.1,11981.74,%sOxidizer Pressure Confirmation,,
1978,25.54,1676.99,109.08,546.7,763.58,654.75,645.45,12.27,0,0,0,0,0,1,1,0,0,7.07,0.1,11981.77,%sOxidizer Pressure Confirmation,,
1979,24.7,1677.04,108.94,546.62,763.58,654.75,645.45,12.27,0,0,0,0,0,1,1,0,0,7.07,0.1,11981.79,%sOxidizer Pressure Confirmation,,
1980,27.8,1677.04,108.94,546.62,763.58,654.75,645.45,12.39,0,0,0,0,0,1,1,0,0,7.07,0.1,11981.82,%sOxidizer Pressure Confirmation,,
1981,24.93,1676.95,108.94,546.62,763.58,654.75,645.45,12.39,0,0,0,0,0,1,1,0,0,7.07,0.1,11981.84,%sOxidizer Pressure Confirmation,,
1982,24.42,1676.95,108.81,546.63,763.58,654.75,645.45,12.39,0,0,0,0,0,1,1,0,0,7.07,0.1,11981.87,%sOxidizer Pressure Confirmation,,
1983,27.01,1676.95,108.81,546.63,763.66,654.68,645.37,12.5,0,0,0,0,0,1,1,0,0,7.07,0.09,11981.89,%sOxidizer Pressure Confirmation,,
1984,23.5,1677.04,108.81,546.63,763.66,654.68,645.37,12.5,0,0,0,0,0,1,1,0,0,7.07,0.09,11981.92,%sOxidizer Pressure Confirmation,,
1985,26.28,1677.04,108.81,546.58,763.75,654.56,645.37,12.5,0,0,0,0,0,1,1,0,0,7.07,0.09,11981.94,%sOxidizer Pressure Confirmation,,
1986,22.47,1677.04,108.81,546.58,763.75,654.56,645.5,12.5,0,0,0,0,0,1,1,0,0,7.07,0.09,11981.97,%sOxidizer Pressure Confirmation,,
1987,24.65,1677.07,108.8,546.58,763.75,654.56,645.5,12.57,0,0,0,0,0,1,1,0,0,7.07,0.1,11981.99,%sOxidizer Pressure Confirmation,,
1988,28.29,1677.07,108.8,546.51,763.75,654.56,645.5,12.57,0,0,0,0,0,1,1,0,0,7.07,0.1,11982.02,%sOxidizer Pressure Confirmation,,
1989,25.96,1677.07,108.8,546.51,763.78,654.64,645.5,12.57,0,0,0,0,0,1,1,0,0,7.07,0.1,11982.05,%sOxidizer Pressure Confirmation,,
1990,22.23,1677.07,108.8,546.51,763.78,654.64,645.54,12.65,0,0,0,0,0,1,1,0,0,7.07,0.1,11982.07,%sOxidizer Pressure Confirmation,,
1991,25.01,1676.92,108.7,546.51,763.78,654.64,645.54,12.65,0,0,0,0,0,1,1,0,0,7.07,0.1,11982.09,%sOxidizer Pressure Confirmation,,
1992,23.72,1676.92,108.7,546.5,763.79,654.88,645.54,12.65,0,0,0,0,0,1,1,0,0,7.07,0.1,11982.12,%sOxidizer Pressure Confirmation,,
1993,27.24,1676.92,108.7,546.5,763.79,654.88,645.73,12.64,0,0,0,0,0,1,1,0,0,7.07,0.1,11982.14,%sOxidizer Pressure Confirmation,,
1994,21.77,1676.92,108.7,546.5,763.79,654.88,645.73,12.64,0,0,0,0,0,1,1,0,0,7.07,0.1,11982.17,%sOxidizer Pressure Confirmation,,
1995,25.59,1676.92,108.69,546.51,763.71,654.88,645.73,12.64,0,0,0,0,0,1,1,0,0,7.07,0.1,11982.19,%sOxidizer Pressure Confirmation,,
1996,23.91,1676.92,108.69,546.51,763.71,654.72,645.77,12.58,0,0,0,0,0,1,1,0,0,7.07,0.1,11982.22,%sOxidizer Pressure Confirmation,,
1997,24.56,1677.02,108.69,546.51,763.71,654.72,645.77,12.58,0,0,0,0,0,1,1,0,0,7.07,0.1,11982.24,%sOxidizer Pressure Confirmation,,
1998,26.95,1677.02,108.68,546.52,763.71,654.72,645.77,12.58,0,0,0,0,0,1,1,0,0,7.07,0.1,11982.27,%sOxidizer Pressure Confirmation,,
1999,25.85,1677.02,108.68,546.52,763.6,654.65,645.77,12.58,0,0,0,0,0,1,1,0,0,7.07,0.1,11982.29,%sOxidizer Pressure Confirmation,,
2000,24.19,1676.86,108.73,546.52,763.6,654.65,645.86,12.59,0,0,0,0,0,1,1,0,0,7.07,0.1,11982.32,%sOxidizer Pressure Confirmation,,
2001,25.9,1676.86,108.73,546.52,763.65,654.65,645.86,12.59,0,0,0,0,0,1,1,0,0,7.07,0.1,11982.34,%sOxidizer Pressure Confirmation,,
2002,25.36,1676.86,108.73,546.52,763.65,654.49,645.63,12.59,0,0,0,0,0,1,1,0,0,7.07,0.1,11982.37,%sOxidizer Pressure Confirmation,,
2003,26.21,1676.86,108.73,546.52,763.65,654.49,645.63,12.71,0,0,0,0,0,1,1,0,0,7.07,0.11,11982.39,%sOxidizer Pressure Confirmation,,
2004,23.71,1677.01,108.79,546.46,763.59,654.49,645.63,12.71,0,0,0,0,0,1,1,0,0,7.08,0.11,11982.42,%sOxidizer Pressure Confirmation,,
2005,24.16,1677.01,108.79,546.46,763.59,654.33,645.66,12.71,0,0,0,0,0,1,1,0,0,7.08,0.11,11982.44,%sOxidizer Pressure Confirmation,,
2006,25.32,1677.01,108.79,546.46,763.59,654.33,645.66,12.75,0,0,0,0,0,1,1,0,0,7.08,0.11,11982.47,%sOxidizer Pressure Confirmation,,
2007,21.65,1676.92,108.83,546.46,763.59,654.33,645.66,12.75,0,0,0,0,0,1,1,0,0,7.07,0.11,11982.49,%sOxidizer Pressure Confirmation,,
2008,26.24,1676.92,108.83,546.48,763.59,654.33,645.66,12.75,0,0,0,0,0,1,1,0,0,7.07,0.11,11982.52,%sOxidizer Pressure Confirmation,,
2009,23.67,1676.92,108.83,546.48,763.61,654.26,645.56,12.73,0,0,0,0,0,1,1,0,0,7.07,0.11,11982.54,%sOxidizer Pressure Confirmation,,
2010,27.64,1676.79,108.83,546.48,763.61,654.26,645.56,12.73,0,0,0,0,0,1,1,0,0,7.07,0.11,11982.57,%sOxidizer Pressure Confirmation,,
2011,28.18,1676.79,108.88,546.48,763.61,654.26,645.56,12.73,0,0,0,0,0,1,1,0,0,7.07,0.11,11982.59,%sOxidizer Pressure Confirmation,,
2012,26.63,1676.79,108.88,546.57,763.73,654.58,645.56,12.73,0,0,0,0,0,1,1,0,0,7.07,0.11,11982.62,%sOxidizer Pressure Confirmation,,
2013,26.56,1676.79,108.88,546.57,763.73,654.58,645.64,12.68,0,0,0,0,0,1,1,0,0,7.07,0.11,11982.65,%sOxidizer Pressure Confirmation,,
2014,25.59,1676.67,108.88,546.57,763.73,654.58,645.64,12.68,0,0,0,0,0,1,1,0,0,7.07,0.11,11982.67,%sOxidizer Pressure Confirmation,,
2015,27.66,1676.67,108.89,546.57,763.73,654.58,645.64,12.68,0,0,0,0,0,1,1,0,0,7.07,0.11,11982.7,%sOxidizer Pressure Confirmation,,
2016,29.72,1676.67,108.89,546.58,763.76,654.76,645.64,12.68,0,0,0,0,0,1,1,0,0,7.07,0.11,11982.73,%sOxidizer Pressure Confirmation,,
2017,24.71,1676.67,108.89,546.58,763.76,654.76,645.73,12.68,0,0,0,0,0,1,1,0,0,7.07,0.11,11982.76,%sOxidizer Pressure Confirmation,,
2018,26.69,1676.67,108.89,546.58,763.76,654.76,645.73,12.55,0,0,0,0,0,1,1,0,0,7.07,0.11,11982.78,%sOxidizer Pressure Confirmation,,
2019,25.67,1676.59,108.89,546.58,763.76,654.76,645.73,12.55,0,0,0,0,0,1,1,0,0,7.07,0.11,11982.81,%sOxidizer Pressure Confirmation,,
2020,26.26,1676.59,108.88,546.58,763.76,654.76,645.73,12.55,0,0,0,0,0,1,1,0,0,7.07,0.11,11982.83,%sOxidizer Pressure Confirmation,,
2021,32.62,1676.59,108.88,546.57,763.72,654.68,645.73,12.55,0,0,0,0,0,1,1,0,0,7.07,0.11,11982.87,%sOxidizer Pressure Confirmation,,
2022,25.11,1676.59,108.88,546.57,763.72,654.68,645.55,12.51,0,0,0,0,0,1,1,0,0,7.07,0.11,11982.89,%sOxidizer Pressure Confirmation,,
2023,24.91,1676.59,108.88,546.57,763.72,654.68,645.55,12.51,0,0,0,0,0,1,1,0,0,7.07,0.11,11982.92,%sOxidizer Pressure Confirmation,,
2024,24.59,1676.63,108.88,546.57,763.72,654.68,645.55,12.51,0,0,0,0,0,1,1,0,0,7.07,0.11,11982.94,%sOxidizer Pressure Confirmation,,
2025,22.13,1676.63,108.84,546.57,763.72,654.68,645.55,12.51,0,0,0,0,0,1,1,0,0,7.07,0.11,11982.96,%sOxidizer Pressure Confirmation,,
2026,24.69,1676.63,108.84,546.57,763.68,654.68,645.55,12.51,0,0,0,0,0,1,1,0,0,7.07,0.11,11982.99,%sOxidizer Pressure Confirmation,,
2027,26.09,1676.63,108.84,546.57,763.68,654.55,645.55,12.51,0,0,0,0,0,1,1,0,0,7.07,0.11,11983.01,%sOxidizer Pressure Confirmation,,
2028,23.67,1676.63,108.84,546.57,763.68,654.55,645.48,12.51,0,0,0,0,0,1,1,0,0,7.07,0.11,11983.04,%sOxidizer Pressure Confirmation,,
2029,37.29,1676.63,108.84,546.57,763.68,654.55,645.48,12.51,0,0,0,0,0,1,1,0,0,7.07,0.11,11983.08,%sOxidizer Pressure Confirmation,,
2030,27.71,1676.81,108.84,546.57,763.68,654.55,645.48,12.51,0,0,0,0,0,1,1,0,0,7.07,0.11,11983.1,%sOxidizer Pressure Confirmation,,
2031,27.01,1676.81,108.94,546.55,763.67,654.55,645.48,12.51,0,0,0,0,0,1,1,0,0,7.07,0.11,11983.13,%sOxidizer Pressure Confirmation,,
2032,25,1676.81,108.94,546.55,763.67,654.46,645.48,12.51,0,0,0,0,0,1,1,0,0,7.07,0.11,11983.16,%sOxidizer Pressure Confirmation,,
2033,28.73,1676.81,108.94,546.55,763.67,654.46,645.48,12.53,0,0,0,0,0,1,1,0,0,7.07,0.11,11983.18,%sOxidizer Pressure Confirmation,,
2034,27.63,1676.78,108.94,546.55,763.67,654.46,645.48,12.53,0,0,0,0,0,1,1,0,0,7.07,0.11,11983.21,%sOxidizer Pressure Confirmation,,
2035,28.75,1676.78,108.97,546.55,763.67,654.46,645.48,12.53,0,0,0,0,0,1,1,0,0,7.07,0.11,11983.24,%sOxidizer Pressure Confirmation,,
2036,34.33,1676.78,108.97,546.56,763.67,654.46,645.48,12.53,0,0,0,0,0,1,1,0,0,7.07,0.11,11983.27,%sOxidizer Pressure Confirmation,,
2037,29.6,1676.78,108.97,546.56,763.71,654.46,645.48,12.53,0,0,0,0,0,1,1,0,0,7.07,0.11,11983.3,%sOxidizer Pressure Confirmation,,
2038,31.75,1676.78,108.97,546.56,763.71,654.39,645.43,12.53,0,0,0,0,0,1,1,0,0,7.07,0.11,11983.34,%sOxidizer Pressure Confirmation,,
2039,30.89,1676.78,108.97,546.56,763.71,654.39,645.43,12.5,0,0,0,0,0,1,1,0,0,7.07,0.11,11983.37,%sOxidizer Pressure Confirmation,,
2040,27.68,1676.77,108.97,546.56,763.71,654.39,645.43,12.5,0,0,0,0,0,1,1,0,0,7.07,0.11,11983.39,%sOxidizer Pressure Confirmation,,
2041,34.3,1676.77,108.94,546.56,763.71,654.39,645.43,12.5,0,0,0,0,0,1,1,0,0,7.07,0.11,11983.43,%sOxidizer Pressure Confirmation,,
2042,35.4,1676.77,108.94,546.6,763.71,654.39,645.43,12.5,0,0,0,0,0,1,1,0,0,7.07,0.11,11983.46,%sOxidizer Pressure Confirmation,,
2043,27.67,1676.77,108.94,546.6,763.83,654.53,645.43,12.5,0,0,0,0,0,1,1,0,0,7.07,0.11,11983.49,%sOxidizer Pressure Confirmation,,
2044,36.26,1676.77,108.94,546.6,763.83,654.53,645.42,12.5,0,0,0,0,0,1,1,0,0,7.07,0.11,11983.53,%sOxidizer Pressure Confirmation,,
2045,26.03,1676.77,108.94,546.6,763.83,654.53,645.42,12.49,0,0,0,0,0,1,1,0,0,7.07,0.11,11983.55,%sOxidizer Pressure Confirmation,,
2046,34,1676.77,108.94,546.6,763.83,654.53,645.42,12.49,0,0,0,0,0,1,1,0,0,7.07,0.11,11983.59,%sOxidizer Pressure Confirmation,,
2047,25.11,1676.78,108.95,546.63,763.83,654.53,645.42,12.49,0,0,0,0,0,1,1,0,0,7.07,0.11,11983.61,%sOxidizer Pressure Confirmation,,
2048,33.74,1676.78,108.95,546.63,763.83,654.53,645.42,12.49,0,0,0,0,0,1,1,0,0,7.07,0.11,11983.65,%sOxidizer Pressure Confirmation,,
2049,27.66,1676.78,108.95,546.63,763.9,654.55,645.42,12.49,0,0,0,0,0,1,1,0,0,7.07,0.11,11983.67,%sOxidizer Pressure Confirmation,,
2050,32.16,1676.78,108.95,546.63,763.9,654.55,645.44,12.5,0,0,0,0,0,1,1,0,0,7.07,0.11,11983.71,%sOxidizer Pressure Confirmation,,
2051,26.05,1676.79,108.95,546.63,763.9,654.55,645.44,12.5,0,0,0,0,0,1,1,0,0,7.07,0.11,11983.73,%sOxidizer Pressure Confirmation,,
2052,27.2,1676.79,108.98,546.63,763.9,654.55,645.44,12.5,0,0,0,0,0,1,1,0,0,7.07,0.11,11983.76,%sOxidizer Pressure Confirmation,,
2053,25.79,1676.79,108.98,546.67,763.9,654.55,645.44,12.5,0,0,0,0,0,1,1,0,0,7.07,0.11,11983.79,%sOxidizer Pressure Confirmation,,
2054,29.68,1676.79,108.98,546.67,763.94,654.73,645.44,12.5,0,0,0,0,0,1,1,0,0,7.07,0.11,11983.82,%sOxidizer Pressure Confirmation,,
2055,24.67,1676.79,108.98,546.67,763.94,654.73,645.45,12.5,0,0,0,0,0,1,1,0,0,7.07,0.11,11983.84,%sOxidizer Pressure Confirmation,,
2056,24.52,1676.79,108.98,546.67,763.94,654.73,645.45,12.47,0,0,0,0,0,1,1,0,0,7.07,0.11,11983.86,%sOxidizer Pressure Confirmation,,
2057,28.26,1676.81,108.9,546.67,763.94,654.73,645.45,12.47,0,0,0,0,0,1,1,0,0,7.07,0.11,11983.89,%sOxidizer Pressure Confirmation,,
2058,29.57,1676.81,108.9,546.64,763.94,654.73,645.45,12.47,0,0,0,0,0,1,1,0,0,7.07,0.11,11983.92,%sOxidizer Pressure Confirmation,,
2059,27.3,1676.81,108.9,546.64,763.92,654.74,645.45,12.47,0,0,0,0,0,1,1,0,0,7.07,0.11,11983.95,%sOxidizer Pressure Confirmation,,
2060,24.21,1676.81,108.9,546.64,763.92,654.74,645.54,12.55,0,0,0,0,0,1,1,0,0,7.07,0.11,11983.97,%sOxidizer Pressure Confirmation,,
2061,28.63,1676.81,108.9,546.64,763.92,654.74,645.54,12.55,0,0,0,0,0,1,1,0,0,7.07,0.11,11984,%sOxidizer Pressure Confirmation,,
2062,25.31,1676.94,108.89,546.64,763.92,654.74,645.54,12.55,0,0,0,0,0,1,1,0,0,7.07,0.11,11984.03,%sOxidizer Pressure Confirmation,,
2063,28.53,1676.94,108.89,546.62,763.93,654.49,645.54,12.55,0,0,0,0,0,1,1,0,0,7.07,0.11,11984.06,%sOxidizer Pressure Confirmation,,
2064,24.79,1676.94,108.89,546.62,763.93,654.49,645.36,12.55,0,0,0,0,0,1,1,0,0,7.07,0.11,11984.08,%sOxidizer Pressure Confirmation,,
2065,30.39,1676.94,108.89,546.62,763.93,654.49,645.36,12.49,0,0,0,0,0,1,1,0,0,7.07,0.11,11984.11,%sOxidizer Pressure Confirmation,,
2066,30.31,1677.11,108.96,546.62,763.93,654.49,645.36,12.49,0,0,0,0,0,1,1,0,0,7.07,0.11,11984.14,%sOxidizer Pressure Confirmation,,
2067,24.78,1677.11,108.96,546.65,763.93,654.49,645.36,12.49,0,0,0,0,0,1,1,0,0,7.07,0.11,11984.17,%sOxidizer Pressure Confirmation,,
2068,25.57,1677.11,108.96,546.65,763.93,654.21,645.33,12.49,0,0,0,0,0,1,1,0,0,7.07,0.11,11984.19,%sOxidizer Pressure Confirmation,,
2069,25.61,1677.11,108.96,546.65,763.93,654.21,645.33,12.49,0,0,0,0,0,1,1,0,0,7.07,0.11,11984.22,%sOxidizer Pressure Confirmation,,
2070,28.53,1677.07,108.96,546.65,763.93,654.21,645.33,12.49,0,0,0,0,0,1,1,0,0,7.07,0.11,11984.25,%sOxidizer Pressure Confirmation,,
2071,27.82,1677.07,108.93,546.66,763.93,654.21,645.33,12.49,0,0,0,0,0,1,1,0,0,7.07,0.11,11984.27,%sOxidizer Pressure Confirmation,,
2072,23.76,1677.07,108.93,546.66,763.96,654.31,645.33,12.49,0,0,0,0,0,1,1,0,0,7.07,0.11,11984.3,%sOxidizer Pressure Confirmation,,
2073,28.99,1677.07,108.93,546.66,763.96,654.31,645.34,12.49,0,0,0,0,0,1,1,0,0,7.07,0.11,11984.33,%sOxidizer Pressure Confirmation,,
2074,21.12,1677.07,108.93,546.66,763.96,654.31,645.34,12.57,0,0,0,0,0,1,1,0,0,7.07,0.11,11984.35,%sOxidizer Pressure Confirmation,,
2075,24.1,1677.08,108.94,546.67,763.96,654.31,645.34,12.57,0,0,0,0,0,1,1,0,0,7.07,0.11,11984.37,%sOxidizer Pressure Confirmation,,
2076,27.39,1677.08,108.94,546.67,764.03,654.45,645.34,12.57,0,0,0,0,0,1,1,0,0,7.07,0.11,11984.4,%sOxidizer Pressure Confirmation,,
2077,26.1,1677.08,108.94,546.67,764.03,654.45,645.3,12.52,0,0,0,0,0,1,1,0,0,7.07,0.11,11984.43,%sOxidizer Pressure Confirmation,,
2078,22.69,1677.08,108.94,546.67,764.03,654.45,645.3,12.52,0,0,0,0,0,1,1,0,0,7.07,0.11,11984.45,%sOxidizer Pressure Confirmation,,
2079,26.3,1677.01,108.89,546.7,764.03,654.45,645.3,12.52,0,0,0,0,0,1,1,0,0,7.07,0.11,11984.47,%sOxidizer Pressure Confirmation,,
2080,26.09,1677.01,108.89,546.7,764.08,654.4,645.3,12.52,0,0,0,0,0,1,1,0,0,7.07,0.11,11984.5,%sOxidizer Pressure Confirmation,,
2081,27.63,1677.01,108.89,546.7,764.08,654.4,645.25,12.52,0,0,0,0,0,1,1,0,0,7.07,0.11,11984.53,%sOxidizer Pressure Confirmation,,
2082,25.12,1677,108.89,546.7,764.08,654.4,645.25,12.64,0,0,0,0,0,1,1,0,0,7.07,0.11,11984.55,%sOxidizer Pressure Confirmation,,
2083,31.33,1677,108.84,546.7,764.08,654.4,645.25,12.64,0,0,0,0,0,1,1,0,0,7.07,0.11,11984.58,%sOxidizer Pressure Confirmation,,
2084,24.69,1677,108.84,546.7,764.17,654.4,645.25,12.64,0,0,0,0,0,1,1,0,0,7.07,0.11,11984.61,%sOxidizer Pressure Confirmation,,
2085,24.01,1677,108.84,546.7,764.17,654.53,645.32,12.63,0,0,0,0,0,1,1,0,0,7.07,0.1,11984.63,%sOxidizer Pressure Confirmation,,
2086,29.6,1677,108.84,546.7,764.17,654.53,645.32,12.63,0,0,0,0,0,1,1,0,0,7.07,0.1,11984.66,%sOxidizer Pressure Confirmation,,
2087,23.58,1677.1,108.91,546.71,764.17,654.53,645.32,12.63,0,0,0,0,0,1,1,0,0,7.07,0.1,11984.69,%sOxidizer Pressure Confirmation,,
2088,22.09,1677.1,108.91,546.71,764.18,654.53,645.32,12.63,0,0,0,0,0,1,1,0,0,7.07,0.1,11984.71,%sOxidizer Pressure Confirmation,,
2089,24.14,1677.1,108.91,546.71,764.18,654.29,645.16,12.62,0,0,0,0,0,1,1,0,0,7.07,0.1,11984.73,%sOxidizer Pressure Confirmation,,
2090,27.57,1677.1,108.91,546.71,764.18,654.29,645.16,12.62,0,0,0,0,0,1,1,0,0,7.07,0.1,11984.76,%sOxidizer Pressure Confirmation,,
2091,25.06,1677.14,108.82,546.71,764.18,654.29,645.16,12.62,0,0,0,0,0,1,1,0,0,7.07,0.1,11984.79,%sOxidizer Pressure Confirmation,,
2092,21.59,1677.14,108.82,546.66,764.17,654.47,645.16,12.62,0,0,0,0,0,1,1,0,0,7.07,0.1,11984.81,%sOxidizer Pressure Confirmation,,
2093,24.02,1677.14,108.82,546.66,764.17,654.47,645.19,12.62,0,0,0,0,0,1,1,0,0,7.07,0.1,11984.83,%sOxidizer Pressure Confirmation,,
2094,23.09,1677.21,108.83,546.66,764.17,654.47,645.19,12.56,0,0,0,0,0,1,1,0,0,7.07,0.1,11984.85,%sOxidizer Pressure Confirmation,,
2095,26.6,1677.21,108.83,546.65,764.17,654.47,645.19,12.56,0,0,0,0,0,1,1,0,0,7.07,0.1,11984.88,%sOxidizer Pressure Confirmation,,
2096,25.68,1677.21,108.83,546.65,764.21,654.33,645.19,12.56,0,0,0,0,0,1,1,0,0,7.07,0.1,11984.91,%sOxidizer Pressure Confirmation,,
2097,24.09,1677.21,108.83,546.65,764.21,654.33,645.01,12.49,0,0,0,0,0,1,1,0,0,7.07,0.1,11984.93,%sOxidizer Pressure Confirmation,,
2098,27.22,1677.23,108.83,546.65,764.21,654.33,645.01,12.49,0,0,0,0,0,1,1,0,0,7.07,0.1,11984.96,%sOxidizer Pressure Confirmation,,
2099,24.65,1677.23,108.83,546.66,764.25,654.33,645.01,12.49,0,0,0,0,0,1,1,0,0,7.07,0.1,11984.98,%sOxidizer Pressure Confirmation,,
2100,25.28,1677.23,108.83,546.66,764.25,654.3,645.06,12.49,0,0,0,0,0,1,1,0,0,7.07,0.1,11985.01,%sOxidizer Pressure Confirmation,,
2101,28.58,1677.23,108.83,546.66,764.25,654.3,645.06,12.53,0,0,0,0,0,1,1,0,0,7.07,0.1,11985.04,%sOxidizer Pressure Confirmation,,
2102,24.97,1677.12,108.85,546.64,764.25,654.3,645.06,12.53,0,0,0,0,0,1,1,0,0,7.07,0.1,11985.06,%sOxidizer Pressure Confirmation,,
2103,27.76,1677.12,108.85,546.64,764.3,654.38,645.06,12.53,0,0,0,0,0,1,1,0,0,7.07,0.1,11985.09,%sOxidizer Pressure Confirmation,,
2104,26.09,1677.12,108.85,546.64,764.3,654.38,645.13,12.53,0,0,0,0,0,1,1,0,0,7.07,0.1,11985.12,%sOxidizer Pressure Confirmation,,
2105,29.44,1677.12,108.85,546.64,764.3,654.38,645.13,12.62,0,0,0,0,0,1,1,0,0,7.07,0.1,11985.14,%sOxidizer Pressure Confirmation,,
2106,25.66,1677.12,108.75,546.61,764.32,654.38,645.13,12.62,0,0,0,0,0,1,1,0,0,7.07,0.1,11985.17,%sOxidizer Pressure Confirmation,,
2107,21.72,1677.12,108.75,546.61,764.32,654.4,645.24,12.62,0,0,0,0,0,1,1,0,0,7.07,0.1,11985.19,%sOxidizer Pressure Confirmation,,
2108,25.68,1677.12,108.75,546.61,764.32,654.4,645.24,12.77,0,0,0,0,0,1,1,0,0,7.07,0.11,11985.22,%sOxidizer Pressure Confirmation,,
2109,28.07,1677.16,108.8,546.67,764.32,654.4,645.24,12.77,0,0,0,0,0,1,1,0,0,7.07,0.11,11985.25,%sOxidizer Pressure Confirmation,,
2110,24.52,1677.16,108.8,546.67,764.41,654.57,645.24,12.77,0,0,0,0,0,1,1,0,0,7.07,0.11,11985.27,%sOxidizer Pressure Confirmation,,
2111,22.14,1677.16,108.8,546.67,764.41,654.57,645.5,12.77,0,0,0,0,0,1,1,0,0,7.07,0.11,11985.29,%sOxidizer Pressure Confirmation,,
2112,27.85,1677.05,108.8,546.67,764.41,654.57,645.5,12.6,0,0,0,0,0,1,1,0,0,7.07,0.11,11985.32,%sOxidizer Pressure Confirmation,,
2113,28.84,1677.05,108.8,546.65,764.42,654.57,645.5,12.6,0,0,0,0,0,1,1,0,0,7.07,0.11,11985.35,%sOxidizer Pressure Confirmation,,
2114,26.12,1677.05,108.8,546.65,764.42,654.48,645.5,12.6,0,0,0,0,0,1,1,0,0,7.07,0.11,11985.38,%sOxidizer Pressure Confirmation,,
2115,25.76,1677.05,108.8,546.65,764.42,654.48,645.54,12.71,0,0,0,0,0,1,1,0,0,7.07,0.11,11985.4,%sOxidizer Pressure Confirmation,,
2116,23.21,1676.88,108.77,546.64,764.42,654.48,645.54,12.71,0,0,0,0,0,1,1,0,0,7.07,0.11,11985.42,%sOxidizer Pressure Confirmation,,
2117,29.72,1676.88,108.77,546.64,764.46,654.65,645.54,12.71,0,0,0,0,0,1,1,0,0,7.07,0.11,11985.45,%sOxidizer Pressure Confirmation,,
2118,21.2,1676.88,108.77,546.64,764.46,654.65,645.45,12.71,0,0,0,0,0,1,1,0,0,7.07,0.11,11985.48,%sOxidizer Pressure Confirmation,,
2119,26.36,1676.99,108.77,546.64,764.46,654.65,645.45,12.59,0,0,0,0,0,1,1,0,0,7.07,0.11,11985.5,%sOxidizer Pressure Confirmation,,
2120,26.58,1676.99,108.81,546.63,764.46,654.65,645.45,12.59,0,0,0,0,0,1,1,0,0,7.07,0.11,11985.53,%sOxidizer Pressure Confirmation,,
2121,25.16,1676.99,108.81,546.63,764.46,654.65,645.45,12.59,0,0,0,0,0,1,1,0,0,7.07,0.11,11985.55,%sOxidizer Pressure Confirmation,,
2122,24.6,1676.99,108.81,546.63,764.46,654.57,645.45,12.59,0,0,0,0,0,1,1,0,0,7.07,0.11,11985.58,%sOxidizer Pressure Confirmation,,
2123,23.04,1676.99,108.81,546.63,764.46,654.57,645.27,12.6,0,0,0,0,0,1,1,0,0,7.07,0.11,11985.6,%sOxidizer Pressure Confirmation,,
2124,25.57,1676.92,108.81,546.63,764.46,654.57,645.27,12.6,0,0,0,0,0,1,1,0,0,7.07,0.11,11985.63,%sOxidizer Pressure Confirmation,,
2125,23.13,1676.92,108.76,546.63,764.46,654.57,645.27,12.6,0,0,0,0,0,1,1,0,0,7.07,0.11,11985.65,%sOxidizer Pressure Confirmation,,
2126,24.94,1676.92,108.76,546.63,764.52,654.84,645.27,12.6,0,0,0,0,0,1,1,0,0,7.07,0.11,11985.67,%sOxidizer Pressure Confirmation,,
2127,22.1,1676.92,108.76,546.63,764.52,654.84,645.2,12.6,0,0,0,0,0,1,1,0,0,7.07,0.11,11985.7,%sOxidizer Pressure Confirmation,,
2128,24.62,1677,108.79,546.63,764.52,654.84,645.2,12.49,0,0,0,0,0,1,1,0,0,7.07,0.11,11985.72,%sOxidizer Pressure Confirmation,,
2129,23.79,1677,108.79,546.66,764.58,654.84,645.2,12.49,0,0,0,0,0,1,1,0,0,7.07,0.11,11985.75,%sOxidizer Pressure Confirmation,,
2130,25.57,1677,108.79,546.66,764.58,654.9,645.2,12.49,0,0,0,0,0,1,1,0,0,7.07,0.11,11985.77,%sOxidizer Pressure Confirmation,,
2131,21.13,1677,108.79,546.66,764.58,654.9,645.35,12.47,0,0,0,0,0,1,1,0,0,7.07,0.11,11985.79,%sOxidizer Pressure Confirmation,,
2132,21.71,1677,108.79,546.66,764.58,654.9,645.35,12.47,0,0,0,0,0,1,1,0,0,7.07,0.11,11985.81,%sOxidizer Pressure Confirmation,,
2133,24.13,1676.94,108.75,546.66,764.58,654.9,645.35,12.47,0,0,0,0,0,1,1,0,0,7.07,0.11,11985.84,%sOxidizer Pressure Confirmation,,
2134,24.16,1676.94,108.75,546.61,764.67,654.97,645.43,12.47,0,0,0,0,0,1,1,0,0,7.07,0.11,11985.86,%sOxidizer Pressure Confirmation,,
2135,24.97,1676.94,108.75,546.61,764.67,654.97,645.43,12.54,0,0,0,0,0,1,1,0,0,7.07,0.11,11985.89,%sOxidizer Pressure Confirmation,,
2136,23.57,1676.92,108.8,546.61,764.67,654.97,645.43,12.54,0,0,0,0,0,1,1,0,0,7.07,0.11,11985.91,%sOxidizer Pressure Confirmation,,
2137,23.09,1676.92,108.8,546.59,764.68,655.04,645.43,12.54,0,0,0,0,0,1,1,0,0,7.07,0.11,11985.93,%sOxidizer Pressure Confirmation,,
2138,25.31,1676.92,108.8,546.59,764.68,655.04,645.37,12.54,0,0,0,0,0,1,1,0,0,7.07,0.11,11985.96,%sOxidizer Pressure Confirmation,,
2139,23.14,1676.88,108.83,546.59,764.68,655.04,645.37,12.49,0,0,0,0,0,1,1,0,0,7.07,0.11,11985.98,%sOxidizer Pressure Confirmation,,
2140,27.39,1676.88,108.83,546.61,764.7,655.15,645.37,12.49,0,0,0,0,0,1,1,0,0,7.07,0.11,11986.01,%sOxidizer Pressure Confirmation,,
2141,22.07,1676.88,108.83,546.61,764.7,655.15,645.49,12.49,0,0,0,0,0,1,1,0,0,7.07,0.11,11986.03,%sOxidizer Pressure Confirmation,,
2142,27.62,1676.88,108.83,546.61,764.7,655.15,645.49,12.49,0,0,0,0,0,1,1,0,0,7.07,0.1,11986.06,%sOxidizer Pressure Confirmation,,
2143,27.82,1676.82,108.88,546.61,764.7,655.15,645.49,12.49,0,0,0,0,0,1,1,0,0,7.07,0.1,11986.09,%sOxidizer Pressure Confirmation,,
2144,25.31,1676.82,108.88,546.61,764.78,655.25,645.49,12.49,0,0,0,0,0,1,1,0,0,7.07,0.1,11986.11,%sOxidizer Pressure Confirmation,,
2145,22,1676.82,108.88,546.61,764.78,655.25,645.46,12.46,0,0,0,0,0,1,1,0,0,7.07,0.11,11986.13,%sOxidizer Pressure Confirmation,,
2146,25.93,1676.82,108.88,546.61,764.78,655.25,645.46,12.46,0,0,0,0,0,1,1,0,0,7.07,0.11,11986.16,%sOxidizer Pressure Confirmation,,
2147,26.63,1676.85,108.86,546.57,764.7,655.08,645.46,12.46,0,0,0,0,0,1,1,0,0,7.07,0.11,11986.19,%sOxidizer Pressure Confirmation,,
2148,24.22,1676.85,108.86,546.57,764.7,655.08,645.12,12.52,0,0,0,0,0,1,1,0,0,7.07,0.11,11986.21,%sOxidizer Pressure Confirmation,,
2149,26.74,1676.85,108.86,546.57,764.7,655.08,645.12,12.52,0,0,0,0,0,1,1,0,0,7.07,0.11,11986.24,%sOxidizer Pressure Confirmation,,
2150,23.69,1676.97,108.92,546.57,764.7,655.08,645.12,12.52,0,0,0,0,0,1,1,0,0,7.07,0.11,11986.26,%sOxidizer Pressure Confirmation,,
2151,25.14,1676.97,108.92,546.61,764.7,655.08,645.12,12.52,0,0,0,0,0,1,1,0,0,7.07,0.11,11986.29,%sOxidizer Pressure Confirmation,,
2152,24.13,1676.97,108.92,546.61,764.7,655.07,645.02,12.54,0,0,0,0,0,1,1,0,0,7.07,0.11,11986.31,%sOxidizer Pressure Confirmation,,
2153,29.6,1677.03,108.92,546.61,764.7,655.07,645.02,12.54,0,0,0,0,0,1,1,0,0,7.07,0.11,11986.34,%sOxidizer Pressure Confirmation,,
2154,24.07,1677.03,108.96,546.61,764.7,655.07,645.02,12.54,0,0,0,0,0,1,1,0,0,7.07,0.11,11986.36,%sOxidizer Pressure Confirmation,,
2155,23.67,1677.03,108.96,546.61,764.79,655.08,645.21,12.52,0,0,0,0,0,1,1,0,0,7.07,0.11,11986.39,%sOxidizer Pressure Confirmation,,
2156,27.06,1677.07,108.96,546.61,764.79,655.08,645.21,12.52,0,0,0,0,0,1,1,0,0,7.07,0.11,11986.41,%sOxidizer Pressure Confirmation,,
2157,24.63,1677.07,108.91,546.59,764.79,655.08,645.21,12.52,0,0,0,0,0,1,1,0,0,7.07,0.11,11986.44,%sOxidizer Pressure Confirmation,,
2158,22.61,1677.07,108.91,546.59,764.79,655.08,645.21,12.52,0,0,0,0,0,1,1,0,0,7.07,0.11,11986.46,%sOxidizer Pressure Confirmation,,
2159,22.09,1677.07,108.91,546.59,764.79,655.08,645.39,12.59,0,0,0,0,0,1,1,0,0,7.07,0.11,11986.48,%sOxidizer Pressure Confirmation,,
2160,22.68,1677.09,108.91,546.59,764.79,655.08,645.39,12.59,0,0,0,0,0,1,1,0,0,7.07,0.11,11986.51,%sOxidizer Pressure Confirmation,,
2161,24.72,1677.09,108.84,546.53,764.79,655.08,645.39,12.59,0,0,0,0,0,1,1,0,0,7.07,0.11,11986.53,%sOxidizer Pressure Confirmation,,
2162,31.58,1677.09,108.84,546.53,764.79,654.88,645.39,12.59,0,0,0,0,0,1,1,0,0,7.07,0.11,11986.56,%sOxidizer Pressure Confirmation,,
2163,23.59,1677.09,108.84,546.53,764.79,654.88,645.61,12.71,0,0,0,0,0,1,1,0,0,7.07,0.12,11986.59,%sOxidizer Pressure Confirmation,,
2164,23.18,1677.12,108.91,546.51,764.79,654.88,645.61,12.71,0,0,0,0,0,1,1,0,0,7.07,0.12,11986.61,%sOxidizer Pressure Confirmation,,
2165,25.25,1677.12,108.91,546.51,764.72,654.7,645.61,12.71,0,0,0,0,0,1,1,0,0,7.07,0.12,11986.64,%sOxidizer Pressure Confirmation,,
2166,22.77,1677.12,108.91,546.51,764.72,654.7,645.43,12.71,0,0,0,0,0,1,1,0,0,7.07,0.12,11986.66,%sOxidizer Pressure Confirmation,,
2167,24.2,1677.12,108.91,546.51,764.72,654.7,645.43,12.66,0,0,0,0,0,1,1,0,0,7.07,0.11,11986.68,%sOxidizer Pressure Confirmation,,
2168,24.57,1677.3,108.95,546.51,764.72,654.7,645.43,12.66,0,0,0,0,0,1,1,0,0,7.07,0.11,11986.71,%sOxidizer Pressure Confirmation,,
2169,24.1,1677.3,108.95,546.58,764.65,654.62,645.35,12.66,0,0,0,0,0,1,1,0,0,7.07,0.11,11986.73,%sOxidizer Pressure Confirmation,,
2170,27.56,1677.3,108.95,546.58,764.65,654.62,645.35,12.57,0,0,0,0,0,1,1,0,0,7.07,0.11,11986.76,%sOxidizer Pressure Confirmation,,
2171,31.75,1677.3,108.95,546.58,764.65,654.62,645.35,12.57,0,0,0,0,0,1,1,0,0,7.07,0.11,11986.79,%sOxidizer Pressure Confirmation,,
2172,23.9,1677.45,108.95,546.61,764.68,654.55,645.35,12.57,0,0,0,0,0,1,1,0,0,7.07,0.11,11986.81,%sOxidizer Pressure Confirmation,,
2173,23.52,1677.45,108.95,546.61,764.68,654.55,645.33,12.54,0,0,0,0,0,1,1,0,0,7.07,0.11,11986.84,%sOxidizer Pressure Confirmation,,
2174,22.43,1677.45,108.95,546.61,764.68,654.55,645.33,12.54,0,0,0,0,0,1,1,0,0,7.07,0.11,11986.86,%sOxidizer Pressure Confirmation,,
2175,26.62,1677.39,108.88,546.54,764.68,654.55,645.33,12.54,0,0,0,0,0,1,1,0,0,7.07,0.11,11986.89,%sOxidizer Pressure Confirmation,,
2176,24.34,1677.39,108.88,546.54,764.61,654.41,645.33,12.54,0,0,0,0,0,1,1,0,0,7.07,0.11,11986.91,%sOxidizer Pressure Confirmation,,
2177,22.06,1677.39,108.88,546.54,764.61,654.41,645.18,12.56,0,0,0,0,0,1,1,0,0,7.07,0.11,11986.93,%sOxidizer Pressure Confirmation,,
2178,27.69,1677.63,108.84,546.54,764.61,654.41,645.18,12.56,0,0,0,0,0,1,1,0,0,7.07,0.11,11986.96,%sOxidizer Pressure Confirmation,,
2179,27.53,1677.63,108.84,546.57,764.56,654.41,645.18,12.56,0,0,0,0,0,1,1,0,0,7.07,0.11,11986.99,%sOxidizer Pressure Confirmation,,
2180,22,1677.63,108.84,546.57,764.56,654.26,644.99,12.56,0,0,0,0,0,1,1,0,0,7.07,0.11,11987.01,%sOxidizer Pressure Confirmation,,
2181,24.11,1677.67,108.84,546.57,764.56,654.26,644.99,12.47,0,0,0,0,0,1,1,0,0,7.07,0.11,11987.03,%sOxidizer Pressure Confirmation,,
2182,26.28,1677.67,108.8,546.61,764.62,654.26,644.99,12.47,0,0,0,0,0,1,1,0,0,7.07,0.11,11987.06,%sOxidizer Pressure Confirmation,,
2183,26.11,1677.67,108.8,546.61,764.62,654.25,644.99,12.47,0,0,0,0,0,1,1,0,0,7.07,0.11,11987.09,%sOxidizer Pressure Confirmation,,
2184,27.78,1677.67,108.8,546.61,764.62,654.25,644.94,12.42,0,0,0,0,0,1,1,0,0,7.07,0.11,11987.11,%sOxidizer Pressure Confirmation,,
2185,26.75,1677.49,108.76,546.61,764.62,654.25,644.94,12.42,0,0,0,0,0,1,1,0,0,7.07,0.11,11987.14,%sOxidizer Pressure Confirmation,,
2186,23.61,1677.49,108.76,546.61,764.71,654.36,644.94,12.42,0,0,0,0,0,1,1,0,0,7.07,0.11,11987.16,%sOxidizer Pressure Confirmation,,
2187,23.22,1677.49,108.76,546.61,764.71,654.36,644.94,12.29,0,0,0,0,0,1,1,0,0,7.07,0.11,11987.19,%sOxidizer Pressure Confirmation,,
2188,25.01,1677.49,108.76,546.61,764.71,654.36,644.94,12.29,0,0,0,0,0,1,1,0,0,7.07,0.11,11987.21,%sOxidizer Pressure Confirmation,,
2189,27.37,1677.67,108.73,546.61,764.62,654.23,644.94,12.29,0,0,0,0,0,1,1,0,0,7.07,0.11,11987.24,%sOxidizer Pressure Confirmation,,
2190,26.46,1677.67,108.73,546.61,764.62,654.23,644.72,12.29,0,0,0,0,0,1,1,0,0,7.07,0.11,11987.27,%sOxidizer Pressure Confirmation,,
2191,27.55,1677.67,108.73,546.61,764.62,654.23,644.72,12.38,0,0,0,0,0,1,1,0,0,7.07,0.11,11987.29,%sOxidizer Pressure Confirmation,,
2192,28.53,1677.65,108.75,546.61,764.62,654.23,644.72,12.38,0,0,0,0,0,1,1,0,0,7.07,0.11,11987.32,%sOxidizer Pressure Confirmation,,
2193,22.06,1677.65,108.75,546.61,764.67,654.23,644.72,12.38,0,0,0,0,0,1,1,0,0,7.07,0.11,11987.35,%sOxidizer Pressure Confirmation,,
2194,24.72,1677.65,108.75,546.61,764.67,654.21,644.54,12.38,0,0,0,0,0,1,1,0,0,7.07,0.11,11987.37,%sOxidizer Pressure Confirmation,,
2195,25.12,1677.65,108.75,546.61,764.67,654.21,644.54,12.4,0,0,0,0,0,1,1,0,0,7.07,0.11,11987.39,%sOxidizer Pressure Confirmation,,
2196,24.62,1677.7,108.75,546.61,764.67,654.21,644.54,12.4,0,0,0,0,0,1,1,0,0,7.07,0.11,11987.42,%sOxidizer Pressure Confirmation,,
2197,23.11,1677.7,108.81,546.65,764.72,654.27,644.54,12.4,0,0,0,0,0,1,1,0,0,7.07,0.11,11987.44,%sOxidizer Pressure Confirmation,,
2198,27.04,1677.7,108.81,546.65,764.72,654.27,644.36,12.36,0,0,0,0,0,1,1,0,0,7.07,0.1,11987.47,%sOxidizer Pressure Confirmation,,
2199,23.04,1677.73,108.81,546.65,764.72,654.27,644.36,12.36,0,0,0,0,0,1,1,0,0,7.07,0.1,11987.49,%sOxidizer Pressure Confirmation,,
2200,25.78,1677.73,108.75,546.7,764.84,654.27,644.36,12.36,0,0,0,0,0,1,1,0,0,7.07,0.1,11987.52,%sOxidizer Pressure Confirmation,,
2201,21.9,1677.73,108.75,546.7,764.84,654.21,644.37,12.36,0,0,0,0,0,1,1,0,0,7.07,0.1,11987.54,%sOxidizer Pressure Confirmation,,
2202,28.13,1677.73,108.75,546.7,764.84,654.21,644.37,12.37,0,0,0,0,0,1,1,0,0,7.07,0.1,11987.57,%sOxidizer Pressure Confirmation,,
2203,22.11,1677.75,108.67,546.7,764.84,654.21,644.37,12.37,0,0,0,0,0,1,1,0,0,7.07,0.1,11987.59,%sOxidizer Pressure Confirmation,,
2204,26.01,1677.75,108.67,546.68,764.92,654.17,644.37,12.37,0,0,0,0,0,1,1,0,0,7.07,0.1,11987.62,%sOxidizer Pressure Confirmation,,
2205,27.22,1677.75,108.67,546.68,764.92,654.17,644.34,12.33,0,0,0,0,0,1,1,0,0,7.07,0.1,11987.64,%sOxidizer Pressure Confirmation,,
2206,28.33,1677.78,108.63,546.68,764.92,654.17,644.34,12.33,0,0,0,0,0,1,1,0,0,7.07,0.1,11987.67,%sOxidizer Pressure Confirmation,,
2207,26.54,1677.78,108.63,546.69,764.92,654.17,644.34,12.33,0,0,0,0,0,1,1,0,0,7.07,0.1,11987.7,%sOxidizer Pressure Confirmation,,
2208,22.88,1677.78,108.63,546.69,764.98,654.26,644.34,12.33,0,0,0,0,0,1,1,0,0,7.07,0.1,11987.72,%sOxidizer Pressure Confirmation,,
2209,25.22,1677.78,108.63,546.69,764.98,654.26,644.39,12.33,0,0,0,0,0,1,1,0,0,7.07,0.1,11987.75,%sOxidizer Pressure Confirmation,,
2210,26.42,1677.76,108.59,546.71,764.98,654.26,644.39,12.33,0,0,0,0,0,1,1,0,0,7.07,0.1,11987.77,%sOxidizer Pressure Confirmation,,
2211,26.69,1677.76,108.59,546.71,765.08,654.35,644.55,12.33,0,0,0,0,0,1,1,0,0,7.07,0.1,11987.8,%sOxidizer Pressure Confirmation,,
2212,26.8,1677.76,108.59,546.71,765.08,654.35,644.55,12.36,0,0,0,0,0,1,1,0,0,7.07,0.1,11987.83,%sOxidizer Pressure Confirmation,,
2213,26.23,1677.67,108.65,546.73,765.08,654.35,644.55,12.36,0,0,0,0,0,1,1,0,0,7.07,0.1,11987.85,%sOxidizer Pressure Confirmation,,
2214,23.56,1677.67,108.65,546.73,765.13,654.46,644.55,12.36,0,0,0,0,0,1,1,0,0,7.07,0.1,11987.88,%sOxidizer Pressure Confirmation,,
2215,22.31,1677.67,108.65,546.73,765.13,654.46,644.71,12.44,0,0,0,0,0,1,1,0,0,7.07,0.11,11987.9,%sOxidizer Pressure Confirmation,,
2216,25.16,1677.79,108.65,546.73,765.13,654.46,644.71,12.44,0,0,0,0,0,1,1,0,0,7.07,0.11,11987.92,%sOxidizer Pressure Confirmation,,
2217,25.63,1677.79,108.69,546.67,765.19,654.42,644.71,12.44,0,0,0,0,0,1,1,0,0,7.07,0.11,11987.95,%sOxidizer Pressure Confirmation,,
2218,27.31,1677.79,108.69,546.67,765.19,654.42,644.91,12.54,0,0,0,0,0,1,1,0,0,7.07,0.12,11987.98,%sOxidizer Pressure Confirmation,,
2219,24.22,1677.85,108.69,546.67,765.19,654.42,644.91,12.54,0,0,0,0,0,1,1,0,0,7.08,0.12,11988,%sOxidizer Pressure Confirmation,,
2220,24.1,1677.85,108.68,546.64,765.23,654.42,644.91,12.54,0,0,0,0,0,1,1,0,0,7.08,0.12,11988.03,%sOxidizer Pressure Confirmation,,
2221,25.45,1677.85,108.68,546.64,765.23,654.4,645.13,12.68,0,0,0,0,0,1,1,0,0,7.08,0.12,11988.05,%sOxidizer Pressure Confirmation,,
2222,25.76,1677.97,108.68,546.64,765.23,654.4,645.13,12.68,0,0,0,0,0,1,1,0,0,7.07,0.12,11988.08,%sOxidizer Pressure Confirmation,,
2223,25.55,1677.97,108.68,546.63,765.24,654.4,645.13,12.68,0,0,0,0,0,1,1,0,0,7.07,0.12,11988.1,%sOxidizer Pressure Confirmation,,
2224,22.14,1677.97,108.68,546.63,765.24,654.33,645.13,12.68,0,0,0,0,0,1,1,0,0,7.07,0.12,11988.12,%sOxidizer Pressure Confirmation,,
2225,23.82,1677.97,108.68,546.63,765.24,654.33,645.17,12.66,0,0,0,0,0,1,1,0,0,7.07,0.12,11988.15,%sOxidizer Pressure Confirmation,,
2226,23.73,1678.05,108.72,546.7,765.24,654.33,645.17,12.66,0,0,0,0,0,1,1,0,0,7.07,0.12,11988.17,%sOxidizer Pressure Confirmation,,
2227,24.93,1678.05,108.72,546.7,765.21,654.28,645.13,12.66,0,0,0,0,0,1,1,0,0,7.07,0.12,11988.2,%sOxidizer Pressure Confirmation,,
2228,28.33,1678.05,108.72,546.7,765.21,654.28,645.13,12.51,0,0,0,0,0,1,1,0,0,7.08,0.12,11988.23,%sOxidizer Pressure Confirmation,,
2229,23.93,1678.19,108.72,546.7,765.21,654.28,645.13,12.51,0,0,0,0,0,1,1,0,0,7.08,0.12,11988.25,%sOxidizer Pressure Confirmation,,
2230,25.59,1678.19,108.72,546.74,765.22,654.32,645.3,12.51,0,0,0,0,0,1,1,0,0,7.08,0.12,11988.27,%sOxidizer Pressure Confirmation,,
2231,26.93,1678.19,108.72,546.74,765.22,654.32,645.3,12.62,0,0,0,0,0,1,1,0,0,7.08,0.12,11988.3,%sOxidizer Pressure Confirmation,,
2232,22.14,1678.07,108.77,546.74,765.22,654.32,645.3,12.62,0,0,0,0,0,1,1,0,0,7.08,0.12,11988.32,%sOxidizer Pressure Confirmation,,
2233,29.67,1678.07,108.77,546.74,765.26,654.45,645.3,12.62,0,0,0,0,0,1,1,0,0,7.08,0.12,11988.35,%sOxidizer Pressure Confirmation,,
2234,25.15,1678.07,108.77,546.74,765.26,654.45,645.45,12.63,0,0,0,0,0,1,1,0,0,7.08,0.12,11988.38,%sOxidizer Pressure Confirmation,,
2235,26.1,1678.07,108.77,546.74,765.26,654.45,645.45,12.63,0,0,0,0,0,1,1,0,0,7.07,0.12,11988.4,%sOxidizer Pressure Confirmation,,
2236,24.65,1677.9,108.82,546.74,765.26,654.45,645.45,12.63,0,0,0,0,0,1,1,0,0,7.07,0.12,11988.43,%sOxidizer Pressure Confirmation,,
2237,26.08,1677.9,108.82,546.72,765.26,654.5,645.46,12.63,0,0,0,0,0,1,1,0,0,7.07,0.12,11988.46,%sOxidizer Pressure Confirmation,,
2238,29.01,1677.9,108.82,546.72,765.26,654.5,645.46,12.7,0,0,0,0,0,1,1,0,0,7.07,0.12,11988.48,%sOxidizer Pressure Confirmation,,
2239,22.6,1677.9,108.82,546.72,765.26,654.5,645.46,12.7,0,0,0,0,0,1,1,0,0,7.07,0.12,11988.51,%sOxidizer Pressure Confirmation,,
2240,28.08,1677.81,108.85,546.72,765.26,654.5,645.46,12.7,0,0,0,0,0,1,1,0,0,7.07,0.12,11988.53,%sOxidizer Pressure Confirmation,,
2241,26.13,1677.81,108.85,546.74,765.24,654.36,645.46,12.7,0,0,0,0,0,1,1,0,0,7.07,0.12,11988.56,%sOxidizer Pressure Confirmation,,
2242,25.57,1677.81,108.85,546.74,765.24,654.36,645.22,12.7,0,0,0,0,0,1,1,0,0,7.07,0.12,11988.59,%sOxidizer Pressure Confirmation,,
2243,24.88,1677.81,108.85,546.74,765.24,654.36,645.22,12.63,0,0,0,0,0,1,1,0,0,7.07,0.12,11988.61,%sOxidizer Pressure Confirmation,,
2244,23.06,1678.07,108.91,546.74,765.24,654.36,645.22,12.63,0,0,0,0,0,1,1,0,0,7.07,0.12,11988.63,%sOxidizer Pressure Confirmation,,
2245,26.79,1678.07,108.91,546.81,765.24,654.28,645.22,12.63,0,0,0,0,0,1,1,0,0,7.07,0.12,11988.66,%sOxidizer Pressure Confirmation,,
2246,30.71,1678.07,108.91,546.81,765.24,654.28,645.08,12.48,0,0,0,0,0,1,1,0,0,7.07,0.12,11988.69,%sOxidizer Pressure Confirmation,,
2247,31.71,1678.07,108.91,546.81,765.24,654.28,645.08,12.48,0,0,0,0,0,1,1,0,0,7.07,0.12,11988.72,%sOxidizer Pressure Confirmation,,
2248,26.68,1678.01,108.91,546.81,765.24,654.28,645.08,12.48,0,0,0,0,0,1,1,0,0,7.07,0.12,11988.75,%sOxidizer Pressure Confirmation,,
2249,26.43,1678.01,108.91,546.76,765.24,654.28,645.08,12.48,0,0,0,0,0,1,1,0,0,7.07,0.12,11988.78,%sOxidizer Pressure Confirmation,,
2250,26.11,1678.01,108.91,546.76,765.28,654.31,645.09,12.47,0,0,0,0,0,1,1,0,0,7.07,0.12,11988.8,%sOxidizer Pressure Confirmation,,
2251,27.66,1678.01,108.91,546.76,765.28,654.31,645.09,12.47,0,0,0,0,0,1,1,0,0,7.07,0.12,11988.83,%sOxidizer Pressure Confirmation,,
2252,24.11,1678.01,108.91,546.76,765.28,654.31,645.09,12.47,0,0,0,0,0,1,1,0,0,7.07,0.12,11988.85,%sOxidizer Pressure Confirmation,,
2253,23.32,1677.86,108.89,546.76,765.28,654.31,645.09,12.47,0,0,0,0,0,1,1,0,0,7.07,0.12,11988.88,%sOxidizer Pressure Confirmation,,
2254,29.94,1677.86,108.89,546.76,765.32,654.31,645.09,12.47,0,0,0,0,0,1,1,0,0,7.07,0.12,11988.91,%sOxidizer Pressure Confirmation,,
2255,30.52,1677.86,108.89,546.76,765.32,654.45,645.03,12.47,0,0,0,0,0,1,1,0,0,7.07,0.12,11988.94,%sOxidizer Pressure Confirmation,,
2256,23.03,1677.86,108.89,546.76,765.32,654.45,645.03,12.43,0,0,0,0,0,1,1,0,0,7.07,0.12,11988.96,%sOxidizer Pressure Confirmation,,
2257,33.32,1677.86,108.89,546.76,765.32,654.45,645.03,12.43,0,0,0,0,0,1,1,0,0,7.07,0.11,11988.99,%sOxidizer Pressure Confirmation,,
2258,31.72,1678.12,108.89,546.76,765.32,654.45,645.03,12.43,0,0,0,0,0,1,1,0,0,7.07,0.11,11989.03,%sOxidizer Pressure Confirmation,,
2259,32.27,1678.12,108.95,546.76,765.32,654.45,645.03,12.43,0,0,0,0,0,1,1,0,0,7.07,0.11,11989.06,%sOxidizer Pressure Confirmation,,
2260,24.64,1678.12,108.95,546.82,765.26,654.45,645.03,12.43,0,0,0,0,0,1,1,0,0,7.07,0.11,11989.08,%sOxidizer Pressure Confirmation,,
2261,31.78,1678.12,108.95,546.82,765.26,654.3,645.03,12.43,0,0,0,0,0,1,1,0,0,7.07,0.11,11989.12,%sOxidizer Pressure Confirmation,,
2262,34.32,1678.12,108.95,546.82,765.26,654.3,644.77,12.43,0,0,0,0,0,1,1,0,0,7.07,0.11,11989.15,%sOxidizer Pressure Confirmation,,
2263,34.1,1678.12,108.95,546.82,765.26,654.3,644.77,12.22,0,0,0,0,0,1,1,0,0,7.07,0.11,11989.18,%sOxidizer Pressure Confirmation,,
2264,31.7,1678.12,108.95,546.82,765.26,654.3,644.77,12.22,0,0,0,0,0,1,1,0,0,7.07,0.11,11989.22,%sOxidizer Pressure Confirmation,,
2265,28.69,1678.12,108.99,546.84,765.26,654.3,644.77,12.22,0,0,0,0,0,1,1,0,0,7.07,0.11,11989.24,%sOxidizer Pressure Confirmation,,
2266,38.48,1678.12,108.99,546.84,765.31,654.3,644.77,12.22,0,0,0,0,0,1,1,0,0,7.07,0.11,11989.28,%sOxidizer Pressure Confirmation,,
2267,34.3,1678.12,108.99,546.84,765.31,654.31,644.77,12.22,0,0,0,0,0,1,1,0,0,7.07,0.11,11989.32,%sOxidizer Pressure Confirmation,,
2268,28.11,1678.12,108.99,546.84,765.31,654.31,644.7,12.24,0,0,0,0,0,1,1,0,0,7.07,0.11,11989.35,%sOxidizer Pressure Confirmation,,
2269,27.29,1678.12,108.99,546.84,765.31,654.31,644.7,12.24,0,0,0,0,0,1,1,0,0,7.07,0.11,11989.37,%sOxidizer Pressure Confirmation,,
2270,27.69,1678.11,108.99,546.84,765.31,654.31,644.7,12.24,0,0,0,0,0,1,1,0,0,7.07,0.11,11989.4,%sOxidizer Pressure Confirmation,,
2271,26.6,1678.11,109.02,546.83,765.31,654.31,644.7,12.24,0,0,0,0,0,1,1,0,0,7.07,0.11,11989.43,%sOxidizer Pressure Confirmation,,
2272,30.32,1678.11,109.02,546.83,765.38,654.31,644.7,12.24,0,0,0,0,0,1,1,0,0,7.07,0.11,11989.46,%sOxidizer Pressure Confirmation,,
2273,23.9,1678.11,109.02,546.83,765.38,654.31,644.7,12.24,0,0,0,0,0,1,1,0,0,7.07,0.11,11989.48,%sOxidizer Pressure Confirmation,,
2274,27.76,1678.11,109.02,546.83,765.38,654.31,644.72,12.25,0,0,0,0,0,1,1,0,0,7.07,0.11,11989.51,%sOxidizer Pressure Confirmation,,
2275,27.98,1678.11,109.02,546.83,765.38,654.31,644.72,12.25,0,0,0,0,0,1,1,0,0,7.07,0.11,11989.54,%sOxidizer Pressure Confirmation,,
2276,37.77,1678.06,109.1,546.83,765.38,654.31,644.72,12.25,0,0,0,0,0,1,1,0,0,7.07,0.11,11989.57,%sOxidizer Pressure Confirmation,,
2277,26.72,1678.06,109.1,546.8,765.38,654.31,644.72,12.25,0,0,0,0,0,1,1,0,0,7.07,0.11,11989.6,%sOxidizer Pressure Confirmation,,
2278,26.65,1678.06,109.1,546.8,765.39,654.26,644.72,12.25,0,0,0,0,0,1,1,0,0,7.07,0.11,11989.63,%sOxidizer Pressure Confirmation,,
2279,31.45,1678.06,109.1,546.8,765.39,654.26,644.6,12.25,0,0,0,0,0,1,1,0,0,7.07,0.11,11989.66,%sOxidizer Pressure Confirmation,,
2280,27.23,1678.06,109.1,546.8,765.39,654.26,644.6,12.13,0,0,0,0,0,1,1,0,0,7.07,0.1,11989.69,%sOxidizer Pressure Confirmation,,
2281,28.18,1678.1,109.1,546.8,765.39,654.26,644.6,12.13,0,0,0,0,0,1,1,0,0,7.07,0.1,11989.71,%sOxidizer Pressure Confirmation,,
2282,32.24,1678.1,109.1,546.8,765.39,654.26,644.6,12.13,0,0,0,0,0,1,1,0,0,7.07,0.1,11989.75,%sOxidizer Pressure Confirmation,,
2283,27.68,1678.1,109.1,546.77,765.39,654.26,644.6,12.13,0,0,0,0,0,1,1,0,0,7.07,0.1,11989.77,%sOxidizer Pressure Confirmation,,
2284,30.53,1678.1,109.1,546.77,765.4,654.29,644.68,12.13,0,0,0,0,0,1,1,0,0,7.07,0.1,11989.81,%sOxidizer Pressure Confirmation,,
2285,37.07,1678.1,109.1,546.77,765.4,654.29,644.68,12.13,0,0,0,0,0,1,1,0,0,7.07,0.1,11989.84,%sOxidizer Pressure Confirmation,,
2286,31.19,1678.1,109.1,546.77,765.4,654.29,644.68,12.27,0,0,0,0,0,1,1,0,0,7.07,0.1,11989.87,%sOxidizer Pressure Confirmation,,
2287,29.39,1678.23,109.09,546.77,765.4,654.29,644.68,12.27,0,0,0,0,0,1,1,0,0,7.07,0.1,11989.9,%sOxidizer Pressure Confirmation,,
2288,25.54,1678.23,109.09,546.75,765.4,654.21,644.68,12.27,0,0,0,0,0,1,1,0,0,7.07,0.1,11989.93,%sOxidizer Pressure Confirmation,,
2289,35.34,1678.23,109.09,546.75,765.4,654.21,644.64,12.27,0,0,0,0,0,1,1,0,0,7.07,0.1,11989.96,%sOxidizer Pressure Confirmation,,
2290,25.78,1678.23,109.09,546.75,765.4,654.21,644.64,12.34,0,0,0,0,0,1,1,0,0,7.07,0.1,11989.99,%sOxidizer Pressure Confirmation,,
2291,24.22,1678.31,109.09,546.75,765.4,654.21,644.64,12.34,0,0,0,0,0,1,1,0,0,7.07,0.1,11990.01,%sOxidizer Pressure Confirmation,,
2292,26.63,1678.31,109.12,546.75,765.4,654.21,644.64,12.34,0,0,0,0,0,1,1,0,0,7.07,0.1,11990.04,%sOxidizer Pressure Confirmation,,
2293,25.54,1678.31,109.12,546.73,765.43,654.22,644.64,12.34,0,0,0,0,0,1,1,0,0,7.07,0.1,11990.07,%sOxidizer Pressure Confirmation,,
2294,26.6,1678.31,109.12,546.73,765.43,654.22,644.72,12.28,0,0,0,0,0,1,1,0,0,7.07,0.1,11990.09,%sOxidizer Pressure Confirmation,,
2295,30.65,1678.31,109.12,546.73,765.43,654.22,644.72,12.28,0,0,0,0,0,1,1,0,0,7.07,0.1,11990.12,%sOxidizer Pressure Confirmation,,
2296,29.64,1678.18,109.13,546.73,765.43,654.22,644.72,12.28,0,0,0,0,0,1,1,0,0,7.07,0.1,11990.15,%sOxidizer Pressure Confirmation,,
2297,27.05,1678.18,109.13,546.73,765.53,654.22,644.72,12.28,0,0,0,0,0,1,1,0,0,7.07,0.1,11990.18,%sOxidizer Pressure Confirmation,,
2298,27.3,1678.18,109.13,546.73,765.53,654.22,644.76,12.28,0,0,0,0,0,1,1,0,0,7.07,0.1,11990.21,%sOxidizer Pressure Confirmation,,
2299,26.56,1678.34,109.13,546.73,765.53,654.22,644.76,12.33,0,0,0,0,0,1,1,0,0,7.07,0.1,11990.23,%sOxidizer Pressure Confirmation,,
2300,32.06,1678.34,109.19,546.73,765.53,654.22,644.76,12.33,0,0,0,0,0,1,1,0,0,7.07,0.1,11990.27,%sOxidizer Pressure Confirmation,,
2301,26.99,1678.34,109.19,546.75,765.58,654.23,644.76,12.33,0,0,0,0,0,1,1,0,0,7.07,0.1,11990.29,%sOxidizer Pressure Confirmation,,
2302,25.49,1678.34,109.19,546.75,765.58,654.23,644.73,12.34,0,0,0,0,0,1,1,0,0,7.07,0.1,11990.32,%sOxidizer Pressure Confirmation,,
2303,28.64,1678.34,109.19,546.75,765.58,654.23,644.73,12.34,0,0,0,0,0,1,1,0,0,7.07,0.1,11990.35,%sOxidizer Pressure Confirmation,,
2304,25.61,1678.38,109.18,546.75,765.58,654.23,644.73,12.34,0,0,0,0,0,1,1,0,0,7.07,0.1,11990.37,%sOxidizer Pressure Confirmation,,
2305,29.52,1678.38,109.18,546.79,765.56,654.23,644.73,12.34,0,0,0,0,0,1,1,0,0,7.07,0.1,11990.4,%sOxidizer Pressure Confirmation,,
2306,29.67,1678.38,109.18,546.79,765.56,654.21,644.84,12.41,0,0,0,0,0,1,1,0,0,7.07,0.1,11990.43,%sOxidizer Pressure Confirmation,,
2307,34.25,1678.38,109.18,546.79,765.56,654.21,644.84,12.41,0,0,0,0,0,1,1,0,0,7.07,0.1,11990.47,%sOxidizer Pressure Confirmation,,
2308,23.24,1678.28,109.18,546.79,765.56,654.21,644.84,12.41,0,0,0,0,0,1,1,0,0,7.07,0.1,11990.49,%sOxidizer Pressure Confirmation,,
2309,26.07,1678.28,109.16,546.77,765.68,654.29,644.84,12.41,0,0,0,0,0,1,1,0,0,7.07,0.1,11990.52,%sOxidizer Pressure Confirmation,,
2310,27.59,1678.28,109.16,546.77,765.68,654.29,645.02,12.41,0,0,0,0,0,1,1,0,0,7.07,0.1,11990.54,%sOxidizer Pressure Confirmation,,
2311,24.02,1678.28,109.16,546.77,765.68,654.29,645.02,12.59,0,0,0,0,0,1,1,0,0,7.07,0.1,11990.57,%sOxidizer Pressure Confirmation,,
2312,25.11,1678.12,109.16,546.77,765.68,654.29,645.02,12.59,0,0,0,0,0,1,1,0,0,7.07,0.1,11990.59,%sOxidizer Pressure Confirmation,,
2313,24.62,1678.12,109.14,546.77,765.68,654.29,645.02,12.59,0,0,0,0,0,1,1,0,0,7.07,0.1,11990.62,%sOxidizer Pressure Confirmation,,
2314,27.21,1678.12,109.14,546.74,765.68,654.29,645.02,12.59,0,0,0,0,0,1,1,0,0,7.07,0.1,11990.64,%sOxidizer Pressure Confirmation,,
2315,26.61,1678.12,109.14,546.74,765.68,654.39,645.04,12.59,0,0,0,0,0,1,1,0,0,7.07,0.1,11990.67,%sOxidizer Pressure Confirmation,,
2316,25.08,1678.12,109.14,546.74,765.68,654.39,645.04,12.6,0,0,0,0,0,1,1,0,0,7.07,0.1,11990.7,%sOxidizer Pressure Confirmation,,
2317,25.46,1678,109.07,546.74,765.68,654.39,645.04,12.6,0,0,0,0,0,1,1,0,0,7.07,0.1,11990.72,%sOxidizer Pressure Confirmation,,
2318,27.54,1678,109.07,546.74,765.71,654.39,645.04,12.6,0,0,0,0,0,1,1,0,0,7.07,0.1,11990.75,%sOxidizer Pressure Confirmation,,
2319,23.67,1678,109.07,546.74,765.71,654.52,645.02,12.6,0,0,0,0,0,1,1,0,0,7.07,0.1,11990.77,%sOxidizer Pressure Confirmation,,
2320,24.5,1678,109.07,546.74,765.71,654.52,645.02,12.59,0,0,0,0,0,1,1,0,0,7.07,0.1,11990.8,%sOxidizer Pressure Confirmation,,
2321,27.11,1677.96,109.05,546.74,765.71,654.52,645.02,12.59,0,0,0,0,0,1,1,0,0,7.07,0.1,11990.82,%sOxidizer Pressure Confirmation,,
2322,22.83,1677.96,109.05,546.73,765.71,654.52,645.02,12.59,0,0,0,0,0,1,1,0,0,7.07,0.1,11990.85,%sOxidizer Pressure Confirmation,,
2323,26.66,1677.96,109.05,546.73,765.78,654.51,645.02,12.59,0,0,0,0,0,1,1,0,0,7.07,0.1,11990.87,%sOxidizer Pressure Confirmation,,
2324,27.6,1677.96,109.05,546.73,765.78,654.51,645.07,12.54,0,0,0,0,0,1,1,0,0,7.07,0.1,11990.9,%sOxidizer Pressure Confirmation,,
2325,29.67,1678.11,109.09,546.73,765.78,654.51,645.07,12.54,0,0,0,0,0,1,1,0,0,7.07,0.1,11990.93,%sOxidizer Pressure Confirmation,,
2326,26.07,1678.11,109.09,546.78,765.83,654.51,645.07,12.54,0,0,0,0,0,1,1,0,0,7.07,0.1,11990.96,%sOxidizer Pressure Confirmation,,
2327,24.74,1678.11,109.09,546.78,765.83,654.35,644.85,12.38,0,0,0,0,0,1,1,0,0,7.07,0.1,11990.98,%sOxidizer Pressure Confirmation,,
2328,25.66,1678.11,109.09,546.78,765.83,654.35,644.85,12.38,0,0,0,0,0,1,1,0,0,7.07,0.1,11991.01,%sOxidizer Pressure Confirmation,,
2329,23.92,1678.08,109.13,546.78,765.83,654.35,644.85,12.38,0,0,0,0,0,1,1,0,0,7.07,0.1,11991.03,%sOxidizer Pressure Confirmation,,
2330,24.1,1678.08,109.13,546.8,765.84,654.29,644.85,12.38,0,0,0,0,0,1,1,0,0,7.07,0.1,11991.05,%sOxidizer Pressure Confirmation,,
2331,23.2,1678.08,109.13,546.8,765.84,654.29,644.77,12.38,0,0,0,0,0,1,1,0,0,7.07,0.1,11991.08,%sOxidizer Pressure Confirmation,,
2332,23.27,1678.16,109.08,546.8,765.84,654.29,644.77,12.32,0,0,0,0,0,1,1,0,0,7.07,0.1,11991.1,%sOxidizer Pressure Confirmation,,
2333,26.72,1678.16,109.08,546.85,765.84,654.29,644.77,12.32,0,0,0,0,0,1,1,0,0,7.07,0.1,11991.13,%sOxidizer Pressure Confirmation,,
2334,29.84,1678.16,109.08,546.85,765.9,654.35,644.9,12.32,0,0,0,0,0,1,1,0,0,7.07,0.1,11991.16,%sOxidizer Pressure Confirmation,,
2335,21.78,1678.16,109.08,546.85,765.9,654.35,644.9,12.41,0,0,0,0,0,1,1,0,0,7.07,0.1,11991.18,%sOxidizer Pressure Confirmation,,
2336,27.17,1678.23,109.09,546.85,765.9,654.35,644.9,12.41,0,0,0,0,0,1,1,0,0,7.07,0.1,11991.21,%sOxidizer Pressure Confirmation,,
2337,21.22,1678.23,109.09,546.85,765.9,654.35,644.9,12.41,0,0,0,0,0,1,1,0,0,7.07,0.1,11991.23,%sOxidizer Pressure Confirmation,,
2338,29.77,1678.23,109.09,546.85,765.85,654.33,644.9,12.41,0,0,0,0,0,1,1,0,0,7.07,0.1,11991.26,%sOxidizer Pressure Confirmation,,
2339,21.84,1678.23,109.09,546.85,765.85,654.33,644.81,12.45,0,0,0,0,0,1,1,0,0,7.07,0.1,11991.28,%sOxidizer Pressure Confirmation,,
2340,26.17,1678.11,109.04,546.85,765.85,654.33,644.81,12.45,0,0,0,0,0,1,1,0,0,7.07,0.1,11991.31,%sOxidizer Pressure Confirmation,,
2341,25.35,1678.11,109.04,546.83,765.83,654.33,644.81,12.45,0,0,0,0,0,1,1,0,0,7.07,0.1,11991.33,%sOxidizer Pressure Confirmation,,
2342,26.88,1678.11,109.04,546.83,765.83,654.37,644.7,12.45,0,0,0,0,0,1,1,0,0,7.07,0.1,11991.36,%sOxidizer Pressure Confirmation,,
2343,21.69,1678.11,109.04,546.83,765.83,654.37,644.7,12.5,0,0,0,0,0,1,1,0,0,7.07,0.1,11991.38,%sOxidizer Pressure Confirmation,,
2344,26.74,1678.09,109.07,546.84,765.88,654.37,644.7,12.5,0,0,0,0,0,1,1,0,0,7.07,0.1,11991.41,%sOxidizer Pressure Confirmation,,
2345,25.11,1678.09,109.07,546.84,765.88,654.26,644.53,12.5,0,0,0,0,0,1,1,0,0,7.07,0.1,11991.43,%sOxidizer Pressure Confirmation,,
2346,26.87,1678.09,109.07,546.84,765.88,654.26,644.53,12.41,0,0,0,0,0,1,1,0,0,7.07,0.1,11991.46,%sOxidizer Pressure Confirmation,,
2347,23.82,1678.09,109.07,546.84,765.88,654.26,644.53,12.41,0,0,0,0,0,1,1,0,0,7.07,0.1,11991.48,%sOxidizer Pressure Confirmation,,
2348,26.5,1678.23,109.14,546.91,765.89,654.26,644.53,12.41,0,0,0,0,0,1,1,0,0,7.07,0.1,11991.51,%sOxidizer Pressure Confirmation,,
2349,24.19,1678.23,109.14,546.91,765.89,654.23,644.49,12.41,0,0,0,0,0,1,1,0,0,7.07,0.1,11991.53,%sOxidizer Pressure Confirmation,,
2350,31.12,1678.23,109.14,546.91,765.89,654.23,644.49,12.27,0,0,0,0,0,1,1,0,0,7.07,0.1,11991.56,%sOxidizer Pressure Confirmation,,
2351,25.54,1678.39,109.2,546.94,765.94,654.23,644.49,12.27,0,0,0,0,0,1,1,0,0,7.07,0.1,11991.59,%sOxidizer Pressure Confirmation,,
2352,24.13,1678.39,109.2,546.94,765.94,654.14,644.49,12.27,0,0,0,0,0,1,1,0,0,7.07,0.1,11991.61,%sOxidizer Pressure Confirmation,,
2353,24.45,1678.39,109.2,546.94,765.94,654.14,644.61,12.31,0,0,0,0,0,1,1,0,0,7.07,0.1,11991.64,%sOxidizer Pressure Confirmation,,
2354,25.74,1678.39,109.2,546.94,765.94,654.14,644.61,12.31,0,0,0,0,0,1,1,0,0,7.07,0.1,11991.66,%sOxidizer Pressure Confirmation,,
2355,22.84,1678.45,109.13,546.93,765.94,654.14,644.61,12.31,0,0,0,0,0,1,1,0,0,7.07,0.1,11991.69,%sOxidizer Pressure Confirmation,,
2356,25.16,1678.45,109.13,546.93,765.97,654.13,644.7,12.37,0,0,0,0,0,1,1,0,0,7.07,0.1,11991.71,%sOxidizer Pressure Confirmation,,
2357,26.83,1678.45,109.13,546.93,765.97,654.13,644.7,12.37,0,0,0,0,0,1,1,0,0,7.07,0.1,11991.74,%sOxidizer Pressure Confirmation,,
2358,25.76,1678.39,109.08,546.93,765.97,654.13,644.7,12.37,0,0,0,0,0,1,1,0,0,7.07,0.1,11991.76,%sOxidizer Pressure Confirmation,,
2359,26.72,1678.39,109.08,546.95,765.96,654.13,644.7,12.37,0,0,0,0,0,1,1,0,0,7.07,0.1,11991.79,%sOxidizer Pressure Confirmation,,
2360,26.61,1678.39,109.08,546.95,765.96,654.14,644.7,12.49,0,0,0,0,0,1,1,0,0,7.07,0.11,11991.82,%sOxidizer Pressure Confirmation,,
2361,26.19,1678.43,108.99,546.95,765.96,654.14,644.7,12.49,0,0,0,0,0,1,1,0,0,7.07,0.11,11991.84,%sOxidizer Pressure Confirmation,,
2362,24.49,1678.43,108.99,546.97,765.96,654.14,644.7,12.49,0,0,0,0,0,1,1,0,0,7.07,0.11,11991.87,%sOxidizer Pressure Confirmation,,
2363,21.96,1678.43,108.99,546.97,765.93,654.17,644.7,12.49,0,0,0,0,0,1,1,0,0,7.07,0.11,11991.89,%sOxidizer Pressure Confirmation,,
2364,26.36,1678.48,108.99,546.97,765.93,654.17,644.81,12.51,0,0,0,0,0,1,1,0,0,7.07,0.11,11991.92,%sOxidizer Pressure Confirmation,,
2365,28.26,1678.48,108.96,546.97,765.93,654.17,644.81,12.51,0,0,0,0,0,1,1,0,0,7.07,0.11,11991.95,%sOxidizer Pressure Confirmation,,
2366,23.27,1678.48,108.96,546.97,765.98,654.26,644.81,12.51,0,0,0,0,0,1,1,0,0,7.07,0.11,11991.97,%sOxidizer Pressure Confirmation,,
2367,22.27,1678.48,108.96,546.97,765.98,654.26,644.89,12.54,0,0,0,0,0,1,1,0,0,7.07,0.11,11991.99,%sOxidizer Pressure Confirmation,,
2368,24.2,1678.48,108.96,546.97,765.98,654.26,644.89,12.54,0,0,0,0,0,1,1,0,0,7.07,0.11,11992.01,%sOxidizer Pressure Confirmation,,
2369,25.78,1678.42,109.01,546.96,765.98,654.27,644.89,12.54,0,0,0,0,0,1,1,0,0,7.07,0.11,11992.04,%sOxidizer Pressure Confirmation,,
2370,25.72,1678.42,109.01,546.96,765.98,654.27,644.73,12.54,0,0,0,0,0,1,1,0,0,7.07,0.11,11992.07,%sOxidizer Pressure Confirmation,,
2371,22.7,1678.42,109.01,546.96,765.98,654.27,644.73,12.57,0,0,0,0,0,1,1,0,0,7.07,0.11,11992.09,%sOxidizer Pressure Confirmation,,
2372,23.14,1678.43,108.96,546.96,765.98,654.27,644.73,12.57,0,0,0,0,0,1,1,0,0,7.07,0.11,11992.11,%sOxidizer Pressure Confirmation,,
2373,25.66,1678.43,108.96,546.96,766.04,654.22,644.77,12.57,0,0,0,0,0,1,1,0,0,7.07,0.11,11992.14,%sOxidizer Pressure Confirmation,,
2374,25.77,1678.43,108.96,546.96,766.04,654.22,644.77,12.46,0,0,0,0,0,1,1,0,0,7.07,0.11,11992.16,%sOxidizer Pressure Confirmation,,
2375,27.75,1678.56,108.96,546.96,766.04,654.22,644.77,12.46,0,0,0,0,0,1,1,0,0,7.07,0.11,11992.19,%sOxidizer Pressure Confirmation,,
2376,25.29,1678.56,108.92,547,766.04,654.22,644.77,12.46,0,0,0,0,0,1,1,0,0,7.07,0.11,11992.22,%sOxidizer Pressure Confirmation,,
2377,23.98,1678.56,108.92,547,766.08,654.14,644.72,12.33,0,0,0,0,0,1,1,0,0,7.07,0.11,11992.24,%sOxidizer Pressure Confirmation,,
2378,26.28,1678.56,108.92,547,766.08,654.14,644.72,12.33,0,0,0,0,0,1,1,0,0,7.07,0.12,11992.27,%sOxidizer Pressure Confirmation,,
2379,24.07,1678.68,108.89,547,766.08,654.14,644.72,12.33,0,0,0,0,0,1,1,0,0,7.07,0.12,11992.29,%sOxidizer Pressure Confirmation,,
2380,22.83,1678.68,108.89,547,766.08,654.14,644.72,12.33,0,0,0,0,0,1,1,0,0,7.07,0.12,11992.31,%sOxidizer Pressure Confirmation,,
2381,24.35,1678.68,108.89,547,766.08,654.17,644.83,12.37,0,0,0,0,0,1,1,0,0,7.07,0.12,11992.34,%sOxidizer Pressure Confirmation,,
2382,32.03,1678.68,108.89,547,766.08,654.17,644.83,12.37,0,0,0,0,0,1,1,0,0,7.07,0.12,11992.37,%sOxidizer Pressure Confirmation,,
2383,22.01,1678.45,108.89,547,766.08,654.17,644.83,12.37,0,0,0,0,0,1,1,0,0,7.07,0.12,11992.39,%sOxidizer Pressure Confirmation,,
2384,25.57,1678.45,108.81,546.95,766.04,654.22,644.83,12.37,0,0,0,0,0,1,1,0,0,7.07,0.12,11992.42,%sOxidizer Pressure Confirmation,,
2385,25.9,1678.45,108.81,546.95,766.04,654.22,644.88,12.45,0,0,0,0,0,1,1,0,0,7.07,0.12,11992.44,%sOxidizer Pressure Confirmation,,
2386,26.41,1678.37,108.7,546.95,766.04,654.22,644.88,12.45,0,0,0,0,0,1,1,0,0,7.07,0.12,11992.47,%sOxidizer Pressure Confirmation,,
2387,25.17,1678.37,108.7,546.91,766.04,654.22,644.88,12.45,0,0,0,0,0,1,1,0,0,7.07,0.12,11992.5,%sOxidizer Pressure Confirmation,,
2388,28.88,1678.37,108.7,546.91,766.03,654.14,644.83,12.39,0,0,0,0,0,1,1,0,0,7.07,0.12,11992.52,%sOxidizer Pressure Confirmation,,
2389,34.1,1678.44,108.7,546.91,766.03,654.14,644.83,12.39,0,0,0,0,0,1,1,0,0,7.07,0.12,11992.56,%sOxidizer Pressure Confirmation,,
2390,25.51,1678.44,108.83,546.92,766.03,654.14,644.83,12.39,0,0,0,0,0,1,1,0,0,7.07,0.12,11992.58,%sOxidizer Pressure Confirmation,,
2391,26.42,1678.44,108.83,546.92,766.07,654.1,644.76,12.39,0,0,0,0,0,1,1,0,0,7.07,0.12,11992.61,%sOxidizer Pressure Confirmation,,
2392,23.15,1678.44,108.83,546.92,766.07,654.1,644.76,12.36,0,0,0,0,0,1,1,0,0,7.07,0.12,11992.63,%sOxidizer Pressure Confirmation,,
2393,23.18,1678.44,108.83,546.92,766.07,654.1,644.76,12.36,0,0,0,0,0,1,1,0,0,7.08,0.12,11992.66,%sOxidizer Pressure Confirmation,,
2394,25.6,1678.61,108.83,546.86,765.99,653.94,644.76,12.36,0,0,0,0,0,1,1,0,0,7.08,0.12,11992.68,%sOxidizer Pressure Confirmation,,
2395,23.08,1678.61,108.83,546.86,765.99,653.94,644.64,12.37,0,0,0,0,0,1,1,0,0,7.08,0.12,11992.71,%sOxidizer Pressure Confirmation,,
2396,24.62,1678.57,108.83,546.86,765.99,653.94,644.64,12.37,0,0,0,0,0,1,1,0,0,7.08,0.12,11992.73,%sOxidizer Pressure Confirmation,,
2397,24.02,1678.57,108.86,546.86,765.99,653.94,644.64,12.37,0,0,0,0,0,1,1,0,0,7.08,0.12,11992.75,%sOxidizer Pressure Confirmation,,
2398,22.57,1678.57,108.86,546.8,765.99,653.94,644.64,12.37,0,0,0,0,0,1,1,0,0,7.08,0.12,11992.78,%sOxidizer Pressure Confirmation,,
2399,22.19,1678.57,108.86,546.8,766.05,654.01,644.73,12.37,0,0,0,0,0,1,1,0,0,7.08,0.12,11992.8,%sOxidizer Pressure Confirmation,,
2400,27.03,1678.57,108.86,546.8,766.05,654.01,644.73,12.54,0,0,0,0,0,1,1,0,0,7.08,0.11,11992.83,%sOxidizer Pressure Confirmation,,
2401,25.45,1678.48,108.89,546.81,766.05,654.01,644.73,12.54,0,0,0,0,0,1,1,0,0,7.08,0.11,11992.85,%sOxidizer Pressure Confirmation,,
2402,25.27,1678.48,108.89,546.81,766.06,654.1,644.73,12.54,0,0,0,0,0,1,1,0,0,7.08,0.11,11992.88,%sOxidizer Pressure Confirmation,,
2403,21.58,1678.48,108.89,546.81,766.06,654.1,644.81,12.49,0,0,0,0,0,1,1,0,0,7.08,0.11,11992.9,%sOxidizer Pressure Confirmation,,
2404,26.79,1678.44,108.92,546.81,766.06,654.1,644.81,12.49,0,0,0,0,0,1,1,0,0,7.07,0.11,11992.92,%sOxidizer Pressure Confirmation,,
2405,30.64,1678.44,108.92,546.81,766.08,654.1,644.81,12.49,0,0,0,0,0,1,1,0,0,7.07,0.11,11992.96,%sOxidizer Pressure Confirmation,,
2406,25.98,1678.44,108.92,546.81,766.08,654.21,644.9,12.49,0,0,0,0,0,1,1,0,0,7.07,0.11,11992.98,%sOxidizer Pressure Confirmation,,
2407,24.16,1678.4,108.97,546.81,766.08,654.21,644.9,12.36,0,0,0,0,0,1,1,0,0,7.07,0.1,11993.01,%sOxidizer Pressure Confirmation,,
2408,26.56,1678.4,108.97,546.85,766.14,654.21,644.9,12.36,0,0,0,0,0,1,1,0,0,7.07,0.1,11993.03,%sOxidizer Pressure Confirmation,,
2409,24.51,1678.4,108.97,546.85,766.14,654.41,644.8,12.34,0,0,0,0,0,1,1,0,0,7.07,0.1,11993.06,%sOxidizer Pressure Confirmation,,
2410,24.22,1678.4,108.97,546.85,766.14,654.41,644.8,12.34,0,0,0,0,0,1,1,0,0,7.07,0.1,11993.08,%sOxidizer Pressure Confirmation,,
2411,26.55,1678.29,109.02,546.84,766.18,654.41,644.8,12.34,0,0,0,0,0,1,1,0,0,7.07,0.1,11993.11,%sOxidizer Pressure Confirmation,,
2412,24.86,1678.29,109.02,546.84,766.18,654.51,644.8,12.34,0,0,0,0,0,1,1,0,0,7.07,0.1,11993.13,%sOxidizer Pressure Confirmation,,
2413,23.25,1678.29,109.02,546.84,766.18,654.51,644.95,12.42,0,0,0,0,0,1,1,0,0,7.07,0.1,11993.16,%sOxidizer Pressure Confirmation,,
2414,21.27,1678.3,109.01,546.84,766.18,654.51,644.95,12.42,0,0,0,0,0,1,1,0,0,7.07,0.1,11993.18,%sOxidizer Pressure Confirmation,,
2415,24.29,1678.3,109.01,546.84,766.16,654.51,644.95,12.42,0,0,0,0,0,1,1,0,0,7.07,0.1,11993.2,%sOxidizer Pressure Confirmation,,
2416,22.09,1678.3,109.01,546.84,766.16,654.59,644.95,12.42,0,0,0,0,0,1,1,0,0,7.07,0.1,11993.22,%sOxidizer Pressure Confirmation,,
2417,22.09,1678.3,109.01,546.84,766.16,654.59,644.82,12.33,0,0,0,0,0,1,1,0,0,7.07,0.09,11993.25,%sOxidizer Pressure Confirmation,,
2418,23.11,1678.33,109.01,546.85,766.23,654.59,644.82,12.33,0,0,0,0,0,1,1,0,0,7.07,0.09,11993.27,%sOxidizer Pressure Confirmation,,
2419,23.06,1678.33,109.01,546.85,766.23,654.74,644.82,12.33,0,0,0,0,0,1,1,0,0,7.07,0.09,11993.29,%sOxidizer Pressure Confirmation,,
2420,24.01,1678.33,109.01,546.85,766.23,654.74,644.64,12.26,0,0,0,0,0,1,1,0,0,7.07,0.1,11993.32,%sOxidizer Pressure Confirmation,,
2421,29.46,1678.35,109.09,546.85,766.23,654.74,644.64,12.26,0,0,0,0,0,1,1,0,0,7.07,0.1,11993.34,%sOxidizer Pressure Confirmation,,
2422,22.67,1678.35,109.09,546.89,766.23,654.74,644.64,12.26,0,0,0,0,0,1,1,0,0,7.07,0.1,11993.37,%sOxidizer Pressure Confirmation,,
2423,23.47,1678.35,109.09,546.89,766.3,654.75,644.66,12.26,0,0,0,0,0,1,1,0,0,7.07,0.1,11993.39,%sOxidizer Pressure Confirmation,,
2424,25.69,1678.35,109.09,546.89,766.3,654.75,644.66,12.3,0,0,0,0,0,1,1,0,0,7.07,0.1,11993.42,%sOxidizer Pressure Confirmation,,
2425,25.21,1678.23,109.04,546.89,766.3,654.75,644.66,12.3,0,0,0,0,0,1,1,0,0,7.07,0.1,11993.44,%sOxidizer Pressure Confirmation,,
2426,25.25,1678.23,109.04,546.89,766.28,654.79,644.66,12.3,0,0,0,0,0,1,1,0,0,7.07,0.1,11993.47,%sOxidizer Pressure Confirmation,,
2427,24.25,1678.23,109.04,546.89,766.28,654.79,644.72,12.38,0,0,0,0,0,1,1,0,0,7.07,0.09,11993.49,%sOxidizer Pressure Confirmation,,
2428,26.55,1678.13,109.11,546.94,766.28,654.79,644.72,12.38,0,0,0,0,0,1,1,0,0,7.07,0.09,11993.52,%sOxidizer Pressure Confirmation,,
2429,24.32,1678.13,109.11,546.94,766.42,655,644.72,12.38,0,0,0,0,0,1,1,0,0,7.07,0.09,11993.54,%sOxidizer Pressure Confirmation,,
2430,25.41,1678.13,109.11,546.94,766.42,655,644.76,12.33,0,0,0,0,0,1,1,0,0,7.07,0.09,11993.57,%sOxidizer Pressure Confirmation,,
2431,25.16,1678.03,109.11,546.94,766.42,655,644.76,12.33,0,0,0,0,0,1,1,0,0,7.07,0.09,11993.59,%sOxidizer Pressure Confirmation,,
2432,24.77,1678.03,109.11,546.97,766.42,655,644.76,12.33,0,0,0,0,0,1,1,0,0,7.07,0.09,11993.62,%sOxidizer Pressure Confirmation,,
2433,29.72,1678.03,109.11,546.97,766.42,655.07,644.76,12.33,0,0,0,0,0,1,1,0,0,7.07,0.09,11993.65,%sOxidizer Pressure Confirmation,,
2434,24.67,1678.03,109.11,546.97,766.42,655.07,644.68,12.25,0,0,0,0,0,1,1,0,0,7.07,0.09,11993.67,%sOxidizer Pressure Confirmation,,
2435,24.72,1677.98,109.1,546.97,766.42,655.07,644.68,12.25,0,0,0,0,0,1,1,0,0,7.07,0.09,11993.7,%sOxidizer Pressure Confirmation,,
2436,23.94,1677.98,109.1,546.97,766.47,655.05,644.95,12.25,0,0,0,0,0,1,1,0,0,7.07,0.09,11993.72,%sOxidizer Pressure Confirmation,,
2437,27.31,1677.98,109.1,546.97,766.47,655.05,644.95,12.25,0,0,0,0,0,1,1,0,0,7.07,0.09,11993.75,%sOxidizer Pressure Confirmation,,
2438,23.84,1677.94,109.06,546.97,766.47,655.05,644.95,12.25,0,0,0,0,0,1,1,0,0,7.07,0.09,11993.77,%sOxidizer Pressure Confirmation,,
2439,23.18,1677.94,109.06,546.96,766.52,654.95,644.89,12.25,0,0,0,0,0,1,1,0,0,7.07,0.09,11993.79,%sOxidizer Pressure Confirmation,,
2440,23,1677.94,109.06,546.96,766.52,654.95,644.89,12.37,0,0,0,0,0,1,1,0,0,7.07,0.08,11993.82,%sOxidizer Pressure Confirmation,,
2441,25.32,1677.99,109.06,546.96,766.52,654.95,644.89,12.37,0,0,0,0,0,1,1,0,0,7.07,0.08,11993.84,%sOxidizer Pressure Confirmation,,
2442,25.4,1677.99,109.06,546.89,766.5,654.95,644.89,12.37,0,0,0,0,0,1,1,0,0,7.07,0.08,11993.87,%sOxidizer Pressure Confirmation,,
2443,22.86,1677.99,109.06,546.89,766.5,654.88,645.09,12.37,0,0,0,0,0,1,1,0,0,7.07,0.08,11993.89,%sOxidizer Pressure Confirmation,,
2444,23.24,1677.99,109.06,546.89,766.5,654.88,645.09,12.48,0,0,0,0,0,1,1,0,0,7.07,0.08,11993.91,%sOxidizer Pressure Confirmation,,
2445,23.11,1678.06,109.08,546.87,766.51,654.89,645.09,12.48,0,0,0,0,0,1,1,0,0,7.06,0.08,11993.94,%sOxidizer Pressure Confirmation,,
2446,29.07,1678.06,109.08,546.87,766.51,654.89,645.09,12.46,0,0,0,0,0,1,1,0,0,7.06,0.08,11993.97,%sOxidizer Pressure Confirmation,,
2447,24.25,1678.09,109.08,546.87,766.51,654.89,645.09,12.46,0,0,0,0,0,1,1,0,0,7.07,0.08,11993.99,%sOxidizer Pressure Confirmation,,
2448,24.05,1678.09,109.14,546.85,766.49,654.89,645.09,12.46,0,0,0,0,0,1,1,0,0,7.07,0.08,11994.02,%sOxidizer Pressure Confirmation,,
2449,26.69,1678.09,109.14,546.85,766.49,654.75,645.28,12.56,0,0,0,0,0,1,1,0,0,7.07,0.08,11994.04,%sOxidizer Pressure Confirmation,,
2450,25.07,1678.18,109.07,546.85,766.49,654.75,645.28,12.56,0,0,0,0,0,1,1,0,0,7.07,0.08,11994.07,%sOxidizer Pressure Confirmation,,
2451,22.25,1678.18,109.07,546.84,766.49,654.75,645.28,12.56,0,0,0,0,0,1,1,0,0,7.07,0.08,11994.09,%sOxidizer Pressure Confirmation,,
2452,26.19,1678.18,109.07,546.84,766.43,654.51,645.28,12.56,0,0,0,0,0,1,1,0,0,7.07,0.08,11994.12,%sOxidizer Pressure Confirmation,,
2453,24.5,1678.18,109.07,546.84,766.43,654.51,645.42,12.72,0,0,0,0,0,1,1,0,0,7.07,0.08,11994.14,%sOxidizer Pressure Confirmation,,
2454,22.18,1678.18,109.04,546.84,766.43,654.51,645.42,12.72,0,0,0,0,0,1,1,0,0,7.07,0.08,11994.16,%sOxidizer Pressure Confirmation,,
2455,27.61,1678.18,109.04,546.87,766.44,654.63,645.42,12.72,0,0,0,0,0,1,1,0,0,7.07,0.08,11994.19,%sOxidizer Pressure Confirmation,,
2456,23.13,1678.18,109.04,546.87,766.44,654.63,645.27,12.59,0,0,0,0,0,1,1,0,0,7.07,0.08,11994.21,%sOxidizer Pressure Confirmation,,
2457,23.63,1678.18,109.04,546.87,766.44,654.63,645.27,12.59,0,0,0,0,0,1,1,0,0,7.07,0.08,11994.24,%sOxidizer Pressure Confirmation,,
2458,27.8,1678.1,109.06,546.9,766.48,654.73,645.27,12.59,0,0,0,0,0,1,1,0,0,7.07,0.08,11994.26,%sOxidizer Pressure Confirmation,,
2459,31.43,1678.1,109.06,546.9,766.48,654.73,645.41,12.59,0,0,0,0,0,1,1,0,0,7.07,0.08,11994.3,%sOxidizer Pressure Confirmation,,
2460,25.52,1678.1,109.06,546.9,766.48,654.73,645.41,12.48,0,0,0,0,0,1,1,0,0,7.07,0.08,11994.32,%sOxidizer Pressure Confirmation,,
2461,27.92,1678.21,109.07,546.91,766.48,654.73,645.41,12.48,0,0,0,0,0,1,1,0,0,7.07,0.08,11994.35,%sOxidizer Pressure Confirmation,,
2462,23.81,1678.21,109.07,546.91,766.41,654.7,645.6,12.48,0,0,0,0,0,1,1,0,0,7.07,0.08,11994.37,%sOxidizer Pressure Confirmation,,
2463,23.56,1678.21,109.07,546.91,766.41,654.7,645.6,12.49,0,0,0,0,0,1,1,0,0,7.07,0.08,11994.4,%sOxidizer Pressure Confirmation,,
2464,24.03,1678.32,109.07,546.91,766.41,654.7,645.6,12.49,0,0,0,0,0,1,1,0,0,7.07,0.08,11994.42,%sOxidizer Pressure Confirmation,,
2465,24.59,1678.32,109.09,546.88,766.4,654.7,645.6,12.49,0,0,0,0,0,1,1,0,0,7.07,0.08,11994.45,%sOxidizer Pressure Confirmation,,
2466,26.29,1678.32,109.09,546.88,766.4,654.63,645.55,12.51,0,0,0,0,0,1,1,0,0,7.07,0.09,11994.47,%sOxidizer Pressure Confirmation,,
2467,24.25,1678.49,109.11,546.88,766.4,654.63,645.55,12.51,0,0,0,0,0,1,1,0,0,7.07,0.09,11994.5,%sOxidizer Pressure Confirmation,,
2468,22.4,1678.49,109.11,546.94,766.42,654.54,645.55,12.51,0,0,0,0,0,1,1,0,0,7.07,0.09,11994.52,%sOxidizer Pressure Confirmation,,
2469,22.99,1678.49,109.11,546.94,766.42,654.54,645.2,12.51,0,0,0,0,0,1,1,0,0,7.07,0.09,11994.54,%sOxidizer Pressure Confirmation,,
2470,24.64,1678.49,109.11,546.94,766.42,654.54,645.2,12.49,0,0,0,0,0,1,1,0,0,7.07,0.09,11994.57,%sOxidizer Pressure Confirmation,,
2471,22.77,1678.61,109.14,546.96,766.42,654.54,645.2,12.49,0,0,0,0,0,1,1,0,0,7.07,0.09,11994.59,%sOxidizer Pressure Confirmation,,
2472,24.03,1678.61,109.14,546.96,766.43,654.48,645.2,12.49,0,0,0,0,0,1,1,0,0,7.07,0.09,11994.61,%sOxidizer Pressure Confirmation,,
2473,21.07,1678.61,109.14,546.96,766.43,654.48,645.31,12.45,0,0,0,0,0,1,1,0,0,7.07,0.1,11994.63,%sOxidizer Pressure Confirmation,,
2474,29.55,1678.65,109.15,546.96,766.43,654.48,645.31,12.45,0,0,0,0,0,1,1,0,0,7.07,0.1,11994.66,%sOxidizer Pressure Confirmation,,
2475,21.88,1678.65,109.15,547.02,766.43,654.48,645.31,12.45,0,0,0,0,0,1,1,0,0,7.07,0.1,11994.69,%sOxidizer Pressure Confirmation,,
2476,21.6,1678.65,109.15,547.02,766.42,654.48,645.33,12.45,0,0,0,0,0,1,1,0,0,7.07,0.1,11994.71,%sOxidizer Pressure Confirmation,,
2477,26.08,1678.53,109.11,547.02,766.42,654.48,645.33,12.4,0,0,0,0,0,1,1,0,0,7.07,0.1,11994.73,%sOxidizer Pressure Confirmation,,
2478,27.37,1678.53,109.11,547.06,766.42,654.48,645.33,12.4,0,0,0,0,0,1,1,0,0,7.07,0.1,11994.76,%sOxidizer Pressure Confirmation,,
2479,25.11,1678.53,109.11,547.06,766.46,654.47,645.33,12.4,0,0,0,0,0,1,1,0,0,7.07,0.1,11994.79,%sOxidizer Pressure Confirmation,,
2480,22.73,1678.53,109.11,547.06,766.46,654.47,645.41,12.33,0,0,0,0,0,1,1,0,0,7.07,0.11,11994.81,%sOxidizer Pressure Confirmation,,
2481,24.02,1678.58,109.13,547.1,766.57,654.47,645.41,12.33,0,0,0,0,0,1,1,0,0,7.07,0.11,11994.83,%sOxidizer Pressure Confirmation,,
2482,26.64,1678.58,109.13,547.1,766.57,654.59,645.41,12.33,0,0,0,0,0,1,1,0,0,7.07,0.11,11994.86,%sOxidizer Pressure Confirmation,,
2483,24.68,1678.58,109.13,547.1,766.57,654.59,645.23,12.3,0,0,0,0,0,1,1,0,0,7.07,0.11,11994.88,%sOxidizer Pressure Confirmation,,
2484,24.73,1678.58,109.13,547.1,766.57,654.59,645.23,12.3,0,0,0,0,0,1,1,0,0,7.07,0.11,11994.91,%sOxidizer Pressure Confirmation,,
2485,24.02,1678.67,109.16,547.09,766.57,654.59,645.23,12.3,0,0,0,0,0,1,1,0,0,7.07,0.11,11994.93,%sOxidizer Pressure Confirmation,,
2486,27.61,1678.67,109.16,547.09,766.57,654.64,645.31,12.3,0,0,0,0,0,1,1,0,0,7.07,0.11,11994.96,%sOxidizer Pressure Confirmation,,
2487,24.66,1678.67,109.16,547.09,766.57,654.64,645.31,12.27,0,0,0,0,0,1,1,0,0,7.07,0.11,11994.98,%sOxidizer Pressure Confirmation,,
2488,23.69,1678.67,109.16,547.09,766.57,654.64,645.31,12.27,0,0,0,0,0,1,1,0,0,7.07,0.11,11995.01,%sOxidizer Pressure Confirmation,,
2489,28.82,1678.61,109.11,547.05,766.57,654.64,645.31,12.27,0,0,0,0,0,1,1,0,0,7.07,0.11,11995.04,%sOxidizer Pressure Confirmation,,
2490,32.11,1678.61,109.11,547.05,766.52,654.64,645.49,12.27,0,0,0,0,0,1,1,0,0,7.07,0.11,11995.07,%sOxidizer Pressure Confirmation,,
2491,29.7,1678.61,109.11,547.05,766.52,654.64,645.49,12.46,0,0,0,0,0,1,1,0,0,7.07,0.11,11995.1,%sOxidizer Pressure Confirmation,,
2492,31.61,1678.61,109.11,547.05,766.52,654.64,645.49,12.46,0,0,0,0,0,1,1,0,0,7.07,0.11,11995.13,%sOxidizer Pressure Confirmation,,
2493,28.65,1678.73,109.08,547.05,766.52,654.64,645.49,12.46,0,0,0,0,0,1,1,0,0,7.07,0.11,11995.16,%sOxidizer Pressure Confirmation,,
2494,27.79,1678.73,109.08,547.01,766.52,654.64,645.49,12.46,0,0,0,0,0,1,1,0,0,7.07,0.11,11995.19,%sOxidizer Pressure Confirmation,,
2495,24.14,1678.73,109.08,547.01,766.53,654.62,645.28,12.49,0,0,0,0,0,1,1,0,0,7.07,0.11,11995.21,%sOxidizer Pressure Confirmation,,
2496,30.74,1678.73,109.08,547.01,766.53,654.62,645.28,12.49,0,0,0,0,0,1,1,0,0,7.07,0.11,11995.24,%sOxidizer Pressure Confirmation,,
2497,26.2,1678.73,109.08,547.01,766.53,654.62,645.28,12.49,0,0,0,0,0,1,1,0,0,7.07,0.11,11995.27,%sOxidizer Pressure Confirmation,,
2498,24.13,1678.67,108.97,547.01,766.53,654.62,645.28,12.49,0,0,0,0,0,1,1,0,0,7.07,0.11,11995.29,%sOxidizer Pressure Confirmation,,
2499,25.67,1678.67,108.97,547,766.53,654.62,645.28,12.49,0,0,0,0,0,1,1,0,0,7.07,0.11,11995.32,%sOxidizer Pressure Confirmation,,
2500,26.72,1678.67,108.97,547,766.58,654.61,645.28,12.49,0,0,0,0,0,1,1,0,0,7.07,0.11,11995.34,%sOxidizer Pressure Confirmation,,
2501,24.3,1678.67,108.97,547,766.58,654.61,645.27,12.49,0,0,0,0,0,1,1,0,0,7.07,0.11,11995.37,%sOxidizer Pressure Confirmation,,
2502,22.06,1678.67,108.97,547,766.58,654.61,645.27,12.55,0,0,0,0,0,1,1,0,0,7.07,0.11,11995.39,%sOxidizer Pressure Confirmation,,
2503,25.76,1678.67,108.97,547,766.58,654.61,645.27,12.55,0,0,0,0,0,1,1,0,0,7.07,0.11,11995.42,%sOxidizer Pressure Confirmation,,
2504,25.6,1678.58,108.91,547,766.58,654.61,645.27,12.55,0,0,0,0,0,1,1,0,0,7.07,0.11,11995.44,%sOxidizer Pressure Confirmation,,
2505,25.72,1678.58,108.91,547.01,766.58,654.61,645.27,12.55,0,0,0,0,0,1,1,0,0,7.07,0.11,11995.47,%sOxidizer Pressure Confirmation,,
2506,26.08,1678.58,108.91,547.01,766.6,654.62,645.31,12.55,0,0,0,0,0,1,1,0,0,7.07,0.11,11995.49,%sOxidizer Pressure Confirmation,,
2507,28.7,1678.58,108.91,547.01,766.6,654.62,645.31,12.54,0,0,0,0,0,1,1,0,0,7.07,0.11,11995.52,%sOxidizer Pressure Confirmation,,
2508,30.7,1678.39,108.91,547.01,766.6,654.62,645.31,12.54,0,0,0,0,0,1,1,0,0,7.07,0.11,11995.55,%sOxidizer Pressure Confirmation,,
2509,31.29,1678.39,108.87,547.01,766.6,654.62,645.31,12.54,0,0,0,0,0,1,1,0,0,7.07,0.11,11995.58,%sOxidizer Pressure Confirmation,,
2510,28.72,1678.39,108.87,546.99,766.6,654.62,645.31,12.54,0,0,0,0,0,1,1,0,0,7.07,0.11,11995.61,%sOxidizer Pressure Confirmation,,
2511,27.86,1678.39,108.87,546.99,766.56,654.79,645.31,12.54,0,0,0,0,0,1,1,0,0,7.07,0.11,11995.64,%sOxidizer Pressure Confirmation,,
2512,24.43,1678.39,108.87,546.99,766.56,654.79,645.57,12.54,0,0,0,0,0,1,1,0,0,7.07,0.11,11995.67,%sOxidizer Pressure Confirmation,,
2513,23.98,1678.39,108.87,546.99,766.56,654.79,645.57,12.65,0,0,0,0,0,1,1,0,0,7.07,0.11,11995.69,%sOxidizer Pressure Confirmation,,
2514,27.27,1678.39,108.87,546.99,766.56,654.79,645.57,12.65,0,0,0,0,0,1,1,0,0,7.07,0.11,11995.72,%sOxidizer Pressure Confirmation,,
2515,25.12,1678.21,108.82,546.99,766.56,654.79,645.57,12.65,0,0,0,0,0,1,1,0,0,7.07,0.11,11995.74,%sOxidizer Pressure Confirmation,,
2516,50.36,1678.21,108.82,546.99,766.58,654.79,645.57,12.65,0,0,0,0,0,1,1,0,0,7.07,0.11,11995.79,%sOxidizer Pressure Confirmation,,
2517,29.53,1678.21,108.82,546.99,766.58,654.69,645.37,12.65,0,0,0,0,0,1,1,0,0,7.07,0.11,11995.82,%sOxidizer Pressure Confirmation,,
2518,25.71,1678.21,108.82,546.99,766.58,654.69,645.37,12.57,0,0,0,0,0,1,1,0,0,7.07,0.11,11995.85,%sOxidizer Pressure Confirmation,,
2519,32.8,1678.25,108.82,546.99,766.58,654.69,645.37,12.57,0,0,0,0,0,1,1,0,0,7.07,0.11,11995.88,%sOxidizer Pressure Confirmation,,
2520,29.69,1678.25,108.75,546.99,766.58,654.69,645.37,12.57,0,0,0,0,0,1,1,0,0,7.07,0.11,11995.91,%sOxidizer Pressure Confirmation,,
2521,26.64,1678.25,108.75,546.94,766.6,654.69,645.37,12.57,0,0,0,0,0,1,1,0,0,7.07,0.11,11995.94,%sOxidizer Pressure Confirmation,,
2522,26.44,1678.25,108.75,546.94,766.6,654.72,645.24,12.57,0,0,0,0,0,1,1,0,0,7.07,0.11,11995.96,%sOxidizer Pressure Confirmation,,
2523,25.05,1678.25,108.75,546.94,766.6,654.72,645.24,12.62,0,0,0,0,0,1,1,0,0,7.07,0.12,11995.99,%sOxidizer Pressure Confirmation,,
2524,22.28,1678.25,108.75,546.94,766.6,654.72,645.24,12.62,0,0,0,0,0,1,1,0,0,7.07,0.12,11996.01,%sOxidizer Pressure Confirmation,,
2525,28.51,1678.44,108.83,546.92,766.6,654.72,645.24,12.62,0,0,0,0,0,1,1,0,0,7.07,0.12,11996.04,%sOxidizer Pressure Confirmation,,
2526,34.69,1678.44,108.83,546.92,766.6,654.72,645.24,12.62,0,0,0,0,0,1,1,0,0,7.07,0.12,11996.07,%sOxidizer Pressure Confirmation,,
2527,24.4,1678.44,108.83,546.92,766.55,654.64,645.24,12.62,0,0,0,0,0,1,1,0,0,7.07,0.12,11996.1,%sOxidizer Pressure Confirmation,,
2528,28.56,1678.44,108.83,546.92,766.55,654.64,645.15,12.67,0,0,0,0,0,1,1,0,0,7.07,0.11,11996.13,%sOxidizer Pressure Confirmation,,
2529,28.15,1678.44,108.83,546.92,766.55,654.64,645.15,12.67,0,0,0,0,0,1,1,0,0,7.07,0.11,11996.15,%sOxidizer Pressure Confirmation,,
2530,22.04,1678.36,108.83,546.92,766.55,654.64,645.15,12.67,0,0,0,0,0,1,1,0,0,7.07,0.11,11996.18,%sOxidizer Pressure Confirmation,,
2531,28.11,1678.36,108.78,546.92,766.6,654.74,645.15,12.67,0,0,0,0,0,1,1,0,0,7.07,0.11,11996.2,%sOxidizer Pressure Confirmation,,
2532,26.86,1678.36,108.78,546.92,766.6,654.74,645.27,12.67,0,0,0,0,0,1,1,0,0,7.07,0.11,11996.23,%sOxidizer Pressure Confirmation,,
2533,23.01,1678.36,108.78,546.92,766.6,654.74,645.27,12.68,0,0,0,0,0,1,1,0,0,7.07,0.11,11996.25,%sOxidizer Pressure Confirmation,,
2534,30.82,1678.37,108.78,546.92,766.6,654.74,645.27,12.68,0,0,0,0,0,1,1,0,0,7.07,0.11,11996.29,%sOxidizer Pressure Confirmation,,
2535,36.69,1678.37,108.8,546.88,766.6,654.74,645.27,12.68,0,0,0,0,0,1,1,0,0,7.07,0.11,11996.32,%sOxidizer Pressure Confirmation,,
2536,25.46,1678.37,108.8,546.88,766.7,654.76,645.27,12.68,0,0,0,0,0,1,1,0,0,7.07,0.11,11996.35,%sOxidizer Pressure Confirmation,,
2537,30.37,1678.37,108.8,546.88,766.7,654.76,645.25,12.68,0,0,0,0,0,1,1,0,0,7.07,0.11,11996.38,%sOxidizer Pressure Confirmation,,
2538,27.67,1678.37,108.8,546.88,766.7,654.76,645.25,12.68,0,0,0,0,0,1,1,0,0,7.07,0.11,11996.41,%sOxidizer Pressure Confirmation,,
2539,25.6,1678.47,108.9,546.88,766.7,654.76,645.25,12.68,0,0,0,0,0,1,1,0,0,7.07,0.11,11996.43,%sOxidizer Pressure Confirmation,,
2540,27.54,1678.47,108.9,546.85,766.7,654.76,645.25,12.68,0,0,0,0,0,1,1,0,0,7.07,0.11,11996.46,%sOxidizer Pressure Confirmation,,
2541,28.24,1678.47,108.9,546.85,766.78,654.77,645.19,12.59,0,0,0,0,0,1,1,0,0,7.07,0.11,11996.49,%sOxidizer Pressure Confirmation,,
2542,45.23,1678.47,108.9,546.85,766.78,654.77,645.19,12.59,0,0,0,0,0,1,1,0,0,7.07,0.12,11996.53,%sOxidizer Pressure Confirmation,,
2543,25.61,1678.47,108.9,546.85,766.78,654.77,645.19,12.59,0,0,0,0,0,1,1,0,0,7.07,0.12,11996.56,%sOxidizer Pressure Confirmation,,
2544,28.57,1678.5,108.86,546.85,766.78,654.77,645.19,12.59,0,0,0,0,0,1,1,0,0,7.07,0.12,11996.59,%sOxidizer Pressure Confirmation,,
2545,28.12,1678.5,108.86,546.85,766.78,654.77,645.19,12.59,0,0,0,0,0,1,1,0,0,7.07,0.12,11996.61,%sOxidizer Pressure Confirmation,,
2546,25.59,1678.5,108.86,546.85,766.85,654.64,645.19,12.59,0,0,0,0,0,1,1,0,0,7.07,0.12,11996.64,%sOxidizer Pressure Confirmation,,
2547,22.41,1678.5,108.86,546.85,766.85,654.64,645.21,12.55,0,0,0,0,0,1,1,0,0,7.07,0.11,11996.66,%sOxidizer Pressure Confirmation,,
2548,29.26,1678.5,108.86,546.85,766.85,654.64,645.21,12.55,0,0,0,0,0,1,1,0,0,7.07,0.11,11996.69,%sOxidizer Pressure Confirmation,,
2549,42.19,1678.55,108.89,546.85,766.85,654.64,645.21,12.55,0,0,0,0,0,1,1,0,0,7.07,0.11,11996.73,%sOxidizer Pressure Confirmation,,
2550,37.54,1678.55,108.89,546.88,766.92,654.64,645.21,12.55,0,0,0,0,0,1,1,0,0,7.07,0.11,11996.77,%sOxidizer Pressure Confirmation,,
2551,27.79,1678.55,108.89,546.88,766.92,654.66,645.1,12.55,0,0,0,0,0,1,1,0,0,7.07,0.11,11996.8,%sOxidizer Pressure Confirmation,,
2552,32.75,1678.55,108.89,546.88,766.92,654.66,645.1,12.55,0,0,0,0,0,1,1,0,0,7.07,0.11,11996.83,%sOxidizer Pressure Confirmation,,
2553,31.56,1678.55,108.89,546.88,766.92,654.66,645.1,12.55,0,0,0,0,0,1,1,0,0,7.07,0.11,11996.86,%sOxidizer Pressure Confirmation,,
2554,24.24,1678.65,108.89,546.93,766.92,654.66,645.1,12.55,0,0,0,0,0,1,1,0,0,7.07,0.11,11996.89,%sOxidizer Pressure Confirmation,,
2555,30.82,1678.65,108.89,546.93,766.92,654.66,645.1,12.55,0,0,0,0,0,1,1,0,0,7.07,0.11,11996.92,%sOxidizer Pressure Confirmation,,
2556,22.93,1678.65,108.89,546.93,766.99,654.66,645.1,12.55,0,0,0,0,0,1,1,0,0,7.07,0.11,11996.94,%sOxidizer Pressure Confirmation,,
2557,24.35,1678.65,108.89,546.93,766.99,654.66,645,12.47,0,0,0,0,0,1,1,0,0,7.07,0.11,11996.97,%sOxidizer Pressure Confirmation,,
2558,30.45,1678.78,108.89,546.93,766.99,654.66,645,12.47,0,0,0,0,0,1,1,0,0,7.07,0.11,11997,%sOxidizer Pressure Confirmation,,
2559,39.14,1678.78,108.89,546.86,767.05,654.66,645,12.47,0,0,0,0,0,1,1,0,0,7.07,0.11,11997.04,%sOxidizer Pressure Confirmation,,
2560,25.98,1678.78,108.89,546.86,767.05,654.47,645,12.47,0,0,0,0,0,1,1,0,0,7.07,0.11,11997.06,%sOxidizer Pressure Confirmation,,
2561,24.88,1678.78,108.89,546.86,767.05,654.47,644.73,12.38,0,0,0,0,0,1,1,0,0,7.07,0.11,11997.09,%sOxidizer Pressure Confirmation,,
2562,27.3,1678.78,108.89,546.86,767.05,654.47,644.73,12.38,0,0,0,0,0,1,1,0,0,7.08,0.11,11997.11,%sOxidizer Pressure Confirmation,,
2563,27.26,1678.88,108.87,546.86,767.05,654.47,644.73,12.38,0,0,0,0,0,1,1,0,0,7.08,0.11,11997.14,%sOxidizer Pressure Confirmation,,
2564,24.07,1678.88,108.87,546.8,767.05,654.48,644.82,12.38,0,0,0,0,0,1,1,0,0,7.08,0.11,11997.17,%sOxidizer Pressure Confirmation,,
2565,28.59,1678.88,108.87,546.8,767.05,654.48,644.82,12.49,0,0,0,0,0,1,1,0,0,7.08,0.11,11997.19,%sOxidizer Pressure Confirmation,,
2566,29.7,1678.88,108.87,546.8,767.05,654.48,644.82,12.49,0,0,0,0,0,1,1,0,0,7.08,0.11,11997.22,%sOxidizer Pressure Confirmation,,
2567,23.27,1678.91,108.97,546.82,767.05,654.48,644.82,12.49,0,0,0,0,0,1,1,0,0,7.08,0.11,11997.25,%sOxidizer Pressure Confirmation,,
2568,30.6,1678.91,108.97,546.82,767.11,654.52,644.82,12.49,0,0,0,0,0,1,1,0,0,7.08,0.11,11997.28,%sOxidizer Pressure Confirmation,,
2569,26.22,1678.91,108.97,546.82,767.11,654.52,644.86,12.49,0,0,0,0,0,1,1,0,0,7.08,0.11,11997.3,%sOxidizer Pressure Confirmation,,
2570,26.75,1678.79,108.97,546.82,767.11,654.52,644.86,12.44,0,0,0,0,0,1,1,0,0,7.07,0.11,11997.33,%sOxidizer Pressure Confirmation,,
2571,30.95,1678.79,108.94,546.82,767.11,654.52,644.86,12.44,0,0,0,0,0,1,1,0,0,7.07,0.11,11997.36,%sOxidizer Pressure Confirmation,,
2572,26.69,1678.79,108.94,546.83,767.11,654.52,644.86,12.44,0,0,0,0,0,1,1,0,0,7.07,0.11,11997.39,%sOxidizer Pressure Confirmation,,
2573,24.94,1678.79,108.94,546.83,767.21,654.56,644.93,12.45,0,0,0,0,0,1,1,0,0,7.07,0.11,11997.41,%sOxidizer Pressure Confirmation,,
2574,24.86,1678.8,108.94,546.83,767.21,654.56,644.93,12.45,0,0,0,0,0,1,1,0,0,7.07,0.11,11997.44,%sOxidizer Pressure Confirmation,,
2575,44.8,1678.8,108.88,546.79,767.21,654.56,644.93,12.45,0,0,0,0,0,1,1,0,0,7.07,0.11,11997.48,%sOxidizer Pressure Confirmation,,
2576,25.44,1678.8,108.88,546.79,767.15,654.56,644.93,12.45,0,0,0,0,0,1,1,0,0,7.07,0.11,11997.51,%sOxidizer Pressure Confirmation,,
2577,24.15,1678.8,108.88,546.79,767.15,654.25,644.79,12.37,0,0,0,0,0,1,1,0,0,7.07,0.11,11997.53,%sOxidizer Pressure Confirmation,,
2578,27.69,1678.8,108.88,546.79,767.15,654.25,644.79,12.37,0,0,0,0,0,1,1,0,0,7.07,0.11,11997.56,%sOxidizer Pressure Confirmation,,
2579,22.11,1678.79,108.88,546.79,767.15,654.25,644.79,12.37,0,0,0,0,0,1,1,0,0,7.07,0.11,11997.58,%sOxidizer Pressure Confirmation,,
2580,40.42,1678.79,108.88,546.81,767.13,654.17,644.79,12.37,0,0,0,0,0,1,1,0,0,7.07,0.11,11997.62,%sOxidizer Pressure Confirmation,,
2581,27.7,1678.79,108.88,546.81,767.13,654.17,644.7,12.37,0,0,0,0,0,1,1,0,0,7.07,0.11,11997.65,%sOxidizer Pressure Confirmation,,
2582,24.8,1678.72,108.86,546.81,767.13,654.17,644.7,12.28,0,0,0,0,0,1,1,0,0,7.07,0.11,11997.67,%sOxidizer Pressure Confirmation,,
2583,25.44,1678.72,108.86,546.84,767.14,654.17,644.7,12.28,0,0,0,0,0,1,1,0,0,7.07,0.11,11997.7,%sOxidizer Pressure Confirmation,,
2584,36.41,1678.72,108.86,546.84,767.14,654.21,644.83,12.28,0,0,0,0,0,1,1,0,0,7.07,0.11,11997.74,%sOxidizer Pressure Confirmation,,
2585,25.84,1678.72,108.86,546.84,767.14,654.21,644.83,12.29,0,0,0,0,0,1,1,0,0,7.07,0.11,11997.76,%sOxidizer Pressure Confirmation,,
2586,32.31,1678.91,108.96,546.84,767.14,654.21,644.83,12.29,0,0,0,0,0,1,1,0,0,7.07,0.11,11997.79,%sOxidizer Pressure Confirmation,,
2587,28.8,1678.91,108.96,546.93,767.14,654.21,644.83,12.29,0,0,0,0,0,1,1,0,0,7.07,0.11,11997.82,%sOxidizer Pressure Confirmation,,
2588,23.1,1678.91,108.96,546.93,767.14,654.21,644.83,12.29,0,0,0,0,0,1,1,0,0,7.07,0.11,11997.85,%sOxidizer Pressure Confirmation,,
2589,23.84,1678.91,108.96,546.93,767.14,654.09,644.7,12.29,0,0,0,0,0,1,1,0,0,7.07,0.11,11997.87,%sOxidizer Pressure Confirmation,,
2590,26.73,1678.97,108.96,546.93,767.14,654.09,644.7,12.26,0,0,0,0,0,1,1,0,0,7.07,0.12,11997.9,%sOxidizer Pressure Confirmation,,
2591,27.08,1678.97,108.97,546.9,767.14,654.09,644.7,12.26,0,0,0,0,0,1,1,0,0,7.07,0.12,11997.92,%sOxidizer Pressure Confirmation,,
2592,25.37,1678.97,108.97,546.9,767.15,654.09,644.7,12.26,0,0,0,0,0,1,1,0,0,7.07,0.12,11997.95,%sOxidizer Pressure Confirmation,,
2593,24.52,1678.97,108.97,546.9,767.15,654.09,644.62,12.26,0,0,0,0,0,1,1,0,0,7.07,0.12,11997.97,%sOxidizer Pressure Confirmation,,
2594,21.31,1679.02,108.97,546.9,767.15,654.09,644.62,12.11,0,0,0,0,0,1,1,0,0,7.07,0.11,11998,%sOxidizer Pressure Confirmation,,
2595,25.41,1679.02,109.05,546.9,767.21,654.07,644.69,12.11,0,0,0,0,0,1,1,0,0,7.07,0.11,11998.02,%sOxidizer Pressure Confirmation,,
2596,28.74,1679.02,109.05,546.9,767.21,654.07,644.69,12.14,0,0,0,0,0,1,1,0,0,7.07,0.11,11998.05,%sOxidizer Pressure Confirmation,,
2597,23.8,1679.02,109.05,546.9,767.21,654.07,644.69,12.14,0,0,0,0,0,1,1,0,0,7.07,0.11,11998.07,%sOxidizer Pressure Confirmation,,
2598,23.16,1678.96,109.06,546.9,767.21,654.07,644.69,12.14,0,0,0,0,0,1,1,0,0,7.07,0.11,11998.1,%sOxidizer Pressure Confirmation,,
2599,25.88,1678.96,109.06,546.96,767.22,654.17,644.69,12.14,0,0,0,0,0,1,1,0,0,7.07,0.11,11998.12,%sOxidizer Pressure Confirmation,,
2600,26.75,1678.96,109.06,546.96,767.22,654.17,644.93,12.17,0,0,0,0,0,1,1,0,0,7.07,0.11,11998.15,%sOxidizer Pressure Confirmation,,
2601,24.58,1678.96,109.06,546.96,767.22,654.17,644.93,12.17,0,0,0,0,0,1,1,0,0,7.07,0.11,11998.17,%sOxidizer Pressure Confirmation,,
2602,22.71,1679.07,109.06,546.94,767.22,654.17,644.93,12.17,0,0,0,0,0,1,1,0,0,7.07,0.11,11998.2,%sOxidizer Pressure Confirmation,,
2603,25.19,1679.07,109.06,546.94,767.25,654.15,644.87,12.16,0,0,0,0,0,1,1,0,0,7.07,0.11,11998.22,%sOxidizer Pressure Confirmation,,
2604,25.63,1679.07,109.06,546.94,767.25,654.15,644.87,12.16,0,0,0,0,0,1,1,0,0,7.07,0.11,11998.25,%sOxidizer Pressure Confirmation,,
2605,26.21,1679.1,109.06,546.94,767.25,654.15,644.87,12.16,0,0,0,0,0,1,1,0,0,7.07,0.11,11998.27,%sOxidizer Pressure Confirmation,,
2606,23.7,1679.1,109.06,546.94,767.25,653.96,644.87,12.16,0,0,0,0,0,1,1,0,0,7.07,0.11,11998.3,%sOxidizer Pressure Confirmation,,
2607,25.19,1679.1,109.06,546.94,767.25,653.96,644.71,12.24,0,0,0,0,0,1,1,0,0,7.07,0.11,11998.32,%sOxidizer Pressure Confirmation,,
2608,32.25,1679.17,109.07,546.94,767.25,653.96,644.71,12.24,0,0,0,0,0,1,1,0,0,7.07,0.11,11998.35,%sOxidizer Pressure Confirmation,,
2609,23.29,1679.17,109.07,546.94,767.25,653.96,644.71,12.24,0,0,0,0,0,1,1,0,0,7.07,0.11,11998.38,%sOxidizer Pressure Confirmation,,
2610,22.03,1679.17,109.07,546.94,767.23,653.97,644.77,12.24,0,0,0,0,0,1,1,0,0,7.07,0.11,11998.4,%sOxidizer Pressure Confirmation,,
2611,24.66,1679.28,109.07,546.94,767.23,653.97,644.77,12.28,0,0,0,0,0,1,1,0,0,7.07,0.11,11998.42,%sOxidizer Pressure Confirmation,,
2612,28.5,1679.28,109.14,546.94,767.23,653.97,644.77,12.28,0,0,0,0,0,1,1,0,0,7.07,0.11,11998.45,%sOxidizer Pressure Confirmation,,
2613,26.58,1679.28,109.14,546.94,767.29,654.06,644.77,12.28,0,0,0,0,0,1,1,0,0,7.07,0.11,11998.48,%sOxidizer Pressure Confirmation,,
2614,27.69,1679.28,109.14,546.94,767.29,654.06,644.81,12.36,0,0,0,0,0,1,1,0,0,7.07,0.11,11998.51,%sOxidizer Pressure Confirmation,,
2615,24.11,1679.22,109.17,546.94,767.29,654.06,644.81,12.36,0,0,0,0,0,1,1,0,0,7.07,0.11,11998.53,%sOxidizer Pressure Confirmation,,
2616,25.69,1679.22,109.17,546.96,767.32,654.09,644.81,12.36,0,0,0,0,0,1,1,0,0,7.07,0.11,11998.56,%sOxidizer Pressure Confirmation,,
2617,26.56,1679.22,109.17,546.96,767.32,654.09,644.78,12.36,0,0,0,0,0,1,1,0,0,7.07,0.11,11998.58,%sOxidizer Pressure Confirmation,,
2618,23.57,1679.28,109.17,546.96,767.32,654.09,644.78,12.37,0,0,0,0,0,1,1,0,0,7.07,0.11,11998.61,%sOxidizer Pressure Confirmation,,
2619,25.27,1679.28,109.11,546.97,767.32,654.09,644.78,12.37,0,0,0,0,0,1,1,0,0,7.07,0.11,11998.63,%sOxidizer Pressure Confirmation,,
2620,28.61,1679.28,109.11,546.97,767.32,653.95,644.68,12.37,0,0,0,0,0,1,1,0,0,7.07,0.11,11998.66,%sOxidizer Pressure Confirmation,,
2621,25.32,1679.28,109.11,546.97,767.32,653.95,644.68,12.35,0,0,0,0,0,1,1,0,0,7.07,0.11,11998.69,%sOxidizer Pressure Confirmation,,
2622,26.22,1679.08,109.06,546.91,767.34,653.95,644.68,12.35,0,0,0,0,0,1,1,0,0,7.07,0.11,11998.71,%sOxidizer Pressure Confirmation,,
2623,25.5,1679.08,109.06,546.91,767.34,654.21,644.68,12.35,0,0,0,0,0,1,1,0,0,7.07,0.11,11998.74,%sOxidizer Pressure Confirmation,,
2624,26.43,1679.08,109.06,546.91,767.34,654.21,645.02,12.42,0,0,0,0,0,1,1,0,0,7.07,0.11,11998.76,%sOxidizer Pressure Confirmation,,
2625,23.21,1679.08,109.06,546.91,767.34,654.21,645.02,12.42,0,0,0,0,0,1,1,0,0,7.07,0.1,11998.79,%sOxidizer Pressure Confirmation,,
2626,24.33,1678.99,109.06,546.88,767.34,654.13,645.02,12.42,0,0,0,0,0,1,1,0,0,7.07,0.1,11998.81,%sOxidizer Pressure Confirmation,,
2627,26.73,1678.99,109.06,546.88,767.34,654.13,644.98,12.42,0,0,0,0,0,1,1,0,0,7.07,0.1,11998.84,%sOxidizer Pressure Confirmation,,
2628,23.06,1678.99,109.06,546.88,767.34,654.13,644.98,12.54,0,0,0,0,0,1,1,0,0,7.07,0.1,11998.86,%sOxidizer Pressure Confirmation,,
2629,25.31,1678.91,109.06,546.88,767.34,654.13,644.98,12.54,0,0,0,0,0,1,1,0,0,7.07,0.1,11998.89,%sOxidizer Pressure Confirmation,,
2630,22.19,1678.91,109.08,546.82,767.34,654.13,644.98,12.54,0,0,0,0,0,1,1,0,0,7.07,0.1,11998.91,%sOxidizer Pressure Confirmation,,
2631,24.26,1678.91,109.08,546.82,767.33,654.06,645.01,12.57,0,0,0,0,0,1,1,0,0,7.07,0.11,11998.93,%sOxidizer Pressure Confirmation,,
2632,27.37,1679,109.08,546.82,767.33,654.06,645.01,12.57,0,0,0,0,0,1,1,0,0,7.07,0.11,11998.96,%sOxidizer Pressure Confirmation,,
2633,26.73,1679,109.08,546.84,767.33,654.06,645.01,12.57,0,0,0,0,0,1,1,0,0,7.07,0.11,11998.99,%sOxidizer Pressure Confirmation,,
2634,76.69,1679,109.08,546.84,767.41,654.03,645.01,12.57,0,0,0,0,0,1,1,0,0,7.07,0.11,11999.06,%sOxidizer Pressure Confirmation,,
2635,26.18,1679,109.08,546.84,767.41,654.03,644.81,12.54,0,0,0,0,0,1,1,0,0,7.07,0.11,11999.09,%sOxidizer Pressure Confirmation,,
2636,30.48,1679,109.08,546.84,767.41,654.03,644.81,12.54,0,0,0,0,0,1,1,0,0,7.07,0.1,11999.12,%sOxidizer Pressure Confirmation,,
2637,24.09,1678.94,109.08,546.84,767.41,654.03,644.81,12.54,0,0,0,0,0,1,1,0,0,7.07,0.1,11999.15,%sOxidizer Pressure Confirmation,,
2638,23.23,1678.94,109.07,546.94,767.44,654.25,644.93,12.54,0,0,0,0,0,1,1,0,0,7.07,0.1,11999.17,%sOxidizer Pressure Confirmation,,
2639,27.05,1678.94,109.07,546.94,767.44,654.25,644.93,12.48,0,0,0,0,0,1,1,0,0,7.07,0.1,11999.2,%sOxidizer Pressure Confirmation,,
2640,23.59,1678.9,109.07,546.94,767.44,654.25,644.93,12.48,0,0,0,0,0,1,1,0,0,7.07,0.1,11999.22,%sOxidizer Pressure Confirmation,,
2641,25.94,1678.9,109.05,546.94,767.44,654.25,644.93,12.48,0,0,0,0,0,1,1,0,0,7.07,0.1,11999.25,%sOxidizer Pressure Confirmation,,
2642,23.02,1678.9,109.05,546.93,767.47,654.41,645.15,12.48,0,0,0,0,0,1,1,0,0,7.07,0.1,11999.27,%sOxidizer Pressure Confirmation,,
2643,24.1,1678.9,109.05,546.93,767.47,654.41,645.15,12.48,0,0,0,0,0,1,1,0,0,7.07,0.1,11999.29,%sOxidizer Pressure Confirmation,,
2644,25.58,1678.89,109,546.96,767.47,654.41,645.15,12.48,0,0,0,0,0,1,1,0,0,7.07,0.1,11999.32,%sOxidizer Pressure Confirmation,,
2645,27.07,1678.89,109,546.96,767.5,654.42,645.01,12.48,0,0,0,0,0,1,1,0,0,7.07,0.1,11999.34,%sOxidizer Pressure Confirmation,,
2646,21.08,1678.89,109,546.96,767.5,654.42,645.01,12.44,0,0,0,0,0,1,1,0,0,7.07,0.1,11999.37,%sOxidizer Pressure Confirmation,,
2647,22.63,1678.8,108.99,547,767.5,654.42,645.01,12.44,0,0,0,0,0,1,1,0,0,7.07,0.1,11999.39,%sOxidizer Pressure Confirmation,,
2648,24,1678.8,108.99,547,767.54,654.45,645.01,12.44,0,0,0,0,0,1,1,0,0,7.07,0.1,11999.41,%sOxidizer Pressure Confirmation,,
2649,25.42,1678.8,108.99,547,767.54,654.45,644.96,12.33,0,0,0,0,0,1,1,0,0,7.07,0.1,11999.44,%sOxidizer Pressure Confirmation,,
2650,24.2,1678.8,108.99,547,767.54,654.45,644.96,12.33,0,0,0,0,0,1,1,0,0,7.07,0.1,11999.46,%sOxidizer Pressure Confirmation,,
2651,27.19,1678.79,109.02,547,767.56,654.48,644.96,12.33,0,0,0,0,0,1,1,0,0,7.07,0.1,11999.49,%sOxidizer Pressure Confirmation,,
2652,26.16,1678.79,109.02,547,767.56,654.48,644.96,12.32,0,0,0,0,0,1,1,0,0,7.07,0.1,11999.52,%sOxidizer Pressure Confirmation,,
2653,32.18,1678.88,109.02,547,767.56,654.48,644.96,12.32,0,0,0,0,0,1,1,0,0,7.07,0.1,11999.55,%sOxidizer Pressure Confirmation,,
2654,23.98,1678.88,109.11,547.01,767.64,654.48,644.96,12.32,0,0,0,0,0,1,1,0,0,7.07,0.1,11999.57,%sOxidizer Pressure Confirmation,,
2655,26.82,1678.88,109.11,547.01,767.64,654.53,644.94,12.32,0,0,0,0,0,1,1,0,0,7.07,0.1,11999.6,%sOxidizer Pressure Confirmation,,
2656,21.9,1678.88,109.11,547.01,767.64,654.53,644.94,12.28,0,0,0,0,0,1,1,0,0,7.07,0.1,11999.62,%sOxidizer Pressure Confirmation,,
2657,21.1,1679,109.11,547.01,767.64,654.53,644.94,12.28,0,0,0,0,0,1,1,0,0,7.07,0.1,11999.64,%sOxidizer Pressure Confirmation,,
2658,23.06,1679,109.08,547.01,767.66,654.53,644.94,12.28,0,0,0,0,0,1,1,0,0,7.07,0.1,11999.66,%sOxidizer Pressure Confirmation,,
2659,23.28,1679,109.08,547.01,767.66,654.57,644.94,12.28,0,0,0,0,0,1,1,0,0,7.07,0.1,11999.69,%sOxidizer Pressure Confirmation,,
2660,25.06,1678.98,109.05,547.01,767.66,654.57,644.78,12.35,0,0,0,0,0,1,1,0,0,7.07,0.1,11999.71,%sOxidizer Pressure Confirmation,,
2661,23.67,1678.98,109.05,547.07,767.68,654.57,644.78,12.35,0,0,0,0,0,1,1,0,0,7.07,0.1,11999.74,%sOxidizer Pressure Confirmation,,
2662,31.3,1678.98,109.05,547.07,767.68,654.66,645.02,12.35,0,0,0,0,0,1,1,0,0,7.07,0.1,11999.77,%sOxidizer Pressure Confirmation,,
2663,26.85,1678.98,109.05,547.07,767.68,654.66,645.02,12.36,0,0,0,0,0,1,1,0,0,7.07,0.1,11999.79,%sOxidizer Pressure Confirmation,,
2664,27.7,1679.1,108.93,547.08,767.68,654.66,645.02,12.36,0,0,0,0,0,1,1,0,0,7.07,0.1,11999.82,%sOxidizer Pressure Confirmation,,
2665,26.39,1679.1,108.93,547.08,767.61,654.62,644.84,12.36,0,0,0,0,0,1,1,0,0,7.07,0.1,11999.85,%sOxidizer Pressure Confirmation,,
2666,24.07,1679.1,108.93,547.08,767.61,654.62,644.84,12.33,0,0,0,0,0,1,1,0,0,7.07,0.11,11999.87,%sOxidizer Pressure Confirmation,,
2667,25.41,1679.02,108.81,547.08,767.61,654.62,644.84,12.33,0,0,0,0,0,1,1,0,0,7.07,0.11,11999.9,%sCountdown,,
2668,22.56,1679.02,108.81,547.04,767.59,654.62,644.84,12.33,0,0,0,0,0,1,1,0,0,7.07,0.11,11999.92,%sCountdown,,
2669,24.08,1679.02,108.81,547.04,767.59,654.59,644.84,12.33,0,0,0,0,0,1,1,0,0,7.07,0.11,11999.95,%sCountdown,,
2670,25.57,1679.02,108.81,547.04,767.59,654.59,644.95,12.45,0,0,0,0,0,1,1,0,0,7.07,0.11,11999.97,%sCountdown,,
2671,23.08,1679.17,108.85,546.97,767.59,654.59,644.95,12.45,0,0,0,0,0,1,1,0,0,7.07,0.11,11999.99,%sCountdown,,
2672,28.65,1679.17,108.85,546.97,767.54,654.43,644.95,12.45,0,0,0,0,0,1,1,0,0,7.07,0.11,12000.02,%sCountdown,,
2673,23.98,1679.17,108.85,546.97,767.54,654.43,644.98,12.45,0,0,0,0,0,1,1,0,0,7.07,0.11,12000.05,%sCountdown,,
2674,24.29,1679.17,108.85,546.97,767.54,654.43,644.98,12.5,0,0,0,0,0,1,1,0,0,7.07,0.11,12000.07,%sCountdown,,
2675,26.47,1679.09,108.77,546.99,767.55,654.32,644.98,12.5,0,0,0,0,0,1,1,0,0,7.07,0.11,12000.1,%sCountdown,,
2676,29.21,1679.09,108.77,546.99,767.55,654.32,644.84,12.5,0,0,0,0,0,1,1,0,0,7.07,0.11,12000.13,%sCountdown,,
2677,25.12,1679.09,108.77,546.99,767.55,654.32,644.84,12.44,0,0,0,0,0,1,1,0,0,7.07,0.11,12000.15,%sCountdown,,
2678,22.69,1679.08,108.8,546.96,767.55,654.32,644.84,12.44,0,0,0,0,0,1,1,0,0,7.07,0.11,12000.17,%sCountdown,,
2679,25.57,1679.08,108.8,546.96,767.54,654.28,644.8,12.46,0,0,0,0,0,1,1,0,0,7.07,0.11,12000.2,%sCountdown,,
2680,25.68,1679.11,108.8,546.96,767.54,654.28,644.8,12.46,0,0,0,0,0,1,1,0,0,7.07,0.11,12000.23,%sCountdown,,
2681,24.7,1679.11,108.84,546.96,767.52,654.28,644.8,12.46,0,0,0,0,0,1,1,0,0,7.07,0.11,12000.25,%sCountdown,,
2682,25.04,1679.11,108.84,546.96,767.52,654.26,644.93,12.52,0,0,0,0,0,1,1,0,0,7.07,0.11,12000.28,%sCountdown,,
2683,23.61,1679.16,108.81,546.96,767.52,654.26,644.93,12.52,0,0,0,0,0,1,1,0,0,7.07,0.11,12000.3,%sCountdown,,
2684,27.03,1679.16,108.81,546.95,767.49,654.26,644.93,12.52,0,0,0,0,0,1,1,0,0,7.07,0.11,12000.33,%sCountdown,,
2685,25.88,1679.16,108.81,546.95,767.49,654.31,644.98,12.57,0,0,0,0,0,1,1,0,0,7.07,0.11,12000.35,%sCountdown,,
2686,26.63,1679.23,108.77,546.95,767.49,654.31,644.98,12.57,0,0,0,0,0,1,1,0,0,7.07,0.12,12000.38,%sCountdown,,
2687,27.02,1679.23,108.77,546.96,767.5,654.31,644.98,12.57,0,0,0,0,0,1,1,0,0,7.07,0.12,12000.41,%sCountdown,,
2688,24.68,1679.23,108.77,546.96,767.5,654.33,644.98,12.59,0,0,0,0,0,1,1,0,0,7.07,0.12,12000.43,%sCountdown,,
2689,24.58,1679.24,108.77,546.96,767.5,654.33,644.98,12.59,0,0,0,0,0,1,1,0,0,7.07,0.11,12000.45,%sCountdown,,
2690,21.89,1679.24,108.76,546.96,767.54,654.33,644.98,12.59,0,0,0,0,0,1,1,0,0,7.07,0.11,12000.48,%sCountdown,,
2691,22.05,1679.24,108.76,546.96,767.54,654.33,644.96,12.59,0,0,0,0,0,1,1,0,0,7.07,0.11,12000.5,%sCountdown,,
2692,26.12,1679.25,108.76,546.96,767.54,654.33,644.96,12.63,0,0,0,0,0,1,1,0,0,7.08,0.11,12000.52,%sCountdown,,
2693,26.15,1679.25,108.76,546.93,767.57,654.33,644.96,12.63,0,0,0,0,0,1,1,0,0,7.08,0.11,12000.55,%sCountdown,,
2694,22.55,1679.25,108.76,546.93,767.57,654.46,644.98,12.63,0,0,0,0,0,1,1,0,0,7.08,0.11,12000.57,%sCountdown,,
2695,24.62,1679.25,108.76,546.93,767.57,654.46,644.98,12.64,0,0,0,0,0,1,1,0,0,7.08,0.12,12000.6,%sCountdown,,
2696,25.1,1679.13,108.8,546.94,767.62,654.46,644.98,12.64,0,0,0,0,0,1,1,0,0,7.07,0.12,12000.62,%sCountdown,,
2697,26.53,1679.13,108.8,546.94,767.62,654.61,645.16,12.64,0,0,0,0,0,1,1,0,0,7.07,0.12,12000.65,%sCountdown,,
2698,23.88,1679.13,108.8,546.94,767.62,654.61,645.16,12.64,0,0,0,0,0,1,1,0,0,7.07,0.12,12000.67,%sCountdown,,
2699,23.28,1679.13,108.8,546.94,767.62,654.61,645.16,12.64,0,0,0,0,0,1,1,0,0,7.08,0.12,12000.7,%sCountdown,,
2700,27.12,1679.37,108.9,546.9,767.55,654.54,645.16,12.64,0,0,0,0,0,1,1,0,0,7.08,0.12,12000.72,%sCountdown,,
2701,21.78,1679.37,108.9,546.9,767.55,654.54,645.12,12.63,0,0,0,0,0,1,1,0,0,7.08,0.12,12000.75,%sCountdown,,
2702,25.12,1679.32,108.89,546.9,767.55,654.54,645.12,12.63,0,0,0,0,0,1,1,0,0,7.07,0.12,12000.77,%sCountdown,,
2703,23.09,1679.32,108.89,546.87,767.62,654.54,645.12,12.63,0,0,0,0,0,1,1,0,0,7.07,0.12,12000.79,%sCountdown,,
2704,52.66,1679.32,108.89,546.87,767.62,654.53,645.16,12.63,0,0,0,0,0,1,1,0,0,7.07,0.12,12000.85,%sCountdown,,
2705,26.64,1679.32,108.89,546.87,767.62,654.53,645.16,12.75,0,0,0,0,0,1,1,0,0,7.08,0.11,12000.87,%sCountdown,,
2706,21.67,1679.43,108.91,546.87,767.62,654.53,645.16,12.75,0,0,0,0,0,1,1,0,0,7.08,0.11,12000.89,%sCountdown,,
2707,26.7,1679.43,108.91,546.89,767.63,654.57,645.16,12.75,0,0,0,0,0,1,1,0,0,7.08,0.11,12000.92,%sCountdown,,
2708,24.01,1679.43,108.91,546.89,767.63,654.57,645.29,12.75,0,0,0,0,0,1,1,0,0,7.08,0.11,12000.95,%sCountdown,,
2709,21.09,1679.43,108.91,546.89,767.63,654.57,645.29,12.79,0,0,0,0,0,1,1,0,0,7.08,0.12,12000.97,%sCountdown,,
2710,30.16,1679.44,108.83,546.89,767.63,654.57,645.29,12.79,0,0,0,0,0,1,1,0,0,7.07,0.12,12001,%sCountdown,,
2711,25.2,1679.44,108.83,546.9,767.63,654.57,645.29,12.79,0,0,0,0,0,1,1,0,0,7.07,0.12,12001.02,%sCountdown,,
2712,39.23,1679.44,108.83,546.9,767.64,654.6,645.29,12.79,0,0,0,0,0,1,1,0,0,7.07,0.12,12001.06,%sCountdown,,
2713,23.67,1679.44,108.83,546.9,767.64,654.6,645.47,12.76,0,0,0,0,0,1,1,0,0,7.07,0.12,12001.08,%sCountdown,,
2714,55.41,1679.44,108.83,546.9,767.64,654.6,645.47,12.76,0,0,0,0,0,1,1,0,0,7.07,0.11,12001.14,%sCountdown,,
2715,28.18,1679.51,108.83,546.9,767.64,654.6,645.47,12.76,0,0,0,0,0,1,1,0,0,7.07,0.11,12001.17,%sCountdown,,
2716,29.48,1679.51,108.86,546.91,767.7,654.6,645.47,12.76,0,0,0,0,0,1,1,0,0,7.07,0.11,12001.2,%sCountdown,,
2717,28.64,1679.51,108.86,546.91,767.7,654.62,645.47,12.76,0,0,0,0,0,1,1,0,0,7.07,0.11,12001.23,%sCountdown,,
2718,25.27,1679.51,108.86,546.91,767.7,654.62,645.37,12.76,0,0,0,0,0,1,1,0,0,7.07,0.11,12001.25,%sCountdown,,
2719,24.64,1679.51,108.86,546.91,767.7,654.62,645.37,12.73,0,0,0,0,0,1,1,0,0,7.07,0.11,12001.28,%sCountdown,,
2720,32.27,1679.51,108.86,546.91,767.7,654.62,645.37,12.73,0,0,0,0,0,1,1,0,0,7.07,0.11,12001.31,%sCountdown,,
2721,51.76,1679.62,108.91,546.91,767.7,654.62,645.37,12.73,0,0,0,0,0,1,1,0,0,7.07,0.11,12001.36,%sCountdown,,
2722,30.98,1679.62,108.91,546.95,767.77,654.62,645.37,12.73,0,0,0,0,0,1,1,0,0,7.07,0.11,12001.39,%sCountdown,,
2723,28.7,1679.62,108.91,546.95,767.77,654.46,645.37,12.73,0,0,0,0,0,1,1,0,0,7.07,0.11,12001.42,%sCountdown,,
2724,28.55,1679.62,108.91,546.95,767.77,654.46,645.34,12.73,0,0,0,0,0,1,1,0,0,7.07,0.11,12001.45,%sCountdown,,
2725,27.65,1679.62,108.91,546.95,767.77,654.46,645.34,12.62,0,0,0,0,0,1,1,0,0,7.07,0.11,12001.48,%sCountdown,,
2726,26.47,1679.62,108.91,546.95,767.77,654.46,645.34,12.62,0,0,0,0,0,1,1,0,0,7.07,0.11,12001.5,%sCountdown,,
2727,26.78,1679.45,108.91,546.95,767.77,654.46,645.34,12.62,0,0,0,0,0,1,1,0,0,7.07,0.11,12001.53,%sCountdown,,
2728,27.15,1679.45,108.84,546.96,767.77,654.46,645.34,12.62,0,0,0,0,0,1,1,0,0,7.07,0.11,12001.56,%sCountdown,,
2729,27.27,1679.45,108.84,546.96,767.72,654.41,645.34,12.62,0,0,0,0,0,1,1,0,0,7.07,0.11,12001.58,%sCountdown,,
2730,27.69,1679.45,108.84,546.96,767.72,654.41,645.29,12.6,0,0,0,0,0,1,1,0,0,7.07,0.11,12001.61,%sCountdown,,
2731,32.63,1679.45,108.84,546.96,767.72,654.41,645.29,12.6,0,0,0,0,0,1,1,0,0,7.07,0.11,12001.64,%sCountdown,,
2732,28.97,1679.51,108.84,546.96,767.72,654.41,645.29,12.6,0,0,0,0,0,1,1,0,0,7.07,0.11,12001.67,%sCountdown,,
2733,27.92,1679.51,108.87,546.94,767.72,654.41,645.29,12.6,0,0,0,0,0,1,1,0,0,7.07,0.11,12001.7,%sCountdown,,
2734,29.56,1679.51,108.87,546.94,767.72,654.41,645.29,12.6,0,0,0,0,0,1,1,0,0,7.07,0.11,12001.73,%sCountdown,,
2735,31.62,1679.51,108.87,546.94,767.66,654.29,645.29,12.6,0,0,0,0,0,1,1,0,0,7.07,0.11,12001.76,%sCountdown,,
2736,27.72,1679.51,108.87,546.94,767.66,654.29,645.37,12.6,0,0,0,0,0,1,1,0,0,7.07,0.11,12001.79,%sCountdown,,
2737,23.1,1679.51,108.87,546.94,767.66,654.29,645.37,12.63,0,0,0,0,0,1,1,0,0,7.07,0.11,12001.81,%sCountdown,,
2738,27.7,1679.56,108.87,546.94,767.66,654.29,645.37,12.63,0,0,0,0,0,1,1,0,0,7.07,0.11,12001.84,%sCountdown,,
2739,33.34,1679.56,108.85,546.94,767.66,654.29,645.37,12.63,0,0,0,0,0,1,1,0,0,7.07,0.11,12001.87,%sCountdown,,
2740,23.68,1679.56,108.85,546.94,767.66,654.29,645.37,12.63,0,0,0,0,0,1,1,0,0,7.07,0.11,12001.9,%sCountdown,,
2741,29.66,1679.56,108.85,546.94,767.65,654.1,645.37,12.63,0,0,0,0,0,1,1,0,0,7.07,0.11,12001.93,%sCountdown,,
2742,27.13,1679.56,108.85,546.94,767.65,654.1,645.2,12.63,0,0,0,0,0,1,1,0,0,7.07,0.11,12001.95,%sCountdown,,
2743,26.37,1679.56,108.85,546.94,767.65,654.1,645.2,12.58,0,0,0,0,0,1,1,0,0,7.07,0.1,12001.98,%sCountdown,,
2744,31.61,1679.56,108.85,546.94,767.65,654.1,645.2,12.58,0,0,0,0,0,1,1,0,0,7.07,0.1,12002.01,%sCountdown,,
2745,27.6,1679.53,108.79,546.94,767.65,654.1,645.2,12.58,0,0,0,0,0,1,1,0,0,7.07,0.1,12002.04,%sCountdown,,
2746,29.36,1679.53,108.79,546.97,767.7,654.1,645.2,12.58,0,0,0,0,0,1,1,0,0,7.07,0.1,12002.07,%sCountdown,,
2747,25.79,1679.53,108.79,546.97,767.7,654.18,645.15,12.58,0,0,0,0,0,1,1,0,0,7.07,0.1,12002.1,%sCountdown,,
2748,23.46,1679.53,108.79,546.97,767.7,654.18,645.15,12.6,0,0,0,0,0,1,1,0,0,7.07,0.1,12002.12,%sCountdown,,
2749,23.04,1679.4,108.83,546.97,767.7,654.18,645.15,12.6,0,0,0,0,0,1,1,0,0,7.07,0.1,12002.14,%sCountdown,,
2750,23.19,1679.4,108.83,547.04,767.7,654.18,645.15,12.6,0,0,0,0,0,1,1,0,0,7.07,0.1,12002.17,%sCountdown,,
2751,30.04,1679.4,108.83,547.04,767.79,654.28,645.15,12.6,0,0,0,0,0,1,1,0,0,7.07,0.1,12002.2,%sCountdown,,
2752,32.12,1679.4,108.83,547.04,767.79,654.28,645.3,12.49,0,0,0,0,0,1,1,0,0,7.07,0.1,12002.23,%sCountdown,,
2753,28.1,1679.4,108.83,547.04,767.79,654.28,645.3,12.49,0,0,0,0,0,1,1,0,0,7.07,0.1,12002.26,%sCountdown,,
2754,26.93,1679.4,108.83,547.04,767.79,654.28,645.3,12.49,0,0,0,0,0,1,1,0,0,7.07,0.1,12002.28,%sCountdown,,
2755,23.96,1679.25,108.8,547.04,767.79,654.28,645.3,12.49,0,0,0,0,0,1,1,0,0,7.07,0.1,12002.31,%sCountdown,,
2756,26.27,1679.25,108.8,547.07,767.75,654.28,645.3,12.49,0,0,0,0,0,1,1,0,0,7.07,0.1,12002.33,%sCountdown,,
2757,24.98,1679.25,108.8,547.07,767.75,654.52,645.29,12.49,0,0,0,0,0,1,1,0,0,7.07,0.1,12002.36,%sCountdown,,
2758,26.71,1679.25,108.8,547.07,767.75,654.52,645.29,12.49,0,0,0,0,0,1,1,0,0,7.07,0.1,12002.38,%sCountdown,,
2759,23.53,1679.26,108.85,547.02,767.75,654.52,645.29,12.49,0,0,0,0,0,1,1,0,0,7.07,0.1,12002.41,%sCountdown,,
2760,25.03,1679.26,108.85,547.02,767.73,654.48,645.29,12.49,0,0,0,0,0,1,1,0,0,7.07,0.1,12002.43,%sCountdown,,
2761,27.59,1679.26,108.85,547.02,767.73,654.48,645.38,12.52,0,0,0,0,0,1,1,0,0,7.07,0.1,12002.46,%sCountdown,,
2762,25.96,1679.26,108.85,547.02,767.73,654.48,645.38,12.52,0,0,0,0,0,1,1,0,0,7.07,0.1,12002.49,%sCountdown,,
2763,25.13,1679.25,108.94,547.01,767.73,654.48,645.38,12.52,0,0,0,0,0,1,1,0,0,7.07,0.1,12002.51,%sCountdown,,
2764,31.54,1679.25,108.94,547.01,767.8,654.48,645.38,12.52,0,0,0,0,0,1,1,0,0,7.07,0.1,12002.54,%sCountdown,,
2765,28.73,1679.25,108.94,547.01,767.8,654.49,645.34,12.52,0,0,0,0,0,1,1,0,0,7.07,0.1,12002.57,%sCountdown,,
2766,23.88,1679.25,108.94,547.01,767.8,654.49,645.34,12.59,0,0,0,0,0,1,1,0,0,7.07,0.1,12002.6,%sCountdown,,
2767,26.42,1679.15,108.87,547.01,767.8,654.49,645.34,12.59,0,0,0,0,0,1,1,0,0,7.07,0.1,12002.62,%sCountdown,,
2768,24.41,1679.15,108.87,546.99,767.8,654.49,645.34,12.59,0,0,0,0,0,1,1,0,0,7.07,0.1,12002.65,%sCountdown,,
2769,27.6,1679.15,108.87,546.99,767.83,654.56,645.6,12.59,0,0,0,0,0,1,1,0,0,7.07,0.1,12002.67,%sCountdown,,
2770,24.27,1679.15,108.87,546.99,767.83,654.56,645.6,12.67,0,0,0,0,0,1,1,0,0,7.07,0.1,12002.7,%sCountdown,,
2771,26.72,1679.15,108.87,546.99,767.83,654.56,645.6,12.67,0,0,0,0,0,1,1,0,0,7.07,0.1,12002.73,%sCountdown,,
2772,26.39,1679.03,108.84,546.96,767.83,654.56,645.6,12.67,0,0,0,0,0,1,1,0,0,7.07,0.1,12002.75,%sCountdown,,
2773,32.16,1679.03,108.84,546.96,767.85,654.91,645.6,12.67,0,0,0,0,0,1,1,0,0,7.07,0.1,12002.78,%sCountdown,,
2774,24.76,1679.03,108.84,546.96,767.85,654.91,645.71,12.69,0,0,0,0,0,1,1,0,0,7.07,0.11,12002.81,%sCountdown,,
2775,28.12,1678.98,108.84,546.96,767.85,654.91,645.71,12.69,0,0,0,0,0,1,1,0,0,7.07,0.11,12002.84,%sCountdown,,
2776,22.66,1678.98,108.98,546.99,767.85,654.91,645.71,12.69,0,0,0,0,0,1,1,0,0,7.07,0.11,12002.86,%sCountdown,,
2777,29.57,1678.98,108.98,546.99,767.95,655.01,645.7,12.69,0,0,0,0,0,1,1,0,0,7.07,0.11,12002.89,%sCountdown,,
2778,29.31,1678.98,108.98,546.99,767.95,655.01,645.7,12.6,0,0,0,0,0,1,1,0,0,7.07,0.1,12002.92,%sCountdown,,
2779,21.93,1678.81,108.94,546.99,767.95,655.01,645.7,12.6,0,0,0,0,0,1,1,0,0,7.07,0.1,12002.94,%sCountdown,,
2780,24.65,1678.81,108.94,547,767.95,655.01,645.7,12.6,0,0,0,0,0,1,1,0,0,7.07,0.1,12002.96,%sCountdown,,
2781,27.21,1678.81,108.94,547,768.08,655,645.74,12.51,0,0,0,0,0,1,1,0,0,7.07,0.1,12002.99,%sCountdown,,
2782,26.35,1678.81,108.94,547,768.08,655,645.74,12.51,0,0,0,0,0,1,1,0,0,7.07,0.1,12003.02,%sCountdown,,
2783,25.57,1678.73,109.01,547,768.08,655,645.74,12.51,0,0,0,0,0,1,1,0,0,7.07,0.1,12003.04,%sCountdown,,
2784,25.77,1678.73,109.01,547,768.08,655,645.74,12.51,0,0,0,0,0,1,1,0,0,7.07,0.1,12003.07,%sCountdown,,
2785,24.05,1678.73,109.01,547,768.1,655.03,645.92,12.51,0,0,0,0,0,1,1,0,0,7.07,0.1,12003.09,%sCountdown,,
2786,31.66,1678.73,109.01,547,768.1,655.03,645.92,12.49,0,0,0,0,0,1,1,0,0,7.07,0.1,12003.13,%sCountdown,,
2787,26.72,1678.8,109.1,546.98,768.13,655.03,645.92,12.49,0,0,0,0,0,1,1,0,0,7.07,0.1,12003.15,%sCountdown,,
2788,24.55,1678.8,109.1,546.98,768.13,655.03,645.97,12.49,0,0,0,0,0,1,1,0,0,7.07,0.1,12003.18,%sCountdown,,
2789,24.62,1678.8,109.1,546.98,768.13,655.03,645.97,12.42,0,0,0,0,0,1,1,0,0,7.07,0.1,12003.2,%sCountdown,,
2790,26.5,1678.8,109.1,546.98,768.13,655.03,645.97,12.42,0,0,0,0,0,1,1,0,0,7.07,0.1,12003.23,%sCountdown,,
2791,27.29,1678.86,109.07,546.96,768.07,654.96,645.97,12.42,0,0,0,0,0,1,1,0,0,7.07,0.1,12003.25,%sCountdown,,
2792,25.45,1678.86,109.07,546.96,768.07,654.96,645.88,12.42,0,0,0,0,0,1,1,0,0,7.07,0.1,12003.28,%sCountdown,,
2793,27.42,1678.86,109.07,546.96,768.07,654.96,645.88,12.35,0,0,0,0,0,1,1,0,0,7.07,0.1,12003.31,%sCountdown,,
2794,21.17,1679.07,109.14,546.96,768.07,654.96,645.88,12.35,0,0,0,0,0,1,1,0,0,7.07,0.1,12003.33,%sCountdown,,
2795,25.67,1679.07,109.14,547.06,768.08,654.68,645.88,12.35,0,0,0,0,0,1,1,0,0,7.07,0.1,12003.35,%sCountdown,,
2796,27.95,1679.07,109.14,547.06,768.08,654.68,645.82,12.35,0,0,0,0,0,1,1,0,0,7.07,0.1,12003.38,%sCountdown,,
2797,26.88,1679.07,109.14,547.06,768.08,654.68,645.82,12.16,0,0,0,0,0,1,1,0,0,7.07,0.09,12003.41,%sCountdown,,
2798,24.07,1679.09,109.19,547.06,768.08,654.68,645.82,12.16,0,0,0,0,0,1,1,0,0,7.07,0.09,12003.43,%sCountdown,,
2799,26.61,1679.09,109.19,547.15,768.19,654.61,645.82,12.16,0,0,0,0,0,1,1,0,0,7.07,0.09,12003.46,%sCountdown,,
2800,22.42,1679.09,109.19,547.15,768.19,654.61,645.66,12.01,0,0,0,0,0,1,1,0,0,7.07,0.09,12003.48,%sCountdown,,
2801,24.27,1679.09,109.19,547.15,768.19,654.61,645.66,12.01,0,0,0,0,0,1,1,0,0,7.07,0.09,12003.51,%sCountdown,,
2802,27.17,1679.14,109.16,547.18,768.19,654.61,645.66,12.01,0,0,0,0,0,1,1,0,0,7.07,0.09,12003.53,%sCountdown,,
2803,22.74,1679.14,109.16,547.18,768.14,654.61,645.66,12.01,0,0,0,0,0,1,1,0,0,7.07,0.09,12003.56,%sCountdown,,
2804,24.58,1679.14,109.16,547.18,768.14,654.61,645.57,12.03,0,0,0,0,0,1,1,0,0,7.07,0.09,12003.58,%sCountdown,,
2805,26.82,1679.25,109.16,547.18,768.14,654.61,645.57,12.03,0,0,0,0,0,1,1,0,0,7.07,0.09,12003.61,%sCountdown,,
2806,23.69,1679.25,109.06,547.18,768.14,654.61,645.57,12.03,0,0,0,0,0,1,1,0,0,7.07,0.09,12003.63,%sCountdown,,
2807,28.66,1679.25,109.06,547.16,768.07,654.51,645.54,12.03,0,0,0,0,0,1,1,0,0,7.07,0.09,12003.66,%sCountdown,,
2808,27.74,1679.25,109.06,547.16,768.07,654.51,645.54,12.05,0,0,0,0,0,1,1,0,0,7.07,0.09,12003.69,%sCountdown,,
2809,25.12,1679.32,109,547.16,768.07,654.51,645.54,12.05,0,0,0,0,0,1,1,0,0,7.07,0.09,12003.71,%sCountdown,,
2810,22.08,1679.32,109,547.18,768.07,654.51,645.54,12.05,0,0,0,0,0,1,1,0,0,7.07,0.09,12003.74,%sCountdown,,
2811,23.63,1679.32,109,547.18,768.07,654.38,645.49,12.12,0,0,0,0,0,1,1,0,0,7.07,0.1,12003.76,%sCountdown,,
2812,26.6,1679.31,108.84,547.18,768.07,654.38,645.49,12.12,0,0,0,0,0,1,1,0,0,7.07,0.1,12003.79,%sCountdown,,
2813,24.68,1679.31,108.84,547.09,768.07,654.38,645.49,12.12,0,0,0,0,0,1,1,0,0,7.07,0.1,12003.81,%sCountdown,,
2814,25.05,1679.31,108.84,547.09,767.99,654.26,645.49,12.12,0,0,0,0,0,1,1,0,0,7.07,0.1,12003.84,%sCountdown,,
2815,25.19,1679.31,108.84,547.09,767.99,654.26,645.58,12.32,0,0,0,0,0,1,1,0,0,7.07,0.1,12003.86,%sCountdown,,
2816,26.06,1679.29,108.86,547.09,767.99,654.26,645.58,12.32,0,0,0,0,0,1,1,0,0,7.07,0.1,12003.89,%sCountdown,,
2817,23.14,1679.29,108.86,547.05,767.91,654.29,645.58,12.32,0,0,0,0,0,1,1,0,0,7.07,0.1,12003.91,%sCountdown,,
2818,22.06,1679.29,108.86,547.05,767.91,654.29,645.55,12.32,0,0,0,0,0,1,1,0,0,7.07,0.1,12003.93,%sCountdown,,
2819,25.61,1679.29,108.86,547.05,767.91,654.29,645.55,12.41,0,0,0,0,0,1,1,0,0,7.07,0.11,12003.96,%sCountdown,,
2820,23.64,1679.31,108.78,547.08,767.94,654.29,645.55,12.41,0,0,0,0,0,1,1,0,0,7.07,0.11,12003.98,%sCountdown,,
2821,26.7,1679.31,108.78,547.08,767.94,654.25,645.47,12.41,0,0,0,0,0,1,1,0,0,7.07,0.11,12004.01,%sCountdown,,
2822,24.99,1679.31,108.78,547.08,767.94,654.25,645.47,12.48,0,0,0,0,0,1,1,0,0,7.07,0.11,12004.03,%sCountdown,,
2823,26.66,1679.35,108.73,547.11,767.97,654.25,645.47,12.48,0,0,0,0,0,1,1,0,0,7.07,0.11,12004.06,%sCountdown,,
2824,23.52,1679.35,108.73,547.11,767.97,654.18,645.47,12.48,0,0,0,0,0,1,1,0,0,7.07,0.11,12004.08,%sCountdown,,
2825,22.15,1679.35,108.73,547.11,767.97,654.18,645.41,12.48,0,0,0,0,0,1,1,0,0,7.07,0.12,12004.11,%sCountdown,,
2826,27.48,1679.37,108.73,547.11,767.97,654.18,645.41,12.48,0,0,0,0,0,1,1,0,0,7.07,0.12,12004.13,%sCountdown,,
2827,23.11,1679.37,108.73,547.11,767.97,654.18,645.41,12.48,0,0,0,0,0,1,1,0,0,7.07,0.12,12004.16,%sCountdown,,
2828,22.18,1679.37,108.73,547.15,768.01,654.19,645.41,12.48,0,0,0,0,0,1,1,0,0,7.07,0.12,12004.18,%sCountdown,,
2829,22.08,1679.39,108.73,547.15,768.01,654.19,645.32,12.5,0,0,0,0,0,1,1,0,0,7.07,0.11,12004.2,%sCountdown,,
2830,24.55,1679.39,108.7,547.15,768.01,654.19,645.32,12.5,0,0,0,0,0,1,1,0,0,7.07,0.11,12004.22,%sCountdown,,
2831,24.65,1679.39,108.7,547.15,768.11,654.22,645.32,12.5,0,0,0,0,0,1,1,0,0,7.07,0.11,12004.25,%sCountdown,,
2832,25.5,1679.39,108.7,547.15,768.11,654.22,645.19,12.5,0,0,0,0,0,1,1,0,0,7.07,0.11,12004.27,%sCountdown,,
2833,23.6,1679.39,108.7,547.15,768.11,654.22,645.19,12.5,0,0,0,0,0,1,1,0,0,7.07,0.12,12004.3,%sCountdown,,
2834,25.13,1679.29,108.61,547.08,768.08,654.22,645.19,12.5,0,0,0,0,0,1,1,0,0,7.07,0.12,12004.32,%sCountdown,,
2835,28.62,1679.29,108.61,547.08,768.08,654.36,645.26,12.63,0,0,0,0,0,1,1,0,0,7.07,0.12,12004.35,%sCountdown,,
2836,28.07,1679.29,108.61,547.08,768.08,654.36,645.26,12.63,0,0,0,0,0,1,1,0,0,7.07,0.12,12004.38,%sCountdown,,
2837,26.61,1679.23,108.6,547.05,768.08,654.36,645.26,12.63,0,0,0,0,0,1,1,0,0,7.07,0.12,12004.41,%sCountdown,,
2838,25.08,1679.23,108.6,547.05,768.11,654.3,645.22,12.63,0,0,0,0,0,1,1,0,0,7.07,0.12,12004.43,%sCountdown,,
2839,23.08,1679.23,108.6,547.05,768.11,654.3,645.22,12.66,0,0,0,0,0,1,1,0,0,7.07,0.12,12004.45,%sCountdown,,
2840,23.16,1679.18,108.6,547.05,768.11,654.3,645.22,12.66,0,0,0,0,0,1,1,0,0,7.07,0.12,12004.48,%sCountdown,,
2841,24.06,1679.18,108.71,547.08,768.11,654.3,645.22,12.66,0,0,0,0,0,1,1,0,0,7.07,0.12,12004.5,%sCountdown,,
2842,22.12,1679.18,108.71,547.08,768.19,654.42,645.1,12.66,0,0,0,0,0,1,1,0,0,7.07,0.12,12004.52,%sCountdown,,
2843,26.59,1679.18,108.71,547.08,768.19,654.42,645.1,12.6,0,0,0,0,0,1,1,0,0,7.07,0.12,12004.55,%sCountdown,,
2844,21.91,1679.09,108.68,547.08,768.19,654.42,645.1,12.6,0,0,0,0,0,1,1,0,0,7.07,0.12,12004.57,%sCountdown,,
2845,25.25,1679.09,108.68,547.08,768.26,654.39,645.1,12.6,0,0,0,0,0,1,1,0,0,7.07,0.12,12004.6,%sCountdown,,
2846,24.91,1679.09,108.68,547.08,768.26,654.39,645.18,12.59,0,0,0,0,0,1,1,0,0,7.07,0.12,12004.62,%sCountdown,,
2847,22.14,1679.09,108.68,547.08,768.26,654.39,645.18,12.59,0,0,0,0,0,1,1,0,0,7.07,0.12,12004.65,%sCountdown,,
2848,21.54,1679.13,108.7,547.14,768.26,654.39,645.18,12.59,0,0,0,0,0,1,1,0,0,7.07,0.12,12004.67,%sCountdown,,
2849,21.23,1679.13,108.7,547.14,768.31,654.43,645.15,12.55,0,0,0,0,0,1,1,0,0,7.07,0.11,12004.69,%sCountdown,,
2850,26.43,1679.13,108.7,547.14,768.31,654.43,645.15,12.55,0,0,0,0,0,1,1,0,0,7.07,0.11,12004.71,%sCountdown,,
2851,23.86,1679.16,108.65,547.19,768.31,654.43,645.15,12.55,0,0,0,0,0,1,1,0,0,7.07,0.11,12004.74,%sCountdown,,
2852,26.58,1679.16,108.65,547.19,768.34,654.48,645.36,12.55,0,0,0,0,0,1,1,0,0,7.07,0.11,12004.76,%sCountdown,,
2853,27.24,1679.16,108.65,547.19,768.34,654.48,645.36,12.59,0,0,0,0,0,1,1,0,0,7.07,0.11,12004.79,%sCountdown,,
2854,23.25,1679.1,108.65,547.19,768.34,654.48,645.36,12.59,0,0,0,0,0,1,1,0,0,7.07,0.11,12004.82,%sCountdown,,
2855,31.55,1679.1,108.68,547.12,768.34,654.48,645.36,12.59,0,0,0,0,0,1,1,0,0,7.07,0.11,12004.85,%sCountdown,,
2856,25.29,1679.1,108.68,547.12,768.36,654.52,645.36,12.59,0,0,0,0,0,1,1,0,0,7.07,0.11,12004.87,%sCountdown,,
2857,26.48,1679.1,108.68,547.12,768.36,654.52,645.39,12.59,0,0,0,0,0,1,1,0,0,7.07,0.1,12004.9,%sCountdown,,
2858,22.12,1679.1,108.68,547.12,768.36,654.52,645.39,12.59,0,0,0,0,0,1,1,0,0,7.07,0.1,12004.92,%sCountdown,,
2859,28.63,1679.06,108.74,547.11,768.36,654.52,645.39,12.59,0,0,0,0,0,1,1,0,0,7.07,0.1,12004.95,%sCountdown,,
2860,27.67,1679.06,108.74,547.11,768.35,654.38,645.39,12.59,0,0,0,0,0,1,1,0,0,7.07,0.1,12004.98,%sCountdown,,
2861,26.65,1679.06,108.74,547.11,768.35,654.38,645.49,12.61,0,0,0,0,0,1,1,0,0,7.07,0.1,12005,%sCountdown,,
2862,28.64,1678.95,108.74,547.11,768.35,654.38,645.49,12.61,0,0,0,0,0,1,1,0,0,7.07,0.1,12005.03,%sCountdown,,
2863,24.13,1678.95,108.73,547.11,768.35,654.38,645.49,12.61,0,0,0,0,0,1,1,0,0,7.07,0.1,12005.06,%sCountdown,,
2864,27.29,1678.95,108.73,547.03,768.35,654.41,645.49,12.61,0,0,0,0,0,1,1,0,0,7.07,0.1,12005.08,%sCountdown,,
2865,27.55,1678.95,108.73,547.03,768.35,654.41,645.59,12.77,0,0,0,0,0,1,1,0,0,7.07,0.11,12005.11,%sCountdown,,
2866,35.29,1678.95,108.73,547.03,768.35,654.41,645.59,12.77,0,0,0,0,0,1,1,0,0,7.07,0.11,12005.15,%sCountdown,,
2867,25.4,1678.85,108.71,546.99,768.35,654.41,645.59,12.77,0,0,0,0,0,1,1,0,0,7.07,0.11,12005.17,%sCountdown,,
2868,29.8,1678.85,108.71,546.99,768.3,654.57,645.59,12.77,0,0,0,0,0,1,1,0,0,7.07,0.11,12005.2,%sCountdown,,
2869,31.26,1678.85,108.71,546.99,768.3,654.57,645.7,12.84,0,0,0,0,0,1,1,0,0,7.07,0.11,12005.23,%sCountdown,,
2870,25.7,1678.85,108.71,546.99,768.3,654.57,645.7,12.84,0,0,0,0,0,1,1,0,0,7.07,0.1,12005.26,%sCountdown,,
2871,29.19,1678.85,108.71,546.99,768.3,654.57,645.7,12.84,0,0,0,0,0,1,1,0,0,7.07,0.1,12005.29,%sCountdown,,
2872,27.14,1678.93,108.81,546.99,768.3,654.57,645.7,12.84,0,0,0,0,0,1,1,0,0,7.07,0.1,12005.31,%sCountdown,,
2873,29.64,1678.93,108.81,546.99,768.31,654.57,645.7,12.84,0,0,0,0,0,1,1,0,0,7.07,0.1,12005.34,%sCountdown,,
2874,34.5,1678.93,108.81,546.99,768.31,654.44,645.62,12.84,0,0,0,0,0,1,1,0,0,7.07,0.1,12005.38,%sCountdown,,
2875,27.61,1678.93,108.81,546.99,768.31,654.44,645.62,12.71,0,0,0,0,0,1,1,0,0,7.07,0.1,12005.41,%sCountdown,,
2876,23.12,1678.93,108.81,546.99,768.31,654.44,645.62,12.71,0,0,0,0,0,1,1,0,0,7.07,0.1,12005.43,%sCountdown,,
2877,26.75,1678.9,108.82,547,768.35,654.44,645.62,12.71,0,0,0,0,0,1,1,0,0,7.07,0.1,12005.46,%sCountdown,,
2878,31.54,1678.9,108.82,547,768.35,654.48,645.62,12.71,0,0,0,0,0,1,1,0,0,7.07,0.1,12005.49,%sCountdown,,
2879,26.81,1678.9,108.82,547,768.35,654.48,645.65,12.71,0,0,0,0,0,1,1,0,0,7.07,0.1,12005.51,%sCountdown,,
2880,24,1678.9,108.82,547,768.35,654.48,645.65,12.66,0,0,0,0,0,1,1,0,0,7.06,0.1,12005.54,%sCountdown,,
2881,30.59,1678.9,108.74,547,768.35,654.48,645.65,12.66,0,0,0,0,0,1,1,0,0,7.06,0.1,12005.57,%sCountdown,,
2882,22.15,1678.9,108.74,546.96,768.35,654.48,645.65,12.66,0,0,0,0,0,1,1,0,0,7.06,0.1,12005.59,%sCountdown,,
2883,25.03,1678.9,108.74,546.96,768.39,654.62,645.71,12.66,0,0,0,0,0,1,1,0,0,7.06,0.1,12005.62,%sCountdown,,
2884,27.6,1678.9,108.74,546.96,768.39,654.62,645.71,12.76,0,0,0,0,0,1,1,0,0,7.06,0.1,12005.64,%sCountdown,,
2885,25.44,1678.9,108.74,546.96,768.39,654.62,645.71,12.76,0,0,0,0,0,1,1,0,0,7.06,0.1,12005.67,%sCountdown,,
2886,24.62,1678.85,108.82,546.96,768.39,654.62,645.71,12.76,0,0,0,0,0,1,1,0,0,7.06,0.1,12005.69,%sCountdown,,
2887,26.13,1678.85,108.82,546.95,768.39,654.69,645.71,12.76,0,0,0,0,0,1,1,0,0,7.06,0.1,12005.72,%sCountdown,,
2888,38.2,1678.85,108.82,546.95,768.39,654.69,645.53,12.76,0,0,0,0,0,1,1,0,0,7.06,0.1,12005.76,%sCountdown,,
2889,24.16,1678.85,108.82,546.95,768.39,654.69,645.53,12.69,0,0,0,0,0,1,1,0,0,7.06,0.1,12005.78,%sCountdown,,
2890,25.34,1678.85,108.82,546.95,768.39,654.69,645.53,12.69,0,0,0,0,0,1,1,0,0,7.06,0.1,12005.81,%sCountdown,,
2891,21.71,1679.01,108.9,546.95,768.39,654.69,645.53,12.69,0,0,0,0,0,1,1,0,0,7.06,0.1,12005.83,%sCountdown,,
2892,24.3,1679.01,108.9,546.94,768.38,654.69,645.53,12.69,0,0,0,0,0,1,1,0,0,7.06,0.1,12005.85,%sCountdown,,
2893,24.4,1679.01,108.9,546.94,768.38,654.7,645.53,12.69,0,0,0,0,0,1,1,0,0,7.06,0.1,12005.88,%sCountdown,,
2894,23.25,1679.01,108.9,546.94,768.38,654.7,645.39,12.65,0,0,0,0,0,1,1,0,0,7.06,0.1,12005.9,%sCountdown,,
2895,30.7,1678.98,108.98,546.94,768.38,654.7,645.39,12.65,0,0,0,0,0,1,1,0,0,7.06,0.1,12005.93,%sCountdown,,
2896,27,1678.98,108.98,546.96,768.4,654.72,645.39,12.65,0,0,0,0,0,1,1,0,0,7.06,0.1,12005.96,%sCountdown,,
2897,23.44,1678.98,108.98,546.96,768.4,654.72,645.25,12.48,0,0,0,0,0,1,1,0,0,7.06,0.1,12005.98,%sCountdown,,
2898,23.76,1678.98,108.98,546.96,768.4,654.72,645.25,12.48,0,0,0,0,0,1,1,0,0,7.06,0.1,12006.01,%sCountdown,,
2899,24.16,1678.99,109,546.96,768.4,654.72,645.25,12.48,0,0,0,0,0,1,1,0,0,7.06,0.1,12006.03,%sCountdown,,
2900,24.21,1678.99,109,547.03,768.4,654.72,645.25,12.48,0,0,0,0,0,1,1,0,0,7.06,0.1,12006.06,%sCountdown,,
2901,27.01,1678.99,109,547.03,768.42,654.76,645.06,12.35,0,0,0,0,0,1,1,0,0,7.06,0.1,12006.08,%sCountdown,,
2902,25.9,1678.99,109,547.03,768.42,654.76,645.06,12.35,0,0,0,0,0,1,1,0,0,7.06,0.1,12006.11,%sCountdown,,
2903,25.21,1678.96,108.91,547.03,768.42,654.76,645.06,12.35,0,0,0,0,0,1,1,0,0,7.06,0.1,12006.13,%sCountdown,,
2904,24.85,1678.96,108.91,546.99,768.42,654.76,645.06,12.35,0,0,0,0,0,1,1,0,0,7.06,0.1,12006.16,%sCountdown,,
2905,23.83,1678.96,108.91,546.99,768.47,654.88,645.01,12.39,0,0,0,0,0,1,1,0,0,7.06,0.1,12006.18,%sCountdown,,
2906,24.82,1678.97,108.91,546.99,768.47,654.88,645.01,12.39,0,0,0,0,0,1,1,0,0,7.06,0.1,12006.21,%sCountdown,,
2907,27.19,1678.97,108.91,546.99,768.47,654.88,645.01,12.39,0,0,0,0,0,1,1,0,0,7.06,0.1,12006.23,%sCountdown,,
2908,22.92,1678.97,108.91,547.07,768.57,654.88,645.01,12.39,0,0,0,0,0,1,1,0,0,7.06,0.1,12006.26,%sCountdown,,
2909,23.67,1678.97,108.91,547.07,768.57,655.11,645.01,12.39,0,0,0,0,0,1,1,0,0,7.06,0.1,12006.28,%sCountdown,,
2910,25.83,1678.97,108.91,547.07,768.57,655.11,645.16,12.38,0,0,0,0,0,1,1,0,0,7.07,0.09,12006.31,%sCountdown,,
2911,26.67,1678.96,108.94,547.07,768.57,655.11,645.16,12.38,0,0,0,0,0,1,1,0,0,7.07,0.09,12006.33,%sCountdown,,
2912,26.67,1678.96,108.94,547.07,768.62,655.11,645.16,12.38,0,0,0,0,0,1,1,0,0,7.07,0.09,12006.36,%sCountdown,,
2913,26.82,1678.96,108.94,547.07,768.62,655.05,645.14,12.39,0,0,0,0,0,1,1,0,0,7.07,0.1,12006.39,%sCountdown,,
2914,24.37,1678.88,108.91,547.07,768.62,655.05,645.14,12.39,0,0,0,0,0,1,1,0,0,7.07,0.1,12006.41,%sCountdown,,
2915,24.23,1678.88,108.91,547.08,768.62,655.05,645.14,12.39,0,0,0,0,0,1,1,0,0,7.07,0.1,12006.44,%sCountdown,,
2916,27.78,1678.88,108.91,547.08,768.65,655.13,645.14,12.39,0,0,0,0,0,1,1,0,0,7.07,0.1,12006.46,%sCountdown,,
2917,32.27,1678.88,108.91,547.08,768.65,655.13,645.33,12.51,0,0,0,0,0,1,1,0,0,7.07,0.1,12006.5,%sCountdown,,
2918,28.71,1678.98,108.86,547.08,768.65,655.13,645.33,12.51,0,0,0,0,0,1,1,0,0,7.07,0.1,12006.52,%sCountdown,,
2919,22.78,1678.98,108.86,547.05,768.56,655.07,645.33,12.51,0,0,0,0,0,1,1,0,0,7.07,0.1,12006.55,%sCountdown,,
2920,30.08,1678.98,108.86,547.05,768.56,655.07,645.3,12.51,0,0,0,0,0,1,1,0,0,7.07,0.1,12006.58,%sCountdown,,
2921,25.9,1678.98,108.86,547.05,768.56,655.07,645.3,12.51,0,0,0,0,0,1,1,0,0,7.07,0.1,12006.6,%sCountdown,,
2922,24.56,1678.96,108.92,547.05,768.56,655.07,645.3,12.51,0,0,0,0,0,1,1,0,0,7.07,0.1,12006.63,%sCountdown,,
2923,22.13,1678.96,108.92,547.09,768.59,655.04,645.26,12.51,0,0,0,0,0,1,1,0,0,7.07,0.1,12006.65,%sCountdown,,
2924,24.78,1678.96,108.92,547.09,768.59,655.04,645.26,12.44,0,0,0,0,0,1,1,0,0,7.07,0.1,12006.67,%sCountdown,,
2925,22.3,1678.96,108.92,547.09,768.59,655.04,645.26,12.44,0,0,0,0,0,1,1,0,0,7.07,0.1,12006.7,%sCountdown,,
2926,25.37,1679.09,108.89,547.13,768.59,655.04,645.26,12.44,0,0,0,0,0,1,1,0,0,7.07,0.1,12006.72,%sCountdown,,
2927,25.71,1679.09,108.89,547.13,768.56,654.99,645.26,12.44,0,0,0,0,0,1,1,0,0,7.07,0.1,12006.75,%sCountdown,,
2928,23.86,1679.09,108.89,547.13,768.56,654.99,645.26,12.5,0,0,0,0,0,1,1,0,0,7.07,0.1,12006.77,%sCountdown,,
2929,25.39,1679.03,108.89,547.13,768.56,654.99,645.26,12.5,0,0,0,0,0,1,1,0,0,7.07,0.1,12006.8,%sCountdown,,
2930,24.24,1679.03,108.89,547.15,768.67,654.99,645.26,12.5,0,0,0,0,0,1,1,0,0,7.07,0.1,12006.82,%sCountdown,,
2931,24.17,1679.03,108.89,547.15,768.67,654.96,645.26,12.5,0,0,0,0,0,1,1,0,0,7.07,0.1,12006.85,%sCountdown,,
2932,24.39,1679.03,108.89,547.15,768.67,654.96,645.46,12.51,0,0,0,0,0,1,1,0,0,7.07,0.1,12006.87,%sCountdown,,
2933,25.9,1679.07,108.86,547.15,768.67,654.96,645.46,12.51,0,0,0,0,0,1,1,0,0,7.07,0.1,12006.9,%sCountdown,,
2934,28.8,1679.07,108.86,547.17,768.7,654.96,645.46,12.51,0,0,0,0,0,1,1,0,0,7.07,0.1,12006.92,%sCountdown,,
2935,26.71,1679.07,108.86,547.17,768.7,654.89,645.46,12.51,0,0,0,0,0,1,1,0,0,7.07,0.1,12006.95,%sCountdown,,
2936,22.08,1679.07,108.86,547.17,768.7,654.89,645.42,12.56,0,0,0,0,0,1,1,0,0,7.07,0.11,12006.97,%sCountdown,,
2937,25.59,1679.12,108.91,547.17,768.7,654.89,645.42,12.56,0,0,0,0,0,1,1,0,0,7.07,0.11,12007,%sCountdown,,
2938,27.13,1679.12,108.91,547.15,768.69,654.89,645.42,12.56,0,0,0,0,0,1,1,0,0,7.07,0.11,12007.03,%sCountdown,,
2939,25.68,1679.12,108.91,547.15,768.69,654.78,645.45,12.56,0,0,0,0,0,1,1,0,0,7.07,0.11,12007.05,%sCountdown,,
2940,22.65,1679.12,108.91,547.15,768.69,654.78,645.45,12.64,0,0,0,0,0,1,1,0,0,7.07,0.11,12007.07,%sCountdown,,
2941,24.49,1679.15,108.94,547.15,768.69,654.78,645.45,12.64,0,0,0,0,0,1,1,0,0,7.07,0.1,12007.1,%sCountdown,,
2942,28.09,1679.15,108.94,547.15,768.69,654.78,645.45,12.64,0,0,0,0,0,1,1,0,0,7.07,0.1,12007.13,%sCountdown,,
2943,27.64,1679.15,108.94,547.14,768.68,654.78,645.45,12.64,0,0,0,0,0,1,1,0,0,7.07,0.1,12007.15,%sCountdown,,
2944,28.2,1679.15,108.94,547.14,768.68,654.87,645.56,12.64,0,0,0,0,0,1,1,0,0,7.07,0.1,12007.18,%sCountdown,,
2945,25.75,1679.15,108.94,547.14,768.68,654.87,645.56,12.66,0,0,0,0,0,1,1,0,0,7.07,0.1,12007.21,%sCountdown,,
2946,28.68,1679.15,108.94,547.14,768.68,654.87,645.56,12.66,0,0,0,0,0,1,1,0,0,7.07,0.1,12007.24,%sCountdown,,
2947,25.26,1679.14,108.97,547.14,768.68,654.87,645.56,12.66,0,0,0,0,0,1,1,0,0,7.07,0.1,12007.26,%sCountdown,,
2948,32.17,1679.14,108.97,547.12,768.68,654.87,645.56,12.66,0,0,0,0,0,1,1,0,0,7.07,0.1,12007.29,%sCountdown,,
2949,28.68,1679.14,108.97,547.12,768.69,654.72,645.56,12.66,0,0,0,0,0,1,1,0,0,7.07,0.1,12007.32,%sCountdown,,
2950,35.14,1679.14,108.97,547.12,768.69,654.72,645.49,12.66,0,0,0,0,0,1,1,0,0,7.07,0.1,12007.36,%sCountdown,,
2951,24.69,1679.14,108.97,547.12,768.69,654.72,645.49,12.6,0,0,0,0,0,1,1,0,0,7.07,0.1,12007.38,%sCountdown,,
2952,27.71,1679.14,108.97,547.12,768.69,654.72,645.49,12.6,0,0,0,0,0,1,1,0,0,7.07,0.1,12007.41,%sCountdown,,
2953,28.74,1679.05,108.94,547.13,768.69,654.72,645.49,12.6,0,0,0,0,0,1,1,0,0,7.07,0.1,12007.44,%sCountdown,,
2954,32.76,1679.05,108.94,547.13,768.73,654.72,645.49,12.6,0,0,0,0,0,1,1,0,0,7.07,0.1,12007.47,%sCountdown,,
2955,30.23,1679.05,108.94,547.13,768.73,654.82,645.49,12.6,0,0,0,0,0,1,1,0,0,7.07,0.1,12007.5,%sCountdown,,
2956,35.25,1679.05,108.94,547.13,768.73,654.82,645.67,12.6,0,0,0,0,0,1,1,0,0,7.07,0.1,12007.54,%sCountdown,,
2957,23.17,1679.05,108.94,547.13,768.73,654.82,645.67,12.66,0,0,0,0,0,1,1,0,0,7.07,0.1,12007.56,%sCountdown,,
2958,31.26,1679.05,108.94,547.13,768.73,654.82,645.67,12.66,0,0,0,0,0,1,1,0,0,7.07,0.1,12007.59,%sCountdown,,
2959,28.65,1679.11,108.93,547.13,768.73,654.82,645.67,12.66,0,0,0,0,0,1,1,0,0,7.07,0.1,12007.62,%sCountdown,,
2960,32.74,1679.11,108.93,547.17,768.73,654.82,645.67,12.66,0,0,0,0,0,1,1,0,0,7.07,0.1,12007.65,%sCountdown,,
2961,25.36,1679.11,108.93,547.17,768.73,654.83,645.67,12.66,0,0,0,0,0,1,1,0,0,7.07,0.1,12007.68,%sCountdown,,
2962,26.01,1679.11,108.93,547.17,768.73,654.83,645.53,12.66,0,0,0,0,0,1,1,0,0,7.07,0.1,12007.7,%sCountdown,,
2963,31.73,1679.11,108.93,547.17,768.73,654.83,645.53,12.58,0,0,0,0,0,1,1,0,0,7.07,0.1,12007.74,%sCountdown,,
2964,25.68,1679.06,108.93,547.17,768.73,654.83,645.53,12.58,0,0,0,0,0,1,1,0,0,7.07,0.1,12007.76,%sCountdown,,
2965,33.56,1679.06,108.97,547.17,768.73,654.83,645.53,12.58,0,0,0,0,0,1,1,0,0,7.07,0.1,12007.8,%sCountdown,,
2966,31.97,1679.06,108.97,547.18,768.73,654.83,645.53,12.58,0,0,0,0,0,1,1,0,0,7.07,0.1,12007.83,%sCountdown,,
2967,30.48,1679.06,108.97,547.18,768.84,654.83,645.53,12.58,0,0,0,0,0,1,1,0,0,7.07,0.1,12007.86,%sCountdown,,
2968,24.63,1679.06,108.97,547.18,768.84,654.83,645.62,12.58,0,0,0,0,0,1,1,0,0,7.07,0.1,12007.88,%sCountdown,,
2969,30.63,1679.06,108.97,547.18,768.84,654.83,645.62,12.58,0,0,0,0,0,1,1,0,0,7.07,0.1,12007.91,%sCountdown,,
2970,26.63,1679.15,108.96,547.18,768.84,654.83,645.62,12.58,0,0,0,0,0,1,1,0,0,7.07,0.1,12007.94,%sCountdown,,
2971,34.43,1679.15,108.96,547.17,768.8,654.83,645.62,12.58,0,0,0,0,0,1,1,0,0,7.07,0.1,12007.97,%sCountdown,,
2972,23.59,1679.15,108.96,547.17,768.8,654.83,645.62,12.58,0,0,0,0,0,1,1,0,0,7.07,0.1,12008,%sCountdown,,
2973,30.68,1679.15,108.96,547.17,768.8,654.73,645.57,12.58,0,0,0,0,0,1,1,0,0,7.07,0.1,12008.03,%sCountdown,,
2974,24.07,1679.15,108.96,547.17,768.8,654.73,645.57,12.52,0,0,0,0,0,1,1,0,0,7.07,0.11,12008.05,%sCountdown,,
2975,28.57,1679.18,108.96,547.17,768.8,654.73,645.57,12.52,0,0,0,0,0,1,1,0,0,7.07,0.11,12008.08,%sCountdown,,
2976,29.42,1679.18,108.97,547.13,768.8,654.73,645.57,12.52,0,0,0,0,0,1,1,0,0,7.07,0.11,12008.11,%sCountdown,,
2977,24.63,1679.18,108.97,547.13,768.8,654.73,645.57,12.52,0,0,0,0,0,1,1,0,0,7.07,0.11,12008.14,%sCountdown,,
2978,27.59,1679.18,108.97,547.13,768.78,654.73,645.82,12.52,0,0,0,0,0,1,1,0,0,7.07,0.11,12008.16,%sCountdown,,
2979,27.13,1679.18,108.97,547.13,768.78,654.73,645.82,12.56,0,0,0,0,0,1,1,0,0,7.07,0.11,12008.19,%sCountdown,,
2980,24.15,1679.18,108.97,547.13,768.78,654.73,645.82,12.56,0,0,0,0,0,1,1,0,0,7.06,0.11,12008.21,%sCountdown,,
2981,28.05,1679.29,108.92,547.13,768.78,654.73,645.82,12.56,0,0,0,0,0,1,1,0,0,7.06,0.11,12008.24,%sCountdown,,
2982,28.7,1679.29,108.92,547.06,768.76,654.73,645.82,12.56,0,0,0,0,0,1,1,0,0,7.06,0.11,12008.27,%sCountdown,,
2983,30.1,1679.29,108.92,547.06,768.76,654.69,645.82,12.56,0,0,0,0,0,1,1,0,0,7.06,0.11,12008.3,%sCountdown,,
2984,28.37,1679.29,108.92,547.06,768.76,654.69,645.86,12.54,0,0,0,0,0,1,1,0,0,7.06,0.11,12008.33,%sCountdown,,
2985,23.05,1679.29,108.92,547.06,768.76,654.69,645.86,12.54,0,0,0,0,0,1,1,0,0,7.06,0.11,12008.35,%sCountdown,,
2986,42.33,1679.45,108.92,547.06,768.76,654.69,645.86,12.54,0,0,0,0,0,1,1,0,0,7.06,0.11,12008.39,%sCountdown,,
2987,30.73,1679.45,108.88,547.06,768.76,654.69,645.86,0,0,0,0,0,0,1,1,0,0,7.06,0,12008.43,%sCommand Ignition,,
2988,22.59,1679.45,108.88,547.02,768.76,654.69,645.86,0,0,0,0,0,0,1,1,0,0,7.06,0,12008.45,%sCommand Ignition,,
2989,29.17,1679.45,108.88,547.02,768.78,654.66,645.86,0,0,0,0,0,0,1,1,0,0,7.06,0,12008.48,%sCommand Ignition,,
2990,26.21,1679.45,108.88,547.02,768.78,654.66,645.78,-0.02,0,0,0,0,0,1,1,0,0,7.06,0,12008.5,%sCommand Ignition,,
2991,34.18,1679.45,108.88,547.02,768.78,654.66,645.78,-0.02,0,0,0,0,0,1,1,0,0,7.06,0,12008.54,%sCommand Ignition,,
2992,25.02,1679.4,108.84,547.04,768.78,654.66,645.78,-0.02,0,0,0,0,0,1,1,0,0,7.06,0,12008.56,%sIgnition Confirmation,,
2993,25.97,1679.4,108.84,547.04,768.81,654.66,645.78,-0.02,0,0,0,0,0,1,1,0,0,7.06,0,12008.59,%sIgnition Confirmation,,
2994,24.04,1679.4,108.84,547.04,768.81,654.73,645.78,-0.02,0,0,0,0,0,1,1,0,0,7.06,0,12008.61,%sIgnition Confirmation,,
2995,25.22,1679.4,108.84,547.04,768.81,654.73,646.02,0,0,0,0,0,0,1,1,0,0,7.06,0,12008.64,%sIgnition Confirmation,,
2996,24.12,1679.5,108.84,547.04,768.81,654.73,646.02,0,0,0,0,0,0,1,1,0,0,7.07,0,12008.66,%sIgnition Confirmation,,
2997,28.53,1679.5,108.78,547.04,768.81,654.73,646.02,0,0,0,0,0,0,1,1,0,0,7.07,0,12008.69,%sIgnition Confirmation,,
2998,27.62,1679.5,108.78,547.06,768.81,654.73,646.02,0,0,0,0,0,0,1,1,0,0,7.07,0,12008.72,%sIgnition Confirmation,,
2999,23.93,1679.5,108.78,547.06,768.82,654.49,646.02,0,0,0,0,0,0,1,1,0,0,7.07,0,12008.74,%sIgnition Confirmation,,
3000,24.57,1679.5,108.78,547.06,768.82,654.49,645.84,-0.03,0,0,0,0,0,1,1,0,0,7.07,0,12008.77,%sIgnition Confirmation,,
3001,27.27,1679.5,108.78,547.06,768.82,654.49,645.84,-0.03,0,0,0,0,0,1,1,0,0,7.07,0,12008.79,%sIgnition Confirmation,,
3002,29.29,1679.55,108.77,547.06,768.82,654.49,645.84,-0.03,0,0,0,0,0,1,1,0,0,7.07,0,12008.82,%sIgnition Confirmation,,
3003,29.11,1679.55,108.77,547.03,768.78,654.49,645.84,-0.03,0,0,0,0,0,1,1,0,0,7.07,0,12008.85,%sIgnition Confirmation,,
3004,27.3,1679.55,108.77,547.03,768.78,654.34,645.73,-0.03,0,0,0,0,0,1,1,0,0,7.07,0,12008.88,%sIgnition Confirmation,,
3005,24.34,1679.55,108.77,547.03,768.78,654.34,645.73,-0.07,0,0,0,0,0,1,1,0,0,7.07,-0.01,12008.9,%sIgnition Confirmation,,
3006,28.43,1679.64,108.96,547.03,768.78,654.34,645.73,-0.07,0,0,0,0,0,1,1,0,0,7.07,-0.01,12008.93,%sIgnition Confirmation,,
3007,25.73,1679.64,108.96,547.03,768.78,654.34,645.73,-0.07,0,0,0,0,0,1,1,0,0,7.07,-0.01,12008.96,%sIgnition Confirmation,,
3008,28.09,1679.64,108.96,547.03,768.81,654.37,645.73,-0.07,0,0,0,0,0,1,1,0,0,7.07,-0.01,12008.99,%sIgnition Confirmation,,
3009,23.79,1679.64,108.96,547.03,768.81,654.37,645.67,-0.05,0,0,0,0,0,1,1,0,0,7.07,0,12009.01,%sIgnition Confirmation,,
3010,27.62,1679.95,108.96,547.03,768.81,654.37,645.67,-0.05,0,0,0,0,0,1,1,0,0,7.07,0,12009.04,%sIgnition Confirmation,,
3011,26.02,1679.95,109.01,547.03,768.81,654.37,645.67,-0.05,0,0,0,0,0,1,1,0,0,7.07,0,12009.06,%sIgnition Confirmation,,
3012,26.23,1679.95,109.01,547.13,768.93,654.77,645.67,-0.05,0,0,0,0,0,1,1,0,0,7.07,0,12009.09,%sIgnition Confirmation,,
3013,25.71,1679.95,109.01,547.13,768.93,654.77,646.07,-0.05,0,0,0,0,0,1,1,0,0,7.07,0,12009.12,%sIgnition Confirmation,,
3014,38.11,1679.95,109.01,547.13,768.93,654.77,646.07,0.36,0,0,0,0,0,1,1,0,0,7.07,0.01,12009.15,%sIgnition Confirmation,,
3015,28.92,1679.95,109.01,547.13,768.93,654.77,646.07,0.36,0,0,0,0,0,1,1,0,0,7.07,0.01,12009.18,%sOpen Valves,,
3016,24.08,1680.42,109.15,547.13,768.93,654.77,646.07,0.36,0,0,0,0,0,1,1,0,100,7.07,0.01,12009.21,%sValve Confirmation,,
3017,54.97,1680.42,109.15,547.31,768.93,654.77,646.07,0.36,0,0,0,0,0,1,1,100,100,7.07,0.01,12009.26,%sValve Confirmation,,
3018,24.82,1680.42,109.15,547.31,769.12,655.35,646.07,0.36,0,0,0,0,0,1,1,100,100,7.07,0.01,12009.29,%sValve Confirmation,,
3019,28.79,1680.42,109.15,547.31,769.12,655.35,646.63,0.8,0,0,0,0,0,1,1,100,100,7.07,0.01,12009.32,%sValve Confirmation,,
3020,21.4,1680.42,109.15,547.31,769.12,655.35,646.63,0.8,0,0,0,0,0,1,1,100,100,7.08,0.03,12009.34,%sValve Confirmation,,
3021,26.12,1681.33,109.15,547.31,769.12,655.35,646.63,0.8,0,0,0,0,0,1,1,100,100,7.08,0.03,12009.36,%sValve Confirmation,,
3022,23.8,1681.33,109.61,547.9,769.12,655.35,646.63,0.8,0,0,0,0,0,1,1,100,100,7.08,0.03,12009.39,%sValve Confirmation,,
3023,29.89,1681.33,109.61,547.9,769.45,655.71,646.63,0.8,0,0,0,0,0,1,1,100,100,7.08,0.03,12009.42,%sValve Confirmation,,
3024,27.17,1681.33,109.61,547.9,769.45,655.71,646.75,1,0,0,0,0,0,1,1,100,100,7.08,0.03,12009.44,%sValve Confirmation,,
3025,24.25,1681.33,109.61,547.9,769.45,655.71,646.75,1,0,0,0,0,0,1,1,100,100,7.09,0.03,12009.47,%sValve Confirmation,,
3026,28.74,1681.2,109.55,547.89,769.45,655.71,646.75,1,0,0,0,0,0,1,1,100,100,7.09,0.03,12009.5,%sValve Confirmation,,
3027,31.27,1681.2,109.55,547.89,769.47,655.73,646.79,1.08,0,0,0,0,0,1,1,100,100,7.09,0.03,12009.53,%sValve Confirmation,,
3028,26.92,1681.2,109.55,547.89,769.47,655.73,646.79,1.08,0,0,0,0,0,1,1,100,100,7.09,0.04,12009.55,%sValve Confirmation,,
3029,21.93,1681.03,109.55,547.89,769.47,655.73,646.79,1.08,0,0,0,0,0,1,1,100,100,7.09,0.04,12009.58,%sValve Confirmation,,
3030,29.53,1681.03,109.53,547.87,769.49,655.9,646.79,1.08,0,0,0,0,0,1,1,100,100,7.09,0.04,12009.61,%sValve Confirmation,,
3031,27.08,1681.03,109.53,547.87,769.49,655.9,646.84,1.08,0,0,0,0,0,1,1,100,100,7.09,0.04,12009.63,%sValve Confirmation,,
3032,26.67,1680.95,109.53,547.87,769.49,655.9,646.84,1.22,0,0,0,0,0,1,1,100,100,7.09,0.03,12009.66,%sValve Confirmation,,
3033,29.15,1680.95,109.58,547.91,769.49,655.9,646.84,1.22,0,0,0,0,0,1,1,100,100,7.09,0.03,12009.69,%sValve Confirmation,,
3034,25.1,1680.95,109.58,547.91,769.53,655.98,646.84,1.22,0,0,0,0,0,1,1,100,100,7.09,0.03,12009.71,%sValve Confirmation,,
3035,29.67,1680.95,109.58,547.91,769.53,655.98,646.96,1.3,0,0,0,0,0,1,1,100,100,7.09,0.06,12009.74,%sEngine Run,,
3036,31.1,1680.95,109.58,547.91,769.53,655.98,646.96,1.3,0,0,0,0,0,1,1,100,100,7.1,0.06,12009.78,%sEngine Run,,
3037,22.99,1682.04,109.96,547.91,769.53,655.98,646.96,1.3,0,0,0,0,0,1,1,100,100,7.1,0.06,12009.8,%sEngine Run,,
3038,29.83,1682.04,109.96,548.27,769.89,655.98,646.96,1.3,0,0,0,0,0,1,1,100,100,7.1,0.06,12009.83,%sEngine Run,,
3039,26.05,1682.04,109.96,548.27,769.89,657.03,646.96,1.3,0,0,0,0,0,1,1,100,100,7.1,0.06,12009.85,%sEngine Run,,
3040,35.28,1682.04,109.96,548.27,769.89,657.03,647.81,2.29,0,0,0,0,0,1,1,100,100,7.1,0.09,12009.89,%sEngine Run,,
3041,28.65,1683.02,109.96,548.27,769.89,657.03,647.81,2.29,0,0,0,0,0,1,1,100,100,7.1,0.09,12009.92,%sEngine Run,,
3042,27.02,1683.02,110.4,548.65,770.29,658.21,647.81,2.29,0,0,0,0,0,1,1,100,100,7.1,0.09,12009.95,%sEngine Run,,
3043,27.55,1683.02,110.4,548.65,770.29,658.21,647.73,2.29,0,0,0,0,0,1,1,100,100,7.1,0.09,12009.97,%sEngine Run,,
3044,24.18,1683.02,110.4,548.65,770.29,658.21,647.73,3.29,0,0,0,0,0,1,1,100,100,7.1,0.09,12010,%sEngine Run,,
3045,26.15,1684.13,110.4,548.65,770.29,658.21,647.73,3.29,0,0,0,0,0,1,1,100,100,7.09,0.3,12010.02,%sEngine Run,,
3046,32.73,1684.13,110.77,548.65,770.29,658.21,647.73,3.29,0,0,0,0,0,1,1,100,100,7.09,0.3,12010.06,%sEngine Run,,
3047,36.6,1684.13,110.77,549.07,770.69,658.21,647.73,3.29,0,0,0,0,0,1,1,100,100,7.09,0.3,12010.09,%sEngine Run,,
3048,28.22,1684.13,110.77,549.07,770.69,659.13,645.83,9.91,0,0,0,0,0,1,1,100,100,7.09,0.3,12010.12,%sEngine Run,,
3049,27.64,1684.13,110.77,549.07,770.69,659.13,645.83,9.91,0,0,0,0,0,1,1,100,100,7.06,3.35,12010.15,%sEngine Run,,
3050,25.19,1684.81,110.77,549.07,770.69,659.13,645.83,9.91,0,0,0,0,0,1,1,100,100,7.06,3.35,12010.17,%sEngine Run,,
3051,24.53,1684.81,110.79,549.26,770.69,659.13,645.83,9.91,0,0,0,0,0,1,1,100,100,7.06,3.35,12010.2,%sEngine Run,,
3052,27.14,1684.81,110.79,549.26,770.9,658.64,644.13,9.91,0,0,0,0,0,1,1,100,100,7.06,3.35,12010.22,%sEngine Run,,
3053,26.04,1684.81,110.79,549.26,770.9,658.64,644.13,29.31,0,0,0,0,0,1,1,100,100,7.06,12.35,12010.25,%sEngine Run,,
3054,27.9,1684.81,110.79,549.26,770.9,658.64,644.13,29.31,0,0,0,0,0,1,1,100,100,7.03,12.35,12010.28,%sEngine Run,,
3055,26.68,1684.59,110.71,549.14,770.9,658.64,644.13,29.31,0,0,0,0,0,1,1,100,100,7.03,12.35,12010.31,%sEngine Run,,
3056,29.47,1684.59,110.71,549.14,770.81,658.64,644.13,29.31,0,0,0,0,0,1,1,100,100,7.03,12.35,12010.34,%sEngine Run,,
3057,23.8,1684.59,110.71,549.14,770.81,656.21,641.09,29.31,0,0,0,0,0,1,1,100,100,7.03,12.35,12010.36,%sEngine Run,,
3058,23.57,1684.59,110.71,549.14,770.81,656.21,641.09,54.34,0,0,0,0,0,1,1,100,100,7.03,12.35,12010.38,%sEngine Run,,
3059,25.33,1684.77,110.72,549.14,770.81,656.21,641.09,54.34,0,0,0,0,0,1,1,100,100,7,25.19,12010.41,%sEngine Run,,
3060,27.1,1684.77,110.72,549.09,770.71,656.21,641.09,54.34,0,0,0,0,0,1,1,100,100,7,25.19,12010.43,%sEngine Run,,
3061,27.39,1684.77,110.72,549.09,770.71,652.83,641.09,54.34,0,0,0,0,0,1,1,100,100,7,25.19,12010.46,%sEngine Run,,
3062,24.11,1684.77,110.72,549.09,770.71,652.83,637.14,54.34,0,0,0,0,0,1,1,100,100,7,25.19,12010.49,%sEngine Run,,
3063,24.07,1684.21,110.35,549.09,770.71,652.83,637.14,80.9,0,0,0,0,0,1,1,100,100,6.96,38.42,12010.51,%sEngine Run,,
3064,27.86,1684.21,110.35,549.09,770.71,652.83,637.14,80.9,0,0,0,0,0,1,1,100,100,6.96,38.42,12010.54,%sEngine Run,,
3065,26.26,1684.21,110.35,548.63,770.71,652.83,637.14,80.9,0,0,0,0,0,1,1,100,100,6.96,38.42,12010.56,%sEngine Run,,
3066,26.33,1684.21,110.35,548.63,770.48,649.27,633.26,80.9,0,0,0,0,0,1,1,100,100,6.96,38.42,12010.59,%sEngine Run,,
3067,32.31,1684.21,110.35,548.63,770.48,649.27,633.26,107.21,0,0,0,0,0,1,1,100,100,6.96,38.42,12010.62,%sEngine Run,,
3068,25.68,1684.21,110.35,548.63,770.48,649.27,633.26,107.21,0,0,0,0,0,1,1,100,100,6.96,51.4,12010.65,%sEngine Run,,
3069,26.09,1684.71,110.47,548.63,770.48,649.27,633.26,107.21,0,0,0,0,0,1,1,100,100,6.91,51.4,12010.67,%sEngine Run,,
3070,28.64,1684.71,110.47,548.84,770.69,649.27,633.26,107.21,0,0,0,0,0,1,1,100,100,6.91,51.4,12010.7,%sEngine Run,,
3071,25.63,1684.71,110.47,548.84,770.69,645.3,633.26,107.21,0,0,0,0,0,1,1,100,100,6.91,51.4,12010.73,%sEngine Run,,
3072,25.99,1684.71,110.47,548.84,770.69,645.3,628.86,133.05,0,0,0,0,0,1,1,100,100,6.86,64.21,12010.76,%sEngine Run,,
3073,27.16,1685.37,110.69,548.84,770.69,645.3,628.86,133.05,0,0,0,0,0,1,1,100,100,6.86,64.21,12010.78,%sEngine Run,,
3074,24.3,1685.37,110.69,549.05,770.69,645.3,628.86,133.05,0,0,0,0,0,1,1,100,100,6.86,64.21,12010.81,%sEngine Run,,
3075,26.68,1685.37,110.69,549.05,770.94,641.03,628.86,133.05,0,0,0,0,0,1,1,100,100,6.86,64.21,12010.83,%sEngine Run,,
3076,24.58,1685.37,110.69,549.05,770.94,641.03,623.86,158.69,0,0,0,0,0,1,1,100,100,6.86,64.21,12010.86,%sEngine Run,,
3077,28.49,1685.37,110.69,549.05,770.94,641.03,623.86,158.69,0,0,0,0,0,1,1,100,100,6.86,76.76,12010.89,%sEngine Run,,
3078,23.24,1685.37,110.69,549.05,770.94,641.03,623.86,158.69,0,0,0,0,0,1,1,100,100,6.8,76.76,12010.91,%sEngine Run,,
3079,22.17,1685.86,110.87,549.05,770.94,641.03,623.86,158.69,0,0,0,0,0,1,1,100,100,6.8,76.76,12010.93,%sEngine Run,,
3080,24.78,1685.86,110.87,549.12,771.07,635.8,618.06,158.69,0,0,0,0,0,1,1,100,100,6.8,76.76,12010.96,%sEngine Run,,
3081,27.19,1685.86,110.87,549.12,771.07,635.8,618.06,183.77,0,0,0,0,0,1,1,100,100,6.8,76.76,12010.98,%sEngine Run,,
3082,23.89,1685.86,110.87,549.12,771.07,635.8,618.06,183.77,0,0,0,0,0,1,1,100,100,6.72,89.16,12011.01,%sEngine Run,,
3083,22.1,1685.13,110.63,549.12,771.07,635.8,618.06,183.77,0,0,0,0,0,1,1,100,100,6.72,89.16,12011.03,%sEngine Run,,
3084,24.14,1685.13,110.63,548.86,771.07,635.8,618.06,183.77,0,0,0,0,0,1,1,100,100,6.72,89.16,12011.05,%sEngine Run,,
3085,22.88,1685.13,110.63,548.86,770.86,629.49,611.41,207.74,0,0,0,0,0,1,1,100,100,6.72,89.16,12011.08,%sEngine Run,,
3086,23.16,1685.13,110.63,548.86,770.86,629.49,611.41,207.74,0,0,0,0,0,1,1,100,100,6.72,101.45,12011.1,%sEngine Run,,
3087,26.79,1684.32,110.4,548.86,770.86,629.49,611.41,207.74,0,0,0,0,0,1,1,100,100,6.63,101.45,12011.13,%sEngine Run,,
3088,23.25,1684.32,110.4,548.63,770.86,629.49,611.41,207.74,0,0,0,0,0,1,1,100,100,6.63,101.45,12011.15,%sEngine Run,,
3089,26.71,1684.32,110.4,548.63,770.58,629.49,611.41,207.74,0,0,0,0,0,1,1,100,100,6.63,101.45,12011.18,%sEngine Run,,
3090,29.76,1684.32,110.4,548.63,770.58,623.11,605.59,231.43,0,0,0,0,0,1,1,100,100,6.63,101.45,12011.21,%sEngine Run,,
3091,26.02,1684.32,110.4,548.63,770.58,623.11,605.59,231.43,0,0,0,0,0,1,1,100,100,6.55,113.5,12011.23,%sEngine Run,,
3092,22.24,1683.37,110.4,548.63,770.58,623.11,605.59,231.43,0,0,0,0,0,1,1,100,100,6.55,113.5,12011.25,%sEngine Run,,
3093,28.36,1683.37,110.05,548.3,770.34,616.74,605.59,231.43,0,0,0,0,0,1,1,100,100,6.55,113.5,12011.28,%sEngine Run,,
3094,25.69,1683.37,110.05,548.3,770.34,616.74,601.44,231.43,0,0,0,0,0,1,1,100,100,6.55,113.5,12011.31,%sEngine Run,,
3095,23.09,1683.37,110.05,548.3,770.34,616.74,601.44,249.38,0,0,0,0,0,1,1,100,100,6.55,122.62,12011.33,%sEngine Run,,
3096,25.71,1683.37,110.05,548.3,770.34,616.74,601.44,249.38,0,0,0,0,0,1,1,100,100,6.48,122.62,12011.36,%sEngine Run,,
3097,25.71,1682.73,109.83,548.11,770.22,616.74,601.44,249.38,0,0,0,0,0,1,1,100,100,6.48,122.62,12011.38,%sEngine Run,,
3098,25.37,1682.73,109.83,548.11,770.22,611.4,601.44,249.38,0,0,0,0,0,1,1,100,100,6.48,122.62,12011.41,%sEngine Run,,
3099,25.24,1682.73,109.83,548.11,770.22,611.4,596.91,254.36,0,0,0,0,0,1,1,100,100,6.48,122.62,12011.43,%sEngine Run,,
3100,25.88,1682.73,109.83,548.11,770.22,611.4,596.91,254.36,0,0,0,0,0,1,1,100,100,6.4,125.76,12011.46,%sEngine Run,,
3101,23.85,1682.74,109.94,548.22,770.29,611.4,596.91,254.36,0,0,0,0,0,1,1,100,100,6.4,125.76,12011.48,%sEngine Run,,
3102,25.4,1682.74,109.94,548.22,770.29,607.88,596.91,254.36,0,0,0,0,0,1,1,100,100,6.4,125.76,12011.51,%sEngine Run,,
3103,28.5,1682.74,109.94,548.22,770.29,607.88,593.36,253.53,0,0,0,0,0,1,1,100,100,6.4,125.76,12011.54,%sEngine Run,,
3104,22.2,1682.74,109.94,548.22,770.29,607.88,593.36,253.53,0,0,0,0,0,1,1,100,100,6.4,125.04,12011.56,%sEngine Run,,
3105,26.9,1682.22,109.86,548.11,770.29,607.88,593.36,253.53,0,0,0,0,0,1,1,100,100,6.31,125.04,12011.59,%sEngine Run,,
3106,25.33,1682.22,109.86,548.11,770.32,604.91,593.36,253.53,0,0,0,0,0,1,1,100,100,6.31,125.04,12011.61,%sEngine Run,,
3107,24.67,1682.22,109.86,548.11,770.32,604.91,590.36,250.55,0,0,0,0,0,1,1,100,100,6.31,125.04,12011.64,%sEngine Run,,
3108,22.37,1682.22,109.86,548.11,770.32,604.91,590.36,250.55,0,0,0,0,0,1,1,100,100,6.22,123.93,12011.66,%sEngine Run,,
3109,27.39,1681.84,109.79,547.99,770.32,604.91,590.36,250.55,0,0,0,0,0,1,1,100,100,6.22,123.93,12011.69,%sEngine Run,,
3110,22.27,1681.84,109.79,547.99,770.3,602.5,588.03,250.55,0,0,0,0,0,1,1,100,100,6.22,123.93,12011.71,%sEngine Run,,
3111,32.65,1681.84,109.79,547.99,770.3,602.5,588.03,248.49,0,0,0,0,0,1,1,100,100,6.22,123.05,12011.74,%sEngine Run,,
3112,25.35,1681.84,109.79,547.99,770.3,602.5,588.03,248.49,0,0,0,0,0,1,1,100,100,6.14,123.05,12011.77,%sEngine Run,,
3113,28.33,1681.55,109.7,547.99,770.3,602.5,588.03,248.49,0,0,0,0,0,1,1,100,100,6.14,123.05,12011.79,%sEngine Run,,
3114,26.57,1681.55,109.7,547.8,770.19,600.65,588.03,248.49,0,0,0,0,0,1,1,100,100,6.14,123.05,12011.82,%sEngine Run,,
3115,23.01,1681.55,109.7,547.8,770.19,600.65,585.96,248.49,0,0,0,0,0,1,1,100,100,6.14,123.05,12011.84,%sEngine Run,,
3116,22.18,1681.55,109.7,547.8,770.19,600.65,585.96,246.76,0,0,0,0,0,1,1,100,100,6.14,122.21,12011.87,%sEngine Run,,
3117,27.67,1681.08,109.52,547.8,770.19,600.65,585.96,246.76,0,0,0,0,0,1,1,100,100,6.04,122.21,12011.89,%sEngine Run,,
3118,27.61,1681.08,109.52,547.65,770.19,600.65,585.96,246.76,0,0,0,0,0,1,1,100,100,6.04,122.21,12011.92,%sEngine Run,,
3119,24.46,1681.08,109.52,547.65,769.89,598.82,585.96,246.76,0,0,0,0,0,1,1,100,100,6.04,122.21,12011.95,%sEngine Run,,
3120,26.18,1681.08,109.52,547.65,769.89,598.82,584.37,245.33,0,0,0,0,0,1,1,100,100,5.95,121.66,12011.97,%sEngine Run,,
3121,24.15,1680.7,109.36,547.65,769.89,598.82,584.37,245.33,0,0,0,0,0,1,1,100,100,5.95,121.66,12012,%sEngine Run,,
3122,38.59,1680.7,109.36,547.56,769.82,598.82,584.37,245.33,0,0,0,0,0,1,1,100,100,5.95,121.66,12012.04,%sEngine Run,,
3123,27.55,1680.7,109.36,547.56,769.82,597.67,583.35,245.33,0,0,0,0,0,1,1,100,100,5.95,121.66,12012.06,%sEngine Run,,
3124,21.78,1680.7,109.36,547.56,769.82,597.67,583.35,244.33,0,0,0,0,0,1,1,100,100,5.95,121.36,12012.08,%sEngine Run,,
3125,24.55,1680.7,109.36,547.56,769.82,597.67,583.35,244.33,0,0,0,0,0,1,1,100,100,5.85,121.36,12012.11,%sEngine Run,,
3126,23.1,1680.54,109.23,547.56,769.82,597.67,583.35,244.33,0,0,0,0,0,1,1,100,100,5.85,121.36,12012.13,%sEngine Run,,
3127,23.09,1680.54,109.23,547.47,769.66,596.37,583.35,244.33,0,0,0,0,0,1,1,100,100,5.85,121.36,12012.16,%sEngine Run,,
3128,26.16,1680.54,109.23,547.47,769.66,596.37,582.1,243.8,0,0,0,0,0,1,1,100,100,5.85,121.12,12012.18,%sEngine Run,,
3129,26.55,1680.47,109.23,547.47,769.66,596.37,582.1,243.8,0,0,0,0,0,1,1,100,100,5.76,121.12,12012.21,%sEngine Run,,
3130,24.03,1680.47,109.03,547.39,769.66,596.37,582.1,243.8,0,0,0,0,0,1,1,100,100,5.76,121.12,12012.23,%sEngine Run,,
3131,26.47,1680.47,109.03,547.39,769.62,594.84,580.94,243.8,0,0,0,0,0,1,1,100,100,5.76,121.12,12012.26,%sEngine Run,,
3132,24.09,1680.47,109.03,547.39,769.62,594.84,580.94,243.42,0,0,0,0,0,1,1,100,100,5.76,120.96,12012.28,%sEngine Run,,
3133,22.08,1680.41,109.02,547.39,769.62,594.84,580.94,243.42,0,0,0,0,0,1,1,100,100,5.68,120.96,12012.3,%sEngine Run,,
3134,26.58,1680.41,109.02,547.36,769.58,594.84,580.94,243.42,0,0,0,0,0,1,1,100,100,5.68,120.96,12012.33,%sEngine Run,,
3135,25.07,1680.41,109.02,547.36,769.58,593.43,579.68,243.42,0,0,0,0,0,1,1,100,100,5.68,120.96,12012.36,%sEngine Run,,
3136,27.33,1680.78,109.02,547.36,769.58,593.43,579.68,243.19,0,0,0,0,0,1,1,100,100,5.61,120.83,12012.38,%sEngine Run,,
3137,23.21,1680.78,109.15,547.36,769.58,593.43,579.68,243.19,0,0,0,0,0,1,1,100,100,5.61,120.83,12012.41,%sEngine Run,,
3138,23.76,1680.78,109.15,547.44,769.58,593.43,579.68,243.19,0,0,0,0,0,1,1,100,100,5.61,120.83,12012.43,%sEngine Run,,
3139,24.1,1680.78,109.15,547.44,769.58,592,578.39,243.19,0,0,0,0,0,1,1,100,100,5.61,120.83,12012.45,%sEngine Run,,
3140,26.5,1680.78,109.15,547.44,769.58,592,578.39,243.49,0,0,0,0,0,1,1,100,100,5.53,120.74,12012.48,%sEngine Run,,
3141,26.7,1681.08,109.13,547.41,769.65,592,578.39,243.49,0,0,0,0,0,1,1,100,100,5.53,120.74,12012.51,%sEngine Run,,
3142,25.23,1681.08,109.13,547.41,769.65,590.53,578.39,243.49,0,0,0,0,0,1,1,100,100,5.53,120.74,12012.53,%sEngine Run,,
3143,24.4,1681.08,109.13,547.41,769.65,590.53,577.01,243.49,0,0,0,0,0,1,1,100,100,5.53,120.74,12012.56,%sEngine Run,,
3144,26.16,1682.3,109.44,547.41,769.65,590.53,577.01,243.68,0,0,0,0,0,1,1,100,100,5.46,120.66,12012.58,%sEngine Run,,
3145,27.83,1682.3,109.44,547.64,769.65,590.53,577.01,243.68,0,0,0,0,0,1,1,100,100,5.46,120.66,12012.61,%sEngine Run,,
3146,26.63,1682.3,109.44,547.64,769.76,590.53,577.01,243.68,0,0,0,0,0,1,1,100,100,5.46,120.66,12012.64,%sEngine Run,,
3147,24.36,1682.3,109.44,547.64,769.76,588.98,575.75,244.15,0,0,0,0,0,1,1,100,100,5.46,120.45,12012.66,%sEngine Run,,
3148,25.46,1682.3,109.44,547.64,769.76,588.98,575.75,244.15,0,0,0,0,0,1,1,100,100,5.38,120.45,12012.69,%sEngine Run,,
3149,22.89,1682.47,109.52,547.64,769.76,588.98,575.75,244.15,0,0,0,0,0,1,1,100,100,5.38,120.45,12012.71,%sEngine Run,,
3150,32.61,1682.47,109.52,547.75,769.81,586.7,575.75,244.15,0,0,0,0,0,1,1,100,100,5.38,120.45,12012.74,%sEngine Run,,
3151,33.21,1682.47,109.52,547.75,769.81,586.7,573.48,244.21,0,0,0,0,0,1,1,100,100,5.38,120.45,12012.78,%sEngine Run,,
3152,24.16,1682.47,109.52,547.75,769.81,586.7,573.48,244.21,0,0,0,0,0,1,1,100,100,5.31,120.27,12012.8,%sEngine Run,,
3153,25.55,1682.42,109.56,547.82,769.81,586.7,573.48,244.21,0,0,0,0,0,1,1,100,100,5.31,120.27,12012.83,%sEngine Run,,
3154,23.06,1682.42,109.56,547.82,769.85,584.25,573.48,244.21,0,0,0,0,0,1,1,100,100,5.31,120.27,12012.85,%sEngine Run,,
3155,24.95,1682.42,109.56,547.82,769.85,584.25,571.12,244.44,0,0,0,0,0,1,1,100,100,5.31,120.25,12012.87,%sEngine Run,,
3156,21.85,1682.42,109.56,547.82,769.85,584.25,571.12,244.44,0,0,0,0,0,1,1,100,100,5.23,120.25,12012.9,%sEngine Run,,
3157,25.12,1682.67,109.6,547.84,769.94,584.25,571.12,244.44,0,0,0,0,0,1,1,100,100,5.23,120.25,12012.92,%sEngine Run,,
3158,23.12,1682.67,109.6,547.84,769.94,582.52,569.07,244.44,0,0,0,0,0,1,1,100,100,5.23,120.25,12012.94,%sEngine Run,,
3159,23.91,1682.67,109.6,547.84,769.94,582.52,569.07,244.8,0,0,0,0,0,1,1,100,100,5.15,120.24,12012.97,%sEngine Run,,
3160,24.71,1683.02,109.76,547.84,769.94,582.52,569.07,244.8,0,0,0,0,0,1,1,100,100,5.15,120.24,12012.99,%sEngine Run,,
3161,26.66,1683.02,109.76,547.99,769.94,582.52,569.07,244.8,0,0,0,0,0,1,1,100,100,5.15,120.24,12013.02,%sEngine Run,,
3162,23.1,1683.02,109.76,547.99,770,580.38,567.4,244.8,0,0,0,0,0,1,1,100,100,5.15,120.24,12013.04,%sEngine Run,,
3163,24.68,1683.02,109.76,547.99,770,580.38,567.4,245.09,0,0,0,0,0,1,1,100,100,5.08,120.08,12013.07,%sEngine Run,,
3164,24.99,1683.14,109.83,548.1,770,580.38,567.4,245.09,0,0,0,0,0,1,1,100,100,5.08,120.08,12013.09,%sEngine Run,,
3165,25.25,1683.14,109.83,548.1,770.22,580.38,567.4,245.09,0,0,0,0,0,1,1,100,100,5.08,120.08,12013.12,%sEngine Run,,
3166,28.38,1683.14,109.83,548.1,770.22,578.18,565,245.09,0,0,0,0,0,1,1,100,100,5.08,120.08,12013.15,%sEngine Run,,
3167,26.15,1683.23,109.83,548.1,770.22,578.18,565,245.16,0,0,0,0,0,1,1,100,100,5.01,119.93,12013.17,%sEngine Run,,
3168,32.8,1683.23,110,548.11,770.22,578.18,565,245.16,0,0,0,0,0,1,1,100,100,5.01,119.93,12013.21,%sEngine Run,,
3169,25.48,1683.23,110,548.11,770.27,576.46,565,245.16,0,0,0,0,0,1,1,100,100,5.01,119.93,12013.23,%sEngine Run,,
3170,31.67,1683.23,110,548.11,770.27,576.46,562.87,245.38,0,0,0,0,0,1,1,100,100,5.01,119.93,12013.26,%sEngine Run,,
3171,26.64,1683.61,110,548.11,770.27,576.46,562.87,245.38,0,0,0,0,0,1,1,100,100,4.94,119.77,12013.29,%sEngine Run,,
3172,27.66,1683.61,110.08,548.11,770.27,576.46,562.87,245.38,0,0,0,0,0,1,1,100,100,4.94,119.77,12013.32,%sEngine Run,,
3173,26.14,1683.61,110.08,548.2,770.27,576.46,562.87,245.38,0,0,0,0,0,1,1,100,100,4.94,119.77,12013.34,%sEngine Run,,
3174,22.11,1683.61,110.08,548.2,770.25,574.53,562.87,245.38,0,0,0,0,0,1,1,100,100,4.94,119.77,12013.36,%sEngine Run,,
3175,24.74,1683.61,110.08,548.2,770.25,574.53,560.75,245.39,0,0,0,0,0,1,1,100,100,4.94,119.77,12013.39,%sEngine Run,,
3176,31.68,1683.61,110.08,548.2,770.25,574.53,560.75,245.39,0,0,0,0,0,1,1,100,100,4.94,119.63,12013.42,%sEngine Run,,
3177,26.75,1683.61,110.08,548.2,770.25,574.53,560.75,245.39,0,0,0,0,0,1,1,100,100,4.87,119.63,12013.45,%sEngine Run,,
3178,25.03,1683.39,110.09,548.16,770.25,574.53,560.75,245.39,0,0,0,0,0,1,1,100,100,4.87,119.63,12013.47,%sEngine Run,,
3179,34.21,1683.39,110.09,548.16,770.29,574.53,560.75,245.39,0,0,0,0,0,1,1,100,100,4.87,119.63,12013.51,%sEngine Run,,
3180,36.82,1683.39,110.09,548.16,770.29,572.37,558.55,245.39,0,0,0,0,0,1,1,100,100,4.87,119.63,12013.54,%sEngine Run,,
3181,36.92,1683.39,110.09,548.16,770.29,572.37,558.55,244.68,0,0,0,0,0,1,1,100,100,4.87,119.63,12013.58,%sEngine Run,,
3182,26.66,1683.39,110.09,548.16,770.29,572.37,558.55,244.68,0,0,0,0,0,1,1,100,100,4.87,119.45,12013.61,%sEngine Run,,
3183,26.12,1683.35,110.09,548.16,770.29,572.37,558.55,244.68,0,0,0,0,0,1,1,100,100,4.8,119.45,12013.63,%sEngine Run,,
3184,32.7,1683.35,110.07,548.16,770.29,572.37,558.55,244.68,0,0,0,0,0,1,1,100,100,4.8,119.45,12013.67,%sEngine Run,,
3185,23.3,1683.35,110.07,548.13,770.29,572.37,558.55,244.68,0,0,0,0,0,1,1,100,100,4.8,119.45,12013.69,%sEngine Run,,
3186,25.22,1683.35,110.07,548.13,770.23,569.76,558.55,244.68,0,0,0,0,0,1,1,100,100,4.8,119.45,12013.72,%sEngine Run,,
3187,37.25,1683.35,110.07,548.13,770.23,569.76,555.96,244.68,0,0,0,0,0,1,1,100,100,4.8,119.45,12013.75,%sEngine Run,,
3188,34.75,1683.35,110.07,548.13,770.23,569.76,555.96,244.14,0,0,0,0,0,1,1,100,100,4.8,119.45,12013.79,%sEngine Run,,
3189,35.68,1683.35,110.07,548.13,770.23,569.76,555.96,244.14,0,0,0,0,0,1,1,100,100,4.72,119.24,12013.82,%sEngine Run,,
3190,29.68,1682.4,110.07,548.13,770.23,569.76,555.96,244.14,0,0,0,0,0,1,1,100,100,4.72,119.24,12013.85,%sEngine Run,,
3191,32.16,1682.4,109.99,548.14,770.23,569.76,555.96,244.14,0,0,0,0,0,1,1,100,100,4.72,119.24,12013.88,%sEngine Run,,
3192,30.72,1682.4,109.99,548.14,770.12,569.76,555.96,244.14,0,0,0,0,0,1,1,100,100,4.72,119.24,12013.92,%sEngine Run,,
3193,29.63,1682.4,109.99,548.14,770.12,567.37,553.4,244.14,0,0,0,0,0,1,1,100,100,4.72,119.24,12013.95,%sEngine Run,,
3194,33.21,1682.4,109.99,548.14,770.12,567.37,553.4,244.51,0,0,0,0,0,1,1,100,100,4.72,119.15,12013.98,%sEngine Run,,
3195,34.54,1682.4,109.99,548.14,770.12,567.37,553.4,244.51,0,0,0,0,0,1,1,100,100,4.64,119.15,12014.01,%sEngine Run,,
3196,28.68,1683.04,110.21,548.14,770.12,567.37,553.4,244.51,0,0,0,0,0,1,1,100,100,4.64,119.15,12014.04,%sEngine Run,,
3197,32.62,1683.04,110.21,548.26,770.12,567.37,553.4,244.51,0,0,0,0,0,1,1,100,100,4.64,119.15,12014.07,%sEngine Run,,
3198,28.29,1683.04,110.21,548.26,770.33,565.4,553.4,244.51,0,0,0,0,0,1,1,100,100,4.64,119.15,12014.1,%sEngine Run,,
3199,30.47,1683.04,110.21,548.26,770.33,565.4,550.98,244.51,0,0,0,0,0,1,1,100,100,4.64,119.15,12014.13,%sEngine Run,,
3200,26.72,1683.04,110.21,548.26,770.33,565.4,550.98,244.19,0,0,0,0,0,1,1,100,100,4.64,119.15,12014.16,%sEngine Run,,
3201,30.11,1683.04,110.21,548.26,770.33,565.4,550.98,244.19,0,0,0,0,0,1,1,100,100,4.54,118.95,12014.19,%sEngine Run,,
3202,32.95,1683.16,110.21,548.26,770.33,565.4,550.98,244.19,0,0,0,0,0,1,1,100,100,4.54,118.95,12014.22,%sEngine Run,,
3203,39.01,1683.16,110.21,548.45,770.33,565.4,550.98,244.19,0,0,0,0,0,1,1,100,100,4.54,118.95,12014.26,%sEngine Run,,
3204,27.05,1683.16,110.21,548.45,770.39,562.51,550.98,244.19,0,0,0,0,0,1,1,100,100,4.54,118.95,12014.29,%sEngine Run,,
3205,32.59,1683.16,110.21,548.45,770.39,562.51,550.98,244.19,0,0,0,0,0,1,1,100,100,4.54,118.95,12014.32,%sEngine Run,,
3206,26.5,1683.16,110.21,548.45,770.39,562.51,548.06,243.2,0,0,0,0,0,1,1,100,100,4.54,118.62,12014.35,%sEngine Run,,
3207,35.3,1683.16,110.21,548.45,770.39,562.51,548.06,243.2,0,0,0,0,0,1,1,100,100,4.44,118.62,12014.38,%sEngine Run,,
3208,24.74,1683.34,110.41,548.45,770.39,562.51,548.06,243.2,0,0,0,0,0,1,1,100,100,4.44,118.62,12014.41,%sEngine Run,,
3209,26.1,1683.34,110.41,548.5,770.44,562.51,548.06,243.2,0,0,0,0,0,1,1,100,100,4.44,118.62,12014.43,%sEngine Run,,
3210,27.66,1683.34,110.41,548.5,770.44,558.73,548.06,243.2,0,0,0,0,0,1,1,100,100,4.44,118.62,12014.46,%sEngine Run,,
3211,27.17,1683.34,110.41,548.5,770.44,558.73,544.82,242.18,0,0,0,0,0,1,1,100,100,4.44,118.22,12014.49,%sEngine Run,,
3212,30.78,1683.34,110.41,548.5,770.44,558.73,544.82,242.18,0,0,0,0,0,1,1,100,100,4.33,118.22,12014.52,%sEngine Run,,
3213,29.64,1683.11,110.23,548.45,770.44,558.73,544.82,242.18,0,0,0,0,0,1,1,100,100,4.33,118.22,12014.55,%sEngine Run,,
3214,28.5,1683.11,110.23,548.45,770.4,558.73,544.82,242.18,0,0,0,0,0,1,1,100,100,4.33,118.22,12014.58,%sEngine Run,,
3215,29,1683.11,110.23,548.45,770.4,555.19,544.82,242.18,0,0,0,0,0,1,1,100,100,4.33,118.22,12014.61,%sEngine Run,,
3216,25.11,1683.11,110.23,548.45,770.4,555.19,540.97,241.19,0,0,0,0,0,1,1,100,100,4.33,118.22,12014.63,%sEngine Run,,
3217,29.6,1683.11,110.23,548.45,770.4,555.19,540.97,241.19,0,0,0,0,0,1,1,100,100,4.33,117.73,12014.66,%sEngine Run,,
3218,29.1,1683.18,110.26,548.45,770.4,555.19,540.97,241.19,0,0,0,0,0,1,1,100,100,4.22,117.73,12014.69,%sEngine Run,,
3219,30.63,1683.18,110.26,548.42,770.4,555.19,540.97,241.19,0,0,0,0,0,1,1,100,100,4.22,117.73,12014.72,%sEngine Run,,
3220,26.22,1683.18,110.26,548.42,770.43,551.6,540.97,241.19,0,0,0,0,0,1,1,100,100,4.22,117.73,12014.75,%sEngine Run,,
3221,26.28,1683.18,110.26,548.42,770.43,551.6,537.42,239.71,0,0,0,0,0,1,1,100,100,4.22,117.73,12014.77,%sEngine Run,,
3222,27.12,1683.18,110.26,548.42,770.43,551.6,537.42,239.71,0,0,0,0,0,1,1,100,100,4.22,117.21,12014.8,%sEngine Run,,
3223,25.61,1683.18,110.26,548.42,770.43,551.6,537.42,239.71,0,0,0,0,0,1,1,100,100,4.1,117.21,12014.83,%sEngine Run,,
3224,22.55,1683.17,110.23,548.42,770.43,551.6,537.42,239.71,0,0,0,0,0,1,1,100,100,4.1,117.21,12014.85,%sEngine Run,,
3225,28.47,1683.17,110.23,548.47,770.47,547.85,537.42,239.71,0,0,0,0,0,1,1,100,100,4.1,117.21,12014.88,%sEngine Run,,
3226,29.36,1683.17,110.23,548.47,770.47,547.85,534.02,239.71,0,0,0,0,0,1,1,100,100,4.1,117.21,12014.91,%sEngine Run,,
3227,26.23,1683.17,110.23,548.47,770.47,547.85,534.02,238.32,0,0,0,0,0,1,1,100,100,3.98,116.68,12014.93,%sEngine Run,,
3228,30.82,1682.74,110.23,548.47,770.47,547.85,534.02,238.32,0,0,0,0,0,1,1,100,100,3.98,116.68,12014.96,%sEngine Run,,
3229,24.39,1682.74,110.18,548.43,770.47,547.85,534.02,238.32,0,0,0,0,0,1,1,100,100,3.98,116.68,12014.99,%sEngine Run,,
3230,25.79,1682.74,110.18,548.43,770.72,543.93,530.08,238.32,0,0,0,0,0,1,1,100,100,3.98,116.68,12015.01,%sEngine Run,,
3231,32.8,1682.74,110.18,548.43,770.72,543.93,530.08,237.14,0,0,0,0,0,1,1,100,100,3.98,116.68,12015.05,%sEngine Run,,
3232,28.83,1683.05,110.18,548.43,770.72,543.93,530.08,237.14,0,0,0,0,0,1,1,100,100,3.84,116.13,12015.08,%sEngine Run,,
3233,27.88,1683.05,110.17,548.43,770.72,543.93,530.08,237.14,0,0,0,0,0,1,1,100,100,3.84,116.13,12015.1,%sEngine Run,,
3234,27.64,1683.05,110.17,548.55,770.76,543.93,530.08,237.14,0,0,0,0,0,1,1,100,100,3.84,116.13,12015.13,%sEngine Run,,
3235,25.6,1683.05,110.17,548.55,770.76,540.08,525.94,237.14,0,0,0,0,0,1,1,100,100,3.84,116.13,12015.16,%sEngine Run,,
3236,28.5,1683.05,110.17,548.55,770.76,540.08,525.94,236.54,0,0,0,0,0,1,1,100,100,3.84,115.57,12015.19,%sEngine Run,,
3237,30.35,1682.98,110.25,548.55,770.76,540.08,525.94,236.54,0,0,0,0,0,1,1,100,100,3.71,115.57,12015.22,%sEngine Run,,
3238,27.77,1682.98,110.25,548.62,770.76,540.08,525.94,236.54,0,0,0,0,0,1,1,100,100,3.71,115.57,12015.24,%sEngine Run,,
3239,32.29,1682.98,110.25,548.62,770.7,536.16,522.44,236.54,0,0,0,0,0,1,1,100,100,3.71,115.57,12015.28,%sEngine Run,,
3240,25.78,1682.98,110.25,548.62,770.7,536.16,522.44,235.07,0,0,0,0,0,1,1,100,100,3.71,115.57,12015.3,%sEngine Run,,
3241,27.66,1682.98,110.25,548.62,770.7,536.16,522.44,235.07,0,0,0,0,0,1,1,100,100,3.71,115.02,12015.33,%sEngine Run,,
3242,28.47,1682.9,110.25,548.62,770.7,536.16,522.44,235.07,0,0,0,0,0,1,1,100,100,3.58,115.02,12015.36,%sEngine Run,,
3243,29.12,1682.9,110.04,548.4,770.7,536.16,522.44,235.07,0,0,0,0,0,1,1,100,100,3.58,115.02,12015.39,%sEngine Run,,
3244,28.19,1682.9,110.04,548.4,770.63,532.4,522.44,235.07,0,0,0,0,0,1,1,100,100,3.58,115.02,12015.41,%sEngine Run,,
3245,25.47,1682.9,110.04,548.4,770.63,532.4,518.85,233.13,0,0,0,0,0,1,1,100,100,3.58,115.02,12015.44,%sEngine Run,,
3246,32.27,1682.9,110.04,548.4,770.63,532.4,518.85,233.13,0,0,0,0,0,1,1,100,100,3.58,114.4,12015.47,%sEngine Run,,
3247,25.83,1682.82,109.99,548.33,770.63,532.4,518.85,233.13,0,0,0,0,0,1,1,100,100,3.45,114.4,12015.5,%sEngine Run,,
3248,31.58,1682.82,109.99,548.33,770.5,527.96,518.85,233.13,0,0,0,0,0,1,1,100,100,3.45,114.4,12015.53,%sEngine Run,,
3249,25.22,1682.82,109.99,548.33,770.5,527.96,515.53,233.13,0,0,0,0,0,1,1,100,100,3.45,114.4,12015.56,%sEngine Run,,
3250,28.06,1682.82,109.99,548.33,770.5,527.96,515.53,232.5,0,0,0,0,0,1,1,100,100,3.45,113.87,12015.58,%sEngine Run,,
3251,24.73,1682.82,109.99,548.33,770.5,527.96,515.53,232.5,0,0,0,0,0,1,1,100,100,3.34,113.87,12015.61,%sEngine Run,,
3252,29.73,1683.66,110.13,548.24,770.62,527.96,515.53,232.5,0,0,0,0,0,1,1,100,100,3.34,113.87,12015.64,%sEngine Run,,
3253,30.18,1683.66,110.13,548.24,770.62,524.63,515.53,232.5,0,0,0,0,0,1,1,100,100,3.34,113.87,12015.67,%sEngine Run,,
3254,28.83,1683.66,110.13,548.24,770.62,524.63,512.45,231.61,0,0,0,0,0,1,1,100,100,3.34,113.42,12015.7,%sEngine Run,,
3255,29.71,1683.69,110.13,548.24,770.62,524.63,512.45,231.61,0,0,0,0,0,1,1,100,100,3.24,113.42,12015.73,%sEngine Run,,
3256,28.42,1683.69,110.01,548.24,770.62,524.63,512.45,231.61,0,0,0,0,0,1,1,100,100,3.24,113.42,12015.75,%sEngine Run,,
3257,24.71,1683.69,110.01,548.34,770.75,524.63,512.45,231.61,0,0,0,0,0,1,1,100,100,3.24,113.42,12015.78,%sEngine Run,,
3258,24.61,1683.69,110.01,548.34,770.75,521.52,509.63,230.9,0,0,0,0,0,1,1,100,100,3.24,113.42,12015.8,%sEngine Run,,
3259,29.68,1683.69,110.01,548.34,770.75,521.52,509.63,230.9,0,0,0,0,0,1,1,100,100,3.24,112.95,12015.83,%sEngine Run,,
3260,21.96,1683.96,110.01,548.34,770.75,521.52,509.63,230.9,0,0,0,0,0,1,1,100,100,3.14,112.95,12015.86,%sEngine Run,,
3261,26.19,1683.96,110.1,548.35,771.04,519.47,509.63,230.9,0,0,0,0,0,1,1,100,100,3.14,112.95,12015.88,%sEngine Run,,
3262,30.42,1683.96,110.1,548.35,771.04,519.47,506.95,230.9,0,0,0,0,0,1,1,100,100,3.14,112.95,12015.91,%sEngine Run,,
3263,22.23,1683.96,110.1,548.35,771.04,519.47,506.95,229.91,0,0,0,0,0,1,1,100,100,3.14,112.59,12015.93,%sEngine Run,,
3264,27.95,1683.96,110.1,548.35,771.04,519.47,506.95,229.91,0,0,0,0,0,1,1,100,100,3.05,112.59,12015.96,%sEngine Run,,
3265,23.99,1684.49,110.39,548.58,771.04,519.47,506.95,229.91,0,0,0,0,0,1,1,100,100,3.05,112.59,12015.99,%sEngine Run,,
3266,25.93,1684.49,110.39,548.58,770.91,517.16,506.95,229.91,0,0,0,0,0,1,1,100,100,3.05,112.59,12016.01,%sEngine Run,,
3267,26.24,1684.49,110.39,548.58,770.91,517.16,504.79,229.73,0,0,0,0,0,1,1,100,100,3.05,112.59,12016.04,%sEngine Run,,
3268,23.05,1684.49,110.39,548.58,770.91,517.16,504.79,229.73,0,0,0,0,0,1,1,100,100,3.05,112.26,12016.06,%sEngine Run,,
3269,25.08,1684.47,110.39,548.68,770.89,517.16,504.79,229.73,0,0,0,0,0,1,1,100,100,2.95,112.26,12016.09,%sEngine Run,,
3270,28.12,1684.47,110.39,548.68,770.89,514.08,504.79,229.73,0,0,0,0,0,1,1,100,100,2.95,112.26,12016.12,%sEngine Run,,
3271,25.66,1684.47,110.39,548.68,770.89,514.08,501.94,229.14,0,0,0,0,0,1,1,100,100,2.95,112.26,12016.14,%sEngine Run,,
3272,25.64,1684.8,110.39,548.68,770.89,514.08,501.94,229.14,0,0,0,0,0,1,1,100,100,2.86,111.93,12016.17,%sEngine Run,,
3273,26.63,1684.8,110.57,548.68,770.89,514.08,501.94,229.14,0,0,0,0,0,1,1,100,100,2.86,111.93,12016.19,%sEngine Run,,
3274,37.6,1684.8,110.57,548.96,770.99,511.94,501.94,229.14,0,0,0,0,0,1,1,100,100,2.86,111.93,12016.23,%sEngine Run,,
3275,25.99,1684.8,110.57,548.96,770.99,511.94,499.87,228.79,0,0,0,0,0,1,1,100,100,2.86,111.93,12016.26,%sEngine Run,,
3276,25.14,1684.8,110.57,548.96,770.99,511.94,499.87,228.79,0,0,0,0,0,1,1,100,100,2.86,111.56,12016.28,%sEngine Run,,
3277,25,1685.24,110.66,549.01,770.99,511.94,499.87,228.79,0,0,0,0,0,1,1,100,100,2.78,111.56,12016.31,%sEngine Run,,
3278,27.23,1685.24,110.66,549.01,771.12,510.05,499.87,228.79,0,0,0,0,0,1,1,100,100,2.78,111.56,12016.33,%sEngine Run,,
3279,23.66,1685.24,110.66,549.01,771.12,510.05,498.14,228.79,0,0,0,0,0,1,1,100,100,2.78,111.56,12016.36,%sEngine Run,,
3280,25.58,1685.24,110.66,549.01,771.12,510.05,498.14,228.1,0,0,0,0,0,1,1,100,100,2.78,111.23,12016.38,%sEngine Run,,
3281,26.58,1685.71,110.77,549.01,771.12,510.05,498.14,228.1,0,0,0,0,0,1,1,100,100,2.7,111.23,12016.41,%sEngine Run,,
3282,30.01,1685.71,110.77,549.17,771.12,510.05,498.14,228.1,0,0,0,0,0,1,1,100,100,2.7,111.23,12016.44,%sEngine Run,,
3283,24.9,1685.71,110.77,549.17,771.42,510.05,498.14,228.1,0,0,0,0,0,1,1,100,100,2.7,111.23,12016.46,%sEngine Run,,
3284,25.75,1685.71,110.77,549.17,771.42,507.85,496.09,228.33,0,0,0,0,0,1,1,100,100,2.7,110.93,12016.49,%sEngine Run,,
3285,32.45,1686.2,110.77,549.17,771.42,507.85,496.09,228.33,0,0,0,0,0,1,1,100,100,2.62,110.93,12016.52,%sEngine Run,,
3286,24.55,1686.2,110.9,549.41,771.42,507.85,496.09,228.33,0,0,0,0,0,1,1,100,100,2.62,110.93,12016.55,%sEngine Run,,
3287,26.06,1686.2,110.9,549.41,771.65,505.48,494.49,228.33,0,0,0,0,0,1,1,100,100,2.62,110.93,12016.57,%sEngine Run,,
3288,28.31,1686.2,110.9,549.41,771.65,505.48,494.49,228.13,0,0,0,0,0,1,1,100,100,2.62,110.93,12016.6,%sEngine Run,,
3289,25.6,1686.2,110.9,549.41,771.65,505.48,494.49,228.13,0,0,0,0,0,1,1,100,100,2.54,110.6,12016.63,%sEngine Run,,
3290,22.1,1686.39,110.96,549.41,771.65,505.48,494.49,228.13,0,0,0,0,0,1,1,100,100,2.54,110.6,12016.65,%sEngine Run,,
3291,23.07,1686.39,110.96,549.46,771.65,505.48,494.49,228.13,0,0,0,0,0,1,1,100,100,2.54,110.6,12016.67,%sEngine Run,,
3292,25.12,1686.39,110.96,549.46,771.64,503.89,492.53,226.64,0,0,0,0,0,1,1,100,100,2.54,110.6,12016.7,%sEngine Run,,
3293,30.61,1686.39,110.96,549.46,771.64,503.89,492.53,226.64,0,0,0,0,0,1,1,100,100,2.46,110.3,12016.73,%sEngine Run,,
3294,26.1,1685.92,110.97,549.61,771.69,503.89,492.53,226.64,0,0,0,0,0,1,1,100,100,2.46,110.3,12016.75,%sEngine Run,,
3295,25.59,1685.92,110.97,549.61,771.69,502.32,492.53,226.64,0,0,0,0,0,1,1,100,100,2.46,110.3,12016.78,%sEngine Run,,
3296,26.61,1685.92,110.97,549.61,771.69,502.32,490.67,226.12,0,0,0,0,0,1,1,100,100,2.46,110,12016.81,%sEngine Run,,
3297,25.7,1685.92,110.97,549.61,771.69,502.32,490.67,226.12,0,0,0,0,0,1,1,100,100,2.38,110,12016.83,%sEngine Run,,
3298,25.49,1686.27,111.07,549.67,771.8,502.32,490.67,226.12,0,0,0,0,0,1,1,100,100,2.38,110,12016.86,%sEngine Run,,
3299,24.15,1686.27,111.07,549.67,771.8,500.63,490.67,226.12,0,0,0,0,0,1,1,100,100,2.38,110,12016.88,%sEngine Run,,
3300,25.43,1686.27,111.07,549.67,771.8,500.63,488.55,225.34,0,0,0,0,0,1,1,100,100,2.38,110,12016.91,%sEngine Run,,
3301,30.44,1686.17,111.07,549.67,771.8,500.63,488.55,225.34,0,0,0,0,0,1,1,100,100,2.3,109.72,12016.94,%sEngine Run,,
3302,26.83,1686.17,111.21,549.93,771.8,500.63,488.55,225.34,0,0,0,0,0,1,1,100,100,2.3,109.72,12016.96,%sEngine Run,,
3303,24.24,1686.17,111.21,549.93,771.75,498.01,488.55,225.34,0,0,0,0,0,1,1,100,100,2.3,109.72,12016.99,%sEngine Run,,
3304,31.91,1686.17,111.21,549.93,771.75,498.01,486.42,224.86,0,0,0,0,0,1,1,100,100,2.3,107.51,12017.02,%sEngine Run,,
3305,26.99,1686.17,111.21,549.93,771.75,498.01,486.42,224.86,0,0,0,0,0,1,1,100,100,2.26,107.51,12017.05,%sEngine Run,,
3306,26.03,1686.22,111.02,549.93,771.75,498.01,486.42,224.86,0,0,0,0,0,1,1,100,100,2.26,107.51,12017.07,%sEngine Run,,
3307,24.18,1686.22,111.02,549.68,771.76,498.01,486.42,224.86,0,0,0,0,0,1,1,100,100,2.26,107.51,12017.1,%sEngine Run,,
3308,25.22,1686.22,111.02,549.68,771.76,495.7,488.16,214.64,0,0,0,0,0,1,1,100,100,2.26,101.91,12017.12,%sEngine Run,,
3309,25.73,1686.22,111.02,549.68,771.76,495.7,488.16,214.64,0,0,0,0,0,1,1,100,100,2.18,101.91,12017.15,%sEngine Run,,
3310,26.06,1686.29,111.03,549.68,771.76,495.7,488.16,214.64,0,0,0,0,0,1,1,100,100,2.18,101.91,12017.17,%sEngine Run,,
3311,24.24,1686.29,111.03,549.62,771.87,495.7,488.16,214.64,0,0,0,0,0,1,1,100,100,2.18,101.91,12017.2,%sEngine Run,,
3312,26.05,1686.29,111.03,549.62,771.87,493.77,489.45,197.1,0,0,0,0,0,1,1,100,100,2.18,101.91,12017.23,%sEngine Run,,
3313,23.71,1686.29,111.03,549.62,771.87,493.77,489.45,197.1,0,0,0,0,0,1,1,100,100,2.18,94.68,12017.25,%sEngine Run,,
3314,28.53,1686.04,111.03,549.62,771.87,493.77,489.45,197.1,0,0,0,0,0,1,1,100,100,2.11,94.68,12017.28,%sEngine Run,,
3315,21.7,1686.04,110.91,549.62,771.87,493.77,489.45,197.1,0,0,0,0,0,1,1,100,100,2.11,94.68,12017.3,%sEngine Run,,
3316,23.81,1686.04,110.91,549.34,771.68,491.17,490.21,197.1,0,0,0,0,0,1,1,100,100,2.11,94.68,12017.32,%sEngine Run,,
3317,29.63,1686.04,110.91,549.34,771.68,491.17,490.21,174.45,0,0,0,0,0,1,1,100,100,2.11,84.56,12017.35,%sEngine Run,,
3318,24.59,1685.39,110.91,549.34,771.68,491.17,490.21,174.45,0,0,0,0,0,1,1,100,100,2.03,84.56,12017.38,%sEngine Run,,
3319,26.44,1685.39,110.79,549.25,771.68,491.17,490.21,174.45,0,0,0,0,0,1,1,100,100,2.03,84.56,12017.4,%sEngine Run,,
3320,25.68,1685.39,110.79,549.25,771.49,488.29,490.2,151.76,0,0,0,0,0,1,1,100,100,2.03,84.56,12017.43,%sEngine Run,,
3321,27.33,1685.39,110.79,549.25,771.49,488.29,490.2,151.76,0,0,0,0,0,1,1,100,100,2.03,74.01,12017.46,%sEngine Run,,
3322,25.82,1684.72,110.79,549.25,771.49,488.29,490.2,151.76,0,0,0,0,0,1,1,100,100,1.97,74.01,12017.48,%sEngine Run,,
3323,22.27,1684.72,110.6,549.06,771.49,488.29,490.2,151.76,0,0,0,0,0,1,1,100,100,1.97,74.01,12017.5,%sEngine Run,,
3324,23.61,1684.72,110.6,549.06,771.28,485.8,489.96,151.76,0,0,0,0,0,1,1,100,100,1.97,74.01,12017.53,%sEngine Run,,
3325,33.37,1684.72,110.6,549.06,771.28,485.8,489.96,128.86,0,0,0,0,0,1,1,100,100,1.97,74.01,12017.56,%sEngine Run,,
3326,25.12,1684.72,110.6,549.06,771.28,485.8,489.96,128.86,0,0,0,0,0,1,1,100,100,1.97,63.42,12017.59,%sEngine Run,,
3327,22.95,1684.09,110.41,548.88,771.28,485.8,489.96,128.86,0,0,0,0,0,1,1,100,100,1.91,63.42,12017.61,%sEngine Run,,
3328,28.69,1684.09,110.41,548.88,771.27,483.27,489.96,128.86,0,0,0,0,0,1,1,100,100,1.91,63.42,12017.64,%sEngine Run,,
3329,32.61,1684.09,110.41,548.88,771.27,483.27,489.06,128.86,0,0,0,0,0,1,1,100,100,1.91,63.42,12017.67,%sEngine Run,,
3330,25.08,1684.09,110.41,548.88,771.27,483.27,489.06,106.19,0,0,0,0,0,1,1,100,100,1.91,52.85,12017.7,%sEngine Run,,
3331,31.56,1683.22,110.41,548.88,771.27,483.27,489.06,106.19,0,0,0,0,0,1,1,100,100,1.86,52.85,12017.73,%sEngine Run,,
3332,23.79,1683.22,110.05,548.72,771.17,483.27,489.06,106.19,0,0,0,0,0,1,1,100,100,1.86,52.85,12017.75,%sEngine Run,,
3333,24.85,1683.22,110.05,548.72,771.17,479.94,489.06,106.19,0,0,0,0,0,1,1,100,100,1.86,52.85,12017.78,%sEngine Run,,
3334,30.23,1683.22,110.05,548.72,771.17,479.94,488.26,84.18,0,0,0,0,0,1,1,100,100,1.86,52.85,12017.81,%sEngine Run,,
3335,25.23,1682.77,110.05,548.72,771.17,479.94,488.26,84.18,0,0,0,0,0,1,1,100,100,1.81,42.26,12017.83,%sEngine Run,,
3336,25.04,1682.77,109.91,548.72,771.17,479.94,488.26,84.18,0,0,0,0,0,1,1,100,100,1.81,42.26,12017.86,%sEngine Run,,
3337,25.67,1682.77,109.91,548.43,771,479.94,488.26,84.18,0,0,0,0,0,1,1,100,100,1.81,42.26,12017.88,%sEngine Run,,
3338,25.58,1682.77,109.91,548.43,771,476.26,487.16,84.18,0,0,0,0,0,1,1,100,100,1.81,42.26,12017.91,%sEngine Run,,
3339,22.06,1682.77,109.91,548.43,771,476.26,487.16,62.12,0,0,0,0,0,1,1,100,100,1.81,42.26,12017.93,%sEngine Run,,
3340,24.47,1682,109.91,548.43,771,476.26,487.16,62.12,0,0,0,0,0,1,1,100,100,1.77,31.67,12017.95,%sEngine Run,,
3341,28.15,1682,109.67,548.24,771,476.26,487.16,62.12,0,0,0,0,0,1,1,100,100,1.77,31.67,12017.98,%sEngine Run,,
3342,27.76,1682,109.67,548.24,770.78,472.27,487.16,62.12,0,0,0,0,0,1,1,100,100,1.77,31.67,12018.01,%sEngine Run,,
3343,24.12,1682,109.67,548.24,770.78,472.27,485.82,39.98,0,0,0,0,0,1,1,100,100,1.77,31.67,12018.03,%sEngine Run,,
3344,25.15,1682,109.67,548.24,770.78,472.27,485.82,39.98,0,0,0,0,0,1,1,100,100,1.72,21.08,12018.06,%sEngine Run,,
3345,22.2,1681.68,109.48,548.24,770.78,472.27,485.82,39.98,0,0,0,0,0,1,1,100,100,1.72,21.08,12018.08,%sEngine Run,,
3346,35.89,1681.68,109.48,547.94,770.59,468.4,485.82,39.98,0,0,0,0,0,1,1,100,100,1.72,21.08,12018.12,%sEngine Run,,
3347,25.19,1681.68,109.48,547.94,770.59,468.4,484.33,18.11,0,0,0,0,0,1,1,100,100,1.72,21.08,12018.14,%sEngine Run,,
3348,23.32,1681.68,109.48,547.94,770.59,468.4,484.33,18.11,0,0,0,0,0,1,1,100,100,1.72,12.4,12018.17,%sEngine Run,,
3349,27.18,1680.9,109.25,547.94,770.59,468.4,484.33,18.11,0,0,0,0,0,1,1,100,100,1.66,12.4,12018.19,%sEngine Run,,
3350,23.68,1680.9,109.25,547.94,770.61,464.05,484.33,18.11,0,0,0,0,0,1,1,100,100,1.66,12.4,12018.22,%sEngine Run,,
3351,27.17,1680.9,109.25,547.94,770.61,464.05,478.51,5.54,0,0,0,0,0,1,1,100,100,1.66,7.15,12018.24,%sEngine Run,,
3352,24.56,1680.75,109.25,547.94,770.61,464.05,478.51,5.54,0,0,0,0,0,1,1,100,100,1.65,7.15,12018.27,%sEngine Run,,
3353,29.55,1680.75,109.15,547.9,770.61,464.05,478.51,5.54,0,0,0,0,0,1,1,100,100,1.65,7.15,12018.3,%sEngine Run,,
3354,25.83,1680.75,109.15,547.9,770.54,459.71,478.51,5.54,0,0,0,0,0,1,1,100,100,1.65,7.15,12018.32,%sEngine Run,,
3355,24.92,1680.75,109.15,547.9,770.54,459.71,473.2,0.54,0,0,0,0,0,1,1,100,100,1.65,7.15,12018.35,%sEngine Run,,
3356,24.45,1680.75,109.15,547.9,770.54,459.71,473.2,0.54,0,0,0,0,0,1,1,100,100,1.62,3.56,12018.37,%sEngine Run,,
3357,26.32,1680.68,109.04,547.85,770.54,459.71,473.2,0.54,0,0,0,0,0,1,1,100,100,1.62,3.56,12018.4,%sPost-ignition Purge,,
3358,23.3,1680.68,109.04,547.85,770.44,454.99,473.2,0.54,0,0,0,0,0,1,1,100,100,1.62,3.56,12018.42,%sPost-ignition Purge,,
3359,25.35,1680.68,109.04,547.85,770.44,454.99,467.63,0.45,0,0,0,0,0,1,1,100,100,1.62,2.89,12018.45,%sPost-ignition Purge,,
3360,24.17,1680.68,109.04,547.85,770.44,454.99,467.63,0.45,0,0,0,0,0,1,1,100,100,1.59,2.89,12018.47,%sPost-ignition Purge,,
3361,21.91,1680.4,109.03,547.77,770.44,454.99,467.63,0.45,0,0,0,0,0,1,1,100,100,1.59,2.89,12018.49,%sPost-ignition Purge,,
3362,24.56,1680.4,109.03,547.77,770.44,450.16,462.64,0.39,0,0,0,0,0,1,1,100,100,1.59,2.89,12018.52,%sPost-ignition Purge,,
3363,26.13,1680.36,109.03,547.77,770.44,450.16,462.64,0.39,0,0,0,0,0,1,1,100,100,1.57,2.67,12018.55,%sPost-ignition Purge,,
3364,22.78,1680.36,109.04,547.79,770.44,450.16,462.64,0.39,0,0,0,0,0,1,1,100,100,1.57,2.67,12018.57,%sPost-ignition Purge,,
3365,21.36,1680.36,109.04,547.79,770.42,445.5,462.64,0.39,0,0,0,0,0,1,1,100,100,1.57,2.67,12018.59,%sPost-ignition Purge,,
3366,24.27,1680.36,109.04,547.79,770.42,445.5,457.81,0.39,0,0,0,0,0,1,1,100,100,1.57,2.67,12018.61,%sPost-ignition Purge,,
3367,22.75,1680.36,109.04,547.79,770.42,445.5,457.81,0.32,0,0,0,0,0,1,1,100,100,1.55,2.49,12018.64,%sPost-ignition Purge,,
3368,23.35,1680.29,109.02,547.78,770.42,445.5,457.81,0.32,0,0,0,0,0,1,1,100,100,1.55,2.49,12018.66,%sPost-ignition Purge,,
3369,25.26,1680.29,109.02,547.78,770.32,440.4,452.92,0.22,0,0,0,0,0,1,1,100,100,1.55,2.49,12018.69,%sPost-ignition Purge,,
3370,22.89,1680.29,109.02,547.78,770.32,440.4,452.92,0.22,0,0,0,0,0,1,1,100,100,1.53,2.35,12018.71,%sPost-ignition Purge,,
3371,24.15,1680.18,109.02,547.78,770.32,440.4,452.92,0.22,0,0,0,0,0,1,1,100,100,1.53,2.35,12018.73,%sPost-ignition Purge,,
3372,25.09,1680.18,109.04,547.82,770.34,440.4,452.92,0.22,0,0,0,0,0,1,1,100,100,1.53,2.35,12018.76,%sPost-ignition Purge,,
3373,23.29,1680.18,109.04,547.82,770.34,435.6,452.92,0.22,0,0,0,0,0,1,1,100,100,1.53,2.35,12018.78,%sPost-ignition Purge,,
3374,22.65,1680.18,109.04,547.82,770.34,435.6,448.15,0.18,0,0,0,0,0,1,1,100,100,1.51,2.24,12018.8,%sPost-ignition Purge,,
3375,27.76,1680.07,109.02,547.88,770.34,435.6,448.15,0.18,0,0,0,0,0,1,1,100,100,1.51,2.24,12018.83,%sPost-ignition Purge,,
3376,28.86,1680.07,109.02,547.88,770.31,435.6,448.15,0.18,0,0,0,0,0,1,1,100,100,1.51,2.24,12018.86,%sPost-ignition Purge,,
3377,22.03,1680.07,109.02,547.88,770.31,430.95,443.64,0.18,0,0,0,0,0,1,1,100,100,1.51,2.24,12018.88,%sPost-ignition Purge,,
3378,22.65,1679.92,109.05,547.88,770.31,430.95,443.64,0.19,0,0,0,0,0,1,1,100,100,1.49,2.16,12018.9,%sPost-ignition Purge,,
3379,27.42,1679.92,109.05,547.9,770.3,430.95,443.64,0.19,0,0,0,0,0,1,1,100,100,1.49,2.16,12018.93,%sPost-ignition Purge,,
3380,24.54,1679.92,109.05,547.9,770.3,426.59,439.21,0.14,0,0,0,0,0,1,1,100,100,1.49,2.16,12018.96,%sPost-ignition Purge,,
3381,22.12,1679.92,109.05,547.9,770.3,426.59,439.21,0.14,0,0,0,0,0,1,1,100,100,1.49,2.09,12018.98,%sPost-ignition Purge,,
3382,23.59,1679.99,109.12,547.9,770.3,426.59,439.21,0.14,0,0,0,0,0,1,1,100,100,1.48,2.09,12019,%sPost-ignition Purge,,
3383,24.4,1679.99,109.12,547.92,770.29,421.96,434.89,0.14,0,0,0,0,0,1,1,100,100,1.48,2.09,12019.03,%sPost-ignition Purge,,
3384,25.13,1679.99,109.12,547.92,770.29,421.96,434.89,0.03,0,0,0,0,0,1,1,100,100,1.48,2.04,12019.05,%sPost-ignition Purge,,
3385,22.55,1679.89,109.12,547.92,770.29,421.96,434.89,0.03,0,0,0,0,0,1,1,100,100,1.47,2.04,12019.07,%sPost-ignition Purge,,
3386,24.75,1679.89,109.18,547.92,770.29,421.96,434.89,0.03,0,0,0,0,0,1,1,100,100,1.47,2.04,12019.1,%sPost-ignition Purge,,
3387,25.11,1679.89,109.18,547.92,770.27,417.77,434.89,0.03,0,0,0,0,0,1,1,100,100,1.47,2.04,12019.12,%sPost-ignition Purge,,
3388,23.5,1679.89,109.18,547.92,770.27,417.77,430.9,-0.05,0,0,0,0,0,1,1,100,100,1.45,1.98,12019.15,%sPost-ignition Purge,,
3389,26.07,1679.81,109.24,547.91,770.28,417.77,430.9,-0.05,0,0,0,0,0,1,1,100,100,1.45,1.98,12019.17,%sPost-ignition Purge,,
3390,24.16,1679.81,109.24,547.91,770.28,413.72,426.83,-0.05,0,0,0,0,0,1,1,100,100,1.45,1.98,12019.2,%sPost-ignition Purge,,254.36
3391,24.13,1679.81,109.24,547.91,770.28,413.72,426.83,-0.09,0,0,0,0,0,1,1,100,100,1.45,1.93,12019.22,%sPost-ignition Purge,,
3392,23.1,1679.8,109.24,547.91,770.28,413.72,426.83,-0.09,0,0,0,0,0,1,1,100,100,1.44,1.93,12019.25,%sPost-ignition Purge,,
3393,26.14,1679.8,109.23,547.98,770.34,409.84,426.83,-0.09,0,0,0,0,0,1,1,100,100,1.44,1.93,12019.27,%sPost-ignition Purge,,
3394,26.19,1679.8,109.23,547.98,770.34,409.84,423.16,-0.17,0,0,0,0,0,1,1,100,100,1.44,1.88,12019.3,%sPost-ignition Purge,,
3395,26.18,1679.8,109.23,547.98,770.34,409.84,423.16,-0.17,0,0,0,0,0,1,1,100,100,1.43,1.88,12019.32,%sPost-ignition Purge,,
3396,24.57,1680.04,109.12,548.01,770.34,409.84,423.16,-0.17,0,0,0,0,0,1,1,100,100,1.43,1.88,12019.35,%sPost-ignition Purge,,
3397,34.57,1680.04,109.12,548.01,770.36,406.08,423.16,-0.17,0,0,0,0,0,1,1,100,100,1.43,1.88,12019.38,%sPost-ignition Purge,,
3398,30.16,1680.04,109.12,548.01,770.36,406.08,419.49,-0.14,0,0,0,0,0,1,1,100,100,1.43,1.82,12019.41,%sPost-ignition Purge,,
3399,24.68,1680.09,109.12,548.01,770.36,406.08,419.49,-0.14,0,0,0,0,0,1,1,100,100,1.41,1.82,12019.44,%sPost-ignition Purge,,
3400,24.22,1680.09,109.06,548.01,770.36,406.08,419.49,-0.14,0,0,0,0,0,1,1,100,100,1.41,1.82,12019.46,%sPost-ignition Purge,,
3401,28.15,1680.09,109.06,547.98,770.39,402.04,419.49,-0.14,0,0,0,0,0,1,1,100,100,1.41,1.82,12019.49,%sPost-ignition Purge,,
3402,36.31,1680.09,109.06,547.98,770.39,402.04,415.67,-0.14,0,0,0,0,0,1,1,100,100,1.41,1.82,12019.53,%sPost-ignition Purge,,
3403,22.16,1680.09,109.06,547.98,770.39,402.04,415.67,-0.17,0,0,0,0,0,1,1,100,100,1.41,1.77,12019.55,%sPost-ignition Purge,,
3404,26.42,1679.98,109,547.98,770.39,402.04,415.67,-0.17,0,0,0,0,0,1,1,100,100,1.4,1.77,12019.57,%sPost-ignition Purge,,
3405,31.44,1679.98,109,547.97,770.39,402.04,415.67,-0.17,0,0,0,0,0,1,1,100,100,1.4,1.77,12019.61,%sPost-ignition Purge,,
3406,29.17,1679.98,109,547.97,770.41,398.32,415.67,-0.17,0,0,0,0,0,1,1,100,100,1.4,1.77,12019.64,%sPost-ignition Purge,,
3407,29.71,1679.98,109,547.97,770.41,398.32,411.86,-0.17,0,0,0,0,0,1,1,100,100,1.4,1.77,12019.67,%sPost-ignition Purge,,
3408,23.14,1679.98,109,547.97,770.41,398.32,411.86,-0.12,0,0,0,0,0,1,1,100,100,1.4,1.77,12019.69,%sPost-ignition Purge,,
3409,23.09,1680.13,109,547.97,770.41,398.32,411.86,-0.12,0,0,0,0,0,1,1,100,100,1.39,1.72,12019.71,%sPost-ignition Purge,,
3410,28.76,1680.13,109.05,547.97,770.41,398.32,411.86,-0.12,0,0,0,0,0,1,1,100,100,1.39,1.72,12019.74,%sPost-ignition Purge,,
3411,27.68,1680.13,109.05,547.97,770.41,398.32,411.86,-0.12,0,0,0,0,0,1,1,100,100,1.39,1.72,12019.77,%sPost-ignition Purge,,
3412,26.61,1680.13,109.05,547.97,770.55,394.68,408.07,-0.12,0,0,0,0,0,1,1,100,100,1.39,1.72,12019.79,%sPost-ignition Purge,,
3413,24.69,1680.13,109.05,547.97,770.55,394.68,408.07,-0.12,0,0,0,0,0,1,1,100,100,1.39,1.72,12019.82,%sPost-ignition Purge,,
3414,22.07,1680.13,109.05,547.97,770.55,394.68,408.07,-0.11,0,0,0,0,0,1,1,100,100,1.39,1.67,12019.84,%sPost-ignition Purge,,
3415,26.8,1680.13,109.05,547.97,770.55,394.68,408.07,-0.11,0,0,0,0,0,1,1,100,100,1.37,1.67,12019.87,%sPost-ignition Purge,,
3416,25.59,1680.21,109.07,547.96,770.55,394.68,408.07,-0.11,0,0,0,0,0,1,1,100,100,1.37,1.67,12019.89,%sPost-ignition Purge,,
3417,38.3,1680.21,109.07,547.96,770.55,394.68,408.07,-0.11,0,0,0,0,0,1,1,100,100,1.37,1.67,12019.93,%sPost-ignition Purge,,
3418,31.79,1680.21,109.07,547.96,770.58,390.92,408.07,-0.11,0,0,0,0,0,1,1,100,100,1.37,1.67,12019.96,%sPost-ignition Purge,,
3419,30.29,1680.21,109.07,547.96,770.58,390.92,404.31,-0.11,0,0,0,0,0,1,1,100,100,1.37,1.67,12019.99,%sPost-ignition Purge,,
3420,32.79,1680.21,109.07,547.96,770.58,390.92,404.31,-0.11,0,0,0,0,0,1,1,100,100,1.37,1.62,12020.03,%sPost-ignition Purge,,
3421,28.16,1680.33,109.07,547.96,770.58,390.92,404.31,-0.11,0,0,0,0,0,1,1,100,100,1.36,1.62,12020.06,%sPost-ignition Purge,,
3422,29.78,1680.33,109.04,547.96,770.58,390.92,404.31,-0.11,0,0,0,0,0,1,1,100,100,1.36,1.62,12020.08,%sPost-ignition Purge,,
3423,31.72,1680.33,109.04,547.99,770.67,390.92,404.31,-0.11,0,0,0,0,0,1,1,100,100,1.36,1.62,12020.12,%sPost-ignition Purge,,
3424,40.71,1680.33,109.04,547.99,770.67,386.83,404.31,-0.11,0,0,0,0,0,1,1,100,100,1.36,1.62,12020.16,%sPost-ignition Purge,,
3425,26.22,1680.33,109.04,547.99,770.67,386.83,400.24,-0.11,0,0,0,0,0,1,1,100,100,1.36,1.62,12020.18,%sPost-ignition Purge,,
3426,29.23,1680.33,109.04,547.99,770.67,386.83,400.24,0.03,0,0,0,0,0,1,1,100,100,1.36,1.55,12020.21,%sPost-ignition Purge,,
3427,26.75,1679.13,109.04,547.99,770.67,386.83,400.24,0.03,0,0,0,0,0,1,1,100,100,1.36,1.55,12020.24,%sPost-ignition Purge,,
3428,38.21,1679.13,108.4,534.96,770.67,386.83,400.24,0.03,0,0,0,0,0,1,1,100,100,1.36,1.55,12020.28,%sPost-ignition Purge,,
3429,43.92,1679.13,108.4,534.96,770.64,386.83,400.24,0.03,0,0,0,0,0,1,1,100,100,1.36,1.55,12020.32,%sPost-ignition Purge,,
3430,36.24,1679.13,108.4,534.96,770.64,382.59,400.24,0.03,0,0,0,0,0,1,1,100,100,1.36,1.55,12020.36,%sPost-ignition Purge,,
3431,28.92,1679.13,108.4,534.96,770.64,382.59,395.49,0.03,0,0,0,0,0,1,1,100,100,1.36,1.55,12020.39,%sPost-ignition Purge,,
3432,36.65,1679.13,108.4,534.96,770.64,382.59,395.49,0.18,0,0,0,0,0,1,1,100,100,1.36,1.49,12020.42,%sPost-ignition Purge,,
3433,29.68,1679.13,108.4,534.96,770.64,382.59,395.49,0.18,0,0,0,0,0,1,1,100,100,1.34,1.49,12020.45,%sPost-ignition Purge,,
3434,34.84,1677.8,108.38,534.96,770.64,382.59,395.49,0.18,0,0,0,0,0,1,1,100,100,1.34,1.49,12020.49,%sPost-ignition Purge,,
3435,32.93,1677.8,108.38,521.29,770.61,382.59,395.49,0.18,0,0,0,0,0,1,1,100,100,1.34,1.49,12020.52,%sPost-ignition Purge,,
3436,39.3,1677.8,108.38,521.29,770.61,378.46,395.49,0.18,0,0,0,0,0,1,1,100,100,1.34,1.49,12020.56,%sPost-ignition Purge,,
3437,30.31,1677.8,108.38,521.29,770.61,378.46,389.8,0.18,0,0,0,0,0,1,1,100,100,1.34,1.49,12020.59,%sPost-ignition Purge,,
3438,41.91,1677.8,108.38,521.29,770.61,378.46,389.8,0.29,0,0,0,0,0,1,1,100,100,1.34,1.42,12020.63,%sPost-ignition Purge,,
3439,28.45,1677.8,108.38,521.29,770.61,378.46,389.8,0.29,0,0,0,0,0,1,1,100,100,1.33,1.42,12020.66,%sPost-ignition Purge,,
3440,27.12,1676.07,108.41,521.29,770.61,378.46,389.8,0.29,0,0,0,0,0,1,1,100,100,1.33,1.42,12020.69,%sPost-ignition Purge,,
3441,28.59,1676.07,108.41,507.15,770.65,378.46,389.8,0.29,0,0,0,0,0,1,1,100,100,1.33,1.42,12020.72,%sPost-ignition Purge,,
3442,29.81,1676.07,108.41,507.15,770.65,374.07,389.8,0.29,0,0,0,0,0,1,1,100,100,1.33,1.42,12020.75,%sPost-ignition Purge,,
3443,23.65,1676.07,108.41,507.15,770.65,374.07,383.43,0.36,0,0,0,0,0,1,1,100,100,1.31,1.35,12020.77,%sPost-ignition Purge,,
3444,24.65,1676.07,108.41,507.15,770.65,374.07,383.43,0.36,0,0,0,0,0,1,1,100,100,1.31,1.35,12020.79,%sPost-ignition Purge,,
3445,26.67,1674.07,108.44,507.15,770.65,374.07,383.43,0.36,0,0,0,0,0,1,1,100,100,1.31,1.35,12020.82,%sPost-ignition Purge,,
3446,29.66,1674.07,108.44,492.98,770.72,369.84,383.43,0.36,0,0,0,0,0,1,1,100,100,1.31,1.35,12020.85,%sPost-ignition Purge,,
3447,29.61,1674.07,108.44,492.98,770.72,369.84,376.83,0.44,0,0,0,0,0,1,1,100,100,1.31,1.35,12020.88,%sPost-ignition Purge,,
3448,23.57,1674.07,108.44,492.98,770.72,369.84,376.83,0.44,0,0,0,0,0,1,1,100,100,1.31,1.29,12020.9,%sPost-ignition Purge,,
3449,23.7,1674.07,108.44,492.98,770.72,369.84,376.83,0.44,0,0,0,0,0,1,1,100,100,1.29,1.29,12020.93,%sPost-ignition Purge,,
3450,25.95,1671.71,108.5,478.66,770.72,369.84,376.83,0.44,0,0,0,0,0,1,1,100,100,1.29,1.29,12020.95,%sPost-ignition Purge,,
3451,29.69,1671.71,108.5,478.66,770.67,365.67,376.83,0.44,0,0,0,0,0,1,1,100,100,1.29,1.29,12020.98,%sPost-ignition Purge,,
3452,26.14,1671.71,108.5,478.66,770.67,365.67,369.96,0.56,0,0,0,0,0,1,1,100,100,1.29,1.22,12021.01,%sPost-ignition Purge,,
3453,27.35,1669.39,108.5,478.66,770.67,365.67,369.96,0.56,0,0,0,0,0,1,1,100,100,1.28,1.22,12021.04,%sPost-ignition Purge,,
3454,29.7,1669.39,108.57,478.66,770.67,365.67,369.96,0.56,0,0,0,0,0,1,1,100,100,1.28,1.22,12021.07,%sPost-ignition Purge,,
3455,39.61,1669.39,108.57,464.32,770.74,365.67,369.96,0.56,0,0,0,0,0,1,1,100,100,1.28,1.22,12021.11,%sPost-ignition Purge,,
3456,26.1,1669.39,108.57,464.32,770.74,361.61,362.78,0.66,0,0,0,0,0,1,1,100,100,1.28,1.22,12021.13,%sPost-ignition Purge,,
3457,32.44,1669.39,108.57,464.32,770.74,361.61,362.78,0.66,0,0,0,0,0,1,1,100,100,1.26,1.16,12021.16,%sPost-ignition Purge,,
3458,25.55,1667,108.57,464.32,770.74,361.61,362.78,0.66,0,0,0,0,0,1,1,100,100,1.26,1.16,12021.19,%sPost-ignition Purge,,
3459,25.08,1667,108.68,449.7,770.78,357.56,362.78,0.66,0,0,0,0,0,1,1,100,100,1.26,1.16,12021.22,%sPost-ignition Purge,,
3460,29.13,1667,108.68,449.7,770.78,357.56,355.53,0.73,0,0,0,0,0,1,1,100,100,1.26,1.16,12021.24,%sPost-ignition Purge,,
3461,28.76,1667,108.68,449.7,770.78,357.56,355.53,0.73,0,0,0,0,0,1,1,100,100,1.25,1.1,12021.27,%sPost-ignition Purge,,
3462,28.41,1664.19,108.67,449.7,770.78,357.56,355.53,0.73,0,0,0,0,0,1,1,100,100,1.25,1.1,12021.3,%sPost-ignition Purge,,
3463,26.67,1664.19,108.67,435.03,770.78,357.56,355.53,0.73,0,0,0,0,0,1,1,100,100,1.25,1.1,12021.33,%sPost-ignition Purge,,
3464,25.15,1664.19,108.67,435.03,770.73,357.56,355.53,0.73,0,0,0,0,0,1,1,100,100,1.25,1.1,12021.35,%sPost-ignition Purge,,
3465,32.43,1664.19,108.67,435.03,770.73,353.69,348.5,0.87,0,0,0,0,0,1,1,100,100,1.25,1.05,12021.39,%sPost-ignition Purge,,
3466,22.63,1664.19,108.67,435.03,770.73,353.69,348.5,0.87,0,0,0,0,0,1,1,100,100,1.23,1.05,12021.41,%sPost-ignition Purge,,
3467,23.1,1661.31,108.74,435.03,770.73,353.69,348.5,0.87,0,0,0,0,0,1,1,100,100,1.23,1.05,12021.43,%sPost-ignition Purge,,
3468,24.52,1661.31,108.74,420.27,770.79,350.03,348.5,0.87,0,0,0,0,0,1,1,100,100,1.23,1.05,12021.46,%sPost-ignition Purge,,
3469,25.06,1661.31,108.74,420.27,770.79,350.03,341.28,0.96,0,0,0,0,0,1,1,100,100,1.23,1.05,12021.48,%sPost-ignition Purge,,
3470,27.57,1661.31,108.74,420.27,770.79,350.03,341.28,0.96,0,0,0,0,0,1,1,100,100,1.21,1,12021.51,%sPost-ignition Purge,,
3471,27.66,1658.19,108.76,405.38,770.79,350.03,341.28,0.96,0,0,0,0,0,1,1,100,100,1.21,1,12021.54,%sPost-ignition Purge,,
3472,27.49,1658.19,108.76,405.38,770.73,346.72,341.28,0.96,0,0,0,0,0,1,1,100,100,1.21,1,12021.56,%sPost-ignition Purge,,
3473,32.53,1658.19,108.76,405.38,770.73,346.72,334.2,0.9,0,0,0,0,0,1,1,100,100,1.21,1,12021.6,%sPost-ignition Purge,,
3474,25.05,1658.19,108.76,405.38,770.73,346.72,334.2,0.9,0,0,0,0,0,1,1,100,100,1.21,0.96,12021.62,%sPost-ignition Purge,,
3475,28.81,1656.07,108.76,405.38,770.73,346.72,334.2,0.9,0,0,0,0,0,1,1,100,100,1.18,0.96,12021.65,%sPost-ignition Purge,,
3476,21.23,1656.07,109.37,405.38,770.73,346.72,334.2,0.9,0,0,0,0,0,1,1,100,100,1.18,0.96,12021.67,%sPost-ignition Purge,,
3477,22.97,1656.07,109.37,403.3,770.71,343.87,334.2,0.9,0,0,0,0,0,1,1,100,100,1.18,0.96,12021.69,%sPost-ignition Purge,,
3478,29.67,1656.07,109.37,403.3,770.71,343.87,327.86,0.93,0,0,0,0,0,1,1,100,100,1.18,0.92,12021.72,%sPost-ignition Purge,,
3479,22.73,1654.21,109.37,403.3,770.71,343.87,327.86,0.93,0,0,0,0,0,1,1,100,100,1.18,0.92,12021.75,%sPost-ignition Purge,,
3480,26.3,1654.21,109.37,403.3,770.71,343.87,327.86,0.93,0,0,0,0,0,1,1,100,100,1.18,0.92,12021.77,%sPost-ignition Purge,,
3481,24.66,1654.21,109.37,401.75,770.81,340.99,322.32,0.93,0,0,0,0,0,1,1,100,100,1.18,0.92,12021.8,%sPost-ignition Purge,,
3482,27.25,1654.21,109.37,401.75,770.81,340.99,322.32,0.92,0,0,0,0,0,1,1,100,100,1.16,0.89,12021.83,%sPost-ignition Purge,,
3483,26.78,1652.39,109.37,401.75,770.81,340.99,322.32,0.92,0,0,0,0,0,1,1,100,100,1.16,0.89,12021.85,%sPost-ignition Purge,,
3484,28.25,1652.39,109.34,400.58,770.82,338.34,322.32,0.92,0,0,0,0,0,1,1,100,100,1.16,0.89,12021.88,%sPost-ignition Purge,,
3485,23.33,1652.39,109.34,400.58,770.82,338.34,317.33,0.93,0,0,0,0,0,1,1,100,100,1.16,0.85,12021.9,%sPost-ignition Purge,,
3486,23.38,1652.39,109.34,400.58,770.82,338.34,317.33,0.93,0,0,0,0,0,1,1,100,100,1.15,0.85,12021.93,%sPost-ignition Purge,,
3487,25.23,1650.77,109.42,400.58,770.82,338.34,317.33,0.93,0,0,0,0,0,1,1,100,100,1.15,0.85,12021.95,%sPost-ignition Purge,,
3488,24.35,1650.77,109.42,399.5,770.82,338.34,317.33,0.93,0,0,0,0,0,1,1,100,100,1.15,0.85,12021.98,%sPost-ignition Purge,,
3489,24.24,1650.77,109.42,399.5,770.7,335.75,312.75,0.97,0,0,0,0,0,1,1,100,100,1.15,0.85,12022,%sPost-ignition Purge,,
3490,31.38,1650.77,109.42,399.5,770.7,335.75,312.75,0.97,0,0,0,0,0,1,1,100,100,1.14,0.82,12022.03,%sPost-ignition Purge,,
3491,24.11,1649.01,109.47,399.5,770.7,335.75,312.75,0.97,0,0,0,0,0,1,1,100,100,1.14,0.82,12022.06,%sPost-ignition Purge,,
3492,26.84,1649.01,109.47,398.26,770.77,333.15,312.75,0.97,0,0,0,0,0,1,1,100,100,1.14,0.82,12022.08,%sPost-ignition Purge,,
3493,25.5,1649.01,109.47,398.26,770.77,333.15,308.04,0.97,0,0,0,0,0,1,1,100,100,1.14,0.82,12022.11,%sPost-ignition Purge,,
3494,29.68,1649.01,109.47,398.26,770.77,333.15,308.04,0.92,0,0,0,0,0,1,1,100,100,1.13,0.79,12022.14,%sPost-ignition Purge,,
3495,24.31,1647.32,109.52,396.91,770.77,333.15,308.04,0.92,0,0,0,0,0,1,1,100,100,1.13,0.79,12022.16,%sPost-ignition Purge,,
3496,29.61,1647.32,109.52,396.91,770.77,330.64,308.04,0.92,0,0,0,0,0,1,1,100,100,1.13,0.79,12022.19,%sPost-ignition Purge,,
3497,25.25,1647.32,109.52,396.91,770.77,330.64,308.04,0.92,0,0,0,0,0,1,1,100,100,1.13,0.79,12022.22,%sPost-ignition Purge,,
3498,30.03,1647.32,109.52,396.91,770.77,330.64,303.99,0.94,0,0,0,0,0,1,1,100,100,1.11,0.75,12022.25,%sPost-ignition Purge,,
3499,32.33,1645.61,109.52,396.91,770.77,330.64,303.99,0.94,0,0,0,0,0,1,1,100,100,1.11,0.75,12022.28,%sPost-ignition Purge,,
3500,27.48,1645.61,109.56,395.87,770.78,328.23,303.99,0.94,0,0,0,0,0,1,1,100,100,1.11,0.75,12022.31,%sPost-ignition Purge,,
3501,30.2,1645.61,109.56,395.87,770.78,328.23,300.12,0.94,0,0,0,0,0,1,1,100,100,1.11,0.75,12022.34,%sPost-ignition Purge,,
3502,23.28,1645.61,109.56,395.87,770.78,328.23,300.12,1.01,0,0,0,0,0,1,1,100,100,1.11,0.72,12022.36,%sPost-ignition Purge,,
3503,30.21,1643.9,109.62,394.7,770.78,328.23,300.12,1.01,0,0,0,0,0,1,1,100,100,1.1,0.72,12022.39,%sPost-ignition Purge,,
3504,28.49,1643.9,109.62,394.7,770.87,328.23,300.12,1.01,0,0,0,0,0,1,1,100,100,1.1,0.72,12022.42,%sPost-ignition Purge,,
3505,22.29,1643.9,109.62,394.7,770.87,325.85,295.97,1.03,0,0,0,0,0,1,1,100,100,1.1,0.69,12022.44,%sPost-ignition Purge,,
3506,24.7,1642.25,109.58,394.7,770.87,325.85,295.97,1.03,0,0,0,0,0,1,1,100,100,1.09,0.69,12022.47,%sPost-ignition Purge,,
3507,26.89,1642.25,109.58,393.56,770.87,325.85,295.97,1.03,0,0,0,0,0,1,1,100,100,1.09,0.69,12022.49,%sPost-ignition Purge,,
3508,23.13,1642.25,109.58,393.56,770.85,323.38,295.97,1.03,0,0,0,0,0,1,1,100,100,1.09,0.69,12022.52,%sPost-ignition Purge,,
3509,25.8,1642.25,109.58,393.56,770.85,323.38,292.15,1.05,0,0,0,0,0,1,1,100,100,1.09,0.69,12022.54,%sPost-ignition Purge,,
3510,24.81,1640.7,109.65,393.56,770.85,323.38,292.15,1.05,0,0,0,0,0,1,1,100,100,1.08,0.66,12022.57,%sPost-ignition Purge,,
3511,26.87,1640.7,109.65,392.34,770.85,323.38,292.15,1.05,0,0,0,0,0,1,1,100,100,1.08,0.66,12022.59,%sPost-ignition Purge,,
3512,23.74,1640.7,109.65,392.34,770.92,321.24,292.15,1.05,0,0,0,0,0,1,1,100,100,1.08,0.66,12022.62,%sPost-ignition Purge,,
3513,27.71,1640.7,109.65,392.34,770.92,321.24,288.59,1.12,0,0,0,0,0,1,1,100,100,1.07,0.63,12022.65,%sPost-ignition Purge,,
3514,32.42,1639.09,109.65,392.34,770.92,321.24,288.59,1.12,0,0,0,0,0,1,1,100,100,1.07,0.63,12022.68,%sPost-ignition Purge,,
3515,22.75,1639.09,109.64,391.3,770.92,321.24,288.59,1.12,0,0,0,0,0,1,1,100,100,1.07,0.63,12022.7,%sPost-ignition Purge,,
3516,23.12,1639.09,109.64,391.3,771.04,319.18,288.59,1.12,0,0,0,0,0,1,1,100,100,1.07,0.63,12022.72,%sPost-ignition Purge,,
3517,21.1,1639.09,109.64,391.3,771.04,319.18,284.91,1.12,0,0,0,0,0,1,1,100,100,1.07,0.63,12022.74,%sPost-ignition Purge,,
3518,22.82,1637.45,109.64,391.3,771.04,319.18,284.91,1.06,0,0,0,0,0,1,1,100,100,1.06,0.6,12022.77,%sPost-ignition Purge,,
3519,26.43,1637.45,109.76,390.34,770.99,319.18,284.91,1.06,0,0,0,0,0,1,1,100,100,1.06,0.6,12022.79,%sPost-ignition Purge,,
3520,24.75,1637.45,109.76,390.34,770.99,317.02,284.91,1.06,0,0,0,0,0,1,1,100,100,1.06,0.6,12022.82,%sPost-ignition Purge,,
3521,24.22,1637.45,109.76,390.34,770.99,317.02,281.41,1.07,0,0,0,0,0,1,1,100,100,1.06,0.6,12022.84,%sPost-ignition Purge,,
3522,22.19,1637.45,109.76,390.34,770.99,317.02,281.41,1.07,0,0,0,0,0,1,1,100,100,1.06,0.58,12022.87,%sPost-ignition Purge,,
3523,22.98,1635.91,109.76,389.24,770.99,317.02,281.41,1.07,0,0,0,0,0,1,1,100,100,1.06,0.58,12022.89,%sPost-ignition Purge,,
3524,21.85,1635.91,109.76,389.24,770.95,314.96,278.23,1.07,0,0,0,0,0,1,1,100,100,1.06,0.58,12022.91,%sPost-ignition Purge,,
3525,26.79,1635.91,109.76,389.24,770.95,314.96,278.23,1.04,0,0,0,0,0,1,1,100,100,1.06,0.55,12022.94,%sPost-ignition Purge,,
3526,28.25,1635.91,109.76,389.24,770.95,314.96,278.23,1.04,0,0,0,0,0,1,1,100,100,1.05,0.55,12022.97,%sPost-ignition Purge,,
3527,27.43,1634.24,109.7,388.05,770.95,314.96,278.23,1.04,0,0,0,0,0,1,1,100,100,1.05,0.55,12022.99,%sPost-ignition Purge,,
3528,27.73,1634.24,109.7,388.05,770.98,312.81,278.23,1.04,0,0,0,0,0,1,1,100,100,1.05,0.55,12023.02,%sPost-ignition Purge,,
3529,24.32,1634.24,109.7,388.05,770.98,312.81,275.03,1.02,0,0,0,0,0,1,1,100,100,1.05,0.55,12023.04,%sPost-ignition Purge,,
3530,23.16,1634.24,109.7,388.05,770.98,312.81,275.03,1.02,0,0,0,0,0,1,1,100,100,1.04,0.53,12023.07,%sPost-ignition Purge,,
3531,26.71,1632.86,109.69,387.12,771.01,310.82,275.03,1.02,0,0,0,0,0,1,1,100,100,1.04,0.53,12023.09,%sPost-ignition Purge,,
3532,26.85,1632.86,109.69,387.12,771.01,310.82,272.07,1.05,0,0,0,0,0,1,1,100,100,1.04,0.53,12023.12,%sPost-ignition Purge,,
3533,23.21,1632.86,109.69,387.12,771.01,310.82,272.07,1.05,0,0,0,0,0,1,1,100,100,1.04,0.52,12023.14,%sPost-ignition Purge,,
3534,24.73,1631.37,109.67,387.12,771.01,310.82,272.07,1.05,0,0,0,0,0,1,1,100,100,1.03,0.52,12023.17,%sPost-ignition Purge,,
3535,25.31,1631.37,109.67,386.37,771.09,309.01,269.08,1.08,0,0,0,0,0,1,1,100,100,1.03,0.52,12023.19,%sPost-ignition Purge,,
3536,30.76,1631.37,109.67,386.37,771.09,309.01,269.08,1.08,0,0,0,0,0,1,1,100,100,1.03,0.5,12023.23,%sPost-ignition Purge,,
3537,22.81,1629.86,109.67,386.37,771.09,309.01,269.08,1.08,0,0,0,0,0,1,1,100,100,1.02,0.5,12023.25,%sPost-ignition Purge,,
3538,26.16,1629.86,109.6,385.4,771.08,307.15,269.08,1.08,0,0,0,0,0,1,1,100,100,1.02,0.5,12023.27,%sPost-ignition Purge,,
3539,22.29,1629.86,109.6,385.4,771.08,307.15,266.09,1.03,0,0,0,0,0,1,1,100,100,1.02,0.5,12023.3,%sPost-ignition Purge,,
3540,27.94,1628.55,109.6,385.4,771.08,307.15,266.09,1.03,0,0,0,0,0,1,1,100,100,1.02,0.48,12023.32,%sPost-ignition Purge,,
3541,24.88,1628.55,109.56,385.4,771.08,307.15,266.09,1.03,0,0,0,0,0,1,1,100,100,1.02,0.48,12023.35,%sPost-ignition Purge,,
3542,24.16,1628.55,109.56,384.61,770.99,305.3,266.09,1.03,0,0,0,0,0,1,1,100,100,1.02,0.48,12023.37,%sPost-ignition Purge,,
3543,27.08,1628.55,109.56,384.61,770.99,305.3,263.38,0.99,0,0,0,0,0,1,1,100,100,1.01,0.47,12023.4,%sPost-ignition Purge,,
3544,25.05,1627.18,109.49,384.61,770.99,305.3,263.38,0.99,0,0,0,0,0,1,1,100,100,1.01,0.47,12023.43,%sPost-ignition Purge,,
3545,23.85,1627.18,109.49,383.77,770.98,303.68,263.38,0.99,0,0,0,0,0,1,1,100,100,1.01,0.47,12023.45,%sPost-ignition Purge,,
3546,30.44,1627.18,109.49,383.77,770.98,303.68,260.86,1.03,0,0,0,0,0,1,1,100,100,1.01,0.45,12023.48,%sPost-ignition Purge,,
3547,28.23,1627.18,109.49,383.77,770.98,303.68,260.86,1.03,0,0,0,0,0,1,1,100,100,1,0.45,12023.51,%sPost-ignition Purge,,
3548,21.94,1625.69,109.43,383.77,770.98,303.68,260.86,1.03,0,0,0,0,0,1,1,100,100,1,0.45,12023.53,%sPost-ignition Purge,,
3549,25.38,1625.69,109.43,383,770.99,303.68,260.86,1.03,0,0,0,0,0,1,1,100,100,1,0.45,12023.56,%sPost-ignition Purge,,
3550,28.34,1625.69,109.43,383,770.99,301.7,258.34,0.99,0,0,0,0,0,1,1,100,100,1,0.43,12023.58,%sPost-ignition Purge,,
3551,22.84,1624.3,109.37,383,770.99,301.7,258.34,0.99,0,0,0,0,0,1,1,100,100,0.99,0.43,12023.61,%sPost-ignition Purge,,
3552,23.66,1624.3,109.37,382.27,770.99,301.7,258.34,0.99,0,0,0,0,0,1,1,100,100,0.99,0.43,12023.63,%sPost-ignition Purge,,
3553,23.29,1624.3,109.37,382.27,771,299.76,258.34,0.99,0,0,0,0,0,1,1,100,100,0.99,0.43,12023.65,%sPost-ignition Purge,,
3554,24.2,1624.3,109.37,382.27,771,299.76,256.03,1.04,0,0,0,0,0,1,1,100,100,0.99,0.41,12023.68,%sPost-ignition Purge,,
3555,23.88,1622.82,109.4,381.55,771,299.76,256.03,1.04,0,0,0,0,0,1,1,100,100,0.98,0.41,12023.7,%sPost-ignition Purge,,
3556,25.6,1622.82,109.4,381.55,771.04,298.05,256.03,1.04,0,0,0,0,0,1,1,100,100,0.98,0.41,12023.73,%sPost-ignition Purge,,
3557,22.43,1622.82,109.4,381.55,771.04,298.05,253.63,1.03,0,0,0,0,0,1,1,100,100,0.98,0.39,12023.75,%sPost-ignition Purge,,
3558,26.63,1621.58,109.4,381.55,771.04,298.05,253.63,1.03,0,0,0,0,0,1,1,100,100,0.97,0.39,12023.78,%sPost-ignition Purge,,
3559,22.99,1621.58,109.43,380.93,771.04,298.05,253.63,1.03,0,0,0,0,0,1,1,100,100,0.97,0.39,12023.8,%sPost-ignition Purge,,
3560,25.07,1621.58,109.43,380.93,771.09,296.28,251.44,1.04,0,0,0,0,0,1,1,100,100,0.97,0.39,12023.82,%sPost-ignition Purge,,
3561,26.79,1621.58,109.43,380.93,771.09,296.28,251.44,1.04,0,0,0,0,0,1,1,100,100,0.97,0.38,12023.85,%sPost-ignition Purge,,
3562,23.21,1620.28,109.44,380.25,771.09,296.28,251.44,1.04,0,0,0,0,0,1,1,100,100,0.97,0.38,12023.87,%sPost-ignition Purge,,
3563,25.27,1620.28,109.44,380.25,771.12,294.71,251.44,1.04,0,0,0,0,0,1,1,100,100,0.97,0.38,12023.9,%sPost-ignition Purge,,
3564,23.09,1620.28,109.44,380.25,771.12,294.71,249.14,1.12,0,0,0,0,0,1,1,100,100,0.96,0.36,12023.92,%sPost-ignition Purge,,
3565,26.85,1618.87,109.39,380.25,771.12,294.71,249.14,1.12,0,0,0,0,0,1,1,100,100,0.96,0.36,12023.95,%sPost-ignition Purge,,
3566,26.91,1618.87,109.39,379.7,771.14,294.71,249.14,1.12,0,0,0,0,0,1,1,100,100,0.96,0.36,12023.98,%sPost-ignition Purge,,
3567,30.94,1618.87,109.39,379.7,771.14,293.16,247.1,1.08,0,0,0,0,0,1,1,100,100,0.96,0.34,12024.01,%sPost-ignition Purge,,
3568,30.73,1618.87,109.39,379.7,771.14,293.16,247.1,1.08,0,0,0,0,0,1,1,100,100,0.95,0.34,12024.04,%sPost-ignition Purge,,
3569,22.21,1617.4,109.43,379.7,771.14,293.16,247.1,1.08,0,0,0,0,0,1,1,100,100,0.95,0.34,12024.06,%sPost-ignition Purge,,
3570,27.75,1617.4,109.43,378.94,771.08,291.3,244.67,1.08,0,0,0,0,0,1,1,100,100,0.95,0.34,12024.09,%sPost-ignition Purge,,
3571,23.46,1617.4,109.43,378.94,771.08,291.3,244.67,1.03,0,0,0,0,0,1,1,100,100,0.95,0.33,12024.11,%sPost-ignition Purge,,
3572,25.57,1616.05,109.43,378.94,771.08,291.3,244.67,1.03,0,0,0,0,0,1,1,100,100,0.95,0.33,12024.14,%sPost-ignition Purge,,
3573,26.28,1616.05,109.45,378.94,771.08,291.3,244.67,1.03,0,0,0,0,0,1,1,100,100,0.95,0.33,12024.16,%sPost-ignition Purge,,
3574,24.34,1616.05,109.45,378.32,771.12,289.76,242.45,1.03,0,0,0,0,0,1,1,100,100,0.95,0.31,12024.19,%sPost-ignition Purge,,
3575,22.85,1614.58,109.51,378.32,771.12,289.76,242.45,1.03,0,0,0,0,0,1,1,100,100,0.94,0.31,12024.21,%sPost-ignition Purge,,
3576,24.62,1614.58,109.51,377.66,771.12,289.76,242.45,1.03,0,0,0,0,0,1,1,100,100,0.94,0.31,12024.24,%sPost-ignition Purge,,
3577,29.67,1614.58,109.51,377.66,771.22,288.29,240.33,1.03,0,0,0,0,0,1,1,100,100,0.94,0.31,12024.27,%sPost-ignition Purge,,
3578,29.15,1614.58,109.51,377.66,771.22,288.29,240.33,1.09,0,0,0,0,0,1,1,100,100,0.94,0.29,12024.29,%sPost-ignition Purge,,
3579,23.65,1614.58,109.51,377.66,771.22,288.29,240.33,1.09,0,0,0,0,0,1,1,100,100,0.93,0.29,12024.32,%sPost-ignition Purge,,
3580,25.13,1613.03,109.48,377.01,771.22,288.29,240.33,1.09,0,0,0,0,0,1,1,100,100,0.93,0.29,12024.34,%sPost-ignition Purge,,
3581,39.84,1613.03,109.48,377.01,771.26,286.56,237.97,1.09,0,0,0,0,0,1,1,100,100,0.93,0.29,12024.38,%sPost-ignition Purge,,
3582,28.45,1613.03,109.48,377.01,771.26,286.56,237.97,1.08,0,0,0,0,0,1,1,100,100,0.93,0.27,12024.41,%sPost-ignition Purge,,
3583,23.27,1611.71,109.51,376.44,771.26,286.56,237.97,1.08,0,0,0,0,0,1,1,100,100,0.93,0.27,12024.43,%sPost-ignition Purge,,
3584,24.38,1611.71,109.51,376.44,771.27,284.97,237.97,1.08,0,0,0,0,0,1,1,100,100,0.93,0.27,12024.46,%sPost-ignition Purge,,
3585,23.13,1611.71,109.51,376.44,771.27,284.97,235.79,1.08,0,0,0,0,0,1,1,100,100,0.93,0.27,12024.48,%sPost-ignition Purge,,
3586,22.88,1611.71,109.51,376.44,771.27,284.97,235.79,1.08,0,0,0,0,0,1,1,100,100,0.93,0.26,12024.5,%sPost-ignition Purge,,
3587,26.63,1610.34,109.51,375.77,771.27,284.97,235.79,1.08,0,0,0,0,0,1,1,100,100,0.92,0.26,12024.53,%sPost-ignition Purge,,
3588,31.83,1610.34,109.51,375.77,771.23,283.3,235.79,1.08,0,0,0,0,0,1,1,100,100,0.92,0.26,12024.56,%sPost-ignition Purge,,
3589,27.1,1610.34,109.51,375.77,771.23,283.3,233.46,1.01,0,0,0,0,0,1,1,100,100,0.92,0.25,12024.59,%sPost-ignition Purge,,
3590,23.13,1609.04,109.43,375.77,771.23,283.3,233.46,1.01,0,0,0,0,0,1,1,100,100,0.92,0.25,12024.61,%sPost-ignition Purge,,
3591,21,1609.04,109.43,375.04,771.22,283.3,233.46,1.01,0,0,0,0,0,1,1,100,100,0.92,0.25,12024.63,%sPost-ignition Purge,,
3592,27.94,1609.04,109.43,375.04,771.22,283.3,233.46,1.01,0,0,0,0,0,1,1,100,100,0.92,0.25,12024.66,%sPost-ignition Purge,,
3593,22.18,1609.04,109.43,375.04,771.22,281.78,231.33,1.02,0,0,0,0,0,1,1,100,100,0.92,0.25,12024.68,%sPost-ignition Purge,,
3594,23.35,1609.04,109.43,375.04,771.22,281.78,231.33,1.02,0,0,0,0,0,1,1,100,100,0.91,0.23,12024.71,%sPost-ignition Purge,,
3595,24.13,1607.47,109.39,374.34,771.32,281.78,231.33,1.02,0,0,0,0,0,1,1,100,100,0.91,0.23,12024.73,%sPost-ignition Purge,,
3596,27.69,1607.47,109.39,374.34,771.32,280.35,229.12,1.02,0,0,0,0,0,1,1,100,100,0.91,0.23,12024.76,%sPost-ignition Purge,,
3597,29.66,1607.47,109.39,374.34,771.32,280.35,229.12,1.1,0,0,0,0,0,1,1,100,100,0.9,0.22,12024.79,%sPost-ignition Purge,,
3598,23.92,1606.11,109.36,373.67,771.32,280.35,229.12,1.1,0,0,0,0,0,1,1,100,100,0.9,0.22,12024.81,%sPost-ignition Purge,,
3599,26.73,1606.11,109.36,373.67,771.33,278.84,229.12,1.1,0,0,0,0,0,1,1,100,100,0.9,0.22,12024.84,%sPost-ignition Purge,,
3600,23.17,1606.11,109.36,373.67,771.33,278.84,226.96,1.02,0,0,0,0,0,1,1,100,100,0.9,0.19,12024.86,%sPost-ignition Purge,,
3601,25.79,1606.11,109.36,373.67,771.33,278.84,226.96,1.02,0,0,0,0,0,1,1,100,100,0.89,0.19,12024.89,%sPost-ignition Purge,,
3602,25.42,1604.13,109.21,372.7,771.18,276.6,226.96,1.02,0,0,0,0,0,1,1,100,100,0.89,0.19,12024.91,%sPost-ignition Purge,,
3603,25.61,1604.13,109.21,372.7,771.18,276.6,224.15,0.44,0,0,0,0,0,1,1,100,100,0.89,0.19,12024.94,%sPost-ignition Purge,,
3604,24.16,1602.14,109.21,372.7,771.18,276.6,224.15,0.44,0,0,0,0,0,1,1,100,100,0.88,0.16,12024.96,%sPost-ignition Purge,,
3605,32.23,1602.14,108.98,372,771.18,276.6,224.15,0.44,0,0,0,0,0,1,1,100,100,0.88,0.16,12025,%sPost-ignition Purge,,
3606,25.05,1602.14,108.98,372,771.01,274.47,224.15,0.44,0,0,0,0,0,1,1,100,100,0.88,0.16,12025.02,%sPost-ignition Purge,,
3607,25.31,1602.14,108.98,372,771.01,274.47,221.62,-0.19,0,0,0,0,0,1,1,100,100,0.88,0.13,12025.05,%sPost-ignition Purge,,
3608,25.21,1600.09,108.98,372,771.01,274.47,221.62,-0.19,0,0,0,0,0,1,1,100,100,0.86,0.13,12025.07,%sPost-ignition Purge,,
3609,22.42,1600.09,108.81,372,771.01,274.47,221.62,-0.19,0,0,0,0,0,1,1,100,100,0.86,0.13,12025.09,%sPost-ignition Purge,,
3610,26.38,1600.09,108.81,371.17,770.74,272.16,219.02,-0.19,0,0,0,0,0,1,1,100,100,0.86,0.13,12025.12,%sPost-ignition Purge,,
3611,25.28,1600.09,108.81,371.17,770.74,272.16,219.02,-0.82,0,0,0,0,0,1,1,100,100,0.85,0.1,12025.15,%sPost-ignition Purge,,
3612,23.74,1598.03,108.58,371.17,770.74,272.16,219.02,-0.82,0,0,0,0,0,1,1,100,100,0.85,0.1,12025.17,%sPost-ignition Purge,,
3613,24.89,1598.03,108.58,370.25,770.74,272.16,219.02,-0.82,0,0,0,0,0,1,1,100,100,0.85,0.1,12025.19,%sPost-ignition Purge,,
3614,24.76,1598.03,108.58,370.25,770.43,269.66,216.34,-1.45,0,0,0,0,0,1,1,100,100,0.85,0.1,12025.22,%sPost-ignition Purge,,
3615,28.14,1598.03,108.58,370.25,770.43,269.66,216.34,-1.45,0,0,0,0,0,1,1,100,100,0.84,0.08,12025.25,%sPost-ignition Purge,,
3616,26.22,1596.11,108.58,370.25,770.43,269.66,216.34,-1.45,0,0,0,0,0,1,1,100,100,0.84,0.08,12025.27,%sPost-ignition Purge,,
3617,23.44,1596.11,108.53,369.4,770.26,269.66,216.34,-1.45,0,0,0,0,0,1,1,100,100,0.84,0.08,12025.3,%sPost-ignition Purge,,
3618,23.16,1596.11,108.53,369.4,770.26,267.43,213.89,-2.1,0,0,0,0,0,1,1,100,100,0.84,0.05,12025.32,%sPost-ignition Purge,,
3619,24.35,1596.11,108.53,369.4,770.26,267.43,213.89,-2.1,0,0,0,0,0,1,1,100,100,0.83,0.05,12025.34,%sPost-ignition Purge,,
3620,24.71,1593.99,108.35,369.4,770.26,267.43,213.89,-2.1,0,0,0,0,0,1,1,100,100,0.83,0.05,12025.37,%sPost-ignition Purge,,
3621,38.63,1593.99,108.35,368.48,770.05,265.28,213.89,-2.1,0,0,0,0,0,1,1,100,100,0.83,0.05,12025.41,%sPost-ignition Purge,,
3622,25.04,1593.99,108.35,368.48,770.05,265.28,211.26,-2.7,0,0,0,0,0,1,1,100,100,0.83,0.05,12025.43,%sPost-ignition Purge,,
3623,24.64,1593.99,108.35,368.48,770.05,265.28,211.26,-2.7,0,0,0,0,0,1,1,100,100,0.82,0.03,12025.46,%sPost-ignition Purge,,
3624,21.14,1591.88,108.17,368.48,770.05,265.28,211.26,-2.7,0,0,0,0,0,1,1,100,100,0.82,0.03,12025.48,%sPost-ignition Purge,,
3625,25.7,1591.88,108.17,367.7,770.05,265.28,211.26,-2.7,0,0,0,0,0,1,1,100,100,0.82,0.03,12025.5,%sPost-ignition Purge,,
3626,29.62,1591.88,108.17,367.7,769.9,263.09,208.85,-2.7,0,0,0,0,0,1,1,100,100,0.82,0.03,12025.53,%sPost-ignition Purge,,
3627,22.08,1591.88,108.17,367.7,769.9,263.09,208.85,-3.27,0,0,0,0,0,1,1,100,100,0.82,0,12025.56,%sPost-ignition Purge,,
3628,22.69,1591.88,108.17,367.7,769.9,263.09,208.85,-3.27,0,0,0,0,0,1,1,100,100,0.81,0,12025.58,%sPost-ignition Purge,,
3629,25.15,1589.85,108.17,367.7,769.9,263.09,208.85,-3.27,0,0,0,0,0,1,1,100,100,0.81,0,12025.6,%sPost-ignition Purge,,
3630,25.68,1589.85,108.11,366.81,769.74,263.09,208.85,-3.27,0,0,0,0,0,1,1,100,100,0.81,0,12025.63,%sPost-ignition Purge,,
3631,29.69,1589.85,108.11,366.81,769.74,260.91,206.28,-3.27,0,0,0,0,0,1,1,100,100,0.81,0,12025.66,%sPost-ignition Purge,,
3632,31.2,1589.85,108.11,366.81,769.74,260.91,206.28,-3.81,0,0,0,0,0,1,1,100,100,0.81,-0.03,12025.69,%sPost-ignition Purge,,
3633,25.71,1589.85,108.11,366.81,769.74,260.91,206.28,-3.81,0,0,0,0,0,1,1,100,100,0.8,-0.03,12025.72,%sPost-ignition Purge,,
3634,35.82,1587.79,108.01,366.81,769.74,260.91,206.28,-3.81,0,0,0,0,0,1,1,100,100,0.8,-0.03,12025.75,%sPost-ignition Purge,,
3635,32.72,1587.79,108.01,365.99,769.74,260.91,206.28,-3.81,0,0,0,0,0,1,1,100,100,0.8,-0.03,12025.79,%sPost-ignition Purge,,
3636,32.75,1587.79,108.01,365.99,769.45,258.6,206.28,-3.81,0,0,0,0,0,1,1,100,100,0.8,-0.03,12025.82,%sPost-ignition Purge,,
3637,24.98,1587.79,108.01,365.99,769.45,258.6,206.28,-3.81,0,0,0,0,0,1,1,100,100,0.8,-0.03,12025.84,%sPost-ignition Purge,,
3638,23.61,1587.79,108.01,365.99,769.45,258.6,203.63,-3.81,0,0,0,0,0,1,1,100,100,0.8,-0.03,12025.87,%sPost-ignition Purge,,
3639,32.42,1587.79,108.01,365.99,769.45,258.6,203.63,-4.5,0,0,0,0,0,1,1,100,100,0.79,-0.06,12025.9,%sPost-ignition Purge,,
3640,27.57,1585.7,108.01,365.99,769.45,258.6,203.63,-4.5,0,0,0,0,0,1,1,100,100,0.79,-0.06,12025.93,%sPost-ignition Purge,,
3641,28.17,1585.7,107.88,365.19,769.45,258.6,203.63,-4.5,0,0,0,0,0,1,1,100,100,0.79,-0.06,12025.95,%sPost-ignition Purge,,
3642,39.8,1585.7,107.88,365.19,769.24,258.6,203.63,-4.5,0,0,0,0,0,1,1,100,100,0.79,-0.06,12025.99,%sPost-ignition Purge,,
3643,27.79,1585.7,107.88,365.19,769.24,256.38,203.63,-4.5,0,0,0,0,0,1,1,100,100,0.79,-0.06,12026.02,%sPost-ignition Purge,,
3644,29.53,1585.7,107.88,365.19,769.24,256.38,201.21,-5.09,0,0,0,0,0,1,1,100,100,0.79,-0.06,12026.05,%sPost-ignition Purge,,
3645,29.76,1585.7,107.88,365.19,769.24,256.38,201.21,-5.09,0,0,0,0,0,1,1,100,100,0.78,-0.07,12026.08,%sPost-ignition Purge,,
3646,29.23,1584.07,107.84,365.19,769.24,256.38,201.21,-5.09,0,0,0,0,0,1,1,100,100,0.78,-0.07,12026.11,%sPost-ignition Purge,,
3647,31.68,1584.07,107.84,365.19,769.24,256.38,201.21,-5.09,0,0,0,0,0,1,1,100,100,0.78,-0.07,12026.14,%sPost-ignition Purge,,
3648,26.97,1584.07,107.84,364.59,769.24,256.38,201.21,-5.09,0,0,0,0,0,1,1,100,100,0.78,-0.07,12026.17,%sPost-ignition Purge,,
3649,27.99,1584.07,107.84,364.59,769.11,254.65,201.21,-5.09,0,0,0,0,0,1,1,100,100,0.78,-0.07,12026.2,%sPost-ignition Purge,,
3650,37.77,1584.07,107.84,364.59,769.11,254.65,199.35,-5.23,0,0,0,0,0,1,1,100,100,0.78,-0.07,12026.24,%sPost-ignition Purge,,
3651,29.67,1584.07,107.84,364.59,769.11,254.65,199.35,-5.23,0,0,0,0,0,1,1,100,100,0.78,-0.08,12026.26,%sPost-ignition Purge,,
3652,31.65,1581.6,107.84,364.59,769.11,254.65,199.35,-5.23,0,0,0,0,0,1,1,100,100,0.77,-0.08,12026.3,%sPost-ignition Purge,,
3653,31.75,1581.6,107.49,364.59,769.11,254.65,199.35,-5.23,0,0,0,0,0,1,1,100,100,0.77,-0.08,12026.33,%sPost-ignition Purge,,
3654,42.98,1581.6,107.49,362.67,769.11,254.65,199.35,-5.23,0,0,0,0,0,1,1,100,100,0.77,-0.08,12026.37,%sPost-ignition Purge,,
3655,35.26,1581.6,107.49,362.67,769.11,254.65,199.35,-5.23,0,0,0,0,0,1,1,100,100,0.77,-0.08,12026.41,%sPost-ignition Purge,,
3656,37.08,1581.6,107.49,362.67,769.11,252.09,197.25,-5.23,0,0,0,0,0,1,1,100,100,0.77,-0.08,12026.44,%sPost-ignition Purge,,
3657,23.76,1581.6,107.49,362.67,769.11,252.09,197.25,-5.33,0,0,0,0,0,1,1,100,100,0.77,-0.08,12026.47,%sPost-ignition Purge,,
3658,27.56,1579.26,107.49,362.67,769.11,252.09,197.25,-5.33,0,0,0,0,0,1,1,100,100,0.76,-0.11,12026.49,%sPost-ignition Purge,,
3659,36.39,1579.26,107.53,362.67,769.11,252.09,197.25,-5.33,0,0,0,0,0,1,1,100,100,0.76,-0.11,12026.53,%sPost-ignition Purge,,
3660,44.36,1579.26,107.53,360.56,769.11,252.09,197.25,-5.33,0,0,0,0,0,1,1,100,100,0.76,-0.11,12026.58,%sPost-ignition Purge,,
3661,34.53,1579.26,107.53,360.56,769.1,248.3,197.25,-5.33,0,0,0,0,0,1,1,100,100,0.76,-0.11,12026.61,%sPost-ignition Purge,,
3662,36.15,1579.26,107.53,360.56,769.1,248.3,197.25,-5.33,0,0,0,0,0,1,1,100,100,0.76,-0.11,12026.65,%sPost-ignition Purge,,
3663,24.14,1579.26,107.53,360.56,769.1,248.3,194.72,-5.46,0,0,0,0,0,1,1,100,100,0.75,-0.14,12026.67,%sPost-ignition Purge,,
3664,29.25,1579.26,107.53,360.56,769.1,248.3,194.72,-5.46,0,0,0,0,0,1,1,100,100,0.75,-0.14,12026.7,%sPost-ignition Purge,,
3665,30.59,1576.86,107.6,360.56,769.1,248.3,194.72,-5.46,0,0,0,0,0,1,1,100,100,0.75,-0.14,12026.73,%sPost-ignition Purge,,
3666,34.62,1576.86,107.6,358.21,769.11,248.3,194.72,-5.46,0,0,0,0,0,1,1,100,100,0.75,-0.14,12026.76,%sPost-ignition Purge,,
3667,27.32,1576.86,107.6,358.21,769.11,243.87,194.72,-5.46,0,0,0,0,0,1,1,100,100,0.75,-0.14,12026.79,%sPost-ignition Purge,,
3668,31.2,1576.86,107.6,358.21,769.11,243.87,191.94,-5.46,0,0,0,0,0,1,1,100,100,0.75,-0.14,12026.82,%sPost-ignition Purge,,
3669,22.13,1576.86,107.6,358.21,769.11,243.87,191.94,-5.67,0,0,0,0,0,1,1,100,100,0.75,-0.17,12026.85,%sPost-ignition Purge,,
3670,28.23,1574.13,107.5,358.21,769.11,243.87,191.94,-5.67,0,0,0,0,0,1,1,100,100,0.74,-0.17,12026.87,%sPost-ignition Purge,,
3671,48.24,1574.13,107.5,355.83,769.11,243.87,191.94,-5.67,0,0,0,0,0,1,1,100,100,0.74,-0.17,12026.92,%sPost-ignition Purge,,
3672,28.36,1574.13,107.5,355.83,769.04,238.81,191.94,-5.67,0,0,0,0,0,1,1,100,100,0.74,-0.17,12026.95,%sPost-ignition Purge,,
3673,24.1,1574.13,107.5,355.83,769.04,238.81,189.01,-5.79,0,0,0,0,0,1,1,100,100,0.74,-0.17,12026.97,%sPost-ignition Purge,,
3674,37.7,1570.69,107.5,355.83,769.04,238.81,189.01,-5.79,0,0,0,0,0,1,1,100,100,0.73,-0.19,12027.01,%sPost-ignition Purge,,
3675,35.16,1570.69,106.71,355.83,769.04,238.81,189.01,-5.79,0,0,0,0,0,1,1,100,100,0.73,-0.19,12027.05,%sPost-ignition Purge,,
3676,29.19,1570.69,106.71,353.33,769.02,233.2,189.01,-5.79,0,0,0,0,0,1,1,100,100,0.73,-0.19,12027.08,%sPost-ignition Purge,,
3677,30.14,1570.69,106.71,353.33,769.02,233.2,185.8,-5.79,0,0,0,0,0,1,1,100,100,0.73,-0.19,12027.11,%sPost-ignition Purge,,
3678,25.14,1570.69,106.71,353.33,769.02,233.2,185.8,-5.83,0,0,0,0,0,1,1,100,100,0.73,-0.23,12027.13,%sPost-ignition Purge,,
3679,26.58,1567.37,106.54,353.33,769.02,233.2,185.8,-5.83,0,0,0,0,0,1,1,100,100,0.73,-0.23,12027.16,%sPost-ignition Purge,,
3680,22.1,1567.37,106.54,351.79,769.02,233.2,185.8,-5.83,0,0,0,0,0,1,1,100,100,0.73,-0.23,12027.18,%sPost-ignition Purge,,
3681,24.79,1567.37,106.54,351.79,769,227.61,185.8,-5.83,0,0,0,0,0,1,1,100,100,0.73,-0.23,12027.21,%sPost-ignition Purge,,
3682,30.21,1567.37,106.54,351.79,769,227.61,182.62,-5.82,0,0,0,0,0,1,1,100,100,0.73,-0.26,12027.24,%sPost-ignition Purge,,
3683,31.09,1567.37,106.54,351.79,769,227.61,182.62,-5.82,0,0,0,0,0,1,1,100,100,0.72,-0.26,12027.27,%sPost-ignition Purge,,
3684,27.33,1564.14,106.54,351.79,769,227.61,182.62,-5.82,0,0,0,0,0,1,1,100,100,0.72,-0.26,12027.29,%sPost-ignition Purge,,
3685,27.26,1564.14,106.54,350.37,769.03,222.06,182.62,-5.82,0,0,0,0,0,1,1,100,100,0.72,-0.26,12027.32,%sPost-ignition Purge,,
3686,27.16,1564.14,106.54,350.37,769.03,222.06,179.4,-5.89,0,0,0,0,0,1,1,100,100,0.72,-0.26,12027.35,%sPost-ignition Purge,,
3687,26.11,1564.14,106.54,350.37,769.03,222.06,179.4,-5.89,0,0,0,0,0,1,1,100,100,0.72,-0.29,12027.37,%sPost-ignition Purge,,
3688,28.34,1561.08,106.51,349.2,769.03,222.06,179.4,-5.89,0,0,0,0,0,1,1,100,100,0.7,-0.29,12027.4,%sPost-ignition Purge,,
3689,29.74,1561.08,106.51,349.2,769.08,222.06,179.4,-5.89,0,0,0,0,0,1,1,100,100,0.7,-0.29,12027.43,%sPost-ignition Purge,,
3690,22.34,1561.08,106.51,349.2,769.08,216.78,179.4,-5.89,0,0,0,0,0,1,1,100,100,0.7,-0.29,12027.45,%sPost-ignition Purge,,
3691,28.7,1561.08,106.51,349.2,769.08,216.78,176.19,-5.92,0,0,0,0,0,1,1,100,100,0.69,-0.31,12027.48,%sPost-ignition Purge,,
3692,25.15,1557.84,106.51,349.2,769.08,216.78,176.19,-5.92,0,0,0,0,0,1,1,100,100,0.69,-0.31,12027.51,%sPost-ignition Purge,,
3693,32.73,1557.84,106.51,347.95,769.1,216.78,176.19,-5.92,0,0,0,0,0,1,1,100,100,0.69,-0.31,12027.54,%sPost-ignition Purge,,
3694,22.15,1557.84,106.51,347.95,769.1,211.52,176.19,-5.92,0,0,0,0,0,1,1,100,100,0.69,-0.31,12027.56,%sPost-ignition Purge,,
3695,26.66,1557.84,106.51,347.95,769.1,211.52,172.7,-5.98,0,0,0,0,0,1,1,100,100,0.69,-0.31,12027.59,%sPost-ignition Purge,,
3696,29.87,1557.84,106.51,347.95,769.1,211.52,172.7,-5.98,0,0,0,0,0,1,1,100,100,0.69,-0.34,12027.62,%sPost-ignition Purge,,
3697,24.13,1554.69,106.51,347.95,769.1,211.52,172.7,-5.98,0,0,0,0,0,1,1,100,100,0.68,-0.34,12027.64,%sPost-ignition Purge,,
3698,23.17,1554.69,106.59,346.68,769.16,211.52,172.7,-5.98,0,0,0,0,0,1,1,100,100,0.68,-0.34,12027.67,%sPost-ignition Purge,,
3699,31.98,1554.69,106.59,346.68,769.16,206.62,172.7,-5.98,0,0,0,0,0,1,1,100,100,0.68,-0.34,12027.7,%sPost-ignition Purge,,
3700,24.34,1554.69,106.59,346.68,769.16,206.62,169.37,-5.82,0,0,0,0,0,1,1,100,100,0.68,-0.36,12027.72,%sPost-ignition Purge,,
3701,26.81,1552.4,106.99,346.68,769.16,206.62,169.37,-5.82,0,0,0,0,0,1,1,100,100,0.67,-0.36,12027.75,%sPost-ignition Purge,,
3702,24.06,1552.4,106.99,346.63,769.16,206.62,169.37,-5.82,0,0,0,0,0,1,1,100,100,0.67,-0.36,12027.77,%sPost-ignition Purge,,
3703,26.1,1552.4,106.99,346.63,769.23,202.81,169.37,-5.82,0,0,0,0,0,1,1,100,100,0.67,-0.36,12027.8,%sPost-ignition Purge,,
3704,25.75,1552.4,106.99,346.63,769.23,202.81,166.17,-5.69,0,0,0,0,0,1,1,100,100,0.67,-0.36,12027.83,%sPost-ignition Purge,,
3705,22.33,1550.01,106.99,346.63,769.23,202.81,166.17,-5.69,0,0,0,0,0,1,1,100,100,0.66,-0.38,12027.85,%sPost-ignition Purge,,
3706,26.17,1550.01,107.01,346.63,769.23,202.81,166.17,-5.69,0,0,0,0,0,1,1,100,100,0.66,-0.38,12027.88,%sPost-ignition Purge,,
3707,31.26,1550.01,107.01,346.77,769.34,202.81,166.17,-5.69,0,0,0,0,0,1,1,100,100,0.66,-0.38,12027.91,%sPost-ignition Purge,,
3708,25.38,1550.01,107.01,346.77,769.34,200.43,163.37,-5.58,0,0,0,0,0,1,1,100,100,0.66,-0.38,12027.93,%sPost-ignition Purge,,
3709,30.84,1550.01,107.01,346.77,769.34,200.43,163.37,-5.58,0,0,0,0,0,1,1,100,100,0.65,-0.36,12027.96,%sPost-ignition Purge,,
3710,23.88,1548.4,107.01,346.77,769.34,200.43,163.37,-5.58,0,0,0,0,0,1,1,100,100,0.65,-0.36,12027.99,%sPost-ignition Purge,,
3711,25.03,1548.4,107.14,347.57,769.6,199.47,163.37,-5.58,0,0,0,0,0,1,1,100,100,0.65,-0.36,12028.01,%sPost-ignition Purge,,
3712,29.34,1548.4,107.14,347.57,769.6,199.47,161.46,-4.85,0,0,0,0,0,1,1,100,100,0.65,-0.36,12028.04,%sPost-ignition Purge,,
3713,25.74,1548.4,107.14,347.57,769.6,199.47,161.46,-4.85,0,0,0,0,0,1,1,100,100,0.65,-0.34,12028.07,%sPost-ignition Purge,,
3714,30.46,1547,107.14,347.57,769.6,199.47,161.46,-4.85,0,0,0,0,0,1,1,100,100,0.65,-0.34,12028.1,%sPost-ignition Purge,,
3715,26.34,1547,107.4,348.45,769.87,199.47,161.46,-4.85,0,0,0,0,0,1,1,100,100,0.65,-0.34,12028.12,%sPost-ignition Purge,,
3716,24.81,1547,107.4,348.45,769.87,199.33,161.46,-4.85,0,0,0,0,0,1,1,100,100,0.65,-0.34,12028.15,%sPost-ignition Purge,,
3717,23.49,1547,107.4,348.45,769.87,199.33,159.67,-4.15,0,0,0,0,0,1,1,100,100,0.65,-0.33,12028.17,%sPost-ignition Purge,,
3718,26.17,1546.34,108.48,348.45,769.87,199.33,159.67,-4.15,0,0,0,0,0,1,1,100,100,0.65,-0.33,12028.2,%sPost-ignition Purge,,
3719,26.11,1546.34,108.48,349.41,769.87,199.33,159.67,-4.15,0,0,0,0,0,1,1,100,100,0.65,-0.33,12028.22,%sPost-ignition Purge,,
3720,26.77,1546.34,108.48,349.41,770.16,199.33,159.67,-4.15,0,0,0,0,0,1,1,100,100,0.65,-0.33,12028.25,%sPost-ignition Purge,,
3721,25.76,1546.34,108.48,349.41,770.16,199.9,158.34,-3.54,0,0,0,0,0,1,1,100,100,0.65,-0.31,12028.28,%sPost-ignition Purge,,
3722,26.22,1546.34,108.48,349.41,770.16,199.9,158.34,-3.54,0,0,0,0,0,1,1,100,100,0.64,-0.31,12028.3,%sPost-ignition Purge,,
3723,28.73,1545.51,108.83,349.41,770.16,199.9,158.34,-3.54,0,0,0,0,0,1,1,100,100,0.64,-0.31,12028.33,%sPost-ignition Purge,,
3724,35.31,1545.51,108.83,349.41,770.36,199.9,158.34,-3.54,0,0,0,0,0,1,1,100,100,0.64,-0.31,12028.37,%sPost-ignition Purge,,
3725,26.21,1545.51,108.83,349.41,770.36,200.46,156.96,-3.54,0,0,0,0,0,1,1,100,100,0.64,-0.31,12028.39,%sPost-ignition Purge,,
3726,34.93,1545.51,108.83,349.41,770.36,200.46,156.96,-2.99,0,0,0,0,0,1,1,100,100,0.65,-0.29,12028.43,%sPost-ignition Purge,,
3727,26.38,1544.54,108.83,349.41,770.36,200.46,156.96,-2.99,0,0,0,0,0,1,1,0,100,0.65,-0.29,12028.45,%sPost-ignition Purge,,
3728,26.65,1544.54,108.93,349.49,770.36,200.46,156.96,-2.99,0,0,0,0,0,1,1,0,0,0.65,-0.29,12028.48,%sPost-ignition Purge,,
3729,26.28,1544.54,108.93,349.49,770.55,200.46,156.96,-2.99,0,0,0,0,0,1,1,0,0,0.65,-0.29,12028.51,%sPost-ignition Purge,,
3730,28.21,1544.54,108.93,349.49,770.55,201.11,155.84,-2.99,0,0,0,0,0,1,1,0,0,0.65,-0.29,12028.54,%sPost-ignition Purge,,
3731,23.73,1544.54,108.93,349.49,770.55,201.11,155.84,-2.99,0,0,0,0,0,1,1,0,0,0.65,-0.29,12028.56,%sPost-ignition Purge,,
3732,27.7,1543.25,109.16,349.49,770.55,201.11,155.84,-2.41,0,0,0,0,0,1,1,0,0,0.65,-0.27,12028.59,%sPost-ignition Purge,,
3733,25.51,1543.25,109.16,349.38,770.55,201.11,155.84,-2.41,0,0,0,0,0,1,1,0,0,0.65,-0.27,12028.61,%sPost-ignition Purge,,
3734,25.18,1543.25,109.16,349.38,770.76,201.63,155.84,-2.41,0,0,0,0,0,1,1,0,0,0.65,-0.27,12028.64,%sPost-ignition Purge,,
3735,22.96,1543.25,109.16,349.38,770.76,201.63,154.66,-2.41,0,0,0,0,0,1,1,0,0,0.65,-0.27,12028.66,%sPost-ignition Purge,,
3736,24.74,1542.14,109.29,349.38,770.76,201.63,154.66,-1.77,0,0,0,0,0,1,1,0,0,0.65,-0.26,12028.69,%sPost-ignition Purge,,
3737,25.5,1542.14,109.29,349.13,770.76,201.63,154.66,-1.77,0,0,0,0,0,1,1,0,0,0.65,-0.26,12028.71,%sPost-ignition Purge,,
3738,25.71,1542.14,109.29,349.13,771.04,202.2,154.66,-1.77,0,0,0,0,0,1,1,0,0,0.65,-0.26,12028.74,%sPost-ignition Purge,,
3739,25.2,1542.14,109.29,349.13,771.04,202.2,153.74,-1.09,0,0,0,0,0,1,1,0,0,0.65,-0.26,12028.76,%sPost-ignition Purge,,
3740,25.14,1541.19,109.29,349.13,771.04,202.2,153.74,-1.09,0,0,0,0,0,1,1,0,0,0.65,-0.24,12028.79,%sPost-ignition Purge,,
3741,23.74,1541.19,109.43,349.14,771.04,202.2,153.74,-1.09,0,0,0,0,0,1,1,0,0,0.65,-0.24,12028.81,%sPost-ignition Purge,,
3742,26.12,1541.19,109.43,349.14,771.34,202.2,153.74,-1.09,0,0,0,0,0,1,1,0,0,0.65,-0.24,12028.84,%sPost-ignition Purge,,
3743,24.29,1541.19,109.43,349.14,771.34,202.71,153.74,-1.09,0,0,0,0,0,1,1,0,0,0.65,-0.24,12028.86,%sPost-ignition Purge,,
3744,25.57,1541.19,109.43,349.14,771.34,202.71,152.63,-0.55,0,0,0,0,0,1,1,0,0,0.65,-0.22,12028.89,%sPost-ignition Purge,,
3745,30.14,1540.19,109.49,349.08,771.34,202.71,152.63,-0.55,0,0,0,0,0,1,1,0,0,0.65,-0.22,12028.92,%sPost-ignition Purge,,
3746,27.22,1540.19,109.49,349.08,771.56,203.2,152.63,-0.55,0,0,0,0,0,1,1,0,0,0.65,-0.22,12028.94,%sPost-ignition Purge,,
3747,25.2,1540.19,109.49,349.08,771.56,203.2,151.88,0.02,0,0,0,0,0,1,1,0,0,0.65,-0.11,12028.97,%sPost-ignition Purge,,
3748,25.55,1540.19,109.49,349.08,771.56,203.2,151.88,0.02,0,0,0,0,0,1,1,0,0,0.68,-0.11,12028.99,%sPost-ignition Purge,,
3749,26.76,1541.65,110.34,349.76,771.56,203.2,151.88,0.02,0,0,0,0,0,1,1,0,0,0.68,-0.11,12029.02,%sPost-ignition Purge,,
3750,37.01,1541.65,110.34,349.76,772.4,203.2,151.88,0.02,0,0,0,0,0,1,1,0,0,0.68,-0.11,12029.06,%sPost-ignition Purge,,
3751,24.33,1541.65,110.34,349.76,772.4,205.18,152.64,2.07,0,0,0,0,0,1,1,0,0,0.68,-0.11,12029.08,%sPost-ignition Purge,,
3752,27.18,1541.65,110.34,349.76,772.4,205.18,152.64,2.07,0,0,0,0,0,1,1,0,0,0.69,-0.1,12029.11,%sPost-ignition Purge,,
3753,21.04,1540.74,110.62,349.76,772.4,205.18,152.64,2.07,0,0,0,0,0,1,1,0,0,0.69,-0.1,12029.13,%sPost-ignition Purge,,
3754,30.68,1540.74,110.62,349.76,772.74,205.18,152.64,2.07,0,0,0,0,0,1,1,0,0,0.69,-0.1,12029.16,%sPost-ignition Purge,,
3755,31.54,1540.74,110.62,349.76,772.74,205.66,151.94,2.07,0,0,0,0,0,1,1,0,0,0.69,-0.1,12029.19,%sPost-ignition Purge,,
3756,25.01,1540.74,110.62,349.76,772.74,205.66,151.94,2.82,0,0,0,0,0,1,1,0,0,0.69,-0.1,12029.22,%sPost-ignition Purge,,
3757,29.72,1539.66,110.88,349.76,772.74,205.66,151.94,2.82,0,0,0,0,0,1,1,0,0,0.69,-0.1,12029.25,%sPost-ignition Purge,,
3758,27.01,1539.66,110.88,349.77,772.74,205.66,151.94,2.82,0,0,0,0,0,1,1,0,0,0.69,-0.1,12029.27,%sPost-ignition Purge,,
3759,30.6,1539.66,110.88,349.77,772.97,206.41,151.49,2.82,0,0,0,0,0,1,1,0,0,0.69,-0.1,12029.31,%sPost-ignition Purge,,
3760,27.31,1539.66,110.88,349.77,772.97,206.41,151.49,3.6,0,0,0,0,0,1,1,0,0,0.69,-0.12,12029.33,%sPost-ignition Purge,,
3761,25.18,1538.18,110.88,349.77,772.97,206.41,151.49,3.6,0,0,0,0,0,1,1,0,0,0.7,-0.12,12029.36,%sPost-ignition Purge,,
3762,22.65,1538.18,110.97,350.03,773.11,206.41,151.49,3.6,0,0,0,0,0,1,1,0,0,0.7,-0.12,12029.38,%sPost-ignition Purge,,
3763,22.13,1538.18,110.97,350.03,773.11,206.97,150.26,3.6,0,0,0,0,0,1,1,0,0,0.7,-0.12,12029.4,%sPost-ignition Purge,,
3764,31.56,1538.18,110.97,350.03,773.11,206.97,150.26,3.68,0,0,0,0,0,1,1,0,0,0.7,-0.12,12029.43,%sPost-ignition Purge,,
3765,27.59,1536.23,110.97,350.03,773.11,206.97,150.26,3.68,0,0,0,0,0,1,1,0,0,0.7,-0.17,12029.46,%sPost-ignition Purge,,
3766,24.67,1536.23,110.42,361.32,773.21,206.97,150.26,3.68,0,0,0,0,0,1,1,0,0,0.7,-0.17,12029.49,%sPost-ignition Purge,,
3767,21.69,1536.23,110.42,361.32,773.21,207.85,150.26,3.68,0,0,0,0,0,1,1,0,0,0.7,-0.17,12029.51,%sPost-ignition Purge,,
3768,33.31,1536.23,110.42,361.32,773.21,207.85,148.97,3.63,0,0,0,0,0,1,1,0,0,0.7,-0.17,12029.54,%sPost-ignition Purge,,
3769,30.66,1536.52,110.42,361.32,773.21,207.85,148.97,3.63,0,0,0,0,0,1,1,0,0,0.69,-0.21,12029.57,%sPost-ignition Purge,,
3770,25.56,1536.52,109.73,361.32,773.21,207.85,148.97,3.63,0,0,0,0,0,1,1,0,0,0.69,-0.21,12029.6,%sPost-ignition Purge,,
3771,25.05,1536.52,109.73,381,773.22,208.67,148.97,3.63,0,0,0,0,0,1,1,0,0,0.69,-0.21,12029.62,%sPost-ignition Purge,,
3772,25.69,1536.52,109.73,381,773.22,208.67,147.42,3.56,0,0,0,0,0,1,1,0,0,0.69,-0.21,12029.65,%sPost-ignition Purge,,
3773,27.18,1536.52,109.73,381,773.22,208.67,147.42,3.56,0,0,0,0,0,1,1,0,0,0.69,-0.26,12029.68,%sPost-ignition Purge,,
3774,23.39,1537.54,109.23,381,773.22,208.67,147.42,3.56,0,0,0,0,0,1,1,0,0,0.69,-0.26,12029.7,%sPost-ignition Purge,,
3775,37.31,1537.54,109.23,400.68,773.27,208.67,147.42,3.56,0,0,0,0,0,1,1,0,0,0.69,-0.26,12029.74,%sPost-ignition Purge,,
3776,24.36,1537.54,109.23,400.68,773.27,209.57,146.26,3.56,0,0,0,0,0,1,1,0,0,0.69,-0.26,12029.76,%sPost-ignition Purge,,
3777,28.63,1537.54,109.23,400.68,773.27,209.57,146.26,3.44,0,0,0,0,0,1,1,0,0,0.69,-0.3,12029.79,%sPost-ignition Purge,,
3778,26.17,1538.6,109.21,400.68,773.27,209.57,146.26,3.44,0,0,0,0,0,1,1,0,0,0.69,-0.3,12029.82,%sPost-ignition Purge,,
3779,27.68,1538.6,109.21,420.52,773.19,210.43,146.26,3.44,0,0,0,0,0,1,1,0,0,0.69,-0.3,12029.84,%sPost-ignition Purge,,
3780,24.47,1538.6,109.21,420.52,773.19,210.43,145.09,3.35,0,0,0,0,0,1,1,0,0,0.69,-0.3,12029.87,%sPost-ignition Purge,,
3781,24.07,1539.62,109.21,420.52,773.19,210.43,145.09,3.35,0,0,0,0,0,1,1,0,0,0.69,-0.34,12029.89,%sPost-ignition Purge,,
3782,46.23,1539.62,109.18,440.17,773.19,210.43,145.09,3.35,0,0,0,0,0,1,1,0,0,0.69,-0.34,12029.94,%sPost-ignition Purge,,
3783,25.4,1539.62,109.18,440.17,773.08,210.43,145.09,3.35,0,0,0,0,0,1,1,0,0,0.69,-0.34,12029.96,%sPost-ignition Purge,,
3784,28.74,1539.62,109.18,440.17,773.08,211.41,144.08,3.29,0,0,0,0,0,1,1,100,0,0.69,-0.38,12029.99,%sPost-ignition Purge,,
3785,24.32,1539.62,109.18,440.17,773.08,211.41,144.08,3.29,0,0,0,0,0,1,1,100,0,0.69,-0.38,12030.02,%sPost-ignition Purge,,
3786,26.47,1539.62,109.18,440.17,773.08,211.41,144.08,3.29,0,0,0,0,0,1,1,100,0,0.69,-0.38,12030.04,%sPost-ignition Purge,,
3787,23.7,1540.96,109.29,440.17,773.08,211.41,144.08,3.29,0,0,0,0,0,1,1,100,100,0.69,-0.38,12030.07,%sPost-ignition Purge,,
3788,29.83,1540.96,109.29,459.95,773.05,212.44,144.08,3.29,0,0,0,0,0,1,1,100,100,0.69,-0.38,12030.1,%sPost-ignition Purge,,
3789,27.61,1540.96,109.29,459.95,773.05,212.44,142.85,3.17,0,0,0,0,0,1,1,100,100,0.69,-0.38,12030.12,%sPost-ignition Purge,,
3790,25.43,1540.96,109.29,459.95,773.05,212.44,142.85,3.17,0,0,0,0,0,1,1,100,100,0.66,-0.52,12030.15,%sPost-ignition Purge,,
3791,21.39,1539.94,109.29,459.95,773.05,212.44,142.85,3.17,0,0,0,0,0,1,1,100,100,0.66,-0.52,12030.17,%sPost-ignition Purge,,
3792,25.28,1539.94,108.53,479.15,772.42,211.91,142.85,3.17,0,0,0,0,0,1,1,100,100,0.66,-0.52,12030.2,%sPost-ignition Purge,,
3793,25.79,1539.94,108.53,479.15,772.42,211.91,140.14,1.58,0,0,0,0,0,1,1,100,100,0.66,-0.52,12030.22,%sPost-ignition Purge,,
3794,26.12,1539.94,108.53,479.15,772.42,211.91,140.14,1.58,0,0,0,0,0,1,1,100,100,0.65,-0.58,12030.25,%sPost-ignition Purge,,
3795,24.77,1540.79,108.53,479.15,772.42,211.91,140.14,1.58,0,0,0,0,0,1,1,100,100,0.65,-0.58,12030.27,%sPost-ignition Purge,,
3796,22.86,1540.79,108.28,479.15,772.42,211.91,140.14,1.58,0,0,0,0,0,1,1,100,100,0.65,-0.58,12030.3,%sPost-ignition Purge,,
3797,26.76,1540.79,108.28,498.75,772.16,212.35,140.14,1.58,0,0,0,0,0,1,1,100,100,0.65,-0.58,12030.32,%sPost-ignition Purge,,
3798,27.54,1540.79,108.28,498.75,772.16,212.35,138.42,0.79,0,0,0,0,0,1,1,100,100,0.65,-0.58,12030.35,%sPost-ignition Purge,,
3799,27.61,1541.96,108.28,498.75,772.16,212.35,138.42,0.79,0,0,0,0,0,1,1,100,100,0.64,-0.63,12030.38,%sPost-ignition Purge,,
3800,23.89,1541.96,108.02,498.75,772.16,212.35,138.42,0.79,0,0,0,0,0,1,1,100,100,0.64,-0.63,12030.4,%sPost-ignition Purge,,
3801,30.67,1541.96,108.02,518.22,771.78,212.35,138.42,0.79,0,0,0,0,0,1,1,100,100,0.64,-0.63,12030.43,%sPost-ignition Purge,,
3802,23.22,1541.96,108.02,518.22,771.78,212.52,137.23,0.79,0,0,0,0,0,1,1,100,100,0.64,-0.63,12030.46,%sPost-ignition Purge,,
3803,27.64,1541.96,108.02,518.22,771.78,212.52,137.23,1.22,0,0,0,0,0,1,1,100,100,0.63,-0.64,12030.48,%sPost-ignition Purge,,
3804,28.32,1544.08,106.52,537.82,771.78,212.52,137.23,1.22,0,0,0,0,0,1,1,100,100,0.63,-0.64,12030.51,%sPost-ignition Purge,,
3805,39.29,1544.08,106.52,537.82,771.71,213.04,137.23,1.22,0,0,0,0,0,1,1,100,100,0.63,-0.64,12030.55,%sPost-ignition Purge,,
3806,25.81,1544.08,106.52,537.82,771.71,213.04,136.23,1.22,0,0,0,0,0,1,1,100,100,0.63,-0.64,12030.58,%sPost-ignition Purge,,
3807,26.06,1544.08,106.52,537.82,771.71,213.04,136.23,1.44,0,0,0,0,0,1,1,100,100,0.62,-0.63,12030.6,%sPost-ignition Purge,,
3808,23.97,1546.82,106.57,537.82,771.71,213.04,136.23,1.44,0,0,0,0,0,1,1,100,100,0.62,-0.63,12030.63,%sPost-ignition Purge,,
3809,26.43,1546.82,106.57,546.33,771.79,213.02,136.23,1.44,0,0,0,0,0,1,1,100,100,0.62,-0.63,12030.65,%sPost-ignition Purge,,
3810,26.79,1546.82,106.57,546.33,771.79,213.02,135.62,1.44,0,0,0,0,0,1,1,100,100,0.62,-0.63,12030.68,%sPost-ignition Purge,,
3811,23.98,1547.22,107.2,546.33,771.79,213.02,135.62,1.65,0,0,0,0,0,1,1,100,100,0.63,-0.63,12030.7,%sPost-ignition Purge,,
3812,28.27,1547.22,107.2,546.37,771.79,213.02,135.62,1.65,0,0,0,0,0,1,1,100,100,0.63,-0.63,12030.73,%sPost-ignition Purge,,
3813,24.78,1547.22,107.2,546.37,771.85,212.49,135.62,1.65,0,0,0,0,0,1,1,100,100,0.63,-0.63,12030.76,%sPost-ignition Purge,,
3814,23.12,1547.22,107.2,546.37,771.85,212.49,134.93,1.65,0,0,0,0,0,1,1,100,100,0.63,-0.63,12030.78,%sPost-ignition Purge,,
3815,29.63,1547.17,107.78,546.37,771.85,212.49,134.93,1.73,0,0,0,0,0,1,1,100,100,0.62,-0.63,12030.81,%sPost-ignition Purge,,
3816,38.37,1547.17,107.78,546.36,771.78,212.49,134.93,1.73,0,0,0,0,0,1,1,100,100,0.62,-0.63,12030.85,%sPost-ignition Purge,,
3817,27.84,1547.17,107.78,546.36,771.78,211.48,134.02,1.73,0,0,0,0,0,1,1,100,100,0.62,-0.63,12030.88,%sPost-ignition Purge,,
3818,27.17,1547.17,107.78,546.36,771.78,211.48,134.02,1.82,0,0,0,0,0,1,1,100,100,0.62,-0.63,12030.9,%sPost-ignition Purge,,
3819,22.68,1546.82,107.64,546.21,771.78,211.48,134.02,1.82,0,0,0,0,0,1,1,100,100,0.61,-0.63,12030.93,%sPost-ignition Purge,,
3820,26.55,1546.82,107.64,546.21,771.55,209.15,134.02,1.82,0,0,0,0,0,1,1,100,100,0.61,-0.63,12030.95,%sPost-ignition Purge,,
3821,22.15,1546.82,107.64,546.21,771.55,209.15,132.39,1.03,0,0,0,0,0,1,1,100,100,0.61,-0.63,12030.97,%sPost-ignition Purge,,
3822,22.64,1546.82,107.64,546.21,771.55,209.15,132.39,1.03,0,0,0,0,0,1,1,100,100,0.6,-0.63,12031,%sPost-ignition Purge,,
3823,24.26,1546.11,107.46,546.21,771.55,209.15,132.39,1.03,0,0,0,0,0,1,1,100,100,0.6,-0.63,12031.02,%sPost-ignition Purge,,
3824,36.46,1546.11,107.46,546,771.39,209.15,132.39,1.03,0,0,0,0,0,1,1,100,100,0.6,-0.63,12031.06,%sPost-ignition Purge,,
3825,24.09,1546.11,107.46,546,771.39,206.07,132.39,1.03,0,0,0,0,0,1,1,100,100,0.6,-0.63,12031.08,%sPost-ignition Purge,,
3826,20.08,1546.11,107.46,546,771.39,206.07,130.59,1.03,0,0,0,0,0,1,1,100,100,0.6,-0.63,12031.1,%sPost-ignition Purge,,
3827,26.35,1546.11,107.46,546,771.39,206.07,130.59,0.21,0,0,0,0,0,1,1,100,100,0.59,-0.62,12031.13,%sPost-ignition Purge,,
3828,26.11,1545.44,107.09,545.8,771.39,206.07,130.59,0.21,0,0,0,0,0,1,1,100,100,0.59,-0.62,12031.15,%sPost-ignition Purge,,
3829,24.59,1545.44,107.09,545.8,771.09,202.37,130.59,0.21,0,0,0,0,0,1,1,100,100,0.59,-0.62,12031.18,%sPost-ignition Purge,,
3830,25.2,1545.44,107.09,545.8,771.09,202.37,128.91,-0.43,0,0,0,0,0,1,1,100,100,0.59,-0.6,12031.2,%sPost-ignition Purge,,
3831,26.04,1545.44,107.09,545.8,771.09,202.37,128.91,-0.43,0,0,0,0,0,1,1,100,100,0.58,-0.6,12031.23,%sPost-ignition Purge,,
3832,23.9,1544.73,106.79,545.8,771.09,202.37,128.91,-0.43,0,0,0,0,0,1,1,100,100,0.58,-0.6,12031.25,%sPost-ignition Purge,,
3833,23.54,1544.73,106.79,545.6,770.8,197.92,128.91,-0.43,0,0,0,0,0,1,1,100,100,0.58,-0.6,12031.28,%sPost-ignition Purge,,
3834,23.25,1544.73,106.79,545.6,770.8,197.92,127.19,-1.11,0,0,0,0,0,1,1,100,100,0.58,-0.58,12031.3,%sPost-ignition Purge,,
3835,29.49,1544.05,106.45,545.6,770.8,197.92,127.19,-1.11,0,0,0,0,0,1,1,100,100,0.57,-0.58,12031.33,%sPost-ignition Purge,,
3836,37.14,1544.05,106.45,545.39,770.53,197.92,127.19,-1.11,0,0,0,0,0,1,1,100,100,0.57,-0.58,12031.37,%sPost-ignition Purge,,
3837,25.23,1544.05,106.45,545.39,770.53,193.08,125.4,-1.11,0,0,0,0,0,1,1,100,100,0.57,-0.58,12031.39,%sPost-ignition Purge,,
3838,25.29,1543.45,106.45,545.39,770.53,193.08,125.4,-1.88,0,0,0,0,0,1,1,100,100,0.56,-0.56,12031.42,%sPost-ignition Purge,,
3839,27.14,1543.45,106.25,545.25,770.53,193.08,125.4,-1.88,0,0,0,0,0,1,1,100,100,0.56,-0.56,12031.44,%sPost-ignition Purge,,
3840,23.74,1543.45,106.25,545.25,770.44,187.45,125.4,-1.88,0,0,0,0,0,1,1,100,100,0.56,-0.56,12031.47,%sPost-ignition Purge,,
3841,26.6,1543.45,106.25,545.25,770.44,187.45,122.92,-1.88,0,0,0,0,0,1,1,100,100,0.56,-0.56,12031.5,%sPost-ignition Purge,,
3842,27.14,1542.49,107.36,545.25,770.44,187.45,122.92,-3.83,0,0,0,0,0,1,1,100,100,0.55,-0.56,12031.52,%sPost-ignition Purge,,
3843,24.63,1542.49,107.36,544.92,770.44,187.45,122.92,-3.83,0,0,0,0,0,1,1,100,100,0.55,-0.56,12031.55,%sPost-ignition Purge,,
3844,28.16,1542.49,107.36,544.92,770.18,187.45,122.92,-3.83,0,0,0,0,0,1,1,100,100,0.55,-0.56,12031.58,%sPost-ignition Purge,,
3845,23.33,1542.49,107.36,544.92,770.18,181.27,121.13,-4.85,0,0,0,0,0,1,1,100,100,0.55,-0.56,12031.6,%sPost-ignition Purge,,
3846,32.28,1542.49,107.36,544.92,770.18,181.27,121.13,-4.85,0,0,0,0,0,1,1,100,100,0.54,-0.56,12031.63,%sPost-ignition Purge,,
3847,21.89,1541.61,107.61,544.92,770.18,181.27,121.13,-4.85,0,0,0,0,0,1,1,100,100,0.54,-0.56,12031.65,%sPost-ignition Purge,,
3848,37.76,1541.61,107.61,544.59,769.82,181.27,121.13,-4.85,0,0,0,0,0,1,1,100,100,0.54,-0.56,12031.69,%sPost-ignition Purge,,
3849,31.76,1541.61,107.61,544.59,769.82,175.05,119.02,-5.77,0,0,0,0,0,1,1,100,100,0.54,-0.56,12031.72,%sPost-ignition Purge,,
3850,37.2,1541.61,107.61,544.59,769.82,175.05,119.02,-5.77,0,0,0,0,0,1,1,100,100,0.54,-0.56,12031.76,%sPost-ignition Purge,,
3851,28.55,1540.72,107.33,544.59,769.82,175.05,119.02,-5.77,0,0,0,0,0,1,1,100,100,0.52,-0.56,12031.79,%sPost-ignition Purge,,
3852,42.28,1540.72,107.33,544.3,769.52,175.05,119.02,-5.77,0,0,0,0,0,1,1,100,100,0.52,-0.56,12031.83,%sPost-ignition Purge,,
3853,34.4,1540.72,107.33,544.3,769.52,168.73,119.02,-5.77,0,0,0,0,0,1,1,100,100,0.52,-0.56,12031.86,%sPost-ignition Purge,,
3854,33.21,1540.72,107.33,544.3,769.52,168.73,116.94,-6.63,0,0,0,0,0,1,1,100,100,0.52,-0.56,12031.9,%sPost-ignition Purge,,
3855,31.09,1540.72,107.33,544.3,769.52,168.73,116.94,-6.63,0,0,0,0,0,1,1,100,100,0.5,-0.56,12031.93,%sPost-ignition Purge,,
3856,27.3,1540.04,107.33,544.3,769.52,168.73,116.94,-6.63,0,0,0,0,0,1,1,100,100,0.5,-0.56,12031.96,%sPost-ignition Purge,,
3857,34.98,1540.04,106.91,544.1,769.52,168.73,116.94,-6.63,0,0,0,0,0,1,1,100,100,0.5,-0.56,12031.99,%sPost-ignition Purge,,
3858,36.92,1540.04,106.91,544.1,769.32,168.73,116.94,-6.63,0,0,0,0,0,1,1,100,100,0.5,-0.56,12032.03,%sPost-ignition Purge,,
3859,34.18,1540.04,106.91,544.1,769.32,162.53,114.95,-6.63,0,0,0,0,0,1,1,100,100,0.5,-0.56,12032.06,%sPost-ignition Purge,,
3860,30.37,1540.04,106.91,544.1,769.32,162.53,114.95,-7.45,0,0,0,0,0,1,1,100,100,0.5,-0.56,12032.09,%sPost-ignition Purge,,
3861,26.42,1540.04,106.91,544.1,769.32,162.53,114.95,-7.45,0,0,0,0,0,1,1,100,100,0.5,-0.55,12032.12,%sPost-ignition Purge,,
3862,32.66,1539.74,106.91,544.1,769.32,162.53,114.95,-7.45,0,0,0,0,0,1,1,100,100,0.5,-0.55,12032.15,%sPost-ignition Purge,,
3863,27.94,1539.74,106.88,544.1,769.32,162.53,114.95,-7.45,0,0,0,0,0,1,1,100,100,0.5,-0.55,12032.18,%sPost-ignition Purge,,
3864,35.19,1539.74,106.88,544.12,769.3,162.53,114.95,-7.45,0,0,0,0,0,1,1,100,100,0.5,-0.55,12032.21,%sPost-ignition Purge,,
3865,40.36,1539.74,106.88,544.12,769.3,157.4,114.95,-7.45,0,0,0,0,0,1,1,100,100,0.5,-0.55,12032.26,%sPost-ignition Purge,,
3866,27.59,1539.74,106.88,544.12,769.3,157.4,114.95,-7.45,0,0,0,0,0,1,1,100,100,0.5,-0.55,12032.28,%sPost-ignition Purge,,
3867,30.4,1539.74,106.88,544.12,769.3,157.4,113.76,-7.45,0,0,0,0,0,1,1,100,100,0.5,-0.55,12032.31,%sPost-ignition Purge,,
3868,29.78,1539.74,106.88,544.12,769.3,157.4,113.76,-7.43,0,0,0,0,0,1,1,100,100,0.5,-0.55,12032.34,%sPost-ignition Purge,,
3869,38.37,1539.74,106.88,544.12,769.3,157.4,113.76,-7.43,0,0,0,0,0,1,1,100,100,0.49,-0.55,12032.38,%sPost-ignition Purge,,
3870,46.41,1540.07,106.82,544.12,769.3,157.4,113.76,-7.43,0,0,0,0,0,1,1,100,100,0.49,-0.55,12032.43,%sPost-ignition Purge,,
3871,26.11,1540.07,106.82,544.12,769.3,157.4,113.76,-7.43,0,0,0,0,0,1,1,100,100,0.49,-0.55,12032.45,%sPost-ignition Purge,,
3872,25.74,1540.07,106.82,544.23,769.28,152.47,113.76,-7.43,0,0,0,0,0,1,1,100,100,0.49,-0.55,12032.48,%sPost-ignition Purge,,
3873,28.25,1540.07,106.82,544.23,769.28,152.47,112.65,-7.43,0,0,0,0,0,1,1,100,100,0.49,-0.55,12032.51,%sPost-ignition Purge,,
3874,34.8,1540.07,106.82,544.23,769.28,152.47,112.65,-7.31,0,0,0,0,0,1,1,100,100,0.49,-0.55,12032.54,%sPost-ignition Purge,,
3875,27.71,1540.07,106.82,544.23,769.28,152.47,112.65,-7.31,0,0,0,0,0,1,1,100,100,0.49,-0.57,12032.57,%sPost-ignition Purge,,
3876,34.27,1540.26,106.82,544.23,769.28,152.47,112.65,-7.31,0,0,0,0,0,1,1,100,100,0.48,-0.57,12032.6,%sPost-ignition Purge,,
3877,34.37,1540.26,106.9,544.23,769.28,152.47,112.65,-7.31,0,0,0,0,0,1,1,100,100,0.48,-0.57,12032.64,%sPost-ignition Purge,,
3878,27.72,1540.26,106.9,544.29,769.28,152.47,112.65,-7.31,0,0,0,0,0,1,1,100,100,0.48,-0.57,12032.67,%sPost-ignition Purge,,
3879,39.55,1540.26,106.9,544.29,769.27,147.25,112.65,-7.31,0,0,0,0,0,1,1,100,100,0.48,-0.57,12032.71,%sPost-ignition Purge,,
3880,31.72,1540.26,106.9,544.29,769.27,147.25,112.65,-7.31,0,0,0,0,0,1,1,100,100,0.48,-0.57,12032.74,%sPost-ignition Purge,,
3881,27.21,1540.26,106.9,544.29,769.27,147.25,111.23,-7.37,0,0,0,0,0,1,1,100,100,0.48,-0.58,12032.77,%sPost-ignition Purge,,
3882,49.21,1540.26,106.9,544.29,769.27,147.25,111.23,-7.37,0,0,0,0,0,1,1,100,100,0.47,-0.58,12032.81,%sPost-ignition Purge,,
3883,33.29,1540.43,106.92,544.29,769.27,147.25,111.23,-7.37,0,0,0,0,0,1,1,100,100,0.47,-0.58,12032.85,%sPost-ignition Purge,,
3884,29.7,1540.43,106.92,544.3,769.26,147.25,111.23,-7.37,0,0,0,0,0,1,1,100,100,0.47,-0.58,12032.88,%sPost-ignition Purge,,
3885,25.71,1540.43,106.92,544.3,769.26,141.52,111.23,-7.37,0,0,0,0,0,1,1,100,100,0.47,-0.58,12032.9,%sPost-ignition Purge,,
3886,27.68,1540.43,106.92,544.3,769.26,141.52,109.47,-7.39,0,0,0,0,0,1,1,100,100,0.47,-0.58,12032.93,%sPost-ignition Purge,,
3887,27.02,1540.43,106.92,544.3,769.26,141.52,109.47,-7.39,0,0,0,0,0,1,1,100,100,0.47,-0.6,12032.96,%sPost-ignition Purge,,
3888,34.69,1540.62,106.92,544.3,769.26,141.52,109.47,-7.39,0,0,0,0,0,1,1,100,100,0.46,-0.6,12032.99,%sPost-ignition Purge,,
3889,24.59,1540.62,107.04,544.3,769.26,141.52,109.47,-7.39,0,0,0,0,0,1,1,100,100,0.46,-0.6,12033.02,%sPost-ignition Purge,,
3890,28.08,1540.62,107.04,544.3,769.26,141.52,109.47,-7.39,0,0,0,0,0,1,1,100,100,0.46,-0.6,12033.05,%sPost-ignition Purge,,
3891,26.18,1540.62,107.04,544.3,769.22,135.48,107.39,-7.39,0,0,0,0,0,1,1,100,100,0.46,-0.6,12033.07,%sPost-ignition Purge,,
3892,33.05,1540.62,107.04,544.3,769.22,135.48,107.39,-7.37,0,0,0,0,0,1,1,100,100,0.46,-0.6,12033.1,%sPost-ignition Purge,,
3893,27.67,1540.62,107.04,544.3,769.22,135.48,107.39,-7.37,0,0,0,0,0,1,1,100,100,0.44,-0.63,12033.13,%sPost-ignition Purge,,
3894,27.61,1540.69,106.95,544.3,769.22,135.48,107.39,-7.37,0,0,0,0,0,1,1,100,100,0.44,-0.63,12033.16,%sPost-ignition Purge,,
3895,31.62,1540.69,106.95,544.39,769.22,135.48,107.39,-7.37,0,0,0,0,0,1,1,100,100,0.44,-0.63,12033.19,%sPost-ignition Purge,,
3896,29.2,1540.69,106.95,544.39,769.26,129.31,107.39,-7.37,0,0,0,0,0,1,1,100,100,0.44,-0.63,12033.22,%sPost-ignition Purge,,
3897,27.39,1540.69,106.95,544.39,769.26,129.31,104.99,-7.37,0,0,0,0,0,1,1,100,100,0.44,-0.63,12033.25,%sPost-ignition Purge,,
3898,30.47,1540.69,106.95,544.39,769.26,129.31,104.99,-7.47,0,0,0,0,0,1,1,100,100,0.43,-0.64,12033.28,%sPost-ignition Purge,,
3899,22.35,1540.86,106.95,544.39,769.26,129.31,104.99,-7.47,0,0,0,0,0,1,1,100,100,0.43,-0.64,12033.3,%sPost-ignition Purge,,
3900,24.03,1540.86,106.95,544.42,769.26,129.31,104.99,-7.47,0,0,0,0,0,1,1,100,100,0.43,-0.64,12033.32,%sPost-ignition Purge,,
3901,24.72,1540.86,106.95,544.42,769.19,129.31,104.99,-7.47,0,0,0,0,0,1,1,100,100,0.43,-0.64,12033.35,%sPost-ignition Purge,,
3902,27.02,1540.86,106.95,544.42,769.19,123.11,102.36,-7.6,0,0,0,0,0,1,1,100,100,0.43,-0.65,12033.38,%sPost-ignition Purge,,
3903,29.9,1540.86,106.95,544.42,769.19,123.11,102.36,-7.6,0,0,0,0,0,1,1,100,100,0.42,-0.65,12033.41,%sPost-ignition Purge,,
3904,30.13,1541.07,106.97,544.42,769.19,123.11,102.36,-7.6,0,0,0,0,0,1,1,100,100,0.42,-0.65,12033.44,%sPost-ignition Purge,,
3905,27.16,1541.07,106.97,544.53,769.19,116.98,102.36,-7.6,0,0,0,0,0,1,1,100,100,0.42,-0.65,12033.46,%sPost-ignition Purge,,
3906,21.17,1541.07,106.97,544.53,769.19,116.98,99.73,-7.6,0,0,0,0,0,1,1,100,100,0.42,-0.65,12033.48,%sPost-ignition Purge,,
3907,29.17,1541.07,106.97,544.53,769.19,116.98,99.73,-7.64,0,0,0,0,0,1,1,100,100,0.41,-0.67,12033.51,%sPost-ignition Purge,,
3908,32.37,1541.23,106.99,544.53,769.19,116.98,99.73,-7.64,0,0,0,0,0,1,1,100,100,0.41,-0.67,12033.55,%sPost-ignition Purge,,
3909,29.94,1541.23,106.99,544.61,769.15,111.23,99.73,-7.64,0,0,0,0,0,1,1,100,100,0.41,-0.67,12033.58,%sPost-ignition Purge,,
3910,24.65,1541.23,106.99,544.61,769.15,111.23,97.28,-7.61,0,0,0,0,0,1,1,100,100,0.41,-0.67,12033.6,%sPost-ignition Purge,,
3911,25.67,1541.23,106.99,544.61,769.15,111.23,97.28,-7.61,0,0,0,0,0,1,1,100,100,0.41,-0.68,12033.63,%sPost-ignition Purge,,
3912,23.68,1541.23,106.99,544.61,769.15,111.23,97.28,-7.61,0,0,0,0,0,1,1,100,100,0.4,-0.68,12033.65,%sPost-ignition Purge,,
3913,23.9,1541.38,107.04,544.63,769.1,105.54,97.28,-7.61,0,0,0,0,0,1,1,100,100,0.4,-0.68,12033.67,%sPost-ignition Purge,,
3914,25.47,1541.38,107.04,544.63,769.1,105.54,94.6,-7.62,0,0,0,0,0,1,1,100,100,0.4,-0.68,12033.7,%sPost-ignition Purge,,
3915,32.22,1541.38,107.04,544.63,769.1,105.54,94.6,-7.62,0,0,0,0,0,1,1,100,100,0.39,-0.69,12033.73,%sPost-ignition Purge,,
3916,28.51,1541.56,107.11,544.61,769.1,105.54,94.6,-7.62,0,0,0,0,0,1,1,100,100,0.39,-0.69,12033.76,%sPost-ignition Purge,,
3917,30.9,1541.56,107.11,544.61,769.18,100.02,94.6,-7.62,0,0,0,0,0,1,1,100,100,0.39,-0.69,12033.79,%sPost-ignition Purge,,
3918,20.78,1541.56,107.11,544.61,769.18,100.02,91.71,-7.62,0,0,0,0,0,1,1,100,100,0.39,-0.69,12033.81,%sPost-ignition Purge,,
3919,25.82,1541.56,107.11,544.61,769.18,100.02,91.71,-7.66,0,0,0,0,0,1,1,100,100,0.39,-0.7,12033.84,%sPost-ignition Purge,,
3920,22.28,1541.53,107.2,544.64,769.18,100.02,91.71,-7.66,0,0,0,0,0,1,1,100,100,0.38,-0.7,12033.86,%sPost-ignition Purge,,
3921,28.69,1541.53,107.2,544.64,769.2,94.73,91.71,-7.66,0,0,0,0,0,1,1,100,100,0.38,-0.7,12033.89,%sPost-ignition Purge,,
3922,21.77,1541.53,107.2,544.64,769.2,94.73,88.87,-7.66,0,0,0,0,0,1,1,100,100,0.38,-0.7,12033.91,%sPost-ignition Purge,,
3923,27.92,1541.53,107.2,544.64,769.2,94.73,88.87,-7.76,0,0,0,0,0,1,1,100,100,0.37,-0.7,12033.94,%sPost-ignition Purge,,
3924,32.67,1541.63,107.2,544.64,769.2,94.73,88.87,-7.76,0,0,0,0,0,1,1,100,100,0.37,-0.7,12033.97,%sPost-ignition Purge,,
3925,25.95,1541.63,107.2,544.64,769.26,90.11,88.87,-7.76,0,0,0,0,0,1,1,100,100,0.37,-0.7,12034,%sPost-ignition Purge,,
3926,27.41,1541.63,107.2,544.64,769.26,90.11,86.32,-7.78,0,0,0,0,0,1,1,100,100,0.36,-0.71,12034.02,%sPost-ignition Purge,,
3927,29.58,1541.74,107.24,544.64,769.26,90.11,86.32,-7.78,0,0,0,0,0,1,1,100,100,0.36,-0.71,12034.05,%sPost-ignition Purge,,
3928,21.88,1541.74,107.24,544.71,769.28,90.11,86.32,-7.78,0,0,0,0,0,1,1,100,100,0.36,-0.71,12034.08,%sPost-ignition Purge,,
3929,24.14,1541.74,107.24,544.71,769.28,86.57,84.06,-7.78,0,0,0,0,0,1,1,100,100,0.35,-0.71,12034.1,%sPost-ignition Purge,,
3930,26.15,1541.8,107.24,544.71,769.28,86.57,84.06,-7.78,0,0,0,0,0,1,1,100,100,0.35,-0.71,12034.13,%sPost-ignition Purge,,
3931,23.35,1541.8,107.12,544.73,769.28,86.57,84.06,-7.78,0,0,0,0,0,1,1,100,100,0.35,-0.71,12034.15,%sPost-ignition Purge,,
3932,23.17,1541.8,107.12,544.73,769.36,83.43,84.06,-7.78,0,0,0,0,0,1,1,100,100,0.35,-0.71,12034.17,%sPost-ignition Purge,,
3933,24.78,1541.8,107.12,544.73,769.36,83.43,82.07,-7.84,0,0,0,0,0,1,1,100,100,0.35,-0.71,12034.2,%sPost-ignition Purge,,
3934,25.83,1541.92,107.09,544.74,769.36,83.43,82.07,-7.84,0,0,0,0,0,1,1,100,100,0.35,-0.72,12034.22,%sPost-ignition Purge,,
3935,31.19,1541.92,107.09,544.74,769.34,80.84,82.07,-7.84,0,0,0,0,0,1,1,100,100,0.35,-0.72,12034.25,%sPost-ignition Purge,,
3936,21.46,1541.92,107.09,544.74,769.34,80.84,80.24,-7.84,0,0,0,0,0,1,1,100,100,0.35,-0.72,12034.28,%sPost-ignition Purge,,
3937,25.8,1541.92,107.09,544.74,769.34,80.84,80.24,-7.84,0,0,0,0,0,1,1,100,100,0.35,-0.72,12034.3,%sPost-ignition Purge,,
3938,25.62,1541.81,106.98,544.74,769.34,80.84,80.24,-7.84,0,0,0,0,0,1,1,100,100,0.34,-0.72,12034.33,%sPost-ignition Purge,,
3939,27.13,1541.81,106.98,544.73,769.38,78.52,80.24,-7.84,0,0,0,0,0,1,1,100,100,0.34,-0.72,12034.35,%sPost-ignition Purge,,
3940,22.76,1541.81,106.98,544.73,769.38,78.52,78.42,-7.81,0,0,0,0,0,1,1,100,100,0.34,-0.72,12034.38,%sPost-ignition Purge,,
3941,23.21,1541.81,106.98,544.73,769.38,78.52,78.42,-7.81,0,0,0,0,0,1,1,100,100,0.34,-0.72,12034.4,%sPost-ignition Purge,,
3942,27.9,1541.8,106.97,544.73,769.39,78.52,78.42,-7.81,0,0,0,0,0,1,1,100,100,0.34,-0.72,12034.43,%sPost-ignition Purge,,
3943,22.18,1541.8,106.97,544.73,769.39,76.45,76.8,-7.82,0,0,0,0,0,1,1,100,100,0.34,-0.73,12034.45,%sPost-ignition Purge,,
3944,26.72,1541.96,106.93,544.73,769.39,76.45,76.8,-7.82,0,0,0,0,0,1,1,100,100,0.33,-0.73,12034.48,%sPost-ignition Purge,,
3945,23.6,1541.96,106.93,544.78,769.5,76.45,76.8,-7.82,0,0,0,0,0,1,1,100,100,0.33,-0.73,12034.5,%sPost-ignition Purge,,
3946,30.62,1541.96,106.93,544.78,769.5,74.37,76.8,-7.82,0,0,0,0,0,1,1,100,100,0.33,-0.73,12034.53,%sPost-ignition Purge,,
3947,24.79,1541.96,106.93,544.78,769.5,74.37,75.15,-7.83,0,0,0,0,0,1,1,100,100,0.33,-0.73,12034.56,%sPost-ignition Purge,,
3948,22.26,1542.11,106.89,544.78,769.5,74.37,75.15,-7.83,0,0,0,0,0,1,1,100,100,0.33,-0.73,12034.58,%sPost-ignition Purge,,
3949,28.99,1542.11,106.89,544.83,769.5,74.37,75.15,-7.83,0,0,0,0,0,1,1,100,100,0.33,-0.73,12034.61,%sPost-ignition Purge,,
3950,25.26,1542.11,106.89,544.83,769.6,72.54,73.56,-7.76,0,0,0,0,0,1,1,100,100,0.33,-0.73,12034.63,%sPost-ignition Purge,,
3951,26.8,1542.11,106.89,544.83,769.6,72.54,73.56,-7.76,0,0,0,0,0,1,1,100,100,0.32,-0.74,12034.66,%sPost-ignition Purge,,
3952,25.26,1542.2,106.77,544.83,769.6,72.54,73.56,-7.76,0,0,0,0,0,1,1,100,100,0.32,-0.74,12034.69,%sPost-ignition Purge,,
3953,25.27,1542.2,106.77,544.87,769.6,72.54,73.56,-7.76,0,0,0,0,0,1,1,100,100,0.32,-0.74,12034.71,%sPost-ignition Purge,,
3954,22.91,1542.2,106.77,544.87,769.62,70.49,72.01,-7.75,0,0,0,0,0,1,1,100,100,0.32,-0.74,12034.73,%sPost-ignition Purge,,
3955,31.83,1542.43,106.77,544.87,769.62,70.49,72.01,-7.75,0,0,0,0,0,1,1,100,100,0.32,-0.74,12034.77,%sPost-ignition Purge,,
3956,25.77,1542.43,106.71,544.88,769.62,70.49,72.01,-7.75,0,0,0,0,0,1,1,100,100,0.32,-0.74,12034.79,%sPost-ignition Purge,,
3957,22.73,1542.43,106.71,544.88,769.63,68.66,70.41,-7.74,0,0,0,0,0,1,1,100,100,0.32,-0.74,12034.81,%sPost-ignition Purge,,
3958,24.76,1542.35,106.71,544.88,769.63,68.66,70.41,-7.74,0,0,0,0,0,1,1,100,100,0.31,-0.74,12034.84,%sPost-ignition Purge,,
3959,25.1,1542.35,106.7,544.84,769.65,68.66,70.41,-7.74,0,0,0,0,0,1,1,100,100,0.31,-0.74,12034.86,%sPost-ignition Purge,,
3960,23.74,1542.35,106.7,544.84,769.65,66.91,70.41,-7.74,0,0,0,0,0,1,1,100,100,0.31,-0.74,12034.89,%sPost-ignition Purge,,
3961,23.94,1542.35,106.7,544.84,769.65,66.91,68.83,-7.72,0,0,0,0,0,1,1,100,100,0.31,-0.74,12034.91,%sPost-ignition Purge,,
3962,26.74,1542.39,106.66,544.83,769.56,66.91,68.83,-7.72,0,0,0,0,0,1,1,100,100,0.31,-0.74,12034.94,%sPost-ignition Purge,,
3963,25.21,1542.39,106.66,544.83,769.56,65.26,68.83,-7.72,0,0,0,0,0,1,1,100,100,0.31,-0.74,12034.96,%sSafe,,
3964,23.33,1542.39,106.66,544.83,769.56,65.26,67.33,-7.73,0,0,0,0,0,1,1,100,100,0.31,-0.75,12034.99,%sSafe,,
3965,25.72,1542.42,106.65,544.83,769.56,65.26,67.33,-7.73,0,0,0,0,0,1,1,100,100,0.3,-0.75,12035.01,%sSafe,,
3966,25.5,1542.42,106.65,544.88,769.49,63.76,67.33,-7.73,0,0,0,0,0,1,1,100,100,0.3,-0.75,12035.04,%sSafe,,
3967,27.22,1542.42,106.65,544.88,769.49,63.76,66.03,-7.71,0,0,0,0,0,1,1,100,100,0.3,-0.75,12035.06,%sSafe,,
3968,23.38,1542.47,106.65,544.88,769.49,63.76,66.03,-7.71,0,0,0,0,0,1,1,100,100,0.3,-0.75,12035.09,%sSafe,,
3969,23.68,1542.47,106.74,544.88,769.49,63.76,66.03,-7.71,0,0,0,0,0,1,1,100,100,0.3,-0.75,12035.11,%sSafe,,
3970,24.65,1542.47,106.74,544.89,769.44,62.52,64.9,-7.71,0,0,0,0,0,1,1,100,100,0.3,-0.75,12035.14,%sSafe,,
3971,27.16,1542.47,106.74,544.89,769.44,62.52,64.9,-7.64,0,0,0,0,0,1,1,100,100,0.3,-0.76,12035.16,%sSafe,,
3972,27.75,1542.63,106.74,544.89,769.44,62.52,64.9,-7.64,0,0,0,0,0,1,1,100,100,0.3,-0.76,12035.19,%sSafe,,
3973,23.77,1542.63,106.81,544.91,769.42,62.52,64.9,-7.64,0,0,0,0,0,1,1,100,100,0.3,-0.76,12035.22,%sSafe,,
3974,24.9,1542.63,106.81,544.91,769.42,61.02,63.63,-7.69,0,0,0,0,0,1,1,100,100,0.3,-0.76,12035.24,%sSafe,,
3975,25.17,1542.73,106.81,544.91,769.42,61.02,63.63,-7.69,0,0,0,0,0,1,1,100,100,0.29,-0.76,12035.27,%sSafe,,
3976,25.63,1542.73,106.81,544.88,769.42,61.02,63.63,-7.69,0,0,0,0,0,1,1,100,100,0.29,-0.76,12035.29,%sSafe,,
3977,23.7,1542.73,106.81,544.88,769.41,59.59,63.63,-7.69,0,0,0,0,0,1,1,100,100,0.29,-0.76,12035.31,%sSafe,,
3978,24,1542.73,106.81,544.88,769.41,59.59,62.36,-7.74,0,0,0,0,0,1,1,100,100,0.29,-0.76,12035.34,%sSafe,,
3979,22.99,1542.79,106.83,544.88,769.41,59.59,62.36,-7.74,0,0,0,0,0,1,1,100,100,0.29,-0.76,12035.36,%sSafe,,
3980,27.9,1542.79,106.83,544.86,769.41,58.31,62.36,-7.74,0,0,0,0,0,1,1,100,100,0.29,-0.76,12035.39,%sSafe,,
3981,23.37,1542.79,106.83,544.86,769.41,58.31,61.13,-7.74,0,0,0,0,0,1,1,100,100,0.29,-0.76,12035.41,%sSafe,,
3982,28.59,1542.5,106.83,544.86,769.41,58.31,61.13,-7.72,0,0,0,0,0,1,1,100,100,0.29,-0.77,12035.44,%sSafe,,
3983,25.89,1542.5,106.73,544.8,769.41,58.31,61.13,-7.72,0,0,0,0,0,1,1,100,100,0.29,-0.77,12035.47,%sSafe,,
3984,26.7,1542.5,106.73,544.8,769.3,56.65,61.13,-7.72,0,0,0,0,0,1,1,100,100,0.29,-0.77,12035.49,%sSafe,,
3985,24.32,1542.5,106.73,544.8,769.3,56.65,59.79,-7.72,0,0,0,0,0,1,1,100,100,0.29,-0.77,12035.52,%sSafe,,
3986,23.1,1542.32,106.73,544.8,769.3,56.65,59.79,-8.01,0,0,0,0,0,1,1,100,100,0.28,-0.77,12035.54,%sSafe,,
3987,25.09,1542.32,106.64,544.8,769.3,56.65,59.79,-8.01,0,0,0,0,0,1,1,100,100,0.28,-0.77,12035.57,%sSafe,,
3988,27.54,1542.32,106.64,544.75,769.14,55.32,59.79,-8.01,0,0,0,0,0,1,1,100,100,0.28,-0.77,12035.59,%sSafe,,
3989,27.17,1542.32,106.64,544.75,769.14,55.32,58.4,-8.01,0,0,0,0,0,1,1,100,100,0.28,-0.77,12035.62,%sSafe,,
3990,24.06,1542.02,106.64,544.75,769.14,55.32,58.4,-8.23,0,0,0,0,0,1,1,100,100,0.28,-0.78,12035.65,%sSafe,,
3991,28.58,1542.02,106.58,544.68,769.06,55.32,58.4,-8.23,0,0,0,0,0,1,1,100,100,0.28,-0.78,12035.67,%sSafe,,
3992,29.83,1542.02,106.58,544.68,769.06,53.82,57.12,-8.44,0,0,0,0,0,1,1,100,100,0.28,-0.78,12035.7,%sSafe,,
3993,30.62,1542.02,106.58,544.68,769.06,53.82,57.12,-8.44,0,0,0,0,0,1,1,100,100,0.27,-0.78,12035.73,%sSafe,,
3994,28.61,1541.88,106.48,544.68,769.06,53.82,57.12,-8.44,0,0,0,0,0,1,1,100,100,0.27,-0.78,12035.76,%sSafe,,
3995,33.3,1541.88,106.48,544.68,769.01,53.82,57.12,-8.44,0,0,0,0,0,1,1,100,100,0.27,-0.78,12035.8,%sSafe,,
3996,26.09,1541.88,106.48,544.68,769.01,52.42,55.78,-8.44,0,0,0,0,0,1,1,100,100,0.27,-0.78,12035.82,%sSafe,,
3997,23.14,1541.66,106.48,544.68,769.01,52.42,55.78,-8.7,0,0,0,0,0,1,1,100,100,0.27,-0.79,12035.85,%sSafe,,
3998,24.34,1541.66,106.45,544.62,769.01,52.42,55.78,-8.7,0,0,0,0,0,1,1,100,100,0.27,-0.79,12035.87,%sSafe,,
3999,26.37,1541.66,106.45,544.62,769.11,51.01,55.78,-8.7,0,0,0,0,0,1,1,100,100,0.27,-0.79,12035.9,%sSafe,,
4000,24.65,1541.66,106.45,544.62,769.11,51.01,54.41,-8.7,0,0,0,0,0,1,1,100,100,0.27,-0.79,12035.92,%sSafe,,
4001,22.72,1541.66,106.45,544.62,769.11,51.01,54.41,-8.92,0,0,0,0,0,1,1,100,100,0.26,-0.8,12035.94,%sSafe,,
4002,22.59,1541.49,106.41,544.62,769.11,51.01,54.41,-8.92,0,0,0,0,0,1,1,100,100,0.26,-0.8,12035.97,%sSafe,,
4003,26.07,1541.49,106.41,544.49,769.06,49.54,54.41,-8.92,0,0,0,0,0,1,1,100,100,0.26,-0.8,12035.99,%sSafe,,
4004,21.56,1541.49,106.41,544.49,769.06,49.54,52.98,-9.15,0,0,0,0,0,1,1,100,100,0.26,-0.8,12036.01,%sSafe,,
4005,26.15,1541.49,106.41,544.49,769.06,49.54,52.98,-9.15,0,0,0,0,0,1,1,100,100,0.26,-0.8,12036.04,%sSafe,,
4006,24.12,1541.45,106.35,544.49,769.06,49.54,52.98,-9.15,0,0,0,0,0,1,1,100,100,0.26,-0.8,12036.06,%sSafe,,
4007,26.62,1541.45,106.35,544.4,769.05,47.92,51.36,-9.15,0,0,0,0,0,1,1,100,100,0.26,-0.8,12036.09,%sSafe,,
4008,26.1,1541.45,106.35,544.4,769.05,47.92,51.36,-9.43,0,0,0,0,0,1,1,100,100,0.26,-0.81,12036.12,%sSafe,,
4009,26.07,1541.45,106.35,544.4,769.05,47.92,51.36,-9.43,0,0,0,0,0,1,1,100,100,0.25,-0.81,12036.14,%sSafe,,
4010,27.6,1541.22,106.44,544.33,769.05,47.92,51.36,-9.43,0,0,0,0,0,1,1,100,100,0.25,-0.81,12036.17,%sSafe,,
4011,21.97,1541.22,106.44,544.33,769.01,46.62,49.95,-9.62,0,0,0,0,0,1,1,100,100,0.25,-0.81,12036.19,%sSafe,,
4012,32.34,1541.22,106.44,544.33,769.01,46.62,49.95,-9.62,0,0,0,0,0,1,1,100,100,0.25,-0.81,12036.22,%sSafe,,
4013,29.48,1540.99,106.43,544.33,769.01,46.62,49.95,-9.62,0,0,0,0,0,1,1,100,100,0.25,-0.81,12036.25,%sSafe,,
4014,26.65,1540.99,106.43,544.29,768.95,45.3,49.95,-9.62,0,0,0,0,0,1,1,100,100,0.25,-0.81,12036.28,%sSafe,,
4015,26.04,1540.99,106.43,544.29,768.95,45.3,48.6,-9.84,0,0,0,0,0,1,1,100,100,0.25,-0.82,12036.31,%sSafe,,
4016,29.59,1540.82,106.46,544.29,768.95,45.3,48.6,-9.84,0,0,0,0,0,1,1,100,100,0.24,-0.82,12036.34,%sSafe,,
4017,27.09,1540.82,106.46,544.21,768.83,45.3,48.6,-9.84,0,0,0,0,0,1,1,100,100,0.24,-0.82,12036.36,%sSafe,,
4018,27.71,1540.82,106.46,544.21,768.83,43.76,47.21,-9.84,0,0,0,0,0,1,1,100,100,0.24,-0.82,12036.39,%sSafe,,
4019,27.1,1540.96,106.46,544.21,768.83,43.76,47.21,-10.1,0,0,0,0,0,1,1,100,100,0.24,-0.82,12036.42,%sSafe,,
4020,28.09,1540.96,106.5,544.18,768.83,43.76,47.21,-10.1,0,0,0,0,0,1,1,100,100,0.24,-0.82,12036.45,%sSafe,,
4021,22.31,1540.96,106.5,544.18,768.76,42.58,47.21,-10.1,0,0,0,0,0,1,1,100,100,0.24,-0.82,12036.47,%sSafe,,
4022,22.12,1540.96,106.5,544.18,768.76,42.58,45.95,-10.1,0,0,0,0,0,1,1,100,100,0.24,-0.82,12036.49,%sSafe,,
4023,23.64,1540.96,106.5,544.18,768.76,42.58,45.95,-10.1,0,0,0,0,0,1,1,100,100,0.24,-0.82,12036.51,%sSafe,,
4024,24.68,1541.08,106.63,544.18,768.81,42.58,45.95,-10.1,0,0,0,0,0,1,1,100,100,0.24,-0.82,12036.54,%sSafe,,
4025,30.33,1541.08,106.63,544.18,768.81,41.4,45.95,-10.1,0,0,0,0,0,1,1,100,100,0.24,-0.82,12036.57,%sSafe,,
4026,26.51,1541.08,106.63,544.18,768.81,41.4,44.87,-10.1,0,0,0,0,0,1,1,100,100,0.24,-0.82,12036.6,%sSafe,,
4027,28.2,1541.19,106.55,544.15,768.81,41.4,44.87,-10.1,0,0,0,0,0,1,1,100,100,0.23,-0.82,12036.62,%sSafe,,
4028,27.63,1541.19,106.55,544.15,768.79,41.4,44.87,-10.1,0,0,0,0,0,1,1,100,100,0.23,-0.82,12036.65,%sSafe,,
4029,24.55,1541.19,106.55,544.15,768.79,40.36,43.7,-10.1,0,0,0,0,0,1,1,100,100,0.23,-0.82,12036.68,%sSafe,,
4030,21.08,1541.19,106.55,544.15,768.79,40.36,43.7,-10.1,0,0,0,0,0,1,1,100,100,0.23,-0.82,12036.7,%sSafe,,
4031,24.64,1541.35,106.57,544.15,768.79,40.36,43.7,-10.1,0,0,0,0,0,1,1,100,100,0.23,-0.82,12036.72,%sSafe,,
4032,25.55,1541.35,106.57,544.13,768.83,39.28,42.61,-10.1,0,0,0,0,0,1,1,100,100,0.23,-0.82,12036.75,%sSafe,,
4033,25.08,1541.35,106.57,544.13,768.83,39.28,42.61,-10.11,0,0,0,0,0,1,1,100,100,0.23,-0.82,12036.77,%sSafe,,
4034,22.14,1541.51,106.55,544.13,768.83,39.28,42.61,-10.11,0,0,0,0,0,1,1,100,100,0.22,-0.82,12036.8,%sSafe,,
4035,25.09,1541.51,106.55,544.1,768.83,39.28,42.61,-10.11,0,0,0,0,0,1,1,100,100,0.22,-0.82,12036.82,%sSafe,,
4036,24.16,1541.51,106.55,544.1,768.76,38.13,41.62,-10.11,0,0,0,0,0,1,1,100,100,0.22,-0.82,12036.84,%sSafe,,
4037,23.33,1541.69,106.55,544.1,768.76,38.13,41.62,-10.1,0,0,0,0,0,1,1,100,100,0.22,-0.82,12036.87,%sSafe,,
4038,26.83,1541.69,106.55,544.14,768.76,38.13,41.62,-10.1,0,0,0,0,0,1,1,100,100,0.22,-0.82,12036.89,%sSafe,,
4039,25.76,1541.69,106.55,544.14,768.77,36.98,40.58,-10.1,0,0,0,0,0,1,1,100,100,0.22,-0.82,12036.92,%sSafe,,
4040,21.77,1541.69,106.55,544.14,768.77,36.98,40.58,-10.1,0,0,0,0,0,1,1,100,100,0.22,-0.82,12036.94,%sSafe,,
4041,22.32,1541.69,106.55,544.14,768.77,36.98,40.58,-10.1,0,0,0,0,0,1,1,100,100,0.22,-0.82,12036.96,%sSafe,,
4042,28.7,1541.75,106.51,544.18,768.71,35.94,40.58,-10.1,0,0,0,0,0,1,1,100,100,0.22,-0.82,12036.99,%sSafe,,
4043,23.33,1541.75,106.51,544.18,768.71,35.94,39.64,-10.1,0,0,0,0,0,1,1,100,100,0.22,-0.82,12037.02,%sSafe,,
4044,27.6,1541.75,106.51,544.18,768.71,35.94,39.64,-10.09,0,0,0,0,0,1,1,100,100,0.22,-0.82,12037.04,%sSafe,,
4045,21.15,1541.9,106.51,544.18,768.71,35.94,39.64,-10.09,0,0,0,0,0,1,1,100,100,0.22,-0.82,12037.07,%sSafe,,
4046,25.54,1541.9,106.36,544.18,768.72,34.96,38.88,-10.09,0,0,0,0,0,1,1,100,100,0.22,-0.82,12037.09,%sSafe,,
4047,27.27,1541.9,106.36,544.18,768.72,34.96,38.88,-10.09,0,0,0,0,0,1,1,100,100,0.22,-0.82,12037.12,%sSafe,,
4048,26.25,1541.9,106.36,544.18,768.72,34.96,38.88,-10.09,0,0,0,0,0,1,1,100,100,0.22,-0.82,12037.14,%sSafe,,
4049,23.69,1542.02,106.4,544.18,768.72,34.96,38.88,-10.09,0,0,0,0,0,1,1,100,100,0.21,-0.82,12037.17,%sSafe,,
4050,25.17,1542.02,106.4,544.15,768.69,33.91,37.86,-10.08,0,0,0,0,0,1,1,100,100,0.21,-0.82,12037.19,%sSafe,,
4051,33.27,1542.02,106.4,544.15,768.69,33.91,37.86,-10.08,0,0,0,0,0,1,1,100,100,0.21,-0.82,12037.23,%sSafe,,
4052,29.09,1542.1,106.37,544.17,768.69,33.91,37.86,-10.08,0,0,0,0,0,1,1,100,100,0.21,-0.82,12037.26,%sSafe,,
4053,25.33,1542.1,106.37,544.17,768.76,33.07,37.86,-10.08,0,0,0,0,0,1,1,100,100,0.21,-0.82,12037.28,%sSafe,,
4054,24.35,1542.1,106.37,544.17,768.76,33.07,36.9,-10.08,0,0,0,0,0,1,1,100,100,0.21,-0.82,12037.31,%sSafe,,
4055,26.73,1542.19,106.33,544.17,768.76,33.07,36.9,-10.08,0,0,0,0,0,1,1,100,100,0.21,-0.82,12037.33,%sSafe,,
4056,27.73,1542.19,106.33,544.2,768.88,33.07,36.9,-10.08,0,0,0,0,0,1,1,100,100,0.21,-0.82,12037.36,%sSafe,,
4057,22.12,1542.19,106.33,544.2,768.88,32.28,36.9,-10.08,0,0,0,0,0,1,1,100,100,0.21,-0.82,12037.38,%sSafe,,
4058,24.9,1542.19,106.33,544.2,768.88,32.28,36.11,-10.08,0,0,0,0,0,1,1,100,100,0.21,-0.82,12037.41,%sSafe,,
4059,23.43,1542.17,106.23,544.2,768.92,32.28,36.11,-10.08,0,0,0,0,0,1,1,100,100,0.2,-0.82,12037.43,%sSafe,,
4060,25.29,1542.17,106.23,544.2,768.92,31.39,35.24,-10.08,0,0,0,0,0,1,1,100,100,0.2,-0.82,12037.46,%sSafe,,
4061,22.67,1542.17,106.23,544.2,768.92,31.39,35.24,-10.08,0,0,0,0,0,1,1,100,100,0.2,-0.81,12037.48,%sSafe,,
4062,23.16,1542.23,106.25,544.24,768.92,31.39,35.24,-10.08,0,0,0,0,0,1,1,100,100,0.2,-0.81,12037.5,%sSafe,,
4063,25.21,1542.23,106.25,544.24,768.91,30.48,35.24,-10.08,0,0,0,0,0,1,1,100,100,0.2,-0.81,12037.53,%sSafe,,
4064,25.18,1542.23,106.25,544.24,768.91,30.48,34.4,-10.08,0,0,0,0,0,1,1,100,100,0.2,-0.81,12037.55,%sSafe,,
4065,26.59,1542.2,106.33,544.24,768.91,30.48,34.4,-10.08,0,0,0,0,0,1,1,100,100,0.2,-0.81,12037.58,%sSafe,,
4066,24.82,1542.2,106.33,544.26,768.88,30.48,34.4,-10.08,0,0,0,0,0,1,1,100,100,0.2,-0.81,12037.6,%sSafe,,
4067,22.27,1542.2,106.33,544.26,768.88,29.55,33.56,-10.08,0,0,0,0,0,1,1,100,100,0.2,-0.81,12037.63,%sSafe,,
4068,23.72,1542.2,106.33,544.26,768.88,29.55,33.56,-10.08,0,0,0,0,0,1,1,100,100,0.2,-0.82,12037.65,%sSafe,,
4069,27.74,1542.25,106.42,544.3,768.88,29.55,33.56,-10.08,0,0,0,0,0,1,1,100,100,0.2,-0.82,12037.68,%sSafe,,
4070,23.31,1542.25,106.42,544.3,768.85,28.74,32.79,-10.08,0,0,0,0,0,1,1,100,100,0.2,-0.82,12037.7,%sSafe,,
4071,22.32,1542.25,106.42,544.3,768.85,28.74,32.79,-10.07,0,0,0,0,0,1,1,100,100,0.2,-0.82,12037.72,%sSafe,,
4072,21.28,1542.21,106.41,544.3,768.85,28.74,32.79,-10.07,0,0,0,0,0,1,1,100,100,0.2,-0.82,12037.74,%sSafe,,
4073,26.43,1542.21,106.41,544.29,768.85,28.74,32.79,-10.07,0,0,0,0,0,1,1,100,100,0.2,-0.82,12037.77,%sSafe,,
4074,23.17,1542.21,106.41,544.29,768.86,28.12,31.97,-10.08,0,0,0,0,0,1,1,100,100,0.2,-0.82,12037.79,%sSafe,,
4075,28.23,1542.17,106.39,544.29,768.86,28.12,31.97,-10.08,0,0,0,0,0,1,1,100,100,0.19,-0.82,12037.82,%sSafe,,
4076,25.11,1542.17,106.39,544.33,768.82,28.12,31.97,-10.08,0,0,0,0,0,1,1,100,100,0.19,-0.82,12037.85,%sSafe,,
4077,26.27,1542.17,106.39,544.33,768.82,27.44,31.39,-10.08,0,0,0,0,0,1,1,100,100,0.19,-0.82,12037.87,%sSafe,,
4078,24.78,1542.15,106.33,544.33,768.82,27.44,31.39,-10.08,0,0,0,0,0,1,1,100,100,0.19,-0.82,12037.9,%sSafe,,
4079,27.79,1542.15,106.33,544.36,768.75,27.44,31.39,-10.08,0,0,0,0,0,1,1,100,100,0.19,-0.82,12037.93,%sSafe,,
4080,21.81,1542.15,106.33,544.36,768.75,26.66,31.39,-10.08,0,0,0,0,0,1,1,100,100,0.19,-0.82,12037.95,%sSafe,,
4081,23.14,1542.15,106.33,544.36,768.75,26.66,30.67,-10.08,0,0,0,0,0,1,1,100,100,0.19,-0.82,12037.97,%sSafe,,
4082,28.25,1542.27,106.25,544.42,768.75,26.66,30.67,-10.08,0,0,0,0,0,1,1,100,100,0.19,-0.82,12038,%sSafe,,
4083,30.26,1542.27,106.25,544.42,768.77,25.99,30.67,-10.08,0,0,0,0,0,1,1,100,100,0.19,-0.82,12038.03,%sSafe,,
4084,22.07,1542.27,106.25,544.42,768.77,25.99,30.01,-10.08,0,0,0,0,0,1,1,100,100,0.19,-0.82,12038.05,%sSafe,,
4085,21.18,1542.27,106.25,544.42,768.77,25.99,30.01,-10.08,0,0,0,0,0,1,1,100,100,0.19,-0.82,12038.07,%sSafe,,
4086,23.07,1542.38,106.23,544.42,768.77,25.99,30.01,-10.08,0,0,0,0,0,1,1,100,100,0.19,-0.82,12038.1,%sSafe,,
4087,26.15,1542.38,106.23,544.42,768.78,25.35,30.01,-10.08,0,0,0,0,0,1,1,100,100,0.19,-0.82,12038.12,%sSafe,,
4088,27.67,1542.38,106.23,544.42,768.78,25.35,29.35,-10.09,0,0,0,0,0,1,1,100,100,0.19,-0.82,12038.15,%sSafe,,
4089,24.07,1542.38,106.23,544.42,768.78,25.35,29.35,-10.09,0,0,0,0,0,1,1,100,100,0.19,-0.82,12038.17,%sSafe,,
4090,27.69,1542.4,106.32,544.42,768.78,25.35,29.35,-10.09,0,0,0,0,0,1,1,100,100,0.19,-0.82,12038.2,%sSafe,,
4091,31.23,1542.4,106.32,544.42,768.73,24.58,29.35,-10.09,0,0,0,0,0,1,1,100,100,0.19,-0.82,12038.23,%sSafe,,
4092,22.47,1542.4,106.32,544.42,768.73,24.58,28.59,-10.09,0,0,0,0,0,1,1,100,100,0.19,-0.82,12038.25,%sSafe,,
4093,22.31,1542.4,106.32,544.42,768.73,24.58,28.59,-10.09,0,0,0,0,0,1,1,100,100,0.19,-0.82,12038.28,%sSafe,,
4094,23.22,1542.5,106.32,544.42,768.73,24.58,28.59,-10.09,0,0,0,0,0,1,1,100,100,0.19,-0.82,12038.3,%sSafe,,
4095,26.65,1542.5,106.35,544.42,768.73,24.58,28.59,-10.09,0,0,0,0,0,1,1,100,100,0.19,-0.82,12038.33,%sSafe,,
4096,31.27,1542.5,106.35,544.4,768.68,24.58,28.59,-10.09,0,0,0,0,0,1,1,100,100,0.19,-0.82,12038.36,%sSafe,,
4097,24.08,1542.5,106.35,544.4,768.68,23.97,28.03,-10.09,0,0,0,0,0,1,1,100,100,0.19,-0.82,12038.38,%sSafe,,
4098,24.67,1542.5,106.35,544.4,768.68,23.97,28.03,-10.09,0,0,0,0,0,1,1,100,100,0.19,-0.82,12038.41,%sSafe,,
4099,28.64,1542.55,106.35,544.4,768.68,23.97,28.03,-10.09,0,0,0,0,0,1,1,100,100,0.18,-0.82,12038.44,%sSafe,,
4100,23.74,1542.55,106.37,544.37,768.68,23.97,28.03,-10.09,0,0,0,0,0,1,1,100,100,0.18,-0.82,12038.46,%sSafe,,
4101,25.12,1542.55,106.37,544.37,768.69,23.97,28.03,-10.09,0,0,0,0,0,1,1,100,100,0.18,-0.82,12038.48,%sSafe,,
4102,30.31,1542.55,106.37,544.37,768.69,23.41,28.03,-10.09,0,0,0,0,0,1,1,100,100,0.18,-0.82,12038.51,%sSafe,,
4103,24.7,1542.55,106.37,544.37,768.69,23.41,27.41,-10.07,0,0,0,0,0,1,1,100,100,0.18,-0.82,12038.54,%sSafe,,
4104,31.68,1542.55,106.37,544.37,768.69,23.41,27.41,-10.07,0,0,0,0,0,1,1,100,100,0.18,-0.82,12038.57,%sSafe,,
4105,23.92,1542.55,106.37,544.37,768.69,23.41,27.41,-10.07,0,0,0,0,0,1,1,100,100,0.18,-0.82,12038.59,%sSafe,,
4106,28.33,1542.68,106.38,544.39,768.69,23.41,27.41,-10.07,0,0,0,0,0,1,1,100,100,0.18,-0.82,12038.62,%sSafe,,
4107,33.57,1542.68,106.38,544.39,768.73,22.77,27.41,-10.07,0,0,0,0,0,1,1,100,100,0.18,-0.82,12038.66,%sSafe,,
4108,27.74,1542.68,106.38,544.39,768.73,22.77,26.81,-10.07,0,0,0,0,0,1,1,100,100,0.18,-0.82,12038.68,%sSafe,,
4109,33.79,1542.68,106.38,544.39,768.73,22.77,26.81,-10.08,0,0,0,0,0,1,1,100,100,0.18,-0.82,12038.72,%sSafe,,
4110,29.69,1542.68,106.38,544.39,768.73,22.77,26.81,-10.08,0,0,0,0,0,1,1,100,100,0.18,-0.82,12038.75,%sSafe,,
4111,31.83,1542.75,106.38,544.39,768.73,22.77,26.81,-10.08,0,0,0,0,0,1,1,100,100,0.18,-0.82,12038.78,%sSafe,,
4112,31.03,1542.75,106.35,544.39,768.73,22.77,26.81,-10.08,0,0,0,0,0,1,1,100,100,0.18,-0.82,12038.81,%sSafe,,
4113,33.42,1542.75,106.35,544.39,768.8,22.18,26.81,-10.08,0,0,0,0,0,1,1,100,100,0.18,-0.82,12038.84,%sSafe,,
4114,24.7,1542.75,106.35,544.39,768.8,22.18,26.15,-10.08,0,0,0,0,0,1,1,100,100,0.18,-0.82,12038.87,%sSafe,,
4115,26.05,1542.75,106.35,544.39,768.8,22.18,26.15,-10.08,0,0,0,0,0,1,1,100,100,0.18,-0.82,12038.89,%sSafe,,
4116,22.7,1542.75,106.35,544.39,768.8,22.18,26.15,-10.08,0,0,0,0,0,1,1,100,100,0.17,-0.82,12038.92,%sSafe,,
4117,23.11,1542.87,106.36,544.39,768.8,22.18,26.15,-10.08,0,0,0,0,0,1,1,100,100,0.17,-0.82,12038.94,%sSafe,,
4118,24.12,1542.87,106.36,544.41,768.81,22.18,26.15,-10.08,0,0,0,0,0,1,1,100,100,0.17,-0.82,12038.96,%sSafe,,
4119,30.76,1542.87,106.36,544.41,768.81,21.33,25.54,-10.08,0,0,0,0,0,1,1,100,100,0.17,-0.82,12039,%sSafe,,
4120,24.16,1542.87,106.36,544.41,768.81,21.33,25.54,-10.08,0,0,0,0,0,1,1,100,100,0.17,-0.82,12039.02,%sSafe,,
4121,25.1,1542.87,106.36,544.41,768.81,21.33,25.54,-10.08,0,0,0,0,0,1,1,100,100,0.17,-0.82,12039.04,%sSafe,,
4122,30.72,1542.92,106.36,544.41,768.81,21.33,25.54,-10.08,0,0,0,0,0,1,1,100,100,0.17,-0.82,12039.08,%sSafe,,
4123,33.68,1542.92,106.39,544.38,768.81,21.33,25.54,-10.08,0,0,0,0,0,1,1,100,100,0.17,-0.82,12039.11,%sSafe,,
4124,28.49,1542.92,106.39,544.38,768.96,21.33,25.54,-10.08,0,0,0,0,0,1,1,100,100,0.17,-0.82,12039.14,%sSafe,,
4125,23.88,1542.92,106.39,544.38,768.96,20.53,24.72,-10.08,0,0,0,0,0,1,1,100,100,0.17,-0.82,12039.16,%sSafe,,
4126,23.61,1542.92,106.39,544.38,768.96,20.53,24.72,-10.07,0,0,0,0,0,1,1,100,100,0.17,-0.82,12039.19,%sSafe,,
4127,27.36,1543.07,106.39,544.38,768.96,20.53,24.72,-10.07,0,0,0,0,0,1,1,100,100,0.17,-0.82,12039.21,%sSafe,,
4128,30.59,1543.07,106.52,544.38,768.96,20.53,24.72,-10.07,0,0,0,0,0,1,1,100,100,0.17,-0.82,12039.24,%sSafe,,
4129,43.71,1543.07,106.52,544.34,769.06,20.53,24.72,-10.07,0,0,0,0,0,1,1,100,100,0.17,-0.82,12039.29,%sSafe,,
4130,27.65,1543.07,106.52,544.34,769.06,19.68,23.78,-10.07,0,0,0,0,0,1,1,100,100,0.17,-0.82,12039.31,%sSafe,,
4131,27.75,1543.07,106.52,544.34,769.06,19.68,23.78,-10.07,0,0,0,0,0,1,1,100,100,0.17,-0.82,12039.34,%sSafe,,
4132,25.6,1543.07,106.52,544.34,769.06,19.68,23.78,-10.07,0,0,0,0,0,1,1,100,100,0.17,-0.82,12039.37,%sSafe,,
4133,29.59,1543.16,106.49,544.31,769.06,19.68,23.78,-10.07,0,0,0,0,0,1,1,100,100,0.17,-0.82,12039.4,%sSafe,,
4134,35.47,1543.16,106.49,544.31,769.04,19.68,23.78,-10.07,0,0,0,0,0,1,1,100,100,0.17,-0.82,12039.43,%sSafe,,
4135,27.49,1543.16,106.49,544.31,769.04,18.88,22.95,-10.07,0,0,0,0,0,1,1,100,100,0.17,-0.82,12039.46,%sSafe,,
4136,23.19,1543.16,106.49,544.31,769.04,18.88,22.95,-10.07,0,0,0,0,0,1,1,100,100,0.17,-0.82,12039.48,%sSafe,,
4137,25.13,1543.16,106.49,544.31,769.04,18.88,22.95,-10.07,0,0,0,0,0,1,1,100,100,0.16,-0.82,12039.51,%sSafe,,
4138,27.72,1543.28,106.51,544.3,769.04,18.88,22.95,-10.07,0,0,0,0,0,1,1,100,100,0.16,-0.82,12039.54,%sSafe,,
4139,34.65,1543.28,106.51,544.3,769.07,18.88,22.95,-10.07,0,0,0,0,0,1,1,100,100,0.16,-0.82,12039.57,%sSafe,,
4140,25.54,1543.28,106.51,544.3,769.07,17.84,22.02,-10.07,0,0,0,0,0,1,1,100,100,0.16,-0.82,12039.6,%sSafe,,
4141,25.93,1543.28,106.51,544.3,769.07,17.84,22.02,-10.07,0,0,0,0,0,1,1,100,100,0.16,-0.82,12039.62,%sSafe,,
4142,25.47,1543.39,106.41,544.3,769.07,17.84,22.02,-10.07,0,0,0,0,0,1,1,100,100,0.16,-0.82,12039.65,%sSafe,,
4143,24.09,1543.39,106.41,544.32,769.07,17.84,22.02,-10.07,0,0,0,0,0,1,1,100,100,0.16,-0.82,12039.67,%sSafe,,
4144,27.65,1543.39,106.41,544.32,769.06,17.84,22.02,-10.07,0,0,0,0,0,1,1,100,100,0.16,-0.82,12039.7,%sSafe,,
4145,26.74,1543.39,106.41,544.32,769.06,16.96,21.23,-10.07,0,0,0,0,0,1,1,100,100,0.16,-0.82,12039.73,%sSafe,,
4146,25.1,1543.39,106.41,544.32,769.06,16.96,21.23,-10.07,0,0,0,0,0,1,1,100,100,0.16,-0.82,12039.75,%sSafe,,
4147,30.56,1543.36,106.5,544.32,769.06,16.96,21.23,-10.07,0,0,0,0,0,1,1,100,100,0.16,-0.82,12039.78,%sSafe,,
4148,29.23,1543.36,106.5,544.37,769.08,16.96,21.23,-10.07,0,0,0,0,0,1,1,100,100,0.16,-0.82,12039.81,%sSafe,,
4149,34.13,1543.36,106.5,544.37,769.08,15.93,21.23,-10.07,0,0,0,0,0,1,1,100,100,0.16,-0.82,12039.85,%sSafe,,
4150,23.67,1543.36,106.5,544.37,769.08,15.93,20.36,-10.08,0,0,0,0,0,1,1,100,100,0.16,-0.82,12039.87,%sSafe,,
4151,23.06,1543.41,106.5,544.37,769.08,15.93,20.36,-10.08,0,0,0,0,0,1,1,100,100,0.15,-0.82,12039.89,%sSafe,,
4152,25.06,1543.41,106.54,544.37,769.11,15.93,20.36,-10.08,0,0,0,0,0,1,1,100,100,0.15,-0.82,12039.92,%sSafe,,
4153,43.14,1543.41,106.54,544.37,769.11,14.89,20.36,-10.08,0,0,0,0,0,1,1,100,100,0.15,-0.82,12039.96,%sSafe,,
4154,23.12,1543.41,106.54,544.37,769.11,14.89,19.53,-10.08,0,0,0,0,0,1,1,100,100,0.15,-0.82,12039.98,%sSafe,,
4155,27.65,1543.49,106.54,544.37,769.11,14.89,19.53,-10.09,0,0,0,0,0,1,1,100,100,0.15,-0.82,12040.01,%sSafe,,
4156,24.09,1543.49,106.46,544.37,769.11,14.89,19.53,-10.09,0,0,0,0,0,1,1,100,100,0.15,-0.82,12040.04,%sSafe,,
4157,26.73,1543.49,106.46,544.35,769.02,13.99,19.53,-10.09,0,0,0,0,0,1,1,100,100,0.15,-0.82,12040.06,%sSafe,,
4158,24.62,1543.49,106.46,544.35,769.02,13.99,19.53,-10.09,0,0,0,0,0,1,1,100,100,0.15,-0.82,12040.09,%sSafe,,
4159,25.59,1543.49,106.46,544.35,769.02,13.99,18.64,-10.09,0,0,0,0,0,1,1,100,100,0.15,-0.82,12040.11,%sSafe,,
4160,24.58,1543.57,106.39,544.35,769.02,13.99,18.64,-10.09,0,0,0,0,0,1,1,100,100,0.15,-0.82,12040.14,%sSafe,,
4161,27.21,1543.57,106.39,544.37,769.02,13.99,18.64,-10.09,0,0,0,0,0,1,1,100,100,0.15,-0.82,12040.16,%sSafe,,
4162,23.27,1543.57,106.39,544.37,769.02,13.03,18.64,-10.09,0,0,0,0,0,1,1,100,100,0.15,-0.82,12040.19,%sSafe,,
4163,23.19,1543.57,106.39,544.37,769.02,13.03,17.78,-10.09,0,0,0,0,0,1,1,100,100,0.15,-0.82,12040.21,%sSafe,,
4164,22.07,1543.57,106.39,544.37,769.02,13.03,17.78,-10.09,0,0,0,0,0,1,1,100,100,0.15,-0.81,12040.23,%sSafe,,
4165,26.72,1543.69,106.36,544.37,769.08,13.03,17.78,-10.09,0,0,0,0,0,1,1,100,100,0.15,-0.81,12040.26,%sSafe,,
4166,27.7,1543.69,106.36,544.37,769.08,12.25,17.78,-10.09,0,0,0,0,0,1,1,100,100,0.15,-0.81,12040.29,%sSafe,,
4167,25.98,1543.69,106.36,544.37,769.08,12.25,16.98,-10.09,0,0,0,0,0,1,1,100,100,0.15,-0.81,12040.31,%sSafe,,
4168,23.74,1543.69,106.36,544.37,769.08,12.25,16.98,-10.09,0,0,0,0,0,1,1,100,100,0.14,-0.81,12040.34,%sSafe,,
4169,27.18,1543.9,106.34,544.37,769.03,12.25,16.98,-10.09,0,0,0,0,0,1,1,100,100,0.14,-0.81,12040.36,%sSafe,,
4170,25.42,1543.9,106.34,544.37,769.03,11.57,16.98,-10.09,0,0,0,0,0,1,1,100,100,0.14,-0.81,12040.39,%sSafe,,
4171,25.05,1543.9,106.34,544.37,769.03,11.57,16.21,-10.1,0,0,0,0,0,1,1,100,100,0.14,-0.81,12040.41,%sSafe,,
4172,22.92,1543.9,106.34,544.37,769.03,11.57,16.21,-10.1,0,0,0,0,0,1,1,100,100,0.14,-0.81,12040.44,%sSafe,,
4173,23.17,1543.97,106.22,544.37,769.03,11.57,16.21,-10.1,0,0,0,0,0,1,1,100,100,0.14,-0.81,12040.46,%sSafe,,
4174,22.84,1543.97,106.22,544.4,769,10.84,15.64,-10.1,0,0,0,0,0,1,1,100,100,0.14,-0.81,12040.48,%sSafe,,
4175,24.35,1543.97,106.22,544.4,769,10.84,15.64,-10.11,0,0,0,0,0,1,1,100,100,0.14,-0.81,12040.51,%sSafe,,
4176,26.01,1543.92,106.22,544.4,769,10.84,15.64,-10.11,0,0,0,0,0,1,1,100,100,0.14,-0.81,12040.53,%sSafe,,
4177,23.53,1543.92,106.21,544.45,769,10.84,15.64,-10.11,0,0,0,0,0,1,1,100,100,0.14,-0.81,12040.56,%sSafe,,
4178,28.14,1543.92,106.21,544.45,769.05,10.09,15.06,-10.11,0,0,0,0,0,1,1,100,100,0.14,-0.81,12040.59,%sSafe,,
4179,22.23,1543.92,106.21,544.45,769.05,10.09,15.06,-10.11,0,0,0,0,0,1,1,100,100,0.14,-0.81,12040.61,%sSafe,,
4180,28.01,1543.92,106.2,544.45,769.05,10.09,15.06,-10.11,0,0,0,0,0,1,1,100,100,0.14,-0.81,12040.64,%sSafe,,
4181,26.62,1543.92,106.2,544.47,769.05,10.09,15.06,-10.11,0,0,0,0,0,1,1,100,100,0.14,-0.81,12040.66,%sSafe,,
4182,28.38,1543.92,106.2,544.47,769.03,9.55,14.75,-10.11,0,0,0,0,0,1,1,100,100,0.14,-0.81,12040.69,%sSafe,,
4183,26.04,1543.92,106.2,544.47,769.03,9.55,14.75,-10.11,0,0,0,0,0,1,1,100,100,0.13,-0.81,12040.72,%sSafe,,
4184,22.33,1544.03,106.3,544.47,769.03,9.55,14.75,-10.11,0,0,0,0,0,1,1,100,100,0.13,-0.81,12040.74,%sSafe,,
4185,22.22,1544.03,106.3,544.47,769.15,8.92,14.75,-10.11,0,0,0,0,0,1,1,100,100,0.13,-0.81,12040.76,%sSafe,,
4186,22.8,1544.03,106.3,544.47,769.15,8.92,14.22,-10.11,0,0,0,0,0,1,1,100,100,0.13,-0.81,12040.78,%sSafe,,
4187,28.86,1544.18,106.24,544.47,769.15,8.92,14.22,-10.11,0,0,0,0,0,1,1,100,100,0.13,-0.81,12040.81,%sSafe,,
4188,24.81,1544.18,106.24,544.48,769.15,8.92,14.22,-10.11,0,0,0,0,0,1,1,100,100,0.13,-0.81,12040.84,%sSafe,,
4189,23.25,1544.18,106.24,544.48,769.21,8.45,13.75,-10.11,0,0,0,0,0,1,1,100,100,0.13,-0.81,12040.86,%sSafe,,
4190,25.74,1544.18,106.24,544.48,769.21,8.45,13.75,-10.11,0,0,0,0,0,1,1,100,100,0.13,-0.81,12040.89,%sSafe,,
4191,24.32,1544.31,106.23,544.5,769.24,8.45,13.75,-10.11,0,0,0,0,0,1,1,100,100,0.13,-0.81,12040.91,%sSafe,,
4192,25.52,1544.31,106.23,544.5,769.24,8.01,13.36,-10.11,0,0,0,0,0,1,1,100,100,0.13,-0.81,12040.94,%sSafe,,
4193,23.12,1544.31,106.23,544.5,769.24,8.01,13.36,-10.11,0,0,0,0,0,1,1,100,100,0.13,-0.81,12040.96,%sSafe,,
4194,21.41,1544.31,106.23,544.5,769.24,8.01,13.36,-10.11,0,0,0,0,0,1,1,100,100,0.13,-0.81,12040.98,%sSafe,,
4195,23.71,1544.44,106.22,544.51,769.37,7.56,13.36,-10.11,0,0,0,0,0,1,1,100,100,0.13,-0.81,12041,%sSafe,,
4196,28.32,1544.44,106.22,544.51,769.37,7.56,12.92,-10.11,0,0,0,0,0,1,1,100,100,0.13,-0.8,12041.03,%sSafe,,
4197,27.7,1544.54,106.22,544.51,769.37,7.56,12.92,-10.11,0,0,0,0,0,1,1,100,100,0.12,-0.8,12041.06,%sSafe,,
4198,29.69,1544.54,106.32,544.51,769.35,7.18,12.92,-10.11,0,0,0,0,0,1,1,100,100,0.12,-0.8,12041.09,%sSafe,,
4199,23.89,1544.54,106.32,544.51,769.35,7.18,12.42,-10.11,0,0,0,0,0,1,1,100,100,0.12,-0.8,12041.11,%sSafe,,
4200,28.7,1544.54,106.32,544.51,769.35,7.18,12.42,-10.11,0,0,0,0,0,1,1,100,100,0.12,-0.8,12041.14,%sSafe,,
4201,23.77,1544.69,106.36,544.51,769.35,7.18,12.42,-10.11,0,0,0,0,0,1,1,100,100,0.12,-0.8,12041.17,%sSafe,,
4202,24.77,1544.69,106.36,544.53,769.32,6.81,11.96,-10.11,0,0,0,0,0,1,1,100,100,0.12,-0.8,12041.19,%sSafe,,
4203,28.23,1544.66,106.36,544.53,769.32,6.81,11.96,-10.11,0,0,0,0,0,1,1,100,100,0.12,-0.8,12041.22,%sSafe,,
4204,24.1,1544.66,106.36,544.53,769.32,6.81,11.96,-10.11,0,0,0,0,0,1,1,100,100,0.12,-0.8,12041.24,%sSafe,,
4205,22.7,1544.66,106.36,544.54,769.38,6.42,11.96,-10.11,0,0,0,0,0,1,1,100,100,0.12,-0.8,12041.27,%sSafe,,
4206,23.18,1544.66,106.36,544.54,769.38,6.42,11.41,-10.1,0,0,0,0,0,1,1,100,100,0.12,-0.8,12041.29,%sSafe,,
4207,25.75,1544.69,106.5,544.54,769.38,6.42,11.41,-10.1,0,0,0,0,0,1,1,100,100,0.12,-0.8,12041.32,%sSafe,,
4208,26.61,1544.69,106.5,544.57,769.34,6.42,11.41,-10.1,0,0,0,0,0,1,1,100,100,0.12,-0.8,12041.34,%sSafe,,
4209,22.28,1544.69,106.5,544.57,769.34,6.08,10.94,-10.1,0,0,0,0,0,1,1,100,100,0.12,-0.8,12041.36,%sSafe,,
4210,23.23,1544.69,106.5,544.57,769.34,6.08,10.94,-10.09,0,0,0,0,0,1,1,100,100,0.12,-0.8,12041.39,%sSafe,,
4211,25.59,1544.83,106.5,544.59,769.34,5.77,10.94,-10.09,0,0,0,0,0,1,1,100,100,0.12,-0.8,12041.41,%sSafe,,
4212,26.52,1544.83,106.5,544.59,769.34,5.77,10.48,-10.09,0,0,0,0,0,1,1,100,100,0.12,-0.8,12041.44,%sSafe,,
4213,25.23,1544.83,106.5,544.59,769.34,5.77,10.48,-10.09,0,0,0,0,0,1,1,100,100,0.12,-0.8,12041.47,%sSafe,,
4214,24.41,1544.94,106.5,544.59,769.34,5.77,10.48,-10.09,0,0,0,0,0,1,1,100,100,0.12,-0.8,12041.49,%sSafe,,
4215,23.23,1544.94,106.5,544.65,769.33,5.45,10.48,-10.09,0,0,0,0,0,1,1,100,100,0.12,-0.8,12041.51,%sSafe,,
4216,26.55,1544.94,106.5,544.65,769.33,5.45,9.92,-10.09,0,0,0,0,0,1,1,100,100,0.12,-0.8,12041.54,%sSafe,,
4217,27.76,1544.94,106.5,544.65,769.33,5.45,9.92,-10.09,0,0,0,0,0,1,1,100,100,0.12,-0.8,12041.57,%sSafe,,
4218,27.14,1545.02,106.5,544.65,769.33,5.45,9.92,-10.09,0,0,0,0,0,1,1,100,100,0.11,-0.8,12041.59,%sSafe,,
4219,27.13,1545.02,106.5,544.64,769.24,5.31,9.92,-10.09,0,0,0,0,0,1,1,100,100,0.11,-0.8,12041.62,%sSafe,,
4220,23.26,1545.02,106.5,544.64,769.24,5.31,9.39,-10.1,0,0,0,0,0,1,1,100,100,0.11,-0.8,12041.64,%sSafe,,
4221,22.21,1545.02,106.5,544.64,769.24,5.31,9.39,-10.1,0,0,0,0,0,1,1,100,100,0.11,-0.8,12041.67,%sSafe,,
4222,29.71,1545.21,106.45,544.64,769.24,5.31,9.39,-10.1,0,0,0,0,0,1,1,100,100,0.11,-0.8,12041.7,%sSafe,,
4223,30.63,1545.21,106.45,544.65,769.27,5.31,9.39,-10.1,0,0,0,0,0,1,1,100,100,0.11,-0.8,12041.73,%sSafe,,
4224,22.45,1545.21,106.45,544.65,769.27,5,8.9,-10.1,0,0,0,0,0,1,1,100,100,0.11,-0.8,12041.75,%sSafe,,
4225,26.08,1545.21,106.45,544.65,769.27,5,8.9,-10.1,0,0,0,0,0,1,1,100,100,0.11,-0.8,12041.78,%sSafe,,
4226,24.81,1545.35,106.4,544.64,769.34,5,8.9,-10.1,0,0,0,0,0,1,1,100,100,0.11,-0.8,12041.8,%sSafe,,
4227,24.82,1545.35,106.4,544.64,769.34,4.83,8.9,-10.1,0,0,0,0,0,1,1,100,100,0.11,-0.8,12041.83,%sSafe,,
4228,22.27,1545.35,106.4,544.64,769.34,4.83,8.56,-10.1,0,0,0,0,0,1,1,100,100,0.11,-0.8,12041.85,%sSafe,,
4229,22.93,1545.4,106.35,544.64,769.34,4.83,8.56,-10.1,0,0,0,0,0,1,1,100,100,0.11,-0.8,12041.87,%sSafe,,
4230,24.19,1545.4,106.35,544.64,769.34,4.83,8.56,-10.1,0,0,0,0,0,1,1,100,100,0.11,-0.8,12041.89,%sSafe,,
4231,23.45,1545.4,106.35,544.64,769.33,4.4,8.18,-10.1,0,0,0,0,0,1,1,100,100,0.11,-0.8,12041.92,%sSafe,,
4232,24.02,1545.55,106.29,544.64,769.33,4.4,8.18,-10.1,0,0,0,0,0,1,1,100,100,0.11,-0.8,12041.94,%sSafe,,
4233,31.52,1545.55,106.29,544.68,769.33,4.4,8.18,-10.1,0,0,0,0,0,1,1,100,100,0.11,-0.8,12041.97,%sSafe,,
4234,26.67,1545.55,106.29,544.68,769.39,4.01,7.87,-10.11,0,0,0,0,0,1,1,100,100,0.11,-0.8,12042,%sSafe,,
4235,28.18,1545.51,106.29,544.68,769.39,4.01,7.87,-10.11,0,0,0,0,0,1,1,100,100,0.11,-0.8,12042.03,%sSafe,,
4236,25.15,1545.51,106.24,544.68,769.39,4.01,7.87,-10.11,0,0,0,0,0,1,1,100,100,0.11,-0.8,12042.05,%sSafe,,
4237,22.73,1545.51,106.24,544.66,769.39,3.61,7.87,-10.11,0,0,0,0,0,1,1,100,100,0.11,-0.8,12042.08,%sSafe,,
4238,22.35,1545.51,106.24,544.66,769.39,3.61,7.46,-10.11,0,0,0,0,0,1,1,100,100,0.11,-0.8,12042.1,%sSafe,,
4239,22.69,1545.69,106.26,544.66,769.39,3.61,7.46,-10.11,0,0,0,0,0,1,1,100,100,0.11,-0.8,12042.12,%sSafe,,
4240,27.78,1545.69,106.26,544.71,769.37,3.61,7.46,-10.11,0,0,0,0,0,1,1,100,100,0.11,-0.8,12042.15,%sSafe,,
4241,23.15,1545.69,106.26,544.71,769.37,3.18,7.19,-10.11,0,0,0,0,0,1,1,100,100,0.11,-0.8,12042.17,%sSafe,,
4242,23.19,1545.69,106.26,544.71,769.37,3.18,7.19,-10.11,0,0,0,0,0,1,1,100,100,0.11,-0.8,12042.2,%sSafe,,
4243,24.42,1545.81,106.15,544.71,769.37,3.18,7.19,-10.11,0,0,0,0,0,1,1,100,100,0.11,-0.8,12042.22,%sSafe,,
4244,22.03,1545.81,106.15,544.7,769.46,2.91,6.86,-10.11,0,0,0,0,0,1,1,100,100,0.11,-0.8,12042.24,%sSafe,,
4245,26.8,1545.81,106.15,544.7,769.46,2.91,6.86,-10.11,0,0,0,0,0,1,1,100,100,0.11,-0.8,12042.27,%sSafe,,
4246,26.1,1545.92,106.15,544.7,769.46,2.91,6.86,-10.11,0,0,0,0,0,1,1,100,100,0.1,-0.8,12042.29,%sSafe,,
4247,24.25,1545.92,106.18,544.71,769.46,2.91,6.86,-10.11,0,0,0,0,0,1,1,100,100,0.1,-0.8,12042.32,%sSafe,,
4248,23.26,1545.92,106.18,544.71,769.5,2.6,6.49,-10.11,0,0,0,0,0,1,1,100,100,0.1,-0.8,12042.34,%sSafe,,
4249,24.15,1546.02,106.18,544.71,769.5,2.6,6.49,-10.1,0,0,0,0,0,1,1,100,100,0.1,-0.81,12042.37,%sSafe,,
4250,27.52,1546.02,106.19,544.69,769.5,2.6,6.49,-10.1,0,0,0,0,0,1,1,100,100,0.1,-0.81,12042.39,%sSafe,,
4251,22.4,1546.02,106.19,544.69,769.56,2.36,6.17,-10.1,0,0,0,0,0,1,1,100,100,0.1,-0.81,12042.42,%sSafe,,
4252,23.91,1546.02,106.19,544.69,769.56,2.36,6.17,-10.1,0,0,0,0,0,1,1,100,100,0.1,-0.81,12042.44,%sSafe,,
4253,22.27,1546.04,106.19,544.69,769.56,2.36,6.17,-10.1,0,0,0,0,0,1,1,100,100,0.1,-0.81,12042.46,%sSafe,,
4254,24.73,1546.04,106.14,544.7,769.56,2.36,6.17,-10.1,0,0,0,0,0,1,1,100,100,0.1,-0.81,12042.49,%sSafe,,
4255,22.22,1546.04,106.14,544.7,769.56,2.04,5.97,-10.1,0,0,0,0,0,1,1,100,100,0.1,-0.82,12042.51,%sSafe,,
4256,23.8,1546.06,106.14,544.7,769.56,2.04,5.97,-10.1,0,0,0,0,0,1,1,100,100,0.1,-0.82,12042.53,%sSafe,,
4257,25.71,1546.06,106.11,544.71,769.55,2.04,5.97,-10.1,0,0,0,0,0,1,1,100,100,0.1,-0.82,12042.56,%sSafe,,
4258,22.04,1546.06,106.11,544.71,769.55,1.77,5.97,-10.1,0,0,0,0,0,1,1,100,100,0.1,-0.82,12042.58,%sSafe,,
4259,23.38,1546.06,106.11,544.71,769.55,1.77,5.51,-10.1,0,0,0,0,0,1,1,100,100,0.1,-0.82,12042.6,%sSafe,,
4260,23.33,1546.06,106.11,544.71,769.55,1.77,5.51,-10.1,0,0,0,0,0,1,1,100,100,0.1,-0.82,12042.63,%sSafe,,
4261,25.31,1546.06,106.23,544.7,769.55,1.35,5.51,-10.1,0,0,0,0,0,1,1,100,100,0.1,-0.82,12042.65,%sSafe,,
4262,28.67,1546.06,106.23,544.7,769.55,1.35,4.93,-10.09,0,0,0,0,0,1,1,100,100,0.1,-0.82,12042.68,%sSafe,,
4263,23.15,1546.09,106.23,544.7,769.55,1.35,4.93,-10.09,0,0,0,0,0,1,1,100,100,0.1,-0.82,12042.7,%sSafe,,
4264,25.49,1546.09,106.24,544.7,769.55,1.35,4.93,-10.09,0,0,0,0,0,1,1,100,100,0.1,-0.82,12042.73,%sSafe,,
4265,21.67,1546.09,106.24,544.77,769.5,1.26,4.93,-10.09,0,0,0,0,0,1,1,100,100,0.1,-0.82,12042.75,%sSafe,,
4266,23.04,1546.09,106.24,544.77,769.5,1.26,4.6,-10.09,0,0,0,0,0,1,1,100,100,0.1,-0.82,12042.78,%sSafe,,
4267,24.43,1546.05,106.16,544.74,769.5,1.26,4.6,-10.09,0,0,0,0,0,1,1,100,100,0.1,-0.82,12042.8,%sSafe,,
4268,27.24,1546.05,106.16,544.74,769.46,0.98,4.6,-10.09,0,0,0,0,0,1,1,100,100,0.1,-0.82,12042.83,%sSafe,,
4269,22.23,1546.05,106.16,544.74,769.46,0.98,4.32,-10.09,0,0,0,0,0,1,1,100,100,0.1,-0.82,12042.85,%sSafe,,
4270,24.14,1546.1,106.16,544.74,769.46,0.98,4.32,-10.09,0,0,0,0,0,1,1,100,100,0.1,-0.82,12042.87,%sSafe,,
4271,24.33,1546.1,106.18,544.76,769.49,0.81,4.06,-10.09,0,0,0,0,0,1,1,100,100,0.1,-0.82,12042.9,%sSafe,,
4272,25.83,1546.1,106.18,544.76,769.49,0.81,4.06,-10.09,0,0,0,0,0,1,1,100,100,0.1,-0.82,12042.92,%sSafe,,
4273,24.26,1546.11,106.2,544.76,769.49,0.81,4.06,-10.09,0,0,0,0,0,1,1,100,100,0.1,-0.82,12042.95,%sSafe,,
4274,25.06,1546.11,106.2,544.74,769.44,0.81,4.06,-10.09,0,0,0,0,0,1,1,100,100,0.1,-0.82,12042.97,%sSafe,,
4275,21.28,1546.11,106.2,544.74,769.44,0.65,3.61,-10.09,0,0,0,0,0,1,1,100,100,0.1,-0.82,12042.99,%sSafe,,
4276,26.42,1546.21,106.18,544.74,769.44,0.65,3.61,-10.09,0,0,0,0,0,1,1,100,100,0.1,-0.82,12043.02,%sSafe,,
4277,24.26,1546.21,106.18,544.76,769.46,0.46,3.61,-10.09,0,0,0,0,0,1,1,100,100,0.1,-0.82,12043.04,%sSafe,,
4278,23.39,1546.21,106.18,544.76,769.46,0.46,3.38,-10.09,0,0,0,0,0,1,1,100,100,0.1,-0.82,12043.07,%sSafe,,
4279,23.2,1546.21,106.18,544.76,769.46,0.46,3.38,-10.08,0,0,0,0,0,1,1,100,100,0.1,-0.82,12043.09,%sSafe,,
4280,25.31,1546.16,106.17,544.76,769.46,0.46,3.38,-10.08,0,0,0,0,0,1,1,100,100,0.1,-0.82,12043.12,%sSafe,,
4281,22.17,1546.16,106.17,544.79,769.47,0.22,3.38,-10.08,0,0,0,0,0,1,1,100,100,0.1,-0.82,12043.14,%sSafe,,
4282,27.62,1546.16,106.17,544.79,769.47,0.22,3.16,-10.1,0,0,0,0,0,1,1,100,100,0.1,-0.81,12043.17,%sSafe,,
4283,24.23,1546.1,106.09,544.79,769.47,0.22,3.16,-10.1,0,0,0,0,0,1,1,100,100,0.1,-0.81,12043.19,%sSafe,,
4284,22.85,1546.1,106.09,544.79,769.51,0.05,3.16,-10.1,0,0,0,0,0,1,1,100,100,0.1,-0.81,12043.21,%sSafe,,
4285,24.52,1546.1,106.09,544.79,769.51,0.05,2.72,-10.1,0,0,0,0,0,1,1,100,100,0.1,-0.81,12043.24,%sSafe,,
4286,23.17,1546.32,106.09,544.79,769.51,0.05,2.72,-10.1,0,0,0,0,0,1,1,100,100,0.1,-0.81,12043.26,%sSafe,,
4287,26.75,1546.32,106.05,544.83,769.51,0.05,2.72,-10.1,0,0,0,0,0,1,1,100,100,0.1,-0.81,12043.29,%sSafe,,
4288,22.74,1546.32,106.05,544.83,769.54,-0.12,2.72,-10.1,0,0,0,0,0,1,1,100,100,0.1,-0.81,12043.31,%sSafe,,
4289,22.27,1546.32,106.05,544.83,769.54,-0.12,2.39,-10.09,0,0,0,0,0,1,1,100,100,0.1,-0.81,12043.33,%sSafe,,
4290,23.82,1546.32,106.05,544.83,769.54,-0.12,2.39,-10.09,0,0,0,0,0,1,1,100,100,0.1,-0.81,12043.36,%sSafe,,
4291,24.24,1546.28,106.18,544.8,769.54,-0.12,2.39,-10.09,0,0,0,0,0,1,1,100,100,0.1,-0.81,12043.38,%sSafe,,
4292,25.71,1546.28,106.18,544.8,769.59,-0.23,2.04,-10.09,0,0,0,0,0,1,1,100,100,0.1,-0.81,12043.41,%sSafe,,
4293,25.83,1546.28,106.18,544.8,769.59,-0.23,2.04,-10.09,0,0,0,0,0,1,1,100,100,0.1,-0.81,12043.43,%sSafe,,
4294,22.25,1546.29,106.15,544.82,769.59,-0.23,2.04,-10.09,0,0,0,0,0,1,1,100,100,0.1,-0.81,12043.45,%sSafe,,
4295,23.77,1546.29,106.15,544.82,769.57,-0.36,2.04,-10.09,0,0,0,0,0,1,1,100,100,0.1,-0.81,12043.48,%sSafe,,
4296,22.12,1546.29,106.15,544.82,769.57,-0.36,1.74,-10.09,0,0,0,0,0,1,1,100,100,0.1,-0.81,12043.5,%sSafe,,
4297,21.92,1546.33,106.15,544.82,769.57,-0.36,1.74,-10.09,0,0,0,0,0,1,1,100,100,0.1,-0.81,12043.52,%sSafe,,
4298,22.18,1546.33,106.25,544.77,769.56,-0.55,1.74,-10.09,0,0,0,0,0,1,1,100,100,0.1,-0.81,12043.54,%sSafe,,
4299,23.71,1546.33,106.25,544.77,769.56,-0.55,1.51,-10.1,0,0,0,0,0,1,1,100,100,0.1,-0.81,12043.57,%sSafe,,
4300,24.22,1546.33,106.25,544.77,769.56,-0.55,1.51,-10.1,0,0,0,0,0,1,1,100,100,0.1,-0.8,12043.59,%sSafe,,
4301,25.46,1546.41,106.4,544.76,769.56,-0.55,1.51,-10.1,0,0,0,0,0,1,1,100,100,0.1,-0.8,12043.62,%sSafe,,
4302,25.13,1546.41,106.4,544.76,769.59,-0.61,1.51,-10.1,0,0,0,0,0,1,1,100,100,0.1,-0.8,12043.64,%sSafe,,
4303,21.77,1546.41,106.4,544.76,769.59,-0.61,1.1,-10.1,0,0,0,0,0,1,1,100,100,0.1,-0.8,12043.66,%sSafe,,
4304,25.61,1546.44,106.5,544.76,769.59,-0.61,1.1,-10.1,0,0,0,0,0,1,1,100,100,0.09,-0.81,12043.69,%sSafe,,
4305,24.78,1546.44,106.5,544.77,769.61,-0.76,1.1,-10.1,0,0,0,0,0,1,1,100,100,0.09,-0.81,12043.72,%sSafe,,
4306,27.82,1546.44,106.5,544.77,769.61,-0.76,1.1,-10.1,0,0,0,0,0,1,1,100,100,0.09,-0.81,12043.74,%sSafe,,
4307,21.83,1546.44,106.5,544.77,769.61,-0.76,0.88,-10.1,0,0,0,0,0,1,1,100,100,0.09,-0.81,12043.77,%sSafe,,
4308,25.69,1546.46,106.45,544.77,769.61,-0.76,0.88,-10.1,0,0,0,0,0,1,1,100,100,0.09,-0.81,12043.79,%sSafe,,
4309,24.51,1546.46,106.45,544.75,769.61,-0.76,0.88,-10.1,0,0,0,0,0,1,1,100,100,0.09,-0.81,12043.82,%sSafe,,
4310,28.63,1546.46,106.45,544.75,769.64,-0.86,0.88,-10.1,0,0,0,0,0,1,1,100,100,0.09,-0.81,12043.84,%sSafe,,
4311,22.76,1546.46,106.45,544.75,769.64,-0.86,0.72,-10.1,0,0,0,0,0,1,1,100,100,0.09,-0.81,12043.87,%sSafe,,
4312,30.55,1546.42,106.45,544.75,769.64,-0.86,0.72,-10.1,0,0,0,0,0,1,1,100,100,0.09,-0.81,12043.9,%sSafe,,
4313,24.47,1546.42,106.57,544.72,769.57,-0.86,0.72,-10.1,0,0,0,0,0,1,1,100,100,0.09,-0.81,12043.92,%sSafe,,
4314,32.98,1546.42,106.57,544.72,769.57,-1,0.25,-10.1,0,0,0,0,0,1,1,100,100,0.09,-0.81,12043.95,%sSafe,,
4315,27.41,1546.42,106.57,544.72,769.57,-1,0.25,-10.1,0,0,0,0,0,1,1,100,100,0.09,-0.81,12043.98,%sSafe,,
4316,24.25,1546.55,106.54,544.72,769.57,-1,0.25,-10.1,0,0,0,0,0,1,1,100,100,0.09,-0.81,12044.01,%sSafe,,
4317,24.94,1546.55,106.54,544.65,769.58,-1.08,-0.06,-10.1,0,0,0,0,0,1,1,100,100,0.09,-0.81,12044.03,%sSafe,,
4318,25.61,1546.55,106.54,544.65,769.58,-1.08,-0.06,-10.1,0,0,0,0,0,1,1,100,100,0.09,-0.81,12044.06,%sSafe,,
4319,25.27,1546.62,106.54,544.65,769.58,-1.08,-0.06,-10.1,0,0,0,0,0,1,1,100,100,0.09,-0.81,12044.08,%sSafe,,
4320,23.33,1546.62,106.61,544.64,769.58,-1.08,-0.06,-10.1,0,0,0,0,0,1,1,100,100,0.09,-0.81,12044.11,%sSafe,,
4321,21.04,1546.62,106.61,544.64,769.45,-1.21,-0.26,-10.1,0,0,0,0,0,1,1,100,100,0.09,-0.81,12044.13,%sSafe,,
4322,26.83,1546.62,106.61,544.64,769.45,-1.21,-0.26,-10.1,0,0,0,0,0,1,1,100,100,0.09,-0.81,12044.15,%sSafe,,
4323,24.69,1546.52,106.65,544.59,769.45,-1.21,-0.26,-10.1,0,0,0,0,0,1,1,100,100,0.09,-0.81,12044.18,%sSafe,,
4324,28.19,1546.52,106.65,544.59,769.41,-1.35,-0.26,-10.1,0,0,0,0,0,1,1,100,100,0.09,-0.81,12044.21,%sSafe,,
4325,24.16,1546.52,106.65,544.59,769.41,-1.35,-0.46,-10.1,0,0,0,0,0,1,1,100,100,0.09,-0.81,12044.23,%sSafe,,
4326,28.87,1546.7,106.65,544.59,769.41,-1.35,-0.46,-10.1,0,0,0,0,0,1,1,100,100,0.09,-0.81,12044.26,%sSafe,,
4327,27.44,1546.7,106.6,544.59,769.41,-1.35,-0.46,-10.1,0,0,0,0,0,1,1,100,100,0.09,-0.81,12044.29,%sSafe,,
4328,27.7,1546.7,106.6,544.59,769.37,-1.47,-0.46,-10.1,0,0,0,0,0,1,1,100,100,0.09,-0.81,12044.31,%sSafe,,
4329,29.75,1546.7,106.6,544.59,769.37,-1.47,-0.55,-10.1,0,0,0,0,0,1,1,100,100,0.09,-0.81,12044.34,%sSafe,,
4330,26.63,1546.76,106.6,544.59,769.37,-1.47,-0.55,-10.1,0,0,0,0,0,1,1,100,100,0.09,-0.81,12044.37,%sSafe,,
4331,26.7,1546.76,106.48,544.59,769.37,-1.47,-0.55,-10.1,0,0,0,0,0,1,1,100,100,0.09,-0.81,12044.4,%sSafe,,
4332,27.67,1546.76,106.48,544.6,769.37,-1.47,-0.55,-10.1,0,0,0,0,0,1,1,100,100,0.09,-0.81,12044.43,%sSafe,,
4333,31.22,1546.76,106.48,544.6,769.41,-1.55,-0.55,-10.1,0,0,0,0,0,1,1,100,100,0.09,-0.81,12044.46,%sSafe,,
4334,24.05,1546.76,106.48,544.6,769.41,-1.55,-0.64,-10.09,0,0,0,0,0,1,1,100,100,0.09,-0.81,12044.48,%sSafe,,
4335,25.17,1546.76,106.48,544.6,769.41,-1.55,-0.64,-10.09,0,0,0,0,0,1,1,100,100,0.09,-0.81,12044.51,%sSafe,,
4336,25.24,1546.76,106.48,544.6,769.41,-1.55,-0.64,-10.09,0,0,0,0,0,1,1,100,100,0.09,-0.81,12044.53,%sSafe,,
4337,29.72,1546.76,106.39,544.65,769.41,-1.55,-0.64,-10.09,0,0,0,0,0,1,1,100,100,0.09,-0.81,12044.56,%sSafe,,
4338,27.77,1546.76,106.39,544.65,769.41,-1.55,-0.64,-10.09,0,0,0,0,0,1,1,100,100,0.09,-0.81,12044.59,%sSafe,,
4339,28.2,1546.76,106.39,544.65,769.46,-1.63,-0.64,-10.09,0,0,0,0,0,1,1,100,100,0.09,-0.81,12044.62,%sSafe,,
4340,28.76,1546.76,106.39,544.65,769.46,-1.63,-0.92,-10.09,0,0,0,0,0,1,1,100,100,0.09,-0.81,12044.65,%sSafe,,
4341,31.21,1546.76,106.39,544.65,769.46,-1.63,-0.92,-10.09,0,0,0,0,0,1,1,100,100,0.09,-0.82,12044.68,%sSafe,,
4342,27.21,1546.85,106.41,544.65,769.46,-1.63,-0.92,-10.09,0,0,0,0,0,1,1,100,100,0.09,-0.82,12044.7,%sSafe,,
4343,32.58,1546.85,106.41,544.67,769.46,-1.63,-0.92,-10.09,0,0,0,0,0,1,1,100,100,0.09,-0.82,12044.74,%sSafe,,
4344,30.24,1546.85,106.41,544.67,769.5,-1.7,-0.92,-10.09,0,0,0,0,0,1,1,100,100,0.09,-0.82,12044.77,%sSafe,,
4345,27.61,1546.85,106.41,544.67,769.5,-1.7,-0.98,-10.09,0,0,0,0,0,1,1,100,100,0.09,-0.82,12044.79,%sSafe,,
4346,31.08,1546.85,106.41,544.67,769.5,-1.7,-0.98,-10.1,0,0,0,0,0,1,1,100,100,0.09,-0.82,12044.83,%sSafe,,
4347,27.65,1546.85,106.41,544.67,769.5,-1.7,-0.98,-10.1,0,0,0,0,0,1,1,100,100,0.09,-0.82,12044.85,%sSafe,,
4348,26.8,1546.94,106.38,544.67,769.5,-1.7,-0.98,-10.1,0,0,0,0,0,1,1,100,100,0.09,-0.82,12044.88,%sSafe,,
4349,30.49,1546.94,106.38,544.7,769.54,-1.71,-0.98,-10.1,0,0,0,0,0,1,1,100,100,0.09,-0.82,12044.91,%sSafe,,
4350,31.21,1546.94,106.38,544.7,769.54,-1.71,-1.29,-10.1,0,0,0,0,0,1,1,100,100,0.09,-0.82,12044.94,%sSafe,,
4351,24.13,1546.94,106.38,544.7,769.54,-1.71,-1.29,-10.09,0,0,0,0,0,1,1,100,100,0.09,-0.82,12044.97,%sSafe,,
4352,35.61,1546.95,106.38,544.7,769.54,-1.71,-1.29,-10.09,0,0,0,0,0,1,1,100,100,0.09,-0.82,12045,%sSafe,,
4353,32.95,1546.95,106.35,544.7,769.54,-1.71,-1.29,-10.09,0,0,0,0,0,1,1,100,100,0.09,-0.82,12045.03,%sSafe,,
4354,35.15,1546.95,106.35,544.73,769.54,-1.71,-1.29,-10.09,0,0,0,0,0,1,1,100,100,0.09,-0.82,12045.07,%sSafe,,
4355,28.63,1546.95,106.35,544.73,769.59,-1.71,-1.29,-10.09,0,0,0,0,0,1,1,100,100,0.09,-0.82,12045.1,%sSafe,,
4356,30.22,1546.95,106.35,544.73,769.59,-1.74,-1.44,-10.09,0,0,0,0,0,1,1,100,100,0.09,-0.82,12045.13,%sSafe,,
4357,28.65,1546.95,106.35,544.73,769.59,-1.74,-1.44,-10.1,0,0,0,0,0,1,1,100,100,0.09,-0.82,12045.16,%sSafe,,
4358,30.67,1547.03,106.35,544.73,769.59,-1.74,-1.44,-10.1,0,0,0,0,0,1,1,100,100,0.09,-0.82,12045.19,%sSafe,,
4359,34.15,1547.03,106.31,544.73,769.59,-1.74,-1.44,-10.1,0,0,0,0,0,1,1,100,100,0.09,-0.82,12045.22,%sSafe,,
4360,21.62,1547.03,106.31,544.77,769.59,-1.74,-1.44,-10.1,0,0,0,0,0,1,1,100,100,0.09,-0.82,12045.24,%sSafe,,
4361,26.51,1547.03,106.31,544.77,769.72,-1.74,-1.55,-10.1,0,0,0,0,0,1,1,100,100,0.09,-0.82,12045.27,%sSafe,,
4362,25.04,1547.03,106.31,544.77,769.72,-1.74,-1.55,-10.11,0,0,0,0,0,1,1,100,100,0.09,-0.82,12045.29,%sSafe,,
4363,30.32,1547.03,106.31,544.77,769.72,-1.74,-1.55,-10.11,0,0,0,0,0,1,1,100,100,0.09,-0.82,12045.32,%sSafe,,
4364,22.7,1547.05,106.34,544.83,769.72,-1.74,-1.55,-10.11,0,0,0,0,0,1,1,100,100,0.09,-0.82,12045.35,%sSafe,,
4365,28.66,1547.05,106.34,544.83,769.68,-1.74,-1.55,-10.11,0,0,0,0,0,1,1,100,100,0.09,-0.82,12045.38,%sSafe,,
4366,25.31,1547.05,106.34,544.83,769.68,-1.74,-1.74,-10.11,0,0,0,0,0,1,1,100,100,0.09,-0.82,12045.4,%sSafe,,
4367,22.84,1547.05,106.34,544.83,769.68,-1.74,-1.74,-10.11,0,0,0,0,0,1,1,100,100,0.09,-0.82,12045.42,%sSafe,,
4368,26.38,1547.24,106.34,544.83,769.68,-1.74,-1.74,-10.11,0,0,0,0,0,1,1,100,100,0.08,-0.82,12045.45,%sSafe,,
4369,31.64,1547.24,106.3,544.83,769.68,-1.74,-1.74,-10.11,0,0,0,0,0,1,1,100,100,0.08,-0.82,12045.48,%sSafe,,
4370,25.23,1547.24,106.3,544.83,769.76,-1.74,-1.74,-10.11,0,0,0,0,0,1,1,100,100,0.08,-0.82,12045.51,%sSafe,,
4371,27.71,1547.24,106.3,544.83,769.76,-1.76,-1.81,-10.1,0,0,0,0,0,1,1,100,100,0.08,-0.82,12045.54,%sSafe,,
4372,24.95,1547.24,106.3,544.83,769.76,-1.76,-1.81,-10.1,0,0,0,0,0,1,1,100,100,0.08,-0.82,12045.56,%sSafe,,
4373,25.24,1547.24,106.3,544.83,769.76,-1.76,-1.81,-10.1,0,0,0,0,0,1,1,100,100,0.08,-0.82,12045.59,%sSafe,,
4374,22.51,1547.37,106.31,544.83,769.76,-1.76,-1.81,-10.1,0,0,0,0,0,1,1,100,100,0.08,-0.82,12045.61,%sSafe,,
4375,25.74,1547.37,106.31,544.86,769.76,-1.77,-1.81,-10.1,0,0,0,0,0,1,1,100,100,0.08,-0.82,12045.63,%sSafe,,
4376,25.9,1547.37,106.31,544.86,769.76,-1.77,-1.95,-10.1,0,0,0,0,0,1,1,100,100,0.08,-0.82,12045.66,%sSafe,,
4377,26.86,1547.37,106.31,544.86,769.76,-1.77,-1.95,-10.1,0,0,0,0,0,1,1,100,100,0.08,-0.82,12045.69,%sSafe,,
4378,25.47,1547.37,106.34,544.89,769.76,-1.77,-1.95,-10.1,0,0,0,0,0,1,1,100,100,0.08,-0.82,12045.71,%sSafe,,
4379,27.25,1547.37,106.34,544.89,769.8,-1.77,-1.95,-10.1,0,0,0,0,0,1,1,100,100,0.08,-0.82,12045.74,%sSafe,,
4380,28.69,1547.37,106.34,544.89,769.8,-1.77,-2.03,-10.11,0,0,0,0,0,1,1,100,100,0.08,-0.82,12045.77,%sSafe,,
4381,23.3,1547.37,106.34,544.89,769.8,-1.77,-2.03,-10.11,0,0,0,0,0,1,1,100,100,0.08,-0.82,12045.79,%sSafe,,
4382,30.37,1547.44,106.42,544.92,769.8,-1.77,-2.03,-10.11,0,0,0,0,0,1,1,100,100,0.08,-0.82,12045.82,%sSafe,,
4383,28.99,1547.44,106.42,544.92,769.75,-1.8,-2.03,-10.11,0,0,0,0,0,1,1,100,100,0.08,-0.82,12045.85,%sSafe,,
4384,24.08,1547.44,106.42,544.92,769.75,-1.8,-2.16,-10.12,0,0,0,0,0,1,1,100,100,0.08,-0.82,12045.87,%sSafe,,
4385,24,1547.44,106.42,544.92,769.75,-1.8,-2.16,-10.12,0,0,0,0,0,1,1,100,100,0.08,-0.82,12045.9,%sSafe,,
4386,28.89,1547.59,106.44,544.9,769.75,-1.8,-2.16,-10.12,0,0,0,0,0,1,1,100,100,0.08,-0.82,12045.93,%sSafe,,
4387,26.33,1547.59,106.44,544.9,769.73,-1.8,-2.16,-10.12,0,0,0,0,0,1,1,100,100,0.08,-0.82,12045.95,%sSafe,,
4388,22.21,1547.59,106.44,544.9,769.73,-1.8,-2.35,-10.12,0,0,0,0,0,1,1,100,100,0.08,-0.82,12045.98,%sSafe,,
4389,24.43,1547.59,106.35,544.9,769.73,-1.8,-2.35,-10.12,0,0,0,0,0,1,1,100,100,0.08,-0.82,12046,%sSafe,,
4390,26.42,1547.59,106.35,544.91,769.65,-1.8,-2.35,-10.12,0,0,0,0,0,1,1,100,100,0.08,-0.82,12046.03,%sSafe,,
4391,22.31,1547.59,106.35,544.91,769.65,-1.78,-2.62,-10.12,0,0,0,0,0,1,1,100,100,0.08,-0.82,12046.05,%sSafe,,
4392,25.11,1547.59,106.35,544.91,769.65,-1.78,-2.62,-10.11,0,0,0,0,0,1,1,100,100,0.08,-0.82,12046.07,%sSafe,,
4393,24.93,1547.62,106.25,544.92,769.68,-1.78,-2.62,-10.11,0,0,0,0,0,1,1,100,100,0.08,-0.82,12046.1,%sSafe,,
4394,27.01,1547.62,106.25,544.92,769.68,-1.77,-2.62,-10.11,0,0,0,0,0,1,1,100,100,0.08,-0.82,12046.13,%sSafe,,
4395,22.26,1547.62,106.25,544.92,769.68,-1.77,-2.78,-10.11,0,0,0,0,0,1,1,100,100,0.08,-0.82,12046.15,%sSafe,,
4396,25.12,1547.62,106.25,544.92,769.68,-1.77,-2.78,-10.11,0,0,0,0,0,1,1,100,100,0.08,-0.83,12046.17,%sSafe,,
4397,23.64,1547.72,106.24,544.92,769.77,-1.77,-2.78,-10.11,0,0,0,0,0,1,1,100,100,0.08,-0.83,12046.2,%sSafe,,
4398,29.08,1547.72,106.24,544.92,769.77,-1.77,-2.97,-10.11,0,0,0,0,0,1,1,100,100,0.08,-0.83,12046.23,%sSafe,,
4399,26.7,1547.72,106.24,544.92,769.77,-1.77,-2.97,-10.11,0,0,0,0,0,1,1,100,100,0.08,-0.83,12046.25,%sSafe,,
4400,23.46,1547.85,106.24,544.92,769.77,-1.77,-2.97,-10.11,0,0,0,0,0,1,1,100,100,0.08,-0.83,12046.28,%sSafe,,
4401,24.18,1547.85,106.3,544.89,769.78,-1.77,-2.97,-10.11,0,0,0,0,0,1,1,100,100,0.08,-0.83,12046.3,%sSafe,,
4402,29.23,1547.85,106.3,544.89,769.78,-1.77,-3.04,-10.11,0,0,0,0,0,1,1,100,100,0.08,-0.83,12046.33,%sSafe,,
4403,22.27,1547.85,106.3,544.89,769.78,-1.77,-3.04,-10.11,0,0,0,0,0,1,1,100,100,0.08,-0.83,12046.35,%sSafe,,
4404,24.15,1547.95,106.34,544.89,769.78,-1.77,-3.04,-10.11,0,0,0,0,0,1,1,100,100,0.08,-0.83,12046.38,%sSafe,,
4405,25.65,1547.95,106.34,544.85,769.78,-1.77,-3.22,-10.11,0,0,0,0,0,1,1,100,100,0.08,-0.83,12046.4,%sSafe,,
4406,30.11,1547.95,106.34,544.85,769.78,-1.77,-3.22,-10.11,0,0,0,0,0,1,1,100,100,0.08,-0.83,12046.43,%sSafe,,
4407,22.72,1547.89,106.34,544.85,769.78,-1.77,-3.22,-10.11,0,0,0,0,0,1,1,100,100,0.08,-0.83,12046.45,%sSafe,,
4408,22.15,1547.89,106.45,544.87,769.8,-1.77,-3.22,-10.11,0,0,0,0,0,1,1,100,100,0.08,-0.83,12046.48,%sSafe,,
4409,22.93,1547.89,106.45,544.87,769.8,-1.77,-3.22,-10.11,0,0,0,0,0,1,1,100,100,0.08,-0.83,12046.5,%sSafe,,
4410,24.38,1547.94,106.45,544.87,769.8,-1.77,-3.22,-10.11,0,0,0,0,0,1,1,100,100,0.08,-0.83,12046.52,%sSafe,,
4411,28.57,1547.94,106.45,544.84,769.8,-1.77,-3.22,-10.11,0,0,0,0,0,1,1,100,100,0.08,-0.83,12046.55,%sSafe,,
4412,24.63,1547.94,106.45,544.84,769.87,-1.77,-3.23,-10.11,0,0,0,0,0,1,1,100,100,0.08,-0.83,12046.58,%sSafe,,
4413,25.84,1547.94,106.45,544.84,769.87,-1.77,-3.23,-10.11,0,0,0,0,0,1,1,100,100,0.08,-0.83,12046.6,%sSafe,,
4414,28.69,1548.05,106.44,544.84,769.87,-1.77,-3.23,-10.11,0,0,0,0,0,1,1,100,100,0.08,-0.83,12046.63,%sSafe,,
4415,26.66,1548.05,106.44,544.83,769.87,-1.77,-3.23,-10.11,0,0,0,0,0,1,1,100,100,0.08,-0.83,12046.66,%sSafe,,
4416,21.05,1548.05,106.44,544.83,769.78,-1.78,-3.42,-10.11,0,0,0,0,0,1,1,100,100,0.08,-0.83,12046.68,%sSafe,,
4417,25.11,1548.19,106.44,544.83,769.78,-1.78,-3.42,-10.11,0,0,0,0,0,1,1,100,100,0.08,-0.83,12046.7,%sSafe,,
4418,23.23,1548.19,106.53,544.81,769.78,-1.78,-3.42,-10.11,0,0,0,0,0,1,1,100,100,0.08,-0.83,12046.73,%sSafe,,
4419,45.41,1548.19,106.53,544.81,769.75,-1.78,-3.42,-10.11,0,0,0,0,0,1,1,100,100,0.08,-0.83,12046.77,%sSafe,,
4420,21.8,1548.19,106.53,544.81,769.75,-1.78,-3.43,-10.11,0,0,0,0,0,1,1,100,100,0.08,-0.83,12046.8,%sSafe,,
4421,26.21,1548.19,106.53,544.81,769.75,-1.78,-3.43,-10.1,0,0,0,0,0,1,1,100,100,0.08,-0.83,12046.82,%sSafe,,
4422,24.67,1548.24,106.52,544.81,769.75,-1.78,-3.43,-10.1,0,0,0,0,0,1,1,100,100,0.08,-0.83,12046.85,%sSafe,,
4423,23.92,1548.24,106.52,544.82,769.77,-1.79,-3.28,-10.1,0,0,0,0,0,1,1,100,100,0.08,-0.83,12046.87,%sSafe,,
4424,27.59,1548.24,106.52,544.82,769.77,-1.79,-3.28,-10.09,0,0,0,0,0,1,1,100,100,0.08,-0.83,12046.9,%sSafe,,
4425,25.65,1548.24,106.52,544.82,769.77,-1.79,-3.28,-10.09,0,0,0,0,0,1,1,100,100,0.08,-0.83,12046.92,%sSafe,,
4426,26.56,1548.44,106.46,544.81,769.76,-1.81,-3.3,-10.09,0,0,0,0,0,1,1,100,100,0.08,-0.83,12046.95,%sSafe,,
4427,29.31,1548.44,106.46,544.81,769.76,-1.81,-3.3,-10.09,0,0,0,0,0,1,1,100,100,0.08,-0.83,12046.98,%sSafe,,
4428,26.03,1548.44,106.46,544.81,769.76,-1.81,-3.3,-10.09,0,0,0,0,0,1,1,100,100,0.08,-0.83,12047.01,%sSafe,,
4429,26.14,1548.58,106.55,544.82,769.69,-1.81,-3.3,-10.09,0,0,0,0,0,1,1,100,100,0.08,-0.83,12047.03,%sSafe,,
4430,30.7,1548.58,106.55,544.82,769.69,-1.81,-3.3,-10.09,0,0,0,0,0,1,1,100,100,0.08,-0.83,12047.06,%sSafe,,
4431,25.55,1548.58,106.55,544.82,769.69,-1.81,-3.13,-10.1,0,0,0,0,0,1,1,100,100,0.08,-0.83,12047.09,%sSafe,,
4432,24.05,1548.58,106.61,544.82,769.69,-1.81,-3.13,-10.1,0,0,0,0,0,1,1,100,100,0.08,-0.83,12047.11,%sSafe,,
4433,23.55,1548.58,106.61,544.82,769.69,-1.81,-3.13,-10.1,0,0,0,0,0,1,1,100,100,0.08,-0.83,12047.14,%sSafe,,
4434,21.95,1548.58,106.61,544.82,769.69,-1.82,-3.08,-10.1,0,0,0,0,0,1,1,100,100,0.08,-0.83,12047.16,%sSafe,,
4435,24.77,1548.64,106.61,544.82,769.69,-1.82,-3.08,-10.1,0,0,0,0,0,1,1,100,100,0.08,-0.82,12047.18,%sSafe,,
4436,22.58,1548.64,106.51,544.82,769.69,-1.82,-3.08,-10.1,0,0,0,0,0,1,1,100,100,0.08,-0.82,12047.2,%sSafe,,
4437,23.17,1548.64,106.51,544.87,769.7,-1.82,-3.08,-10.1,0,0,0,0,0,1,1,100,100,0.08,-0.82,12047.23,%sSafe,,
4438,27.14,1548.64,106.51,544.87,769.7,-1.82,-3.12,-10.1,0,0,0,0,0,1,1,100,100,0.08,-0.82,12047.25,%sSafe,,
4439,24.69,1548.77,106.45,544.87,769.7,-1.82,-3.12,-10.1,0,0,0,0,0,1,1,100,100,0.08,-0.82,12047.28,%sSafe,,
4440,36.02,1548.77,106.45,544.89,769.71,-1.82,-3.12,-10.1,0,0,0,0,0,1,1,100,100,0.08,-0.82,12047.32,%sSafe,,
4441,26.63,1548.77,106.45,544.89,769.71,-1.82,-3.07,-10.1,0,0,0,0,0,1,1,100,100,0.08,-0.82,12047.34,%sSafe,,
4442,28.19,1548.77,106.45,544.89,769.71,-1.82,-3.07,-10.1,0,0,0,0,0,1,1,100,100,0.08,-0.82,12047.37,%sSafe,,
4443,25.1,1548.83,106.33,544.92,769.77,-1.82,-3.07,-10.1,0,0,0,0,0,1,1,100,100,0.08,-0.82,12047.4,%sSafe,,
4444,26.71,1548.83,106.33,544.92,769.77,-1.82,-3.18,-10.1,0,0,0,0,0,1,1,100,100,0.08,-0.82,12047.42,%sSafe,,
4445,23.1,1548.83,106.33,544.92,769.77,-1.82,-3.18,-10.1,0,0,0,0,0,1,1,100,100,0.08,-0.82,12047.45,%sSafe,,
4446,22.66,1548.82,106.43,544.92,769.77,-1.82,-3.18,-10.1,0,0,0,0,0,1,1,100,100,0.08,-0.82,12047.47,%sSafe,,
4447,24.01,1548.82,106.43,544.99,769.74,-1.82,-3.33,-10.1,0,0,0,0,0,1,1,100,100,0.08,-0.82,12047.49,%sSafe,,
4448,31.16,1548.82,106.43,544.99,769.74,-1.82,-3.33,-10.1,0,0,0,0,0,1,1,100,100,0.08,-0.82,12047.52,%sSafe,,
4449,23.18,1548.83,106.43,544.99,769.74,-1.82,-3.33,-10.1,0,0,0,0,0,1,1,100,100,0.08,-0.82,12047.55,%sSafe,,
4450,25.54,1548.83,106.44,545.02,769.84,-1.8,-3.21,-10.1,0,0,0,0,0,1,1,100,100,0.08,-0.82,12047.57,%sSafe,,
4451,28.59,1548.83,106.44,545.02,769.84,-1.8,-3.21,-10.1,0,0,0,0,0,1,1,100,100,0.08,-0.82,12047.6,%sSafe,,
4452,21.63,1548.86,106.44,545.02,769.84,-1.8,-3.21,-10.1,0,0,0,0,0,1,1,100,100,0.08,-0.82,12047.62,%sSafe,,
4453,23.01,1548.86,106.35,545.03,769.84,-1.8,-3.21,-10.1,0,0,0,0,0,1,1,100,100,0.08,-0.82,12047.65,%sSafe,,
4454,26.62,1548.86,106.35,545.03,769.9,-1.8,-3.21,-10.1,0,0,0,0,0,1,1,100,100,0.08,-0.82,12047.67,%sSafe,,
4455,22.89,1548.92,106.35,545.03,769.9,-1.8,-3.16,-10.1,0,0,0,0,0,1,1,100,100,0.08,-0.83,12047.69,%sSafe,,
4456,28.16,1548.92,106.37,545.05,769.93,-1.8,-3.16,-10.1,0,0,0,0,0,1,1,100,100,0.08,-0.83,12047.72,%sSafe,,
4457,22.05,1548.92,106.37,545.05,769.93,-1.79,-3.16,-10.1,0,0,0,0,0,1,1,100,100,0.08,-0.83,12047.74,%sSafe,,
4458,21.56,1548.92,106.37,545.05,769.93,-1.79,-3.33,-10.11,0,0,0,0,0,1,1,100,100,0.08,-0.83,12047.77,%sSafe,,
4459,25.12,1548.89,106.37,545.05,769.93,-1.79,-3.33,-10.11,0,0,0,0,0,1,1,100,100,0.08,-0.83,12047.79,%sSafe,,
4460,21.08,1548.89,106.38,545.09,770.07,-1.79,-3.33,-10.11,0,0,0,0,0,1,1,100,100,0.08,-0.83,12047.81,%sSafe,,
4461,22.12,1548.89,106.38,545.09,770.07,-1.79,-3.33,-10.11,0,0,0,0,0,1,1,100,100,0.08,-0.83,12047.83,%sSafe,,
4462,23.67,1548.94,106.38,545.09,770.07,-1.79,-3.18,-10.1,0,0,0,0,0,1,1,100,100,0.08,-0.83,12047.86,%sSafe,,
4463,27.85,1548.94,106.3,545.1,770.07,-1.79,-3.18,-10.1,0,0,0,0,0,1,1,100,100,0.08,-0.83,12047.89,%sSafe,,
4464,23.57,1548.94,106.3,545.1,770.09,-1.79,-3.18,-10.1,0,0,0,0,0,1,1,100,100,0.08,-0.83,12047.91,%sSafe,,
4465,26.58,1548.94,106.3,545.1,770.09,-1.79,-3.23,-10.09,0,0,0,0,0,1,1,100,100,0.08,-0.83,12047.94,%sSafe,,
4466,26.02,1549.07,106.28,545.11,770.09,-1.79,-3.23,-10.09,0,0,0,0,0,1,1,100,100,0.08,-0.83,12047.96,%sSafe,,
4467,27.61,1549.07,106.28,545.11,770.04,-1.79,-3.19,-10.09,0,0,0,0,0,1,1,100,100,0.08,-0.83,12047.99,%sSafe,,
4468,24.65,1549.07,106.28,545.11,770.04,-1.79,-3.19,-10.09,0,0,0,0,0,1,1,100,100,0.08,-0.83,12048.01,%sSafe,,
4469,23.58,1549.07,106.23,545.07,770.02,-1.79,-3.19,-10.09,0,0,0,0,0,1,1,100,100,0.08,-0.83,12048.04,%sSafe,,
4470,25.07,1549.07,106.23,545.07,770.02,-1.79,-3.15,-10.08,0,0,0,0,0,1,1,100,100,0.08,-0.83,12048.06,%sSafe,,
4471,24.57,1549.07,106.23,545.07,770.02,-1.79,-3.15,-10.08,0,0,0,0,0,1,1,100,100,0.08,-0.82,12048.09,%sSafe,,
4472,22.07,1549.09,106.22,545.07,770.02,-1.79,-3.15,-10.08,0,0,0,0,0,1,1,100,100,0.08,-0.82,12048.11,%sSafe,,
4473,22.64,1549.09,106.22,545.09,770,-1.79,-3.15,-10.08,0,0,0,0,0,1,1,100,100,0.08,-0.82,12048.13,%sSafe,,
4474,24.55,1549.09,106.22,545.09,770,-1.79,-3.06,-10.08,0,0,0,0,0,1,1,100,100,0.08,-0.83,12048.16,%sSafe,,
4475,26.05,1549.25,106.25,545.08,770,-1.79,-3.06,-10.08,0,0,0,0,0,1,1,100,100,0.08,-0.83,12048.18,%sSafe,,
4476,24.6,1549.25,106.25,545.08,769.95,-1.78,-3.24,-10.08,0,0,0,0,0,1,1,100,100,0.08,-0.83,12048.21,%sSafe,,
4477,25.59,1549.25,106.25,545.08,769.95,-1.78,-3.24,-10.08,0,0,0,0,0,1,1,100,100,0.08,-0.82,12048.23,%sSafe,,
4478,25.57,1549.36,106.23,545.09,770.04,-1.78,-3.24,-10.08,0,0,0,0,0,1,1,100,100,0.08,-0.82,12048.26,%sSafe,,
4479,25.8,1549.36,106.23,545.09,770.04,-1.78,-3.13,-10.08,0,0,0,0,0,1,1,100,100,0.08,-0.82,12048.28,%sSafe,,
4480,22.66,1549.36,106.23,545.09,770.04,-1.78,-3.13,-10.08,0,0,0,0,0,1,1,100,100,0.08,-0.82,12048.31,%sSafe,,
4481,23.55,1549.47,106.11,545.11,770.04,-1.78,-3.13,-10.08,0,0,0,0,0,1,1,100,100,0.08,-0.82,12048.33,%sSafe,,
4482,24.24,1549.47,106.11,545.11,769.98,-1.79,-3.13,-10.08,0,0,0,0,0,1,1,100,100,0.08,-0.82,12048.36,%sSafe,,
4483,24.37,1549.45,106.14,545.11,769.98,-1.79,-3.1,-10.08,0,0,0,0,0,1,1,100,100,0.08,-0.82,12048.38,%sSafe,,
4484,24.96,1549.45,106.14,545.12,770.04,-1.79,-3.1,-10.08,0,0,0,0,0,1,1,100,100,0.08,-0.82,12048.4,%sSafe,,
4485,24.8,1549.45,106.14,545.12,770.04,-1.8,-3.27,-10.08,0,0,0,0,0,1,1,100,100,0.08,-0.82,12048.43,%sSafe,,
4486,27.16,1549.45,106.14,545.12,770.04,-1.8,-3.27,-10.09,0,0,0,0,0,1,1,100,100,0.08,-0.82,12048.46,%sSafe,,
4487,27.84,1549.5,106.18,545.16,770.04,-1.8,-3.27,-10.09,0,0,0,0,0,1,1,100,100,0.08,-0.82,12048.48,%sSafe,,
4488,25.23,1549.5,106.18,545.16,770.02,-1.8,-3.27,-10.09,0,0,0,0,0,1,1,100,100,0.08,-0.82,12048.51,%sSafe,,
4489,23.66,1549.5,106.18,545.16,770.02,-1.8,-3.27,-10.09,0,0,0,0,0,1,1,100,100,0.08,-0.82,12048.53,%sSafe,,
4490,22.14,1549.5,106.18,545.16,770.02,-1.8,-3.27,-10.08,0,0,0,0,0,1,1,100,100,0.08,-0.83,12048.56,%sSafe,,
4491,22.72,1549.51,106.3,545.16,770.02,-1.8,-3.27,-10.08,0,0,0,0,0,1,1,100,100,0.08,-0.83,12048.58,%sSafe,,
4492,24.96,1549.51,106.3,545.18,770.02,-1.79,-3.37,-10.08,0,0,0,0,0,1,1,100,100,0.08,-0.83,12048.6,%sSafe,,
4493,24.16,1549.51,106.3,545.18,770.02,-1.79,-3.37,-10.09,0,0,0,0,0,1,1,100,100,0.08,-0.83,12048.63,%sSafe,,
4494,25.99,1549.61,106.35,545.18,770.02,-1.79,-3.37,-10.09,0,0,0,0,0,1,1,100,100,0.08,-0.83,12048.65,%sSafe,,
4495,22.05,1549.61,106.35,545.12,770.02,-1.79,-3.37,-10.09,0,0,0,0,0,1,1,100,100,0.08,-0.83,12048.68,%sSafe,,
4496,22.65,1549.61,106.35,545.12,770.03,-1.79,-3.37,-10.09,0,0,0,0,0,1,1,100,100,0.08,-0.83,12048.7,%sSafe,,
4497,24.62,1549.61,106.35,545.12,770.03,-1.79,-3.5,-10.09,0,0,0,0,0,1,1,100,100,0.08,-0.83,12048.72,%sSafe,,
4498,26.62,1549.61,106.33,545.18,770.03,-1.79,-3.5,-10.09,0,0,0,0,0,1,1,100,100,0.08,-0.83,12048.75,%sSafe,,
4499,23.08,1549.61,106.33,545.18,770.01,-1.79,-3.5,-10.09,0,0,0,0,0,1,1,100,100,0.08,-0.83,12048.77,%sSafe,,
4500,23.02,1549.61,106.33,545.18,770.01,-1.79,-3.56,-10.09,0,0,0,0,0,1,1,100,100,0.08,-0.83,12048.8,%sSafe,,
4501,25.33,1549.65,106.33,545.18,770.01,-1.79,-3.56,-10.09,0,0,0,0,0,1,1,100,100,0.08,-0.83,12048.82,%sSafe,,
4502,22.54,1549.65,106.41,545.2,769.95,-1.78,-3.56,-10.09,0,0,0,0,0,1,1,100,100,0.08,-0.83,12048.84,%sSafe,,
4503,25.55,1549.65,106.41,545.2,769.95,-1.78,-3.61,-10.09,0,0,0,0,0,1,1,100,100,0.08,-0.83,12048.87,%sSafe,,
4504,24.11,1549.65,106.41,545.2,769.95,-1.78,-3.61,-10.09,0,0,0,0,0,1,1,100,100,0.08,-0.83,12048.89,%sSafe,,
4505,23.81,1549.69,106.47,545.2,769.95,-1.78,-3.61,-10.09,0,0,0,0,0,1,1,100,100,0.08,-0.83,12048.92,%sSafe,,
4506,24.09,1549.69,106.47,545.2,770.04,-1.78,-3.61,-10.09,0,0,0,0,0,1,1,100,100,0.08,-0.83,12048.94,%sSafe,,
4507,26.61,1549.69,106.47,545.2,770.04,-1.78,-3.6,-10.09,0,0,0,0,0,1,1,100,100,0.08,-0.83,12048.97,%sSafe,,
4508,28.02,1549.6,106.47,545.19,770.04,-1.78,-3.6,-10.09,0,0,0,0,0,1,1,100,100,0.08,-0.83,12049,%sSafe,,
4509,25.19,1549.6,106.47,545.19,770.06,-1.78,-3.6,-10.09,0,0,0,0,0,1,1,100,100,0.08,-0.83,12049.02,%sSafe,,
4510,23.11,1549.6,106.47,545.19,770.06,-1.78,-3.46,-10.09,0,0,0,0,0,1,1,100,100,0.07,-0.83,12049.04,%sSafe,,
4511,25.41,1549.6,106.38,545.15,770.06,-1.78,-3.46,-10.09,0,0,0,0,0,1,1,100,100,0.07,-0.83,12049.07,%sSafe,,
4512,25.99,1549.6,106.38,545.15,770.01,-1.78,-3.66,-10.09,0,0,0,0,0,1,1,100,100,0.07,-0.83,12049.1,%sSafe,,
4513,25.14,1549.58,106.38,545.15,770.01,-1.78,-3.66,-10.09,0,0,0,0,0,1,1,100,100,0.08,-0.83,12049.12,%sSafe,,
4514,23.1,1549.58,106.42,545.15,770.01,-1.78,-3.66,-10.09,0,0,0,0,0,1,1,100,100,0.08,-0.83,12049.14,%sSafe,,
4515,24.43,1549.58,106.42,545.12,770.09,-1.78,-3.81,-10.09,0,0,0,0,0,1,1,100,100,0.08,-0.83,12049.17,%sSafe,,
4516,22.98,1549.58,106.42,545.12,770.09,-1.78,-3.81,-10.09,0,0,0,0,0,1,1,100,100,0.08,-0.83,12049.19,%sSafe,,
4517,24.62,1549.66,106.37,545.08,770.09,-1.78,-3.81,-10.09,0,0,0,0,0,1,1,100,100,0.08,-0.83,12049.22,%sSafe,,
4518,22.55,1549.66,106.37,545.08,770.15,-1.78,-3.84,-10.09,0,0,0,0,0,1,1,100,100,0.08,-0.83,12049.24,%sSafe,,
4519,23.03,1549.66,106.37,545.08,770.15,-1.78,-3.84,-10.09,0,0,0,0,0,1,1,100,100,0.08,-0.83,12049.26,%sSafe,,
4520,26.6,1549.68,106.35,545.07,770.15,-1.78,-3.84,-10.09,0,0,0,0,0,1,1,100,100,0.08,-0.83,12049.29,%sSafe,,
4521,23.09,1549.68,106.35,545.07,770.13,-1.77,-3.81,-10.08,0,0,0,0,0,1,1,100,100,0.08,-0.83,12049.31,%sSafe,,
4522,22.56,1549.74,106.35,545.07,770.13,-1.77,-3.81,-10.08,0,0,0,0,0,1,1,100,100,0.08,-0.83,12049.33,%sSafe,,
4523,24.6,1549.74,106.34,545.02,770.13,-1.77,-3.81,-10.08,0,0,0,0,0,1,1,100,100,0.08,-0.83,12049.36,%sSafe,,
4524,22.08,1549.74,106.34,545.02,770.1,-1.78,-3.81,-10.08,0,0,0,0,0,1,1,100,100,0.08,-0.83,12049.38,%sSafe,,
4525,23.07,1549.74,106.34,545.02,770.1,-1.78,-3.79,-10.08,0,0,0,0,0,1,1,100,100,0.08,-0.83,12049.4,%sSafe,,
4526,22.42,1549.69,106.35,545.02,770.1,-1.78,-3.79,-10.08,0,0,0,0,0,1,1,100,100,0.08,-0.83,12049.43,%sSafe,,
4527,23.63,1549.69,106.35,545.05,770.06,-1.79,-3.83,-10.1,0,0,0,0,0,1,1,100,100,0.08,-0.83,12049.45,%sSafe,,
4528,26.1,1549.69,106.35,545.05,770.06,-1.79,-3.83,-10.1,0,0,0,0,0,1,1,100,100,0.08,-0.83,12049.48,%sSafe,,
4529,22.59,1549.73,106.32,545.05,770.06,-1.79,-3.83,-10.1,0,0,0,0,0,1,1,100,100,0.08,-0.83,12049.5,%sSafe,,
4530,27.77,1549.73,106.32,544.98,770.06,-1.79,-3.81,-10.1,0,0,0,0,0,1,1,100,100,0.08,-0.83,12049.53,%sSafe,,
4531,25.69,1549.77,106.32,544.98,770.06,-1.79,-3.81,-10.1,0,0,0,0,0,1,1,100,100,0.08,-0.83,12049.55,%sSafe,,
4532,26.28,1549.77,106.25,544.97,770.17,-1.79,-3.81,-10.1,0,0,0,0,0,1,1,100,100,0.08,-0.83,12049.58,%sSafe,,
4533,22.02,1549.77,106.25,544.97,770.17,-1.79,-3.81,-10.1,0,0,0,0,0,1,1,100,100,0.08,-0.83,12049.6,%sSafe,,
4534,24.47,1549.77,106.25,544.97,770.17,-1.79,-3.71,-10.1,0,0,0,0,0,1,1,100,100,0.08,-0.83,12049.62,%sSafe,,
4535,24.48,1549.85,106.23,544.97,770.17,-1.79,-3.71,-10.1,0,0,0,0,0,1,1,100,100,0.08,-0.83,12049.65,%sSafe,,
4536,24.19,1549.85,106.23,545.01,770.1,-1.78,-3.84,-10.1,0,0,0,0,0,1,1,100,100,0.08,-0.83,12049.67,%sSafe,,
4537,25.7,1549.85,106.23,545.01,770.1,-1.78,-3.84,-10.09,0,0,0,0,0,1,1,100,100,0.08,-0.83,12049.7,%sSafe,,
4538,26.74,1550,106.25,545.01,770.1,-1.78,-3.84,-10.09,0,0,0,0,0,1,1,100,100,0.08,-0.83,12049.72,%sSafe,,
4539,25.55,1550,106.25,545.04,770.16,-1.78,-3.84,-10.09,0,0,0,0,0,1,1,100,100,0.08,-0.83,12049.75,%sSafe,,
4540,22.72,1550,106.25,545.04,770.16,-1.78,-3.91,-10.1,0,0,0,0,0,1,1,100,100,0.08,-0.83,12049.77,%sSafe,,
4541,24.56,1549.99,106.25,545.04,770.16,-1.78,-3.91,-10.1,0,0,0,0,0,1,1,100,100,0.08,-0.83,12049.8,%sSafe,,
4542,23.56,1549.99,106.25,545.12,770.1,-1.78,-3.91,-10.1,0,0,0,0,0,1,1,100,100,0.08,-0.83,12049.82,%sSafe,,
4543,24.13,1549.99,106.25,545.12,770.1,-1.78,-3.9,-10.1,0,0,0,0,0,1,1,100,100,0.08,-0.83,12049.85,%sSafe,,
4544,25.6,1549.98,106.25,545.12,770.1,-1.78,-3.9,-10.09,0,0,0,0,0,1,1,100,100,0.08,-0.83,12049.87,%sSafe,,
4545,25.01,1549.98,106.27,545.17,770.02,-1.78,-3.9,-10.09,0,0,0,0,0,1,1,100,100,0.08,-0.83,12049.9,%sSafe,,
4546,29.36,1549.98,106.27,545.17,770.02,-1.78,-3.81,-10.09,0,0,0,0,0,1,1,100,100,0.08,-0.84,12049.93,%sSafe,,
4547,21.76,1549.98,106.27,545.17,770.02,-1.78,-3.81,-10.09,0,0,0,0,0,1,1,100,100,0.08,-0.84,12049.95,%sSafe,,
4548,25.17,1549.96,106.35,545.22,770.02,-1.78,-3.81,-10.09,0,0,0,0,0,1,1,100,100,0.08,-0.84,12049.97,%sSafe,,
4549,22.05,1549.96,106.35,545.22,769.96,-1.78,-3.66,-10.08,0,0,0,0,0,1,1,100,100,0.08,-0.84,12049.99,%sSafe,,
4550,29.31,1550.17,106.32,545.22,769.96,-1.78,-3.66,-10.08,0,0,0,0,0,1,1,100,100,0.08,-0.84,12050.02,%sSafe,,
4551,22.9,1550.17,106.32,545.18,769.97,-1.78,-3.66,-10.08,0,0,0,0,0,1,1,100,100,0.08,-0.84,12050.05,%sSafe,,
4552,22.13,1550.17,106.32,545.18,769.97,-1.79,-3.74,-10.08,0,0,0,0,0,1,1,100,100,0.08,-0.84,12050.07,%sSafe,,
4553,22.27,1550.24,106.32,545.18,769.97,-1.79,-3.74,-10.08,0,0,0,0,0,1,1,100,100,0.07,-0.84,12050.09,%sSafe,,
4554,21.08,1550.24,106.23,545.22,770,-1.79,-3.74,-10.08,0,0,0,0,0,1,1,100,100,0.07,-0.84,12050.11,%sSafe,,
4555,22.59,1550.24,106.23,545.22,770,-1.79,-3.98,-10.07,0,0,0,0,0,1,1,100,100,0.07,-0.84,12050.13,%sSafe,,
4556,23.83,1550.34,106.22,545.22,770,-1.79,-3.98,-10.07,0,0,0,0,0,1,1,100,100,0.07,-0.84,12050.16,%sSafe,,
4557,25.85,1550.34,106.22,545.23,770.12,-1.79,-3.98,-10.07,0,0,0,0,0,1,1,100,100,0.07,-0.84,12050.18,%sSafe,,
4558,22.63,1550.34,106.22,545.23,770.12,-1.79,-3.92,-10.08,0,0,0,0,0,1,1,100,100,0.07,-0.83,12050.21,%sSafe,,
4559,30.95,1550.38,106.37,545.23,770.12,-1.79,-3.92,-10.08,0,0,0,0,0,1,1,100,100,0.07,-0.83,12050.24,%sSafe,,
4560,30.7,1550.38,106.37,545.29,770.12,-1.79,-3.92,-10.08,0,0,0,0,0,1,1,100,100,0.07,-0.83,12050.27,%sSafe,,
4561,23.01,1550.38,106.37,545.29,770.18,-1.79,-3.92,-10.08,0,0,0,0,0,1,1,100,100,0.07,-0.83,12050.29,%sSafe,,
4562,24.72,1550.38,106.37,545.29,770.18,-1.79,-4.01,-10.08,0,0,0,0,0,1,1,100,100,0.07,-0.83,12050.32,%sSafe,,
4563,23.91,1550.5,106.37,545.29,770.18,-1.79,-4.01,-10.07,0,0,0,0,0,1,1,100,100,0.07,-0.83,12050.34,%sSafe,,
4564,24.84,1550.5,106.51,545.29,770.18,-1.79,-4.01,-10.07,0,0,0,0,0,1,1,100,100,0.07,-0.83,12050.37,%sSafe,,
4565,26.69,1550.5,106.51,545.3,770.18,-1.79,-4.01,-10.07,0,0,0,0,0,1,1,100,100,0.07,-0.83,12050.39,%sSafe,,
4566,31.45,1550.5,106.51,545.3,770.11,-1.79,-4.01,-10.07,0,0,0,0,0,1,1,100,100,0.07,-0.83,12050.42,%sSafe,,
4567,28.53,1550.5,106.51,545.3,770.11,-1.79,-4.15,-10.07,0,0,0,0,0,1,1,100,100,0.07,-0.83,12050.45,%sSafe,,
4568,25.72,1550.5,106.51,545.3,770.11,-1.79,-4.15,-10.07,0,0,0,0,0,1,1,100,100,0.07,-0.84,12050.48,%sSafe,,
4569,29.64,1550.42,106.51,545.3,770.11,-1.79,-4.15,-10.07,0,0,0,0,0,1,1,100,100,0.07,-0.84,12050.51,%sSafe,,
4570,29.35,1550.42,106.48,545.29,770.11,-1.79,-4.15,-10.07,0,0,0,0,0,1,1,100,100,0.07,-0.84,12050.54,%sSafe,,
4571,43.28,1550.42,106.48,545.29,770.26,-1.79,-4.15,-10.07,0,0,0,0,0,1,1,100,100,0.07,-0.84,12050.58,%sSafe,,
4572,26.72,1550.42,106.48,545.29,770.26,-1.8,-4.15,-10.07,0,0,0,0,0,1,1,100,100,0.07,-0.84,12050.61,%sSafe,,
4573,26.76,1550.42,106.48,545.29,770.26,-1.8,-4.18,-10.07,0,0,0,0,0,1,1,100,100,0.07,-0.84,12050.63,%sSafe,,
4574,34.21,1550.42,106.48,545.29,770.26,-1.8,-4.18,-10.07,0,0,0,0,0,1,1,100,100,0.07,-0.84,12050.67,%sSafe,,
4575,36.84,1550.4,106.46,545.29,770.26,-1.8,-4.18,-10.07,0,0,0,0,0,1,1,100,100,0.07,-0.84,12050.7,%sSafe,,
4576,30.41,1550.4,106.46,545.27,770.26,-1.8,-4.18,-10.07,0,0,0,0,0,1,1,100,100,0.07,-0.84,12050.73,%sSafe,,
4577,33.25,1550.4,106.46,545.27,770.2,-1.8,-4.18,-10.07,0,0,0,0,0,1,1,100,100,0.07,-0.84,12050.77,%sSafe,,
4578,38.22,1550.4,106.46,545.27,770.2,-1.8,-4.17,-10.07,0,0,0,0,0,1,1,100,100,0.07,-0.84,12050.81,%sSafe,,
4579,30.22,1550.4,106.46,545.27,770.2,-1.8,-4.17,-10.07,0,0,0,0,0,1,1,100,100,0.07,-0.84,12050.84,%sSafe,,
4580,28.14,1550.4,106.46,545.27,770.2,-1.8,-4.17,-10.07,0,0,0,0,0,1,1,100,100,0.07,-0.84,12050.86,%sSafe,,
4581,27.68,1550.48,106.43,545.27,770.2,-1.8,-4.17,-10.07,0,0,0,0,0,1,1,100,100,0.07,-0.84,12050.89,%sSafe,,
4582,35.78,1550.48,106.43,545.2,770.2,-1.8,-4.17,-10.07,0,0,0,0,0,1,1,100,100,0.07,-0.84,12050.93,%sSafe,,
4583,28.68,1550.48,106.43,545.2,770.27,-1.8,-4.17,-10.07,0,0,0,0,0,1,1,100,100,0.07,-0.84,12050.96,%sSafe,,
4584,35.78,1550.48,106.43,545.2,770.27,-1.8,-4.07,-10.07,0,0,0,0,0,1,1,100,100,0.07,-0.84,12050.99,%sSafe,,
4585,28.09,1550.48,106.43,545.2,770.27,-1.8,-4.07,-10.07,0,0,0,0,0,1,1,100,100,0.07,-0.84,12051.02,%sSafe,,
4586,25.73,1550.48,106.43,545.2,770.27,-1.8,-4.07,-10.07,0,0,0,0,0,1,1,100,100,0.07,-0.84,12051.05,%sSafe,,
4587,30.13,1550.62,106.48,545.22,770.27,-1.8,-4.07,-10.07,0,0,0,0,0,1,1,100,100,0.07,-0.84,12051.08,%sSafe,,
4588,27.81,1550.62,106.48,545.22,770.27,-1.8,-4.07,-10.07,0,0,0,0,0,1,1,100,100,0.07,-0.84,12051.1,%sSafe,,
4589,33.16,1550.62,106.48,545.22,770.38,-1.8,-4.07,-10.07,0,0,0,0,0,1,1,100,100,0.07,-0.84,12051.14,%sSafe,,
4590,29.73,1550.62,106.48,545.22,770.38,-1.8,-4.16,-10.07,0,0,0,0,0,1,1,100,100,0.07,-0.84,12051.17,%sSafe,,
4591,26.11,1550.62,106.48,545.22,770.38,-1.8,-4.16,-10.07,0,0,0,0,0,1,1,100,100,0.07,-0.84,12051.19,%sSafe,,
4592,24.26,1550.71,106.48,545.22,770.38,-1.8,-4.16,-10.07,0,0,0,0,0,1,1,100,100,0.07,-0.84,12051.22,%sSafe,,
4593,31.71,1550.71,106.43,545.22,770.38,-1.8,-4.16,-10.07,0,0,0,0,0,1,1,100,100,0.07,-0.84,12051.25,%sSafe,,
4594,25.08,1550.71,106.43,545.25,770.38,-1.8,-4.16,-10.07,0,0,0,0,0,1,1,100,100,0.07,-0.84,12051.27,%sSafe,,
4595,24.73,1550.71,106.43,545.25,770.38,-1.8,-4.24,-10.07,0,0,0,0,0,1,1,100,100,0.07,-0.84,12051.3,%sSafe,,
4596,30.31,1550.71,106.43,545.25,770.38,-1.8,-4.24,-10.07,0,0,0,0,0,1,1,100,100,0.07,-0.84,12051.33,%sSafe,,
4597,25.09,1550.71,106.43,545.25,770.38,-1.8,-4.24,-10.07,0,0,0,0,0,1,1,100,100,0.07,-0.85,12051.35,%sSafe,,
4598,32.24,1550.53,106.43,545.25,770.38,-1.8,-4.24,-10.07,0,0,0,0,0,1,1,100,100,0.07,-0.85,12051.39,%sSafe,,
4599,29.84,1550.53,106.54,545.25,770.38,-1.8,-4.24,-10.07,0,0,0,0,0,1,1,100,100,0.07,-0.85,12051.42,%sSafe,,
4600,44.24,1550.53,106.54,545.28,770.38,-1.8,-4.24,-10.07,0,0,0,0,0,1,1,100,100,0.07,-0.85,12051.46,%sSafe,,
4601,28.79,1550.53,106.54,545.28,770.43,-1.79,-4.24,-10.07,0,0,0,0,0,1,1,100,100,0.07,-0.85,12051.49,%sSafe,,
4602,35.62,1550.53,106.54,545.28,770.43,-1.79,-4.05,-10.08,0,0,0,0,0,1,1,100,100,0.07,-0.85,12051.53,%sSafe,,
4603,37.28,1550.53,106.54,545.28,770.43,-1.79,-4.05,-10.08,0,0,0,0,0,1,1,100,100,0.07,-0.85,12051.56,%sSafe,,
4604,26.78,1550.6,106.54,545.28,770.43,-1.79,-4.05,-10.08,0,0,0,0,0,1,1,100,100,0.07,-0.85,12051.59,%sSafe,,
4605,34.61,1550.6,106.6,545.28,770.43,-1.79,-4.05,-10.08,0,0,0,0,0,1,1,100,100,0.07,-0.85,12051.62,%sSafe,,
4606,24.21,1550.6,106.6,545.29,770.36,-1.79,-4.05,-10.08,0,0,0,0,0,1,1,100,100,0.07,-0.85,12051.65,%sSafe,,
4607,28.12,1550.6,106.6,545.29,770.36,-1.79,-4.05,-10.08,0,0,0,0,0,1,1,100,100,0.07,-0.85,12051.68,%sSafe,,
4608,31.27,1550.6,106.6,545.29,770.36,-1.79,-3.91,-10.08,0,0,0,0,0,1,1,100,100,0.07,-0.85,12051.71,%sSafe,,
4609,26.99,1550.57,106.6,545.29,770.36,-1.79,-3.91,-10.08,0,0,0,0,0,1,1,100,100,0.07,-0.85,12051.73,%sSafe,,
4610,33.58,1550.57,106.52,545.28,770.36,-1.79,-3.91,-10.08,0,0,0,0,0,1,1,100,100,0.07,-0.85,12051.77,%sSafe,,
4611,28.54,1550.57,106.52,545.28,770.31,-1.79,-3.91,-10.08,0,0,0,0,0,1,1,100,100,0.07,-0.85,12051.8,%sSafe,,
4612,31.14,1550.57,106.52,545.28,770.31,-1.79,-4.03,-10.09,0,0,0,0,0,1,1,100,100,0.07,-0.85,12051.83,%sSafe,,
4613,27.07,1550.57,106.52,545.28,770.31,-1.79,-4.03,-10.09,0,0,0,0,0,1,1,100,100,0.07,-0.85,12051.85,%sSafe,,
4614,26.66,1550.76,106.41,545.28,770.31,-1.79,-4.03,-10.09,0,0,0,0,0,1,1,100,100,0.07,-0.85,12051.88,%sSafe,,
4615,39.77,1550.76,106.41,545.28,770.3,-1.79,-4.03,-10.09,0,0,0,0,0,1,1,100,100,0.07,-0.85,12051.92,%sSafe,,
4616,26.66,1550.76,106.41,545.28,770.3,-1.79,-3.96,-10.09,0,0,0,0,0,1,1,100,100,0.07,-0.85,12051.95,%sSafe,,
4617,27.09,1550.76,106.41,545.28,770.3,-1.79,-3.96,-10.08,0,0,0,0,0,1,1,100,100,0.07,-0.85,12051.97,%sSafe,,
4618,38.29,1550.82,106.34,545.28,770.3,-1.79,-3.96,-10.08,0,0,0,0,0,1,1,100,100,0.07,-0.85,12052.01,%sSafe,,
4619,28.31,1550.82,106.34,545.33,770.3,-1.79,-3.96,-10.08,0,0,0,0,0,1,1,100,100,0.07,-0.85,12052.04,%sSafe,,
4620,26.2,1550.82,106.34,545.33,770.31,-1.79,-3.96,-10.08,0,0,0,0,0,1,1,100,100,0.07,-0.85,12052.07,%sSafe,,
4621,26.07,1550.82,106.34,545.33,770.31,-1.79,-3.73,-10.07,0,0,0,0,0,1,1,100,100,0.07,-0.85,12052.09,%sSafe,,
4622,25.98,1550.98,106.34,545.33,770.31,-1.79,-3.73,-10.07,0,0,0,0,0,1,1,100,100,0.07,-0.85,12052.12,%sSafe,,
4623,25.05,1550.98,106.43,545.33,770.31,-1.79,-3.73,-10.07,0,0,0,0,0,1,1,100,100,0.07,-0.85,12052.14,%sSafe,,
4624,22.67,1550.98,106.43,545.28,770.26,-1.79,-3.73,-10.07,0,0,0,0,0,1,1,100,100,0.07,-0.85,12052.17,%sSafe,,
4625,26.8,1550.98,106.43,545.28,770.26,-1.79,-3.65,-10.06,0,0,0,0,0,1,1,100,100,0.07,-0.85,12052.19,%sSafe,,
4626,25.83,1550.98,106.43,545.28,770.26,-1.79,-3.65,-10.06,0,0,0,0,0,1,1,100,100,0.07,-0.85,12052.22,%sSafe,,
4627,29.71,1551.06,106.44,545.28,770.26,-1.79,-3.65,-10.06,0,0,0,0,0,1,1,100,100,0.07,-0.85,12052.25,%sSafe,,
4628,24.82,1551.06,106.44,545.31,770.25,-1.79,-3.65,-10.06,0,0,0,0,0,1,1,100,100,0.07,-0.85,12052.27,%sSafe,,
4629,25.68,1551.06,106.44,545.31,770.25,-1.79,-3.63,-10.06,0,0,0,0,0,1,1,100,100,0.07,-0.85,12052.3,%sSafe,,
4630,32.09,1551.06,106.44,545.31,770.25,-1.79,-3.63,-10.06,0,0,0,0,0,1,1,100,100,0.07,-0.85,12052.33,%sSafe,,
4631,27.69,1551.26,106.55,545.34,770.25,-1.79,-3.63,-10.06,0,0,0,0,0,1,1,100,100,0.07,-0.85,12052.36,%sSafe,,
4632,26.07,1551.26,106.55,545.34,770.25,-1.79,-3.63,-10.06,0,0,0,0,0,1,1,100,100,0.07,-0.85,12052.39,%sSafe,,
4633,25.16,1551.26,106.55,545.34,770.27,-1.8,-3.71,-10.06,0,0,0,0,0,1,1,100,100,0.07,-0.85,12052.41,%sSafe,,
4634,22.64,1551.26,106.55,545.34,770.27,-1.8,-3.71,-10.07,0,0,0,0,0,1,1,100,100,0.07,-0.85,12052.43,%sSafe,,
4635,24.76,1551.27,106.6,545.34,770.27,-1.8,-3.71,-10.07,0,0,0,0,0,1,1,100,100,0.07,-0.85,12052.46,%sSafe,,
4636,24.92,1551.27,106.6,545.26,770.27,-1.8,-3.71,-10.07,0,0,0,0,0,1,1,100,100,0.07,-0.85,12052.48,%sSafe,,
4637,22.69,1551.27,106.6,545.26,770.18,-1.79,-3.71,-10.07,0,0,0,0,0,1,1,100,100,0.07,-0.85,12052.51,%sSafe,,
4638,26.71,1551.27,106.6,545.26,770.18,-1.79,-3.57,-10.06,0,0,0,0,0,1,1,100,100,0.07,-0.85,12052.53,%sSafe,,
4639,26.6,1551.35,106.6,545.26,770.18,-1.79,-3.57,-10.06,0,0,0,0,0,1,1,100,100,0.07,-0.85,12052.56,%sSafe,,
4640,26.53,1551.35,106.67,545.26,770.18,-1.79,-3.57,-10.06,0,0,0,0,0,1,1,100,100,0.07,-0.85,12052.59,%sSafe,,
4641,26.08,1551.35,106.67,545.27,770.18,-1.79,-3.57,-10.06,0,0,0,0,0,1,1,100,100,0.07,-0.85,12052.61,%sSafe,,
4642,28.19,1551.35,106.67,545.27,770.2,-1.8,-3.57,-10.07,0,0,0,0,0,1,1,100,100,0.07,-0.85,12052.64,%sSafe,,
4643,26.05,1551.48,106.67,545.27,770.2,-1.8,-3.57,-10.07,0,0,0,0,0,1,1,100,100,0.07,-0.85,12052.67,%sSafe,,
4644,28.71,1551.48,106.6,545.27,770.2,-1.8,-3.57,-10.07,0,0,0,0,0,1,1,100,100,0.07,-0.85,12052.7,%sSafe,,
4645,24.41,1551.48,106.6,545.26,770.2,-1.8,-3.57,-10.07,0,0,0,0,0,1,1,100,100,0.07,-0.85,12052.72,%sSafe,,
4646,22.57,1551.48,106.6,545.26,770.2,-1.8,-3.73,-10.07,0,0,0,0,0,1,1,100,100,0.07,-0.85,12052.74,%sSafe,,
4647,27.78,1551.59,106.6,545.26,770.2,-1.8,-3.73,-10.07,0,0,0,0,0,1,1,100,100,0.07,-0.85,12052.77,%sSafe,,
4648,25.12,1551.59,106.53,545.25,770.2,-1.8,-3.73,-10.07,0,0,0,0,0,1,1,100,100,0.07,-0.85,12052.8,%sSafe,,
4649,25.1,1551.59,106.53,545.25,770.26,-1.8,-3.73,-10.07,0,0,0,0,0,1,1,100,100,0.07,-0.85,12052.82,%sSafe,,
4650,24.06,1551.59,106.53,545.25,770.26,-1.8,-3.74,-10.06,0,0,0,0,0,1,1,100,100,0.07,-0.85,12052.84,%sSafe,,
4651,30.26,1551.69,106.56,545.25,770.26,-1.8,-3.74,-10.06,0,0,0,0,0,1,1,100,100,0.07,-0.85,12052.87,%sSafe,,
4652,24.68,1551.69,106.56,545.32,770.26,-1.8,-3.74,-10.06,0,0,0,0,0,1,1,100,100,0.07,-0.85,12052.9,%sSafe,,
4653,23.55,1551.69,106.56,545.32,770.33,-1.79,-3.72,-10.06,0,0,0,0,0,1,1,100,100,0.07,-0.85,12052.92,%sSafe,,
4654,23.65,1551.66,106.56,545.32,770.33,-1.79,-3.72,-10.06,0,0,0,0,0,1,1,100,100,0.07,-0.85,12052.95,%sSafe,,
4655,26.05,1551.66,106.62,545.32,770.3,-1.79,-3.72,-10.06,0,0,0,0,0,1,1,100,100,0.07,-0.85,12052.97,%sSafe,,
4656,23.61,1551.66,106.62,545.32,770.3,-1.79,-3.66,-10.06,0,0,0,0,0,1,1,100,100,0.07,-0.85,12053,%sSafe,,
4657,25.86,1551.66,106.62,545.32,770.3,-1.79,-3.66,-10.07,0,0,0,0,0,1,1,100,100,0.07,-0.85,12053.02,%sSafe,,
4658,24.41,1551.71,106.62,545.27,770.3,-1.79,-3.66,-10.07,0,0,0,0,0,1,1,100,100,0.07,-0.85,12053.05,%sSafe,,
4659,27.18,1551.71,106.62,545.27,770.31,-1.79,-3.86,-10.07,0,0,0,0,0,1,1,100,100,0.07,-0.85,12053.07,%sSafe,,
4660,22.56,1551.71,106.62,545.27,770.31,-1.79,-3.86,-10.07,0,0,0,0,0,1,1,100,100,0.07,-0.85,12053.1,%sSafe,,
4661,25.62,1551.83,106.62,545.27,770.31,-1.79,-3.86,-10.07,0,0,0,0,0,1,1,100,100,0.07,-0.85,12053.12,%sSafe,,
4662,23.04,1551.83,106.62,545.34,770.31,-1.79,-3.86,-10.07,0,0,0,0,0,1,1,100,100,0.07,-0.85,12053.14,%sSafe,,
4663,27.56,1551.83,106.62,545.34,770.3,-1.79,-3.96,-10.07,0,0,0,0,0,1,1,100,100,0.07,-0.85,12053.17,%sSafe,,
4664,24.11,1551.9,106.62,545.34,770.3,-1.79,-3.96,-10.07,0,0,0,0,0,1,1,100,100,0.07,-0.85,12053.2,%sSafe,,
4665,22.61,1551.9,106.6,545.34,770.31,-1.79,-3.96,-10.07,0,0,0,0,0,1,1,100,100,0.07,-0.85,12053.22,%sSafe,,
4666,24.06,1551.9,106.6,545.34,770.31,-1.78,-3.99,-10.07,0,0,0,0,0,1,1,100,100,0.07,-0.85,12053.24,%sSafe,,
4667,27.76,1551.91,106.56,545.34,770.31,-1.78,-3.99,-10.07,0,0,0,0,0,1,1,100,100,0.07,-0.85,12053.27,%sSafe,,
4668,23.96,1551.91,106.56,545.36,770.31,-1.78,-3.99,-10.07,0,0,0,0,0,1,1,100,100,0.07,-0.85,12053.29,%sSafe,,
4669,24.08,1551.91,106.56,545.36,770.31,-1.78,-3.86,-10.07,0,0,0,0,0,1,1,100,100,0.07,-0.85,12053.32,%sSafe,,
4670,23.11,1551.91,106.56,545.36,770.31,-1.78,-3.86,-10.05,0,0,0,0,0,1,1,100,100,0.07,-0.85,12053.34,%sSafe,,
4671,24.04,1551.97,106.39,545.36,770.31,-1.78,-3.86,-10.05,0,0,0,0,0,1,1,100,100,0.07,-0.85,12053.37,%sSafe,,
4672,28.14,1551.97,106.39,545.42,770.28,-1.79,-3.86,-10.05,0,0,0,0,0,1,1,100,100,0.07,-0.85,12053.39,%sSafe,,
4673,28.13,1551.97,106.39,545.42,770.28,-1.79,-4.1,-10.05,0,0,0,0,0,1,1,100,100,0.07,-0.85,12053.42,%sSafe,,
4674,23.81,1551.97,106.39,545.42,770.28,-1.79,-4.1,-10.05,0,0,0,0,0,1,1,100,100,0.07,-0.85,12053.45,%sSafe,,
4675,28.21,1552.06,106.35,545.42,770.28,-1.79,-4.1,-10.05,0,0,0,0,0,1,1,100,100,0.07,-0.85,12053.47,%sSafe,,
4676,23.6,1552.06,106.35,545.4,770.21,-1.79,-4.08,-10.06,0,0,0,0,0,1,1,100,100,0.07,-0.85,12053.5,%sSafe,,
4677,31.19,1552.17,106.35,545.4,770.21,-1.79,-4.08,-10.06,0,0,0,0,0,1,1,100,100,0.07,-0.85,12053.53,%sSafe,,
4678,24.79,1552.17,106.32,545.4,770.21,-1.79,-4.08,-10.06,0,0,0,0,0,1,1,100,100,0.07,-0.85,12053.55,%sSafe,,
4679,25.57,1552.17,106.32,545.4,770.22,-1.78,-4.06,-10.06,0,0,0,0,0,1,1,100,100,0.07,-0.85,12053.58,%sSafe,,
4680,28.57,1552.17,106.32,545.4,770.22,-1.78,-4.06,-10.05,0,0,0,0,0,1,1,100,100,0.07,-0.85,12053.61,%sSafe,,
4681,24.53,1552.14,106.32,545.4,770.22,-1.78,-4.06,-10.05,0,0,0,0,0,1,1,100,100,0.07,-0.85,12053.63,%sSafe,,
4682,22.11,1552.14,106.4,545.42,770.23,-1.78,-4.06,-10.05,0,0,0,0,0,1,1,100,100,0.07,-0.85,12053.65,%sSafe,,
4683,22.63,1552.14,106.4,545.42,770.23,-1.79,-4.09,-10.05,0,0,0,0,0,1,1,100,100,0.07,-0.85,12053.68,%sSafe,,
4684,26.05,1552.29,106.42,545.42,770.23,-1.79,-4.09,-10.05,0,0,0,0,0,1,1,100,100,0.07,-0.85,12053.7,%sSafe,,
4685,31.13,1552.29,106.42,545.41,770.23,-1.79,-4.09,-10.05,0,0,0,0,0,1,1,100,100,0.07,-0.85,12053.73,%sSafe,,
4686,24.97,1552.29,106.42,545.41,770.2,-1.8,-4.1,-10.06,0,0,0,0,0,1,1,100,100,0.07,-0.85,12053.76,%sSafe,,
4687,28.29,1552.29,106.42,545.41,770.2,-1.8,-4.1,-10.06,0,0,0,0,0,1,1,100,100,0.07,-0.85,12053.79,%sSafe,,
4688,23.04,1552.36,106.39,545.43,770.2,-1.8,-4.1,-10.06,0,0,0,0,0,1,1,100,100,0.07,-0.85,12053.81,%sSafe,,
4689,27.19,1552.36,106.39,545.43,770.23,-1.79,-4.1,-10.06,0,0,0,0,0,1,1,100,100,0.07,-0.85,12053.84,%sSafe,,
4690,26.13,1552.31,106.39,545.43,770.23,-1.79,-4.23,-10.05,0,0,0,0,0,1,1,100,100,0.07,-0.85,12053.86,%sSafe,,
4691,24.59,1552.31,106.4,545.43,770.23,-1.79,-4.23,-10.05,0,0,0,0,0,1,1,100,100,0.07,-0.85,12053.89,%sSafe,,
4692,26.07,1552.31,106.4,545.48,770.19,-1.79,-4.23,-10.05,0,0,0,0,0,1,1,100,100,0.07,-0.85,12053.91,%sSafe,,
4693,23.88,1552.31,106.4,545.48,770.19,-1.79,-4.29,-10.05,0,0,0,0,0,1,1,100,100,0.07,-0.85,12053.94,%sSafe,,
4694,21.59,1552.31,106.4,545.48,770.19,-1.79,-4.29,-10.04,0,0,0,0,0,1,1,100,100,0.07,-0.85,12053.96,%sSafe,,
4695,23.05,1552.33,106.41,545.46,770.3,-1.79,-4.29,-10.04,0,0,0,0,0,1,1,100,100,0.07,-0.85,12053.98,%sSafe,,
4696,27.4,1552.33,106.41,545.46,770.3,-1.79,-4.22,-10.04,0,0,0,0,0,1,1,100,100,0.07,-0.85,12054.01,%sSafe,,
4697,26.08,1552.33,106.41,545.46,770.3,-1.79,-4.22,-10.05,0,0,0,0,0,1,1,100,100,0.07,-0.85,12054.04,%sSafe,,
4698,23.14,1552.36,106.39,545.46,770.3,-1.79,-4.22,-10.05,0,0,0,0,0,1,1,100,100,0.07,-0.85,12054.06,%sSafe,,
4699,26.31,1552.36,106.39,545.47,770.33,-1.79,-4.24,-10.05,0,0,0,0,0,1,1,100,100,0.07,-0.85,12054.09,%sSafe,,
4700,23.86,1552.37,106.39,545.47,770.33,-1.79,-4.24,-10.05,0,0,0,0,0,1,1,100,100,0.07,-0.85,12054.11,%sSafe,,
4701,28.14,1552.37,106.35,545.44,770.33,-1.79,-4.24,-10.05,0,0,0,0,0,1,1,100,100,0.07,-0.85,12054.14,%sSafe,,
4702,25.1,1552.37,106.35,545.44,770.3,-1.79,-4.24,-10.05,0,0,0,0,0,1,1,100,100,0.07,-0.85,12054.16,%sSafe,,
4703,26.66,1552.37,106.35,545.44,770.3,-1.79,-4.22,-10.06,0,0,0,0,0,1,1,100,100,0.07,-0.85,12054.19,%sSafe,,
4704,27.16,1552.39,106.49,545.45,770.3,-1.79,-4.22,-10.06,0,0,0,0,0,1,1,100,100,0.07,-0.85,12054.22,%sSafe,,
4705,25.61,1552.39,106.49,545.45,770.41,-1.79,-4.22,-10.06,0,0,0,0,0,1,1,100,100,0.07,-0.85,12054.24,%sSafe,,
4706,22.17,1552.39,106.49,545.45,770.41,-1.79,-4.09,-10.05,0,0,0,0,0,1,1,100,100,0.07,-0.85,12054.26,%sSafe,,
4707,25.53,1552.42,106.47,545.45,770.41,-1.79,-4.09,-10.05,0,0,0,0,0,1,1,100,100,0.07,-0.86,12054.29,%sSafe,,
4708,24.12,1552.42,106.47,545.47,770.5,-1.79,-4.09,-10.05,0,0,0,0,0,1,1,100,100,0.07,-0.86,12054.31,%sSafe,,
4709,23.84,1552.42,106.47,545.47,770.5,-1.79,-4.1,-10.05,0,0,0,0,0,1,1,100,100,0.07,-0.86,12054.34,%sSafe,,
4710,22.76,1552.42,106.47,545.47,770.5,-1.79,-4.1,-10.05,0,0,0,0,0,1,1,100,100,0.07,-0.86,12054.36,%sSafe,,
4711,25.14,1552.42,106.44,545.47,770.5,-1.79,-4.1,-10.05,0,0,0,0,0,1,1,100,100,0.07,-0.86,12054.39,%sSafe,,
4712,26.43,1552.42,106.44,545.5,770.53,-1.79,-4.09,-10.05,0,0,0,0,0,1,1,100,100,0.07,-0.86,12054.41,%sSafe,,
4713,27.17,1552.42,106.44,545.5,770.53,-1.79,-4.09,-10.05,0,0,0,0,0,1,1,100,100,0.07,-0.86,12054.44,%sSafe,,
4714,24.04,1552.4,106.41,545.5,770.53,-1.79,-4.09,-10.05,0,0,0,0,0,1,1,100,100,0.07,-0.86,12054.46,%sSafe,,
4715,22.53,1552.4,106.41,545.47,770.53,-1.78,-4.09,-10.05,0,0,0,0,0,1,1,100,100,0.07,-0.86,12054.49,%sSafe,,
4716,21.17,1552.4,106.41,545.47,770.53,-1.78,-4.11,-10.05,0,0,0,0,0,1,1,100,100,0.07,-0.86,12054.51,%sSafe,,
4717,24.58,1552.39,106.42,545.47,770.53,-1.78,-4.11,-10.05,0,0,0,0,0,1,1,100,100,0.07,-0.86,12054.53,%sSafe,,
4718,27.63,1552.39,106.42,545.44,770.5,-1.79,-4.11,-10.05,0,0,0,0,0,1,1,100,100,0.07,-0.86,12054.56,%sSafe,,
4719,24.97,1552.39,106.42,545.44,770.5,-1.79,-3.77,-10.05,0,0,0,0,0,1,1,100,100,0.07,-0.86,12054.58,%sSafe,,
4720,22.31,1552.39,106.42,545.44,770.5,-1.79,-3.77,-10.05,0,0,0,0,0,1,1,100,100,0.07,-0.86,12054.61,%sSafe,,
4721,24.75,1552.43,106.42,545.44,770.5,-1.79,-3.77,-10.05,0,0,0,0,0,1,1,100,100,0.07,-0.86,12054.63,%sSafe,,
4722,26.33,1552.43,106.42,545.44,770.46,-1.79,-3.78,-10.05,0,0,0,0,0,1,1,100,100,0.07,-0.87,12054.66,%sSafe,,
4723,22.05,1552.52,106.42,545.44,770.46,-1.79,-3.78,-10.05,0,0,0,0,0,1,1,100,100,0.07,-0.87,12054.68,%sSafe,,
4724,23.04,1552.52,106.4,545.42,770.49,-1.79,-3.78,-10.05,0,0,0,0,0,1,1,100,100,0.07,-0.87,12054.7,%sSafe,,
4725,27.21,1552.52,106.4,545.42,770.49,-1.79,-3.78,-10.05,0,0,0,0,0,1,1,100,100,0.07,-0.87,12054.73,%sSafe,,
4726,24.09,1552.5,106.4,545.42,770.49,-1.79,-3.71,-10.05,0,0,0,0,0,1,1,100,100,0.07,-0.87,12054.75,%sSafe,,
4727,25.76,1552.5,106.29,545.49,770.49,-1.79,-3.71,-10.05,0,0,0,0,0,1,1,100,100,0.07,-0.87,12054.78,%sSafe,,
4728,25.02,1552.5,106.29,545.49,770.38,-1.8,-3.71,-10.05,0,0,0,0,0,1,1,100,100,0.07,-0.87,12054.81,%sSafe,,
4729,26.25,1552.5,106.29,545.49,770.38,-1.8,-3.82,-10.05,0,0,0,0,0,1,1,100,100,0.07,-0.87,12054.83,%sSafe,,
4730,24.88,1552.61,106.27,545.49,770.38,-1.8,-3.82,-10.06,0,0,0,0,0,1,1,100,100,0.07,-0.87,12054.86,%sSafe,,
4731,26.27,1552.61,106.27,545.49,770.37,-1.79,-3.82,-10.06,0,0,0,0,0,1,1,100,100,0.07,-0.87,12054.88,%sSafe,,
4732,27.75,1552.61,106.27,545.49,770.37,-1.79,-3.61,-10.05,0,0,0,0,0,1,1,100,100,0.07,-0.87,12054.91,%sSafe,,
4733,20.83,1552.61,106.27,545.49,770.37,-1.79,-3.61,-10.05,0,0,0,0,0,1,1,100,100,0.07,-0.87,12054.93,%sSafe,,
4734,24.12,1552.65,106.26,545.49,770.37,-1.79,-3.61,-10.05,0,0,0,0,0,1,1,100,100,0.07,-0.87,12054.96,%sSafe,,
4735,22.76,1552.65,106.26,545.52,770.35,-1.79,-3.71,-10.06,0,0,0,0,0,1,1,100,100,0.07,-0.87,12054.98,%sSafe,,
4736,24.74,1552.68,106.26,545.52,770.35,-1.79,-3.71,-10.06,0,0,0,0,0,1,1,100,100,0.07,-0.87,12055,%sSafe,,
4737,24.31,1552.68,106.19,545.52,770.29,-1.79,-3.71,-10.06,0,0,0,0,0,1,1,100,100,0.07,-0.87,12055.03,%sSafe,,
4738,22.14,1552.68,106.19,545.52,770.29,-1.79,-3.71,-10.06,0,0,0,0,0,1,1,100,100,0.07,-0.87,12055.05,%sSafe,,
4739,22.83,1552.68,106.19,545.52,770.29,-1.79,-3.83,-10.05,0,0,0,0,0,1,1,100,100,0.07,-0.87,12055.07,%sSafe,,
4740,23.8,1552.71,106.09,545.52,770.29,-1.79,-3.83,-10.05,0,0,0,0,0,1,1,100,100,0.07,-0.87,12055.1,%sSafe,,
4741,25.17,1552.71,106.09,545.5,770.18,-1.79,-3.81,-10.04,0,0,0,0,0,1,1,100,100,0.07,-0.87,12055.12,%sSafe,,
4742,22.16,1552.71,106.09,545.5,770.18,-1.79,-3.81,-10.04,0,0,0,0,0,1,1,100,100,0.07,-0.87,12055.14,%sSafe,,
4743,21.74,1552.71,106.08,545.48,770.16,-1.79,-3.81,-10.04,0,0,0,0,0,1,1,100,100,0.07,-0.87,12055.17,%sSafe,,
4744,24.86,1552.71,106.08,545.48,770.16,-1.8,-3.81,-10.04,0,0,0,0,0,1,1,100,100,0.07,-0.87,12055.19,%sSafe,,
4745,23.05,1552.71,106.08,545.48,770.16,-1.8,-3.81,-10.04,0,0,0,0,0,1,1,100,100,0.07,-0.87,12055.21,%sSafe,,
4746,25.11,1552.78,106,545.48,770.16,-1.8,-3.81,-10.04,0,0,0,0,0,1,1,100,100,0.07,-0.87,12055.24,%sSafe,,
4747,23.12,1552.78,106,545.54,770.12,-1.8,-3.74,-10.05,0,0,0,0,0,1,1,100,100,0.07,-0.87,12055.26,%sSafe,,
4748,27.82,1552.78,106,545.54,770.12,-1.8,-3.74,-10.05,0,0,0,0,0,1,1,100,100,0.07,-0.87,12055.29,%sSafe,,
4749,28.52,1552.81,106.03,545.56,770.12,-1.8,-3.74,-10.05,0,0,0,0,0,1,1,100,100,0.07,-0.87,12055.32,%sSafe,,
4750,22.84,1552.81,106.03,545.56,770.17,-1.78,-3.74,-10.05,0,0,0,0,0,1,1,100,100,0.07,-0.87,12055.34,%sSafe,,
4751,22.24,1552.83,106.03,545.56,770.17,-1.78,-3.84,-10.04,0,0,0,0,0,1,1,100,100,0.07,-0.87,12055.36,%sSafe,,
4752,27.71,1552.83,106.05,545.55,770.17,-1.78,-3.84,-10.04,0,0,0,0,0,1,1,100,100,0.07,-0.87,12055.39,%sSafe,,
4753,21.86,1552.83,106.05,545.55,770.27,-1.79,-3.83,-10.04,0,0,0,0,0,1,1,100,100,0.07,-0.87,12055.41,%sSafe,,
4754,28.35,1552.83,106.05,545.55,770.27,-1.79,-3.83,-10.05,0,0,0,0,0,1,1,100,100,0.07,-0.87,12055.44,%sSafe,,
4755,25.8,1552.92,106.06,545.55,770.27,-1.79,-3.83,-10.05,0,0,0,0,0,1,1,100,100,0.07,-0.87,12055.47,%sSafe,,
4756,28.71,1552.92,106.06,545.57,770.34,-1.78,-3.83,-10.05,0,0,0,0,0,1,1,100,100,0.07,-0.87,12055.5,%sSafe,,
4757,27.28,1552.92,106.06,545.57,770.34,-1.78,-3.68,-10.05,0,0,0,0,0,1,1,100,100,0.07,-0.87,12055.52,%sSafe,,
4758,24.1,1552.92,106.06,545.57,770.34,-1.78,-3.68,-10.06,0,0,0,0,0,1,1,100,100,0.07,-0.87,12055.55,%sSafe,,
4759,24.11,1552.89,106.04,545.52,770.3,-1.78,-3.68,-10.06,0,0,0,0,0,1,1,100,100,0.07,-0.87,12055.57,%sSafe,,
4760,25.64,1552.89,106.04,545.52,770.3,-1.78,-3.62,-10.06,0,0,0,0,0,1,1,100,100,0.07,-0.87,12055.6,%sSafe,,
4761,26.14,1552.89,106.04,545.52,770.3,-1.78,-3.62,-10.06,0,0,0,0,0,1,1,100,100,0.07,-0.87,12055.62,%sSafe,,
4762,22.74,1552.82,106.02,545.52,770.3,-1.78,-3.62,-10.06,0,0,0,0,0,1,1,100,100,0.07,-0.87,12055.65,%sSafe,,
4763,23.81,1552.82,106.02,545.51,770.33,-1.77,-3.8,-10.06,0,0,0,0,0,1,1,100,100,0.07,-0.88,12055.67,%sSafe,,
4764,24.14,1552.82,106.02,545.51,770.33,-1.77,-3.8,-10.06,0,0,0,0,0,1,1,100,100,0.07,-0.88,12055.69,%sSafe,,
4765,23.82,1552.85,106.04,545.51,770.33,-1.77,-3.8,-10.06,0,0,0,0,0,1,1,100,100,0.07,-0.88,12055.72,%sSafe,,
4766,22.88,1552.85,106.04,545.51,770.38,-1.72,-3.72,-10.06,0,0,0,0,0,1,1,100,100,0.07,-0.88,12055.74,%sSafe,,
4767,30.67,1552.97,106.04,545.51,770.38,-1.72,-3.72,-10.06,0,0,0,0,0,1,1,100,100,0.07,-0.88,12055.77,%sSafe,,
4768,26.06,1552.97,106.07,545.52,770.38,-1.72,-3.72,-10.06,0,0,0,0,0,1,1,100,100,0.07,-0.88,12055.8,%sSafe,,
4769,25.93,1552.97,106.07,545.52,770.41,-1.72,-3.65,-10.07,0,0,0,0,0,1,1,100,100,0.07,-0.88,12055.82,%sSafe,,
4770,23.08,1552.97,106.07,545.52,770.41,-1.72,-3.65,-10.07,0,0,0,0,0,1,1,100,100,0.07,-0.88,12055.85,%sSafe,,
4771,23.99,1553.15,106.12,545.52,770.41,-1.72,-3.65,-10.07,0,0,0,0,0,1,1,100,100,0.07,-0.88,12055.87,%sSafe,,
4772,24.25,1553.15,106.12,545.54,770.51,-1.71,-3.76,-10.07,0,0,0,0,0,1,1,100,100,0.07,-0.88,12055.89,%sSafe,,
4773,29.08,1553.15,106.12,545.54,770.51,-1.71,-3.76,-10.08,0,0,0,0,0,1,1,100,100,0.07,-0.89,12055.92,%sSafe,,
4774,22.03,1553.26,106.15,545.54,770.51,-1.71,-3.76,-10.08,0,0,0,0,0,1,1,100,100,0.07,-0.89,12055.94,%sSafe,,
4775,21.19,1553.26,106.15,545.58,770.5,-1.7,-3.76,-10.08,0,0,0,0,0,1,1,100,100,0.07,-0.89,12055.97,%sSafe,,
4776,26.39,1553.26,106.15,545.58,770.5,-1.7,-3.75,-10.08,0,0,0,0,0,1,1,100,100,0.06,-0.89,12055.99,%sSafe,,
4777,23.08,1553.39,106.3,545.54,770.5,-1.7,-3.75,-10.08,0,0,0,0,0,1,1,100,100,0.06,-0.89,12056.02,%sSafe,,
4778,26.42,1553.39,106.3,545.54,770.51,-1.7,-3.72,-10.08,0,0,0,0,0,1,1,100,100,0.06,-0.89,12056.04,%sSafe,,
4779,24.65,1553.39,106.3,545.54,770.51,-1.7,-3.72,-10.08,0,0,0,0,0,1,1,100,100,0.06,-0.89,12056.07,%sSafe,,
4780,23.08,1553.42,106.27,545.54,770.51,-1.7,-3.72,-10.08,0,0,0,0,0,1,1,100,100,0.07,-0.89,12056.09,%sSafe,,
4781,24.77,1553.42,106.27,545.52,770.45,-1.7,-3.92,-10.07,0,0,0,0,0,1,1,100,100,0.07,-0.89,12056.11,%sSafe,,
4782,25.23,1553.47,106.27,545.52,770.45,-1.7,-3.92,-10.07,0,0,0,0,0,1,1,100,100,0.07,-0.88,12056.14,%sSafe,,
4783,24.05,1553.47,106.29,545.51,770.45,-1.7,-3.92,-10.07,0,0,0,0,0,1,1,100,100,0.07,-0.88,12056.16,%sSafe,,
4784,26.73,1553.47,106.29,545.51,770.39,-1.7,-3.92,-10.07,0,0,0,0,0,1,1,100,100,0.07,-0.88,12056.19,%sSafe,,
4785,22.68,1553.47,106.29,545.51,770.39,-1.7,-3.85,-10.07,0,0,0,0,0,1,1,100,100,0.07,-0.88,12056.21,%sSafe,,
4786,25.1,1553.48,106.32,545.5,770.39,-1.7,-3.85,-10.07,0,0,0,0,0,1,1,100,100,0.07,-0.88,12056.24,%sSafe,,
4787,29.55,1553.48,106.32,545.5,770.36,-1.71,-4.03,-10.07,0,0,0,0,0,1,1,100,100,0.07,-0.88,12056.27,%sSafe,,
4788,22.37,1553.48,106.32,545.5,770.36,-1.71,-4.03,-10.07,0,0,0,0,0,1,1,100,100,0.07,-0.88,12056.29,%sSafe,,
4789,22.1,1553.52,106.32,545.5,770.36,-1.71,-4.03,-10.07,0,0,0,0,0,1,1,100,100,0.07,-0.88,12056.31,%sSafe,,
4790,24.34,1553.52,106.43,545.5,770.36,-1.71,-4.03,-10.07,0,0,0,0,0,1,1,100,100,0.07,-0.88,12056.34,%sSafe,,
4791,23.97,1553.52,106.43,545.52,770.4,-1.71,-3.97,-10.06,0,0,0,0,0,1,1,100,100,0.07,-0.87,12056.36,%sSafe,,
4792,24.3,1553.65,106.43,545.52,770.4,-1.71,-3.97,-10.06,0,0,0,0,0,1,1,100,100,0.07,-0.87,12056.38,%sSafe,,
4793,23.54,1553.65,106.51,545.56,770.4,-1.71,-3.97,-10.06,0,0,0,0,0,1,1,100,100,0.07,-0.87,12056.41,%sSafe,,
4794,37.11,1553.65,106.51,545.56,770.38,-1.71,-3.99,-10.06,0,0,0,0,0,1,1,100,100,0.07,-0.87,12056.45,%sSafe,,
4795,24.45,1553.65,106.51,545.56,770.38,-1.71,-3.99,-10.06,0,0,0,0,0,1,1,100,100,0.07,-0.87,12056.47,%sSafe,,
4796,26.27,1553.7,106.48,545.56,770.38,-1.71,-3.99,-10.06,0,0,0,0,0,1,1,100,100,0.07,-0.87,12056.5,%sSafe,,
4797,31.93,1553.7,106.48,545.58,770.38,-1.76,-3.99,-10.06,0,0,0,0,0,1,1,100,100,0.07,-0.87,12056.53,%sSafe,,
4798,26.08,1553.7,106.48,545.58,770.38,-1.76,-4.16,-10.06,0,0,0,0,0,1,1,100,100,0.07,-0.87,12056.55,%sSafe,,
4799,24.75,1553.7,106.48,545.58,770.38,-1.76,-4.16,-10.06,0,0,0,0,0,1,1,100,100,0.07,-0.87,12056.58,%sSafe,,
4800,26.06,1553.78,106.51,545.57,770.43,-1.76,-4.16,-10.06,0,0,0,0,0,1,1,100,100,0.07,-0.87,12056.61,%sSafe,,
4801,28.79,1553.78,106.51,545.57,770.43,-1.76,-4.23,-10.06,0,0,0,0,0,1,1,100,100,0.07,-0.87,12056.63,%sSafe,,
4802,24.63,1553.78,106.51,545.57,770.43,-1.76,-4.23,-10.06,0,0,0,0,0,1,1,100,100,0.07,-0.87,12056.66,%sSafe,,
4803,27.67,1553.78,106.51,545.58,770.43,-1.76,-4.23,-10.06,0,0,0,0,0,1,1,100,100,0.07,-0.87,12056.69,%sSafe,,
4804,23.11,1553.78,106.51,545.58,770.4,-1.76,-4.04,-10.06,0,0,0,0,0,1,1,100,100,0.07,-0.87,12056.71,%sSafe,,
4805,25.57,1553.78,106.51,545.58,770.4,-1.76,-4.04,-10.06,0,0,0,0,0,1,1,100,100,0.07,-0.87,12056.73,%sSafe,,
4806,22.62,1553.78,106.51,545.58,770.4,-1.76,-4.04,-10.06,0,0,0,0,0,1,1,100,100,0.07,-0.87,12056.76,%sSafe,,
4807,25.14,1553.79,106.52,545.57,770.4,-1.76,-4.04,-10.06,0,0,0,0,0,1,1,100,100,0.07,-0.87,12056.78,%sSafe,,
4808,29.73,1553.79,106.52,545.57,770.4,-1.77,-4.04,-10.06,0,0,0,0,0,1,1,100,100,0.07,-0.87,12056.81,%sSafe,,
4809,22.85,1553.79,106.52,545.57,770.4,-1.77,-4.06,-10.06,0,0,0,0,0,1,1,100,100,0.07,-0.87,12056.84,%sSafe,,
4810,25.57,1553.79,106.52,545.57,770.4,-1.77,-4.06,-10.06,0,0,0,0,0,1,1,100,100,0.07,-0.86,12056.86,%sSafe,,
4811,24.16,1553.78,106.47,545.57,770.4,-1.77,-4.06,-10.06,0,0,0,0,0,1,1,100,100,0.07,-0.86,12056.88,%sSafe,,
4812,26.66,1553.78,106.47,545.61,770.4,-1.77,-4.06,-10.06,0,0,0,0,0,1,1,100,100,0.07,-0.86,12056.91,%sSafe,,
4813,35.83,1553.78,106.47,545.61,770.5,-1.77,-4.06,-10.06,0,0,0,0,0,1,1,100,100,0.07,-0.86,12056.95,%sSafe,,
4814,30.66,1553.78,106.47,545.61,770.5,-1.77,-4.11,-10.06,0,0,0,0,0,1,1,100,100,0.07,-0.86,12056.98,%sSafe,,
4815,25.08,1553.78,106.47,545.61,770.5,-1.77,-4.11,-10.05,0,0,0,0,0,1,1,100,100,0.07,-0.86,12057,%sSafe,,
4816,25.2,1553.81,106.47,545.61,770.5,-1.77,-4.11,-10.05,0,0,0,0,0,1,1,100,100,0.07,-0.86,12057.03,%sSafe,,
4817,24.16,1553.81,106.57,545.61,770.5,-1.77,-4.11,-10.05,0,0,0,0,0,1,1,100,100,0.07,-0.86,12057.05,%sSafe,,
4818,42.29,1553.81,106.57,545.63,770.56,-1.77,-4.11,-10.05,0,0,0,0,0,1,1,100,100,0.07,-0.86,12057.09,%sSafe,,
4819,28.13,1553.81,106.57,545.63,770.56,-1.78,-4.11,-10.05,0,0,0,0,0,1,1,100,100,0.07,-0.86,12057.12,%sSafe,,
4820,24.73,1553.81,106.57,545.63,770.56,-1.78,-4.04,-10.05,0,0,0,0,0,1,1,100,100,0.07,-0.86,12057.15,%sSafe,,
4821,38.83,1553.81,106.57,545.63,770.56,-1.78,-4.04,-10.05,0,0,0,0,0,1,1,100,100,0.07,-0.87,12057.19,%sSafe,,
4822,29.64,1553.87,106.56,545.63,770.56,-1.78,-4.04,-10.05,0,0,0,0,0,1,1,100,100,0.07,-0.87,12057.22,%sSafe,,
4823,30.29,1553.87,106.56,545.63,770.56,-1.78,-4.04,-10.05,0,0,0,0,0,1,1,100,100,0.07,-0.87,12057.25,%sSafe,,
4824,29.87,1553.87,106.56,545.65,770.58,-1.78,-4.04,-10.05,0,0,0,0,0,1,1,100,100,0.07,-0.87,12057.28,%sSafe,,
4825,28.58,1553.87,106.56,545.65,770.58,-1.78,-4.04,-10.05,0,0,0,0,0,1,1,100,100,0.07,-0.87,12057.3,%sSafe,,
4826,36.4,1553.87,106.56,545.65,770.58,-1.78,-3.9,-10.05,0,0,0,0,0,1,1,100,100,0.07,-0.87,12057.34,%sSafe,,
4827,24.18,1553.87,106.56,545.65,770.58,-1.78,-3.9,-10.05,0,0,0,0,0,1,1,100,100,0.07,-0.87,12057.37,%sSafe,,
4828,28.66,1553.93,106.47,545.65,770.58,-1.78,-3.9,-10.05,0,0,0,0,0,1,1,100,100,0.07,-0.87,12057.39,%sSafe,,
4829,27.49,1553.93,106.47,545.65,770.58,-1.78,-3.9,-10.05,0,0,0,0,0,1,1,100,100,0.07,-0.87,12057.42,%sSafe,,
4830,36.72,1553.93,106.47,545.66,770.57,-1.78,-3.9,-10.05,0,0,0,0,0,1,1,100,100,0.07,-0.87,12057.46,%sSafe,,
4831,30.69,1553.93,106.47,545.66,770.57,-1.78,-3.9,-10.05,0,0,0,0,0,1,1,100,100,0.07,-0.87,12057.49,%sSafe,,
4832,34.29,1553.93,106.47,545.66,770.57,-1.78,-3.76,-10.05,0,0,0,0,0,1,1,100,100,0.07,-0.87,12057.52,%sSafe,,
4833,34.29,1553.93,106.47,545.66,770.57,-1.78,-3.76,-10.05,0,0,0,0,0,1,1,100,100,0.07,-0.88,12057.56,%sSafe,,
4834,24.23,1554.02,106.47,545.66,770.57,-1.78,-3.76,-10.05,0,0,0,0,0,1,1,100,100,0.07,-0.88,12057.58,%sSafe,,
4835,28.75,1554.02,106.5,545.66,770.57,-1.78,-3.76,-10.05,0,0,0,0,0,1,1,100,100,0.07,-0.88,12057.61,%sSafe,,
4836,45.65,1554.02,106.5,545.65,770.56,-1.78,-3.76,-10.05,0,0,0,0,0,1,1,100,100,0.07,-0.88,12057.66,%sSafe,,
4837,28.72,1554.02,106.5,545.65,770.56,-1.78,-3.76,-10.05,0,0,0,0,0,1,1,100,100,0.07,-0.88,12057.68,%sSafe,,
4838,30.33,1554.02,106.5,545.65,770.56,-1.78,-3.66,-10.05,0,0,0,0,0,1,1,100,100,0.07,-0.88,12057.72,%sSafe,,
4839,29.3,1554.02,106.5,545.65,770.56,-1.78,-3.66,-10.06,0,0,0,0,0,1,1,100,100,0.07,-0.88,12057.74,%sSafe,,
4840,26.32,1554,106.5,545.65,770.56,-1.78,-3.66,-10.06,0,0,0,0,0,1,1,100,100,0.07,-0.88,12057.77,%sSafe,,
4841,28.67,1554,106.5,545.65,770.56,-1.78,-3.66,-10.06,0,0,0,0,0,1,1,100,100,0.07,-0.88,12057.8,%sSafe,,
4842,25.65,1554,106.43,545.63,770.56,-1.78,-3.66,-10.06,0,0,0,0,0,1,1,100,100,0.07,-0.88,12057.83,%sSafe,,
4843,33.92,1554,106.43,545.63,770.59,-1.77,-3.66,-10.06,0,0,0,0,0,1,1,100,100,0.07,-0.88,12057.86,%sSafe,,
4844,31.64,1554,106.43,545.63,770.59,-1.77,-3.6,-10.06,0,0,0,0,0,1,1,100,100,0.07,-0.88,12057.89,%sSafe,,
4845,23.08,1554,106.43,545.63,770.59,-1.77,-3.6,-10.06,0,0,0,0,0,1,1,100,100,0.07,-0.88,12057.91,%sSafe,,
4846,29.12,1554.04,106.5,545.63,770.59,-1.77,-3.6,-10.06,0,0,0,0,0,1,1,100,100,0.07,-0.88,12057.94,%sSafe,,
4847,27.69,1554.04,106.5,545.63,770.59,-1.77,-3.6,-10.06,0,0,0,0,0,1,1,100,100,0.07,-0.88,12057.97,%sSafe,,
4848,32.55,1554.04,106.5,545.63,770.57,-1.78,-3.56,-10.06,0,0,0,0,0,1,1,100,100,0.07,-0.88,12058,%sSafe,,
4849,25.2,1554.04,106.5,545.63,770.57,-1.78,-3.56,-10.04,0,0,0,0,0,1,1,100,100,0.07,-0.89,12058.03,%sSafe,,
4850,27.06,1554.04,106.5,545.63,770.57,-1.78,-3.56,-10.04,0,0,0,0,0,1,1,100,100,0.07,-0.89,12058.06,%sSafe,,
4851,27.6,1554.07,106.41,545.64,770.57,-1.78,-3.56,-10.04,0,0,0,0,0,1,1,100,100,0.07,-0.89,12058.08,%sSafe,,
4852,27.77,1554.07,106.41,545.64,770.56,-1.78,-3.56,-10.04,0,0,0,0,0,1,1,100,100,0.07,-0.89,12058.11,%sSafe,,
4853,26.47,1554.07,106.41,545.64,770.56,-1.78,-3.48,-10.04,0,0,0,0,0,1,1,100,100,0.07,-0.89,12058.14,%sSafe,,
4854,22.94,1554.07,106.41,545.64,770.56,-1.78,-3.48,-10.04,0,0,0,0,0,1,1,100,100,0.07,-0.89,12058.16,%sSafe,,
4855,27.52,1554.09,106.43,545.63,770.56,-1.78,-3.48,-10.04,0,0,0,0,0,1,1,100,100,0.07,-0.89,12058.19,%sSafe,,
4856,25.28,1554.09,106.43,545.63,770.59,-1.79,-3.48,-10.04,0,0,0,0,0,1,1,100,100,0.07,-0.89,12058.21,%sSafe,,
4857,26.4,1554.09,106.43,545.63,770.59,-1.79,-3.69,-10.04,0,0,0,0,0,1,1,100,100,0.07,-0.89,12058.24,%sSafe,,
4858,29.72,1554.22,106.46,545.63,770.59,-1.79,-3.69,-10.04,0,0,0,0,0,1,1,100,100,0.07,-0.89,12058.27,%sSafe,,
4859,26.17,1554.22,106.46,545.6,770.59,-1.79,-3.69,-10.04,0,0,0,0,0,1,1,100,100,0.07,-0.89,12058.3,%sSafe,,
4860,26.76,1554.22,106.46,545.6,770.63,-1.77,-3.69,-10.04,0,0,0,0,0,1,1,100,100,0.07,-0.89,12058.32,%sSafe,,
4861,27.38,1554.22,106.46,545.6,770.63,-1.77,-3.74,-10.05,0,0,0,0,0,1,1,100,100,0.07,-0.89,12058.35,%sSafe,,
4862,22.75,1554.28,106.47,545.6,770.63,-1.77,-3.74,-10.05,0,0,0,0,0,1,1,100,100,0.07,-0.89,12058.37,%sSafe,,
4863,27.09,1554.28,106.47,545.58,770.63,-1.77,-3.74,-10.05,0,0,0,0,0,1,1,100,100,0.07,-0.89,12058.4,%sSafe,,
4864,21.86,1554.28,106.47,545.58,770.59,-1.77,-3.71,-10.05,0,0,0,0,0,1,1,100,100,0.07,-0.89,12058.42,%sSafe,,
4865,29.19,1554.28,106.47,545.58,770.59,-1.77,-3.71,-10.05,0,0,0,0,0,1,1,100,100,0.07,-0.89,12058.45,%sSafe,,
4866,25.08,1554.41,106.47,545.58,770.59,-1.77,-3.71,-10.05,0,0,0,0,0,1,1,100,100,0.07,-0.89,12058.48,%sSafe,,
4867,27.66,1554.41,106.42,545.54,770.59,-1.77,-3.71,-10.05,0,0,0,0,0,1,1,100,100,0.07,-0.89,12058.5,%sSafe,,
4868,25.23,1554.41,106.42,545.54,770.54,-1.77,-3.72,-10.05,0,0,0,0,0,1,1,100,100,0.07,-0.89,12058.53,%sSafe,,
4869,29.16,1554.41,106.42,545.54,770.54,-1.77,-3.72,-10.05,0,0,0,0,0,1,1,100,100,0.07,-0.89,12058.56,%sSafe,,
4870,28.06,1554.41,106.42,545.54,770.54,-1.77,-3.72,-10.05,0,0,0,0,0,1,1,100,100,0.06,-0.89,12058.59,%sSafe,,
4871,22.38,1554.49,106.47,545.54,770.57,-1.77,-3.72,-10.05,0,0,0,0,0,1,1,100,100,0.06,-0.89,12058.61,%sSafe,,
4872,28.19,1554.49,106.47,545.54,770.57,-1.77,-3.94,-10.05,0,0,0,0,0,1,1,100,100,0.06,-0.89,12058.64,%sSafe,,
4873,26.85,1554.49,106.47,545.54,770.57,-1.77,-3.94,-10.05,0,0,0,0,0,1,1,100,100,0.06,-0.89,12058.66,%sSafe,,
4874,28.65,1554.62,106.49,545.54,770.57,-1.77,-3.94,-10.05,0,0,0,0,0,1,1,100,100,0.07,-0.89,12058.69,%sSafe,,
4875,25.68,1554.62,106.49,545.53,770.57,-1.77,-3.94,-10.05,0,0,0,0,0,1,1,100,100,0.07,-0.89,12058.72,%sSafe,,
4876,23.68,1554.62,106.49,545.53,770.57,-1.77,-3.93,-10.05,0,0,0,0,0,1,1,100,100,0.07,-0.89,12058.74,%sSafe,,
4877,23.02,1554.62,106.49,545.53,770.57,-1.77,-3.93,-10.05,0,0,0,0,0,1,1,100,100,0.07,-0.9,12058.76,%sSafe,,
4878,27.56,1554.65,106.34,545.53,770.57,-1.77,-3.93,-10.05,0,0,0,0,0,1,1,100,100,0.07,-0.9,12058.79,%sSafe,,
4879,28.62,1554.65,106.34,545.54,770.57,-1.77,-3.93,-10.05,0,0,0,0,0,1,1,100,100,0.07,-0.9,12058.82,%sSafe,,
4880,21.78,1554.65,106.34,545.54,770.57,-1.77,-4.04,-10.05,0,0,0,0,0,1,1,100,100,0.07,-0.9,12058.84,%sSafe,,
4881,26.65,1554.65,106.34,545.54,770.57,-1.77,-4.04,-10.05,0,0,0,0,0,1,1,100,100,0.07,-0.9,12058.87,%sSafe,,
4882,23.1,1554.81,106.45,545.58,770.57,-1.77,-4.04,-10.05,0,0,0,0,0,1,1,100,100,0.07,-0.9,12058.89,%sSafe,,
4883,26.65,1554.81,106.45,545.58,770.59,-1.77,-4.04,-10.05,0,0,0,0,0,1,1,100,100,0.07,-0.9,12058.92,%sSafe,,
4884,23.62,1554.81,106.45,545.58,770.59,-1.77,-3.94,-10.04,0,0,0,0,0,1,1,100,100,0.07,-0.9,12058.94,%sSafe,,
4885,26.66,1554.81,106.45,545.58,770.59,-1.77,-3.94,-10.04,0,0,0,0,0,1,1,100,100,0.07,-0.9,12058.97,%sSafe,,
4886,24.07,1554.95,106.44,545.58,770.59,-1.77,-3.94,-10.04,0,0,0,0,0,1,1,100,100,0.07,-0.9,12058.99,%sSafe,,
4887,27.58,1554.95,106.44,545.6,770.6,-1.78,-3.94,-10.04,0,0,0,0,0,1,1,100,100,0.07,-0.9,12059.02,%sSafe,,
4888,22.66,1554.95,106.44,545.6,770.6,-1.78,-3.89,-10.04,0,0,0,0,0,1,1,100,100,0.07,-0.9,12059.04,%sSafe,,
4889,27.54,1554.95,106.44,545.6,770.6,-1.78,-3.89,-10.05,0,0,0,0,0,1,1,100,100,0.07,-0.9,12059.07,%sSafe,,
4890,26.64,1555.02,106.46,545.63,770.6,-1.78,-3.89,-10.05,0,0,0,0,0,1,1,100,100,0.07,-0.9,12059.1,%sSafe,,
4891,27.74,1555.02,106.46,545.63,770.59,-1.77,-3.88,-10.05,0,0,0,0,0,1,1,100,100,0.07,-0.9,12059.12,%sSafe,,
4892,21.85,1555.02,106.46,545.63,770.59,-1.77,-3.88,-10.05,0,0,0,0,0,1,1,100,100,0.07,-0.9,12059.15,%sSafe,,
4893,27.91,1555.01,106.46,545.63,770.59,-1.77,-3.88,-10.05,0,0,0,0,0,1,1,100,100,0.07,-0.9,12059.17,%sSafe,,
4894,25.57,1555.01,106.47,545.66,770.59,-1.76,-3.88,-10.05,0,0,0,0,0,1,1,100,100,0.07,-0.9,12059.2,%sSafe,,
4895,26.55,1555.01,106.47,545.66,770.59,-1.76,-3.81,-10.04,0,0,0,0,0,1,1,100,100,0.07,-0.9,12059.23,%sSafe,,
4896,27.25,1555.01,106.47,545.66,770.59,-1.76,-3.81,-10.04,0,0,0,0,0,1,1,100,100,0.07,-0.9,12059.25,%sSafe,,
4897,28.32,1555.06,106.43,545.68,770.59,-1.76,-3.81,-10.04,0,0,0,0,0,1,1,100,100,0.07,-0.9,12059.28,%sSafe,,
4898,24.87,1555.06,106.43,545.68,770.52,-1.77,-3.84,-10.04,0,0,0,0,0,1,1,100,100,0.07,-0.9,12059.31,%sSafe,,
4899,21.45,1555.06,106.43,545.68,770.52,-1.77,-3.84,-10.04,0,0,0,0,0,1,1,100,100,0.07,-0.9,12059.33,%sSafe,,
4900,22.24,1555.09,106.43,545.68,770.52,-1.77,-3.84,-10.04,0,0,0,0,0,1,1,100,100,0.07,-0.9,12059.35,%sSafe,,
4901,22.11,1555.09,106.43,545.71,770.52,-1.77,-3.84,-10.04,0,0,0,0,0,1,1,100,100,0.07,-0.9,12059.37,%sSafe,,
4902,24.87,1555.09,106.43,545.71,770.52,-1.77,-3.81,-10.04,0,0,0,0,0,1,1,100,100,0.07,-0.9,12059.4,%sSafe,,
4903,27.27,1555.07,106.37,545.71,770.52,-1.77,-3.81,-10.04,0,0,0,0,0,1,1,100,100,0.07,-0.9,12059.43,%sSafe,,
4904,23,1555.07,106.37,545.77,770.52,-1.77,-3.81,-10.04,0,0,0,0,0,1,1,100,100,0.07,-0.9,12059.45,%sSafe,,
4905,24.36,1555.07,106.37,545.77,770.59,-1.77,-3.79,-10.04,0,0,0,0,0,1,1,100,100,0.07,-0.9,12059.47,%sSafe,,
4906,22.14,1555.07,106.37,545.77,770.59,-1.77,-3.79,-10.05,0,0,0,0,0,1,1,100,100,0.07,-0.91,12059.49,%sSafe,,
4907,23.72,1555.11,106.23,545.77,770.59,-1.77,-3.79,-10.05,0,0,0,0,0,1,1,100,100,0.07,-0.91,12059.52,%sSafe,,
4908,23.57,1555.11,106.23,545.8,770.63,-1.77,-3.83,-10.05,0,0,0,0,0,1,1,100,100,0.07,-0.91,12059.54,%sSafe,,
4909,27.85,1555.11,106.23,545.8,770.63,-1.77,-3.83,-10.05,0,0,0,0,0,1,1,100,100,0.07,-0.91,12059.57,%sSafe,,
4910,27.9,1555.17,106.23,545.8,770.63,-1.77,-3.83,-10.05,0,0,0,0,0,1,1,100,100,0.07,-0.91,12059.6,%sSafe,,
4911,21.97,1555.17,106.22,545.86,770.63,-1.77,-3.83,-10.05,0,0,0,0,0,1,1,100,100,0.07,-0.91,12059.62,%sSafe,,
4912,24.52,1555.17,106.22,545.86,770.67,-1.77,-3.91,-10.06,0,0,0,0,0,1,1,100,100,0.07,-0.91,12059.64,%sSafe,,
4913,26.66,1555.28,106.22,545.86,770.67,-1.77,-3.91,-10.06,0,0,0,0,0,1,1,100,100,0.07,-0.91,12059.67,%sSafe,,
4914,24.1,1555.28,106.31,545.8,770.67,-1.77,-3.91,-10.06,0,0,0,0,0,1,1,100,100,0.07,-0.91,12059.69,%sSafe,,
4915,23.16,1555.28,106.31,545.8,770.68,-1.77,-3.91,-10.06,0,0,0,0,0,1,1,100,100,0.07,-0.91,12059.72,%sSafe,,
4916,25.46,1555.28,106.31,545.8,770.68,-1.77,-3.88,-10.06,0,0,0,0,0,1,1,100,100,0.07,-0.91,12059.74,%sSafe,,
4917,24.24,1555.29,106.33,545.8,770.68,-1.77,-3.88,-10.06,0,0,0,0,0,1,1,100,100,0.06,-0.91,12059.77,%sSafe,,
4918,28.5,1555.29,106.33,545.8,770.62,-1.76,-3.88,-10.06,0,0,0,0,0,1,1,100,100,0.06,-0.91,12059.8,%sSafe,,
4919,24.35,1555.29,106.33,545.8,770.62,-1.76,-3.88,-10.07,0,0,0,0,0,1,1,100,100,0.06,-0.91,12059.82,%sSafe,,
4920,23.04,1555.29,106.33,545.8,770.62,-1.76,-3.88,-10.07,0,0,0,0,0,1,1,100,100,0.06,-0.91,12059.84,%sSafe,,
4921,25.7,1555.29,106.31,545.78,770.67,-1.75,-3.88,-10.07,0,0,0,0,0,1,1,100,100,0.06,-0.91,12059.87,%sSafe,,
4922,27.12,1555.29,106.31,545.78,770.67,-1.75,-3.87,-10.07,0,0,0,0,0,1,1,100,100,0.06,-0.91,12059.9,%sSafe,,
4923,25.77,1555.3,106.31,545.78,770.67,-1.75,-3.87,-10.07,0,0,0,0,0,1,1,100,100,0.06,-0.91,12059.92,%sSafe,,
4924,21.49,1555.3,106.29,545.73,770.67,-1.75,-3.87,-10.07,0,0,0,0,0,1,1,100,100,0.06,-0.91,12059.94,%sSafe,,
4925,22.65,1555.3,106.29,545.73,770.77,-1.75,-3.87,-10.07,0,0,0,0,0,1,1,100,100,0.06,-0.91,12059.97,%sSafe,,
4926,29.09,1555.3,106.29,545.73,770.77,-1.75,-3.85,-10.08,0,0,0,0,0,1,1,100,100,0.06,-0.91,12060,%sSafe,,
4927,24.78,1555.39,106.33,545.69,770.77,-1.75,-3.85,-10.08,0,0,0,0,0,1,1,100,100,0.06,-0.91,12060.02,%sSafe,,
4928,22.37,1555.39,106.33,545.69,770.73,-1.73,-3.85,-10.08,0,0,0,0,0,1,1,100,100,0.06,-0.91,12060.04,%sSafe,,
4929,22.08,1555.39,106.33,545.69,770.73,-1.73,-3.92,-10.08,0,0,0,0,0,1,1,100,100,0.06,-0.91,12060.06,%sSafe,,
4930,25.42,1555.39,106.33,545.69,770.73,-1.73,-3.92,-10.08,0,0,0,0,0,1,1,100,100,0.06,-0.91,12060.09,%sSafe,,
4931,24.21,1555.31,106.36,545.7,770.79,-1.73,-3.92,-10.08,0,0,0,0,0,1,1,100,100,0.06,-0.91,12060.11,%sSafe,,
4932,25.8,1555.31,106.36,545.7,770.79,-1.73,-3.92,-10.07,0,0,0,0,0,1,1,100,100,0.06,-0.91,12060.14,%sSafe,,
4933,26.73,1555.39,106.36,545.7,770.79,-1.73,-3.92,-10.07,0,0,0,0,0,1,1,100,100,0.06,-0.91,12060.17,%sSafe,,
4934,21.08,1555.39,106.28,545.69,770.79,-1.73,-3.92,-10.07,0,0,0,0,0,1,1,100,100,0.06,-0.91,12060.19,%sSafe,,
4935,22.19,1555.39,106.28,545.69,770.86,-1.73,-3.92,-10.07,0,0,0,0,0,1,1,100,100,0.06,-0.91,12060.21,%sSafe,,
4936,24.54,1555.39,106.28,545.69,770.86,-1.73,-3.96,-10.07,0,0,0,0,0,1,1,100,100,0.06,-0.91,12060.23,%sSafe,,
4937,27.8,1555.46,106.37,545.69,770.86,-1.73,-3.96,-10.07,0,0,0,0,0,1,1,100,100,0.06,-0.91,12060.26,%sSafe,,
4938,25.79,1555.46,106.37,545.72,770.9,-1.73,-3.96,-10.07,0,0,0,0,0,1,1,100,100,0.06,-0.91,12060.29,%sSafe,,
4939,24.02,1555.46,106.37,545.72,770.9,-1.73,-4.1,-10.07,0,0,0,0,0,1,1,100,100,0.06,-0.91,12060.31,%sSafe,,
4940,23.24,1555.48,106.37,545.72,770.9,-1.73,-4.1,-10.06,0,0,0,0,0,1,1,100,100,0.06,-0.91,12060.34,%sSafe,,
4941,25.63,1555.48,106.45,545.71,770.91,-1.73,-4.1,-10.06,0,0,0,0,0,1,1,100,100,0.06,-0.91,12060.36,%sSafe,,
4942,27.46,1555.48,106.45,545.71,770.91,-1.73,-4,-10.04,0,0,0,0,0,1,1,100,100,0.06,-0.91,12060.39,%sSafe,,
4943,23.24,1555.48,106.45,545.71,770.91,-1.73,-4,-10.04,0,0,0,0,0,1,1,100,100,0.06,-0.91,12060.41,%sSafe,,
4944,21.81,1555.37,106.45,545.68,770.91,-1.73,-4,-10.04,0,0,0,0,0,1,1,100,100,0.06,-0.91,12060.43,%sSafe,,
4945,21,1555.37,106.45,545.68,770.95,-1.73,-3.9,-10.04,0,0,0,0,0,1,1,100,100,0.06,-0.91,12060.45,%sSafe,,
4946,21.75,1555.37,106.45,545.68,770.95,-1.73,-3.9,-10.04,0,0,0,0,0,1,1,100,100,0.06,-0.91,12060.48,%sSafe,,
4947,22.12,1555.35,106.46,545.69,770.91,-1.73,-3.9,-10.04,0,0,0,0,0,1,1,100,100,0.06,-0.91,12060.5,%sSafe,,
4948,27.65,1555.35,106.46,545.69,770.91,-1.74,-3.99,-10.02,0,0,0,0,0,1,1,100,100,0.06,-0.91,12060.53,%sSafe,,
4949,27.2,1555.35,106.46,545.69,770.91,-1.74,-3.99,-10.02,0,0,0,0,0,1,1,100,100,0.06,-0.91,12060.55,%sSafe,,
4950,21.82,1555.36,106.46,545.69,770.91,-1.74,-3.99,-10.02,0,0,0,0,0,1,1,100,100,0.06,-0.91,12060.58,%sSafe,,
4951,24.62,1555.36,106.41,545.67,771,-1.74,-3.99,-10.02,0,0,0,0,0,1,1,100,100,0.06,-0.91,12060.6,%sSafe,,
4952,29.57,1555.36,106.41,545.67,771,-1.74,-4.12,-10.02,0,0,0,0,0,1,1,100,100,0.06,-0.91,12060.63,%sSafe,,
4953,25.03,1555.35,106.41,545.67,771,-1.74,-4.12,-10.02,0,0,0,0,0,1,1,100,100,0.06,-0.91,12060.65,%sSafe,,
4954,24.46,1555.35,106.49,545.66,771.03,-1.75,-4.12,-10.02,0,0,0,0,0,1,1,100,100,0.06,-0.91,12060.68,%sSafe,,
4955,24.13,1555.35,106.49,545.66,771.03,-1.75,-4.17,-10.01,0,0,0,0,0,1,1,100,100,0.06,-0.91,12060.7,%sSafe,,
4956,25.76,1555.39,106.49,545.66,771.03,-1.75,-4.17,-10.01,0,0,0,0,0,1,1,100,100,0.06,-0.91,12060.73,%sSafe,,
4957,24.11,1555.39,106.62,545.66,771.03,-1.75,-4.17,-10.01,0,0,0,0,0,1,1,100,100,0.06,-0.91,12060.75,%sSafe,,
4958,34.97,1555.39,106.62,545.7,770.96,-1.75,-4.17,-10.01,0,0,0,0,0,1,1,100,100,0.06,-0.91,12060.79,%sSafe,,
4959,22.94,1555.39,106.62,545.7,770.96,-1.75,-4.13,-10.01,0,0,0,0,0,1,1,100,100,0.06,-0.91,12060.81,%sSafe,,
4960,25.57,1555.39,106.62,545.7,770.96,-1.75,-4.13,-10.01,0,0,0,0,0,1,1,100,100,0.06,-0.91,12060.84,%sSafe,,
4961,23.15,1555.4,106.57,545.7,770.96,-1.75,-4.13,-10.01,0,0,0,0,0,1,1,100,100,0.06,-0.91,12060.86,%sSafe,,
4962,23.02,1555.4,106.57,545.75,771,-1.78,-4.08,-10.01,0,0,0,0,0,1,1,100,100,0.06,-0.92,12060.88,%sSafe,,
4963,27.62,1555.4,106.57,545.75,771,-1.78,-4.08,-10.01,0,0,0,0,0,1,1,100,100,0.06,-0.92,12060.91,%sSafe,,
4964,21.69,1555.53,106.58,545.75,771,-1.78,-4.08,-10.01,0,0,0,0,0,1,1,100,100,0.06,-0.92,12060.93,%sSafe,,
4965,25.67,1555.53,106.58,545.75,770.97,-1.78,-4.08,-10.01,0,0,0,0,0,1,1,100,100,0.06,-0.92,12060.96,%sSafe,,
4966,25.11,1555.53,106.58,545.75,770.97,-1.78,-4.07,-10,0,0,0,0,0,1,1,100,100,0.06,-0.92,12060.98,%sSafe,,
4967,23.55,1555.53,106.54,545.75,770.97,-1.78,-4.07,-10,0,0,0,0,0,1,1,100,100,0.06,-0.92,12061.01,%sSafe,,
4968,25.62,1555.53,106.54,545.71,770.9,-1.78,-4.07,-10,0,0,0,0,0,1,1,100,100,0.06,-0.92,12061.03,%sSafe,,
4969,22.97,1555.53,106.54,545.71,770.9,-1.77,-3.99,-10,0,0,0,0,0,1,1,100,100,0.06,-0.92,12061.05,%sSafe,,
4970,28.7,1555.54,106.54,545.71,770.9,-1.77,-3.99,-10,0,0,0,0,0,1,1,100,100,0.06,-0.92,12061.08,%sSafe,,
4971,23.85,1555.54,106.48,545.68,770.8,-1.77,-3.99,-10,0,0,0,0,0,1,1,100,100,0.06,-0.92,12061.11,%sSafe,,
4972,27.53,1555.54,106.48,545.68,770.8,-1.77,-3.99,-10,0,0,0,0,0,1,1,100,100,0.06,-0.92,12061.13,%sSafe,,
4973,21.51,1555.54,106.48,545.68,770.8,-1.77,-3.87,-10.01,0,0,0,0,0,1,1,100,100,0.06,-0.93,12061.16,%sSafe,,
4974,25.09,1555.53,106.48,545.68,770.8,-1.77,-3.87,-10.01,0,0,0,0,0,1,1,100,100,0.06,-0.93,12061.18,%sSafe,,
4975,25.02,1555.53,106.43,545.69,770.72,-1.76,-3.87,-10.01,0,0,0,0,0,1,1,100,100,0.06,-0.93,12061.21,%sSafe,,
4976,25.95,1555.53,106.43,545.69,770.72,-1.76,-3.82,-10.03,0,0,0,0,0,1,1,100,100,0.06,-0.93,12061.23,%sSafe,,
4977,26.5,1555.61,106.43,545.69,770.72,-1.76,-3.82,-10.03,0,0,0,0,0,1,1,100,100,0.06,-0.93,12061.26,%sSafe,,
4978,24.15,1555.61,106.52,545.69,770.72,-1.76,-3.82,-10.03,0,0,0,0,0,1,1,100,100,0.06,-0.93,12061.28,%sSafe,,
4979,24.52,1555.61,106.52,545.67,770.66,-1.76,-3.82,-10.03,0,0,0,0,0,1,1,100,100,0.06,-0.93,12061.31,%sSafe,,
4980,25.02,1555.61,106.52,545.67,770.66,-1.76,-4.02,-10.03,0,0,0,0,0,1,1,100,100,0.06,-0.93,12061.33,%sSafe,,
4981,26.7,1555.72,106.52,545.67,770.66,-1.76,-4.02,-10.03,0,0,0,0,0,1,1,100,100,0.06,-0.93,12061.36,%sSafe,,
4982,28.57,1555.72,106.48,545.74,770.71,-1.76,-4.02,-10.03,0,0,0,0,0,1,1,100,100,0.06,-0.93,12061.39,%sSafe,,
4983,32.63,1555.72,106.48,545.74,770.71,-1.76,-4,-10.04,0,0,0,0,0,1,1,100,100,0.06,-0.93,12061.42,%sSafe,,
4984,21.56,1555.72,106.48,545.74,770.71,-1.76,-4,-10.04,0,0,0,0,0,1,1,100,100,0.06,-0.93,12061.44,%sSafe,,
4985,21.99,1555.8,106.5,545.74,770.71,-1.76,-4,-10.04,0,0,0,0,0,1,1,100,100,0.06,-0.93,12061.46,%sSafe,,
4986,26.65,1555.8,106.5,545.76,770.65,-1.76,-3.91,-10.04,0,0,0,0,0,1,1,100,100,0.06,-0.93,12061.49,%sSafe,,
4987,26.43,1555.8,106.5,545.76,770.65,-1.76,-3.91,-10.04,0,0,0,0,0,1,1,100,100,0.06,-0.93,12061.52,%sSafe,,
4988,24.08,1555.9,106.46,545.76,770.65,-1.76,-3.91,-10.04,0,0,0,0,0,1,1,100,100,0.06,-0.93,12061.54,%sSafe,,
4989,23.09,1555.9,106.46,545.76,770.61,-1.76,-3.91,-10.04,0,0,0,0,0,1,1,100,100,0.06,-0.93,12061.56,%sSafe,,
4990,23.2,1555.9,106.46,545.76,770.61,-1.76,-3.86,-10.05,0,0,0,0,0,1,1,100,100,0.06,-0.93,12061.59,%sSafe,,
4991,25.02,1555.96,106.31,545.76,770.61,-1.76,-3.86,-10.05,0,0,0,0,0,1,1,100,100,0.06,-0.93,12061.61,%sSafe,,
4992,26.7,1555.96,106.31,545.75,770.61,-1.76,-3.86,-10.05,0,0,0,0,0,1,1,100,100,0.06,-0.93,12061.64,%sSafe,,
4993,24.75,1555.96,106.31,545.75,770.61,-1.76,-3.86,-10.05,0,0,0,0,0,1,1,100,100,0.06,-0.93,12061.66,%sSafe,,
4994,25.6,1555.96,106.31,545.75,770.61,-1.76,-3.82,-10.04,0,0,0,0,0,1,1,100,100,0.06,-0.93,12061.69,%sSafe,,
4995,25.16,1555.99,106.26,545.71,770.61,-1.76,-3.82,-10.04,0,0,0,0,0,1,1,100,100,0.06,-0.93,12061.71,%sSafe,,
4996,24.7,1555.99,106.26,545.71,770.52,-1.75,-3.84,-10.04,0,0,0,0,0,1,1,100,100,0.06,-0.93,12061.74,%sSafe,,
4997,28.82,1555.99,106.26,545.71,770.52,-1.75,-3.84,-10.05,0,0,0,0,0,1,1,100,100,0.06,-0.93,12061.77,%sSafe,,
4998,26.21,1555.84,106.16,545.71,770.52,-1.75,-3.84,-10.05,0,0,0,0,0,1,1,100,100,0.06,-0.93,12061.79,%sSafe,,
4999,25.77,1555.84,106.16,545.71,770.52,-1.75,-3.84,-10.05,0,0,0,0,0,1,1,100,100,0.06,-0.93,12061.82,%sSafe,,
5000,21.2,1555.84,106.16,545.71,770.52,-1.75,-3.89,-10.06,0,0,0,0,0,1,1,100,100,0.06,-0.93,12061.84,%sSafe,,
5001,21.26,1555.87,106.16,545.71,770.52,-1.75,-3.89,-10.06,0,0,0,0,0,1,1,100,100,0.06,-0.93,12061.86,%sSafe,,
5002,23.44,1555.87,106.24,545.74,770.53,-1.75,-3.89,-10.06,0,0,0,0,0,1,1,100,100,0.06,-0.93,12061.89,%sSafe,,
5003,22.08,1555.87,106.24,545.74,770.53,-1.76,-3.87,-10.06,0,0,0,0,0,1,1,100,100,0.06,-0.93,12061.91,%sSafe,,
5004,26.52,1555.91,106.25,545.74,770.53,-1.76,-3.87,-10.07,0,0,0,0,0,1,1,100,100,0.06,-0.93,12061.93,%sSafe,,
5005,26.74,1555.91,106.25,545.75,770.62,-1.75,-3.87,-10.07,0,0,0,0,0,1,1,100,100,0.06,-0.93,12061.96,%sSafe,,
5006,27.7,1555.91,106.25,545.75,770.62,-1.75,-3.79,-10.07,0,0,0,0,0,1,1,100,100,0.06,-0.93,12061.99,%sSafe,,
5007,24.25,1555.91,106.25,545.75,770.62,-1.75,-3.79,-10.06,0,0,0,0,0,1,1,100,100,0.06,-0.93,12062.01,%sSafe,,
5008,24.15,1555.97,106.36,545.76,770.67,-1.76,-3.79,-10.06,0,0,0,0,0,1,1,100,100,0.06,-0.93,12062.04,%sSafe,,
5009,26.19,1555.97,106.36,545.76,770.67,-1.76,-3.83,-10.06,0,0,0,0,0,1,1,100,100,0.06,-0.93,12062.06,%sSafe,,
5010,24.61,1556.05,106.36,545.76,770.67,-1.76,-3.83,-10.06,0,0,0,0,0,1,1,100,100,0.06,-0.93,12062.09,%sSafe,,
5011,25.06,1556.05,106.36,545.79,770.69,-1.76,-3.83,-10.06,0,0,0,0,0,1,1,100,100,0.06,-0.93,12062.11,%sSafe,,
5012,24.33,1556.05,106.36,545.79,770.69,-1.76,-3.87,-10.05,0,0,0,0,0,1,1,100,100,0.06,-0.93,12062.14,%sSafe,,
5013,22.07,1556.01,106.39,545.79,770.69,-1.76,-3.87,-10.05,0,0,0,0,0,1,1,100,100,0.06,-0.93,12062.16,%sSafe,,
5014,24.77,1556.01,106.39,545.79,770.72,-1.77,-3.87,-10.05,0,0,0,0,0,1,1,100,100,0.06,-0.93,12062.18,%sSafe,,
5015,22.54,1556.01,106.39,545.79,770.72,-1.77,-3.91,-10.05,0,0,0,0,0,1,1,100,100,0.06,-0.93,12062.21,%sSafe,,
5016,23.63,1556.04,106.39,545.79,770.72,-1.77,-3.91,-10.05,0,0,0,0,0,1,1,100,100,0.06,-0.93,12062.23,%sSafe,,
5017,22.89,1556.04,106.28,545.79,770.73,-1.77,-3.91,-10.05,0,0,0,0,0,1,1,100,100,0.06,-0.93,12062.25,%sSafe,,
5018,23.4,1556.04,106.28,545.79,770.73,-1.76,-3.94,-10.06,0,0,0,0,0,1,1,100,100,0.06,-0.93,12062.28,%sSafe,,
5019,25.07,1556.1,106.23,545.79,770.73,-1.76,-3.94,-10.06,0,0,0,0,0,1,1,100,100,0.06,-0.93,12062.3,%sSafe,,
5020,27.76,1556.1,106.23,545.81,770.76,-1.76,-3.94,-10.06,0,0,0,0,0,1,1,100,100,0.06,-0.93,12062.33,%sSafe,,
5021,25.12,1556.1,106.23,545.81,770.76,-1.76,-4.04,-10.06,0,0,0,0,0,1,1,100,100,0.06,-0.93,12062.36,%sSafe,,
5022,25.66,1556.08,106.3,545.81,770.76,-1.76,-4.04,-10.06,0,0,0,0,0,1,1,100,100,0.06,-0.93,12062.38,%sSafe,,
5023,25.63,1556.08,106.3,545.84,770.78,-1.75,-4.04,-10.06,0,0,0,0,0,1,1,100,100,0.06,-0.93,12062.41,%sSafe,,
5024,25.56,1556.08,106.3,545.84,770.78,-1.75,-4.06,-10.06,0,0,0,0,0,1,1,100,100,0.06,-0.93,12062.43,%sSafe,,
5025,23.07,1556.08,106.3,545.84,770.78,-1.75,-4.06,-10.06,0,0,0,0,0,1,1,100,100,0.06,-0.93,12062.45,%sSafe,,
5026,27.35,1556.06,106.43,545.91,770.78,-1.75,-4.06,-10.06,0,0,0,0,0,1,1,100,100,0.06,-0.93,12062.48,%sSafe,,
5027,27.47,1556.06,106.43,545.91,770.88,-1.75,-4.06,-10.06,0,0,0,0,0,1,1,100,100,0.06,-0.93,12062.51,%sSafe,,
5028,26.6,1556.06,106.43,545.91,770.88,-1.75,-4.06,-10.06,0,0,0,0,0,1,1,100,100,0.06,-0.93,12062.54,%sSafe,,
5029,23.19,1556.06,106.43,545.91,770.88,-1.75,-4,-10.06,0,0,0,0,0,1,1,100,100,0.06,-0.93,12062.56,%sSafe,,
5030,23.04,1556.06,106.43,545.91,770.88,-1.75,-4,-10.06,0,0,0,0,0,1,1,100,100,0.06,-0.93,12062.58,%sSafe,,
5031,24.62,1556.17,106.54,545.92,770.89,-1.76,-4,-10.06,0,0,0,0,0,1,1,100,100,0.06,-0.93,12062.61,%sSafe,,
5032,33.13,1556.17,106.54,545.92,770.89,-1.76,-3.9,-10.06,0,0,0,0,0,1,1,100,100,0.06,-0.93,12062.64,%sSafe,,
5033,22.16,1556.17,106.54,545.92,770.89,-1.76,-3.9,-10.05,0,0,0,0,0,1,1,100,100,0.06,-0.94,12062.66,%sSafe,,
5034,28.77,1556.31,106.52,545.91,770.89,-1.76,-3.9,-10.05,0,0,0,0,0,1,1,100,100,0.06,-0.94,12062.69,%sSafe,,
5035,25.2,1556.31,106.52,545.91,770.83,-1.76,-4.03,-10.05,0,0,0,0,0,1,1,100,100,0.06,-0.94,12062.72,%sSafe,,
5036,25,1556.31,106.52,545.91,770.83,-1.76,-4.03,-10.04,0,0,0,0,0,1,1,100,100,0.06,-0.94,12062.74,%sSafe,,
5037,23.3,1556.31,106.52,545.91,770.83,-1.76,-4.03,-10.04,0,0,0,0,0,1,1,100,100,0.06,-0.94,12062.76,%sSafe,,
5038,27.12,1556.31,106.56,545.91,770.82,-1.77,-4.03,-10.04,0,0,0,0,0,1,1,100,100,0.06,-0.94,12062.79,%sSafe,,
5039,24.19,1556.31,106.56,545.91,770.82,-1.77,-4.07,-10.04,0,0,0,0,0,1,1,100,100,0.06,-0.94,12062.82,%sSafe,,
5040,25.39,1556.31,106.56,545.91,770.82,-1.77,-4.07,-10.04,0,0,0,0,0,1,1,100,100,0.06,-0.94,12062.84,%sSafe,,
5041,24.6,1556.3,106.56,545.91,770.82,-1.77,-4.07,-10.04,0,0,0,0,0,1,1,100,100,0.06,-0.94,12062.87,%sSafe,,
5042,26.15,1556.3,106.49,545.91,770.82,-1.76,-4.07,-10.04,0,0,0,0,0,1,1,100,100,0.06,-0.94,12062.89,%sSafe,,
5043,25.7,1556.3,106.49,545.91,770.82,-1.76,-4.07,-10.04,0,0,0,0,0,1,1,100,100,0.06,-0.94,12062.92,%sSafe,,
5044,23.6,1556.3,106.49,545.91,770.82,-1.76,-4.01,-10.03,0,0,0,0,0,1,1,100,100,0.06,-0.94,12062.94,%sSafe,,
5045,23.36,1556.3,106.49,545.91,770.82,-1.76,-4.01,-10.03,0,0,0,0,0,1,1,100,100,0.06,-0.94,12062.96,%sSafe,,
5046,26.46,1556.26,106.38,545.91,770.82,-1.76,-4.01,-10.03,0,0,0,0,0,1,1,100,100,0.06,-0.94,12062.99,%sSafe,,
5047,25.2,1556.26,106.38,545.93,770.82,-1.76,-4.01,-10.03,0,0,0,0,0,1,1,100,100,0.06,-0.94,12063.02,%sSafe,,
5048,27.17,1556.26,106.38,545.93,770.83,-1.76,-4.01,-10.03,0,0,0,0,0,1,1,100,100,0.06,-0.94,12063.04,%sSafe,,
5049,31.74,1556.26,106.38,545.93,770.83,-1.76,-3.98,-10.04,0,0,0,0,0,1,1,100,100,0.06,-0.94,12063.08,%sSafe,,
5050,32.16,1556.26,106.38,545.93,770.83,-1.76,-3.98,-10.04,0,0,0,0,0,1,1,100,100,0.06,-0.94,12063.11,%sSafe,,
5051,25.62,1556.35,106.28,545.93,770.83,-1.76,-3.98,-10.04,0,0,0,0,0,1,1,100,100,0.06,-0.94,12063.13,%sSafe,,
5052,29.6,1556.35,106.28,545.92,770.79,-1.76,-3.98,-10.04,0,0,0,0,0,1,1,100,100,0.06,-0.94,12063.16,%sSafe,,
5053,26.62,1556.35,106.28,545.92,770.79,-1.77,-3.98,-10.04,0,0,0,0,0,1,1,100,100,0.06,-0.94,12063.19,%sSafe,,
5054,28.34,1556.35,106.28,545.92,770.79,-1.77,-3.81,-10.05,0,0,0,0,0,1,1,100,100,0.06,-0.95,12063.22,%sSafe,,
5055,31.26,1556.35,106.28,545.92,770.79,-1.77,-3.81,-10.05,0,0,0,0,0,1,1,100,100,0.06,-0.95,12063.25,%sSafe,,
5056,25.12,1556.32,106.41,545.92,770.79,-1.77,-3.81,-10.05,0,0,0,0,0,1,1,100,100,0.06,-0.95,12063.27,%sSafe,,
5057,31.14,1556.32,106.41,545.91,770.79,-1.77,-3.81,-10.05,0,0,0,0,0,1,1,100,100,0.06,-0.95,12063.31,%sSafe,,
5058,25.81,1556.32,106.41,545.91,770.81,-1.77,-3.81,-10.05,0,0,0,0,0,1,1,100,100,0.06,-0.95,12063.33,%sSafe,,
5059,26.71,1556.32,106.41,545.91,770.81,-1.77,-3.77,-10.05,0,0,0,0,0,1,1,100,100,0.06,-0.95,12063.36,%sSafe,,
5060,26.1,1556.32,106.41,545.91,770.81,-1.77,-3.77,-10.05,0,0,0,0,0,1,1,100,100,0.06,-0.95,12063.38,%sSafe,,
5061,22.57,1556.32,106.41,545.91,770.81,-1.77,-3.77,-10.05,0,0,0,0,0,1,1,100,100,0.06,-0.95,12063.41,%sSafe,,
5062,23.69,1556.27,106.4,545.91,770.81,-1.77,-3.77,-10.05,0,0,0,0,0,1,1,100,100,0.06,-0.95,12063.43,%sSafe,,
5063,29.75,1556.27,106.4,545.91,770.82,-1.78,-3.77,-10.05,0,0,0,0,0,1,1,100,100,0.06,-0.95,12063.46,%sSafe,,
5064,31.63,1556.27,106.4,545.91,770.82,-1.78,-3.77,-10.05,0,0,0,0,0,1,1,100,100,0.06,-0.95,12063.49,%sSafe,,
5065,31.74,1556.27,106.4,545.91,770.82,-1.78,-3.69,-10.05,0,0,0,0,0,1,1,100,100,0.06,-0.95,12063.52,%sSafe,,
5066,33.25,1556.27,106.4,545.91,770.82,-1.78,-3.69,-10.05,0,0,0,0,0,1,1,100,100,0.06,-0.95,12063.56,%sSafe,,
5067,35.36,1556.25,106.43,545.91,770.82,-1.78,-3.69,-10.05,0,0,0,0,0,1,1,100,100,0.06,-0.95,12063.59,%sSafe,,
5068,25.62,1556.25,106.43,545.91,770.81,-1.78,-3.69,-10.05,0,0,0,0,0,1,1,100,100,0.06,-0.95,12063.62,%sSafe,,
5069,35.94,1556.25,106.43,545.91,770.81,-1.77,-3.69,-10.05,0,0,0,0,0,1,1,100,100,0.06,-0.95,12063.65,%sSafe,,
5070,28.72,1556.25,106.43,545.91,770.81,-1.77,-3.79,-10.05,0,0,0,0,0,1,1,100,100,0.06,-0.95,12063.68,%sSafe,,
5071,34.32,1556.31,106.43,545.91,770.81,-1.77,-3.79,-10.05,0,0,0,0,0,1,1,100,100,0.06,-0.95,12063.72,%sSafe,,
5072,30.69,1556.31,106.33,545.91,770.81,-1.77,-3.79,-10.05,0,0,0,0,0,1,1,100,100,0.06,-0.95,12063.75,%sSafe,,
5073,26.09,1556.31,106.33,545.9,770.81,-1.77,-3.79,-10.05,0,0,0,0,0,1,1,100,100,0.06,-0.95,12063.77,%sSafe,,
5074,26.71,1556.31,106.33,545.9,770.84,-1.77,-3.64,-10.05,0,0,0,0,0,1,1,100,100,0.06,-0.95,12063.8,%sSafe,,
5075,37.82,1556.31,106.33,545.9,770.84,-1.77,-3.64,-10.04,0,0,0,0,0,1,1,100,100,0.06,-0.95,12063.84,%sSafe,,
5076,35.48,1556.31,106.33,545.9,770.84,-1.77,-3.64,-10.04,0,0,0,0,0,1,1,100,100,0.06,-0.95,12063.87,%sSafe,,
5077,24.42,1556.31,106.33,545.9,770.84,-1.77,-3.64,-10.04,0,0,0,0,0,1,1,100,100,0.06,-0.95,12063.9,%sSafe,,
5078,27.04,1556.38,106.25,545.89,770.84,-1.77,-3.64,-10.04,0,0,0,0,0,1,1,100,100,0.06,-0.95,12063.92,%sSafe,,
5079,31.72,1556.38,106.25,545.89,770.86,-1.77,-3.64,-10.04,0,0,0,0,0,1,1,100,100,0.06,-0.95,12063.96,%sSafe,,
5080,24.9,1556.38,106.25,545.89,770.86,-1.77,-3.75,-10.04,0,0,0,0,0,1,1,100,100,0.06,-0.95,12063.98,%sSafe,,
5081,26.91,1556.38,106.25,545.89,770.86,-1.77,-3.75,-10.04,0,0,0,0,0,1,1,100,100,0.06,-0.95,12064.01,%sSafe,,
5082,22.18,1556.41,106.21,545.89,770.86,-1.77,-3.75,-10.04,0,0,0,0,0,1,1,100,100,0.06,-0.95,12064.03,%sSafe,,
5083,24.8,1556.41,106.21,545.9,770.86,-1.77,-3.75,-10.04,0,0,0,0,0,1,1,100,100,0.06,-0.95,12064.06,%sSafe,,
5084,25.83,1556.41,106.21,545.9,771.02,-1.76,-3.75,-10.04,0,0,0,0,0,1,1,100,100,0.06,-0.95,12064.08,%sSafe,,
5085,23.87,1556.41,106.21,545.9,771.02,-1.76,-3.7,-10.04,0,0,0,0,0,1,1,100,100,0.06,-0.95,12064.1,%sSafe,,
5086,35.22,1556.41,106.21,545.9,771.02,-1.76,-3.7,-10.04,0,0,0,0,0,1,1,100,100,0.06,-0.95,12064.14,%sSafe,,
5087,29.05,1556.56,106.12,545.9,771.02,-1.76,-3.7,-10.04,0,0,0,0,0,1,1,100,100,0.06,-0.95,12064.17,%sSafe,,
5088,23.07,1556.56,106.12,545.9,770.95,-1.76,-3.7,-10.04,0,0,0,0,0,1,1,100,100,0.06,-0.95,12064.19,%sSafe,,
5089,25.97,1556.56,106.12,545.9,770.95,-1.76,-3.66,-10.04,0,0,0,0,0,1,1,100,100,0.06,-0.95,12064.22,%sSafe,,
5090,27.88,1556.56,106.12,545.9,770.95,-1.76,-3.66,-10.04,0,0,0,0,0,1,1,100,100,0.06,-0.95,12064.25,%sSafe,,
5091,27.12,1556.67,106.17,545.9,770.95,-1.76,-3.66,-10.04,0,0,0,0,0,1,1,100,100,0.06,-0.95,12064.27,%sSafe,,
5092,25.3,1556.67,106.17,545.9,770.95,-1.76,-3.66,-10.04,0,0,0,0,0,1,1,100,100,0.06,-0.95,12064.3,%sSafe,,
5093,26.06,1556.67,106.17,545.9,770.92,-1.75,-3.66,-10.04,0,0,0,0,0,1,1,100,100,0.06,-0.95,12064.32,%sSafe,,
5094,28.04,1556.67,106.17,545.9,770.92,-1.75,-3.83,-10.05,0,0,0,0,0,1,1,100,100,0.06,-0.95,12064.35,%sSafe,,
5095,26.59,1556.67,106.17,545.9,770.92,-1.75,-3.83,-10.05,0,0,0,0,0,1,1,100,100,0.06,-0.95,12064.38,%sSafe,,
5096,31.27,1556.8,106.19,545.89,770.92,-1.75,-3.83,-10.05,0,0,0,0,0,1,1,100,100,0.06,-0.95,12064.41,%sSafe,,
5097,21.42,1556.8,106.19,545.89,770.95,-1.73,-3.83,-10.05,0,0,0,0,0,1,1,100,100,0.06,-0.95,12064.43,%sSafe,,
5098,28.28,1556.8,106.19,545.89,770.95,-1.73,-3.77,-10.05,0,0,0,0,0,1,1,100,100,0.06,-0.95,12064.46,%sSafe,,
5099,23,1556.8,106.19,545.89,770.95,-1.73,-3.77,-10.05,0,0,0,0,0,1,1,100,100,0.06,-0.95,12064.48,%sSafe,,
5100,25.62,1556.92,106.25,545.9,770.95,-1.73,-3.77,-10.05,0,0,0,0,0,1,1,100,100,0.06,-0.95,12064.51,%sSafe,,
5101,30.11,1556.92,106.25,545.9,771,-1.73,-3.77,-10.05,0,0,0,0,0,1,1,100,100,0.06,-0.95,12064.54,%sSafe,,
5102,24.13,1556.92,106.25,545.9,771,-1.73,-3.95,-10.05,0,0,0,0,0,1,1,100,100,0.06,-0.95,12064.56,%sSafe,,
5103,28.09,1556.92,106.25,545.9,771,-1.73,-3.95,-10.04,0,0,0,0,0,1,1,100,100,0.06,-0.95,12064.59,%sSafe,,
5104,23.07,1557.08,106.21,545.9,771,-1.73,-3.95,-10.04,0,0,0,0,0,1,1,100,100,0.06,-0.95,12064.61,%sSafe,,
5105,27.12,1557.08,106.21,545.92,770.95,-1.73,-3.95,-10.04,0,0,0,0,0,1,1,100,100,0.06,-0.95,12064.64,%sSafe,,
5106,22.87,1557.08,106.21,545.92,770.95,-1.73,-3.95,-10.04,0,0,0,0,0,1,1,100,100,0.06,-0.95,12064.66,%sSafe,,
5107,24.21,1557.08,106.21,545.92,770.95,-1.73,-4.09,-10.03,0,0,0,0,0,1,1,100,100,0.06,-0.95,12064.69,%sSafe,,
5108,26.03,1557.21,106.19,545.92,770.95,-1.73,-4.09,-10.03,0,0,0,0,0,1,1,100,100,0.06,-0.95,12064.71,%sSafe,,
5109,24.82,1557.21,106.19,545.91,770.92,-1.73,-4.09,-10.03,0,0,0,0,0,1,1,100,100,0.06,-0.95,12064.74,%sSafe,,
5110,25.68,1557.21,106.19,545.91,770.92,-1.72,-4.09,-10.03,0,0,0,0,0,1,1,100,100,0.06,-0.95,12064.77,%sSafe,,
5111,24.39,1557.21,106.19,545.91,770.92,-1.72,-3.95,-10.03,0,0,0,0,0,1,1,100,100,0.06,-0.95,12064.79,%sSafe,,
5112,31.53,1557.41,106.19,545.91,770.92,-1.72,-3.95,-10.03,0,0,0,0,0,1,1,100,100,0.06,-0.95,12064.82,%sSafe,,
5113,22.38,1557.41,106.15,545.9,770.92,-1.72,-3.95,-10.03,0,0,0,0,0,1,1,100,100,0.06,-0.95,12064.84,%sSafe,,
5114,23.81,1557.41,106.15,545.9,770.92,-1.72,-3.94,-10.03,0,0,0,0,0,1,1,100,100,0.06,-0.95,12064.87,%sSafe,,
5115,30.54,1557.41,106.15,545.9,770.92,-1.72,-3.94,-10.03,0,0,0,0,0,1,1,100,100,0.06,-0.96,12064.9,%sSafe,,
5116,22.12,1557.48,106.14,545.9,770.92,-1.72,-3.94,-10.03,0,0,0,0,0,1,1,100,100,0.06,-0.96,12064.92,%sSafe,,
5117,24.87,1557.48,106.14,545.9,770.83,-1.72,-3.94,-10.03,0,0,0,0,0,1,1,100,100,0.06,-0.96,12064.94,%sSafe,,
5118,22.72,1557.48,106.14,545.9,770.83,-1.72,-4.03,-10.04,0,0,0,0,0,1,1,100,100,0.06,-0.96,12064.97,%sSafe,,
5119,29.12,1557.48,106.14,545.9,770.83,-1.72,-4.03,-10.04,0,0,0,0,0,1,1,100,100,0.06,-0.96,12065,%sSafe,,
5120,28.14,1557.63,106.13,545.92,770.83,-1.72,-4.03,-10.04,0,0,0,0,0,1,1,100,100,0.06,-0.96,12065.02,%sSafe,,
5121,25.78,1557.63,106.13,545.92,770.89,-1.74,-3.88,-10.04,0,0,0,0,0,1,1,100,100,0.06,-0.96,12065.05,%sSafe,,
5122,25.12,1557.63,106.13,545.92,770.89,-1.74,-3.88,-10.04,0,0,0,0,0,1,1,100,100,0.06,-0.96,12065.08,%sSafe,,
5123,24.49,1557.56,106.16,545.92,770.89,-1.74,-3.88,-10.04,0,0,0,0,0,1,1,100,100,0.06,-0.96,12065.1,%sSafe,,
5124,22.63,1557.56,106.16,545.94,770.89,-1.74,-3.88,-10.04,0,0,0,0,0,1,1,100,100,0.06,-0.96,12065.12,%sSafe,,
5125,23.57,1557.56,106.16,545.94,770.81,-1.74,-3.88,-10.04,0,0,0,0,0,1,1,100,100,0.06,-0.96,12065.15,%sSafe,,
5126,23.83,1557.6,106.16,545.94,770.81,-1.74,-3.86,-10.04,0,0,0,0,0,1,1,100,100,0.06,-0.97,12065.17,%sSafe,,
5127,26.65,1557.6,106.23,545.93,770.81,-1.74,-3.86,-10.04,0,0,0,0,0,1,1,100,100,0.06,-0.97,12065.2,%sSafe,,
5128,27.72,1557.6,106.23,545.93,770.89,-1.73,-3.93,-10.04,0,0,0,0,0,1,1,100,100,0.06,-0.97,12065.22,%sSafe,,
5129,20.41,1557.6,106.23,545.93,770.89,-1.73,-3.93,-10.05,0,0,0,0,0,1,1,100,100,0.06,-0.97,12065.24,%sSafe,,
5130,21.76,1557.6,106.23,545.93,770.89,-1.73,-3.93,-10.05,0,0,0,0,0,1,1,100,100,0.06,-0.97,12065.27,%sSafe,,
5131,23.02,1557.67,106.17,545.93,770.89,-1.73,-3.93,-10.05,0,0,0,0,0,1,1,100,100,0.06,-0.97,12065.29,%sSafe,,
5132,24.8,1557.67,106.17,545.93,770.87,-1.74,-3.96,-10.05,0,0,0,0,0,1,1,100,100,0.06,-0.97,12065.31,%sSafe,,
5133,24.94,1557.67,106.17,545.93,770.87,-1.74,-3.96,-10.05,0,0,0,0,0,1,1,100,100,0.06,-0.97,12065.34,%sSafe,,
5134,20.8,1557.7,106.18,545.93,770.87,-1.74,-3.96,-10.05,0,0,0,0,0,1,1,100,100,0.06,-0.97,12065.36,%sSafe,,
5135,27.1,1557.7,106.18,545.91,770.85,-1.75,-3.96,-10.05,0,0,0,0,0,1,1,100,100,0.06,-0.97,12065.39,%sSafe,,
5136,25.15,1557.7,106.18,545.91,770.85,-1.75,-3.78,-10.05,0,0,0,0,0,1,1,100,100,0.06,-0.97,12065.41,%sSafe,,
5137,27.19,1557.7,106.16,545.91,770.85,-1.75,-3.78,-10.05,0,0,0,0,0,1,1,100,100,0.06,-0.97,12065.44,%sSafe,,
5138,23.15,1557.7,106.16,545.88,770.89,-1.75,-3.78,-10.05,0,0,0,0,0,1,1,100,100,0.06,-0.97,12065.46,%sSafe,,
5139,31.57,1557.7,106.16,545.88,770.89,-1.75,-3.78,-10.05,0,0,0,0,0,1,1,100,100,0.06,-0.97,12065.49,%sSafe,,
5140,26.66,1557.7,106.16,545.88,770.89,-1.75,-3.69,-10.05,0,0,0,0,0,1,1,100,100,0.06,-0.97,12065.52,%sSafe,,
5141,30.22,1557.65,106.16,545.88,770.89,-1.75,-3.69,-10.05,0,0,0,0,0,1,1,100,100,0.06,-0.97,12065.55,%sSafe,,
5142,28.66,1557.65,106.1,545.84,770.99,-1.75,-3.69,-10.05,0,0,0,0,0,1,1,100,100,0.06,-0.97,12065.58,%sSafe,,
5143,24.11,1557.65,106.1,545.84,770.99,-1.75,-3.67,-10.05,0,0,0,0,0,1,1,100,100,0.06,-0.97,12065.6,%sSafe,,
5144,30.19,1557.65,106.1,545.84,770.99,-1.75,-3.67,-10.06,0,0,0,0,0,1,1,100,100,0.06,-0.97,12065.63,%sSafe,,
5145,23.68,1557.65,106.1,545.84,770.99,-1.75,-3.67,-10.06,0,0,0,0,0,1,1,100,100,0.06,-0.97,12065.66,%sSafe,,
5146,27.15,1557.6,106.1,545.83,771.02,-1.75,-3.67,-10.06,0,0,0,0,0,1,1,100,100,0.06,-0.97,12065.68,%sSafe,,
5147,27.66,1557.6,106.1,545.83,771.02,-1.76,-3.67,-10.06,0,0,0,0,0,1,1,100,100,0.06,-0.97,12065.71,%sSafe,,
5148,27.25,1557.6,106.1,545.83,771.02,-1.76,-3.92,-10.05,0,0,0,0,0,1,1,100,100,0.06,-0.97,12065.74,%sSafe,,
5149,33.65,1557.6,106.1,545.83,771.02,-1.76,-3.92,-10.05,0,0,0,0,0,1,1,100,100,0.06,-0.97,12065.77,%sSafe,,
5150,22.67,1557.53,106.04,545.83,771.02,-1.76,-3.92,-10.05,0,0,0,0,0,1,1,100,100,0.06,-0.97,12065.8,%sSafe,,
5151,24.96,1557.53,106.04,545.83,771.01,-1.76,-3.92,-10.05,0,0,0,0,0,1,1,100,100,0.06,-0.97,12065.82,%sSafe,,
5152,28.95,1557.53,106.04,545.83,771.01,-1.76,-3.92,-10.05,0,0,0,0,0,1,1,100,100,0.06,-0.97,12065.85,%sSafe,,
5153,23.97,1557.53,106.04,545.83,771.01,-1.76,-3.78,-10.05,0,0,0,0,0,1,1,100,100,0.06,-0.98,12065.87,%sSafe,,
5154,28.7,1557.53,106.04,545.83,771.01,-1.76,-3.78,-10.05,0,0,0,0,0,1,1,100,100,0.06,-0.98,12065.9,%sSafe,,
5155,30.2,1557.7,106.16,545.83,771.01,-1.76,-3.78,-10.05,0,0,0,0,0,1,1,100,100,0.06,-0.98,12065.93,%sSafe,,
5156,22.15,1557.7,106.16,545.82,771.01,-1.76,-3.78,-10.05,0,0,0,0,0,1,1,100,100,0.06,-0.98,12065.96,%sSafe,,
5157,25.79,1557.7,106.16,545.82,771.08,-1.76,-3.78,-10.05,0,0,0,0,0,1,1,100,100,0.06,-0.98,12065.98,%sSafe,,
5158,37.14,1557.7,106.16,545.82,771.08,-1.76,-3.68,-10.06,0,0,0,0,0,1,1,100,100,0.06,-0.98,12066.02,%sSafe,,
5159,29.98,1557.7,106.16,545.82,771.08,-1.76,-3.68,-10.06,0,0,0,0,0,1,1,100,100,0.06,-0.98,12066.05,%sSafe,,
5160,31.76,1557.74,106.16,545.82,771.08,-1.76,-3.68,-10.06,0,0,0,0,0,1,1,100,100,0.06,-0.98,12066.08,%sSafe,,
5161,25.15,1557.74,106.17,545.84,771.08,-1.76,-3.68,-10.06,0,0,0,0,0,1,1,100,100,0.06,-0.98,12066.1,%sSafe,,
5162,30.26,1557.74,106.17,545.84,771.08,-1.76,-3.68,-10.06,0,0,0,0,0,1,1,100,100,0.06,-0.98,12066.14,%sSafe,,
5163,28.82,1557.74,106.17,545.84,771.03,-1.76,-3.68,-10.06,0,0,0,0,0,1,1,100,100,0.06,-0.98,12066.16,%sSafe,,
5164,23.46,1557.74,106.17,545.84,771.03,-1.76,-3.56,-10.06,0,0,0,0,0,1,1,100,100,0.06,-0.98,12066.19,%sSafe,,
5165,26.07,1557.74,106.17,545.84,771.03,-1.76,-3.56,-10.06,0,0,0,0,0,1,1,100,100,0.06,-0.97,12066.21,%sSafe,,
5166,28.95,1557.9,106.17,545.84,771.03,-1.76,-3.56,-10.06,0,0,0,0,0,1,1,100,100,0.06,-0.97,12066.24,%sSafe,,
5167,29.42,1557.9,106.12,545.81,771.03,-1.76,-3.56,-10.06,0,0,0,0,0,1,1,100,100,0.06,-0.97,12066.27,%sSafe,,
5168,25.68,1557.9,106.12,545.81,771.09,-1.76,-3.56,-10.06,0,0,0,0,0,1,1,100,100,0.06,-0.97,12066.3,%sSafe,,
5169,28.86,1557.9,106.12,545.81,771.09,-1.75,-3.58,-10.06,0,0,0,0,0,1,1,100,100,0.06,-0.97,12066.33,%sSafe,,
5170,29.9,1557.96,106.12,545.81,771.09,-1.75,-3.58,-10.06,0,0,0,0,0,1,1,100,100,0.06,-0.97,12066.36,%sSafe,,
5171,25.78,1557.96,106.15,545.81,771.09,-1.75,-3.58,-10.06,0,0,0,0,0,1,1,100,100,0.06,-0.97,12066.38,%sSafe,,
5172,28.26,1557.96,106.15,545.83,771.06,-1.76,-3.48,-10.06,0,0,0,0,0,1,1,100,100,0.06,-0.97,12066.41,%sSafe,,
5173,34.13,1557.96,106.15,545.83,771.06,-1.76,-3.48,-10.05,0,0,0,0,0,1,1,100,100,0.06,-0.97,12066.44,%sSafe,,
5174,23.39,1557.96,106.15,545.83,771.06,-1.76,-3.48,-10.05,0,0,0,0,0,1,1,100,100,0.05,-0.98,12066.47,%sSafe,,
5175,23.88,1557.96,106.1,545.83,771.06,-1.76,-3.48,-10.05,0,0,0,0,0,1,1,100,100,0.05,-0.98,12066.49,%sSafe,,
5176,25.71,1557.96,106.1,545.83,771.1,-1.76,-3.48,-10.05,0,0,0,0,0,1,1,100,100,0.05,-0.98,12066.52,%sSafe,,
5177,25.08,1557.96,106.1,545.83,771.1,-1.75,-3.48,-10.05,0,0,0,0,0,1,1,100,100,0.05,-0.98,12066.54,%sSafe,,
5178,22.12,1557.96,106.1,545.83,771.1,-1.75,-3.41,-10.05,0,0,0,0,0,1,1,100,100,0.05,-0.98,12066.56,%sSafe,,
5179,26.63,1558.02,106.16,545.83,771.1,-1.75,-3.41,-10.05,0,0,0,0,0,1,1,100,100,0.05,-0.98,12066.59,%sSafe,,
5180,24.78,1558.02,106.16,545.85,771.1,-1.75,-3.41,-10.05,0,0,0,0,0,1,1,100,100,0.05,-0.98,12066.62,%sSafe,,
5181,23.62,1558.02,106.16,545.85,771.13,-1.73,-3.41,-10.05,0,0,0,0,0,1,1,100,100,0.05,-0.98,12066.64,%sSafe,,
5182,23.87,1558.02,106.16,545.85,771.13,-1.73,-3.38,-10.05,0,0,0,0,0,1,1,100,100,0.05,-0.98,12066.66,%sSafe,,
5183,23.63,1558.02,106.16,545.85,771.13,-1.73,-3.38,-10.05,0,0,0,0,0,1,1,100,100,0.05,-0.98,12066.69,%sSafe,,
5184,29.31,1558.1,106.24,545.87,771.16,-1.73,-3.38,-10.05,0,0,0,0,0,1,1,100,100,0.05,-0.98,12066.72,%sSafe,,
5185,28.09,1558.1,106.24,545.87,771.16,-1.73,-3.38,-10.05,0,0,0,0,0,1,1,100,100,0.05,-0.98,12066.74,%sSafe,,
5186,25.62,1558.1,106.24,545.87,771.16,-1.73,-3.35,-10.05,0,0,0,0,0,1,1,100,100,0.05,-0.98,12066.77,%sSafe,,
5187,24.17,1558.1,106.24,545.87,771.16,-1.73,-3.35,-10.05,0,0,0,0,0,1,1,100,100,0.05,-0.98,12066.79,%sSafe,,
5188,23.13,1558.16,106.29,545.9,771.16,-1.73,-3.35,-10.05,0,0,0,0,0,1,1,100,100,0.05,-0.98,12066.82,%sSafe,,
5189,25.46,1558.16,106.29,545.9,771.17,-1.74,-3.35,-10.05,0,0,0,0,0,1,1,100,100,0.05,-0.98,12066.84,%sSafe,,
5190,24.61,1558.16,106.29,545.9,771.17,-1.74,-3.21,-10.05,0,0,0,0,0,1,1,100,100,0.05,-0.98,12066.87,%sSafe,,
5191,33.69,1558.16,106.29,545.9,771.17,-1.74,-3.21,-10.06,0,0,0,0,0,1,1,100,100,0.06,-0.98,12066.9,%sSafe,,
5192,24.06,1558.29,106.31,545.9,771.17,-1.74,-3.21,-10.06,0,0,0,0,0,1,1,100,100,0.06,-0.98,12066.93,%sSafe,,
5193,25.07,1558.29,106.31,545.93,771.19,-1.74,-3.21,-10.06,0,0,0,0,0,1,1,100,100,0.06,-0.98,12066.95,%sSafe,,
5194,23.15,1558.29,106.31,545.93,771.19,-1.74,-3.05,-10.06,0,0,0,0,0,1,1,100,100,0.06,-0.98,12066.97,%sSafe,,
5195,23.63,1558.29,106.31,545.93,771.19,-1.74,-3.05,-10.06,0,0,0,0,0,1,1,100,100,0.06,-0.98,12067,%sSafe,,
5196,27,1558.33,106.33,545.96,771.19,-1.74,-3.05,-10.06,0,0,0,0,0,1,1,100,100,0.06,-0.98,12067.02,%sSafe,,
5197,25.63,1558.33,106.33,545.96,771.26,-1.74,-3.05,-10.06,0,0,0,0,0,1,1,100,100,0.06,-0.98,12067.05,%sSafe,,
5198,24.88,1558.33,106.33,545.96,771.26,-1.73,-3.23,-10.07,0,0,0,0,0,1,1,100,100,0.06,-0.98,12067.07,%sSafe,,
5199,28.72,1558.28,106.25,545.96,771.26,-1.73,-3.23,-10.07,0,0,0,0,0,1,1,100,100,0.05,-0.98,12067.1,%sSafe,,
5200,27.41,1558.28,106.25,545.96,771.26,-1.73,-3.23,-10.07,0,0,0,0,0,1,1,100,100,0.05,-0.98,12067.13,%sSafe,,
5201,25.25,1558.28,106.25,545.96,771.27,-1.72,-3.23,-10.07,0,0,0,0,0,1,1,100,100,0.05,-0.98,12067.16,%sSafe,,
5202,25.84,1558.28,106.25,545.96,771.27,-1.72,-3.37,-10.07,0,0,0,0,0,1,1,100,100,0.05,-0.98,12067.18,%sSafe,,
5203,22.71,1558.38,106.23,545.96,771.27,-1.72,-3.37,-10.07,0,0,0,0,0,1,1,100,100,0.05,-0.98,12067.2,%sSafe,,
5204,29.13,1558.38,106.23,545.95,771.3,-1.72,-3.37,-10.07,0,0,0,0,0,1,1,100,100,0.05,-0.98,12067.23,%sSafe,,
5205,26.48,1558.38,106.23,545.95,771.3,-1.72,-3.49,-10.06,0,0,0,0,0,1,1,100,100,0.05,-0.98,12067.26,%sSafe,,
5206,27.56,1558.39,106.23,545.95,771.3,-1.72,-3.49,-10.06,0,0,0,0,0,1,1,100,100,0.05,-0.98,12067.29,%sSafe,,
5207,24.03,1558.39,106.23,545.98,771.28,-1.73,-3.49,-10.06,0,0,0,0,0,1,1,100,100,0.05,-0.98,12067.31,%sSafe,,
5208,26.28,1558.39,106.23,545.98,771.28,-1.73,-3.48,-10.06,0,0,0,0,0,1,1,100,100,0.05,-0.98,12067.34,%sSafe,,
5209,27.05,1558.37,106.13,545.98,771.28,-1.73,-3.48,-10.06,0,0,0,0,0,1,1,100,100,0.05,-0.98,12067.37,%sSafe,,
5210,24.45,1558.37,106.13,545.98,771.28,-1.73,-3.48,-10.06,0,0,0,0,0,1,1,100,100,0.05,-0.98,12067.39,%sSafe,,
5211,24.06,1558.37,106.13,545.98,771.41,-1.73,-3.48,-10.06,0,0,0,0,0,1,1,100,100,0.05,-0.98,12067.41,%sSafe,,
5212,22.57,1558.37,106.13,545.98,771.41,-1.73,-3.55,-10.06,0,0,0,0,0,1,1,100,100,0.05,-0.99,12067.44,%sSafe,,
5213,25.21,1558.37,106.13,545.98,771.41,-1.73,-3.55,-10.06,0,0,0,0,0,1,1,100,100,0.05,-0.99,12067.46,%sSafe,,
5214,26.84,1558.34,106.19,545.98,771.41,-1.73,-3.55,-10.06,0,0,0,0,0,1,1,100,100,0.05,-0.99,12067.49,%sSafe,,
5215,23.64,1558.34,106.19,545.98,771.36,-1.73,-3.51,-10.06,0,0,0,0,0,1,1,100,100,0.05,-0.99,12067.51,%sSafe,,
5216,27.23,1558.34,106.19,545.98,771.36,-1.73,-3.51,-10.06,0,0,0,0,0,1,1,100,100,0.05,-0.99,12067.54,%sSafe,,
5217,25.06,1558.34,106.19,545.98,771.36,-1.73,-3.51,-10.06,0,0,0,0,0,1,1,100,100,0.05,-0.99,12067.56,%sSafe,,
5218,27.32,1558.41,106.12,546.01,771.36,-1.73,-3.51,-10.06,0,0,0,0,0,1,1,100,100,0.05,-0.99,12067.59,%sSafe,,
5219,27.6,1558.41,106.12,546.01,771.29,-1.75,-3.51,-10.06,0,0,0,0,0,1,1,100,100,0.05,-0.99,12067.62,%sSafe,,
5220,22.59,1558.41,106.12,546.01,771.29,-1.75,-3.75,-10.06,0,0,0,0,0,1,1,100,100,0.05,-0.99,12067.64,%sSafe,,
5221,24.56,1558.41,106.12,546.01,771.29,-1.75,-3.75,-10.06,0,0,0,0,0,1,1,100,100,0.05,-0.99,12067.67,%sSafe,,
5222,27.13,1558.44,106.08,546.01,771.24,-1.76,-3.75,-10.06,0,0,0,0,0,1,1,100,100,0.05,-0.99,12067.69,%sSafe,,
5223,27.86,1558.44,106.08,546.01,771.24,-1.76,-3.81,-10.06,0,0,0,0,0,1,1,100,100,0.05,-0.99,12067.72,%sSafe,,
5224,29.8,1558.44,106.08,546.01,771.24,-1.76,-3.81,-10.06,0,0,0,0,0,1,1,100,100,0.06,-0.99,12067.75,%sSafe,,
5225,25.81,1558.46,106.08,546.01,771.24,-1.76,-3.81,-10.06,0,0,0,0,0,1,1,100,100,0.06,-0.99,12067.78,%sSafe,,
5226,23.02,1558.46,106.08,546.05,771.19,-1.75,-3.81,-10.06,0,0,0,0,0,1,1,100,100,0.06,-0.99,12067.8,%sSafe,,
5227,25.09,1558.46,106.08,546.05,771.19,-1.75,-3.78,-10.06,0,0,0,0,0,1,1,100,100,0.06,-0.99,12067.83,%sSafe,,
5228,22.15,1558.46,106.08,546.05,771.19,-1.75,-3.78,-10.04,0,0,0,0,0,1,1,100,100,0.06,-0.99,12067.85,%sSafe,,
5229,24.47,1558.46,106.09,546.03,771.19,-1.75,-3.78,-10.04,0,0,0,0,0,1,1,100,100,0.05,-0.99,12067.87,%sSafe,,
5230,24.8,1558.46,106.09,546.03,771.16,-1.74,-3.78,-10.04,0,0,0,0,0,1,1,100,100,0.05,-0.99,12067.9,%sSafe,,
5231,30,1558.46,106.09,546.03,771.16,-1.74,-3.74,-10.04,0,0,0,0,0,1,1,100,100,0.05,-0.99,12067.93,%sSafe,,
5232,22.55,1558.46,106.09,546.03,771.16,-1.74,-3.74,-10.04,0,0,0,0,0,1,1,100,100,0.05,-0.99,12067.95,%sSafe,,
5233,25.09,1558.49,106.06,546.01,771.13,-1.75,-3.74,-10.04,0,0,0,0,0,1,1,100,100,0.05,-0.99,12067.97,%sSafe,,
5234,24.58,1558.49,106.06,546.01,771.13,-1.75,-3.48,-10.04,0,0,0,0,0,1,1,100,100,0.05,-0.99,12068,%sSafe,,
5235,28.57,1558.49,106.06,546.01,771.13,-1.75,-3.48,-10.04,0,0,0,0,0,1,1,100,100,0.05,-1,12068.03,%sSafe,,
5236,23.55,1558.58,106.03,546,771.13,-1.75,-3.48,-10.04,0,0,0,0,0,1,1,100,100,0.05,-1,12068.05,%sSafe,,
5237,25.52,1558.58,106.03,546,771.08,-1.75,-3.5,-10.04,0,0,0,0,0,1,1,100,100,0.05,-1,12068.08,%sSafe,,
5238,23.74,1558.58,106.03,546,771.08,-1.75,-3.5,-10.04,0,0,0,0,0,1,1,100,100,0.05,-1,12068.1,%sSafe,,
5239,24.12,1558.46,106.03,546,771.08,-1.75,-3.5,-10.04,0,0,0,0,0,1,1,100,100,0.06,-1,12068.12,%sSafe,,
5240,24.64,1558.46,106.08,546,771.08,-1.75,-3.5,-10.04,0,0,0,0,0,1,1,100,100,0.06,-1,12068.15,%sSafe,,
5241,25.05,1558.46,106.08,545.99,771.05,-1.74,-3.44,-10.04,0,0,0,0,0,1,1,100,100,0.06,-1,12068.17,%sSafe,,
5242,23.68,1558.42,106.11,545.99,771.05,-1.74,-3.44,-10.04,0,0,0,0,0,1,1,100,100,0.06,-1,12068.2,%sSafe,,
5243,25.06,1558.42,106.11,546,771.05,-1.74,-3.44,-10.04,0,0,0,0,0,1,1,100,100,0.06,-1,12068.22,%sSafe,,
5244,25.12,1558.42,106.11,546,771.11,-1.74,-3.44,-10.04,0,0,0,0,0,1,1,100,100,0.06,-1,12068.25,%sSafe,,
5245,25.13,1558.42,106.11,546,771.11,-1.74,-3.46,-10.04,0,0,0,0,0,1,1,100,100,0.06,-1,12068.27,%sSafe,,
5246,26.66,1558.37,106.12,546.01,771.11,-1.74,-3.46,-10.04,0,0,0,0,0,1,1,100,100,0.06,-1,12068.3,%sSafe,,
5247,26.5,1558.37,106.12,546.01,770.93,-1.74,-3.52,-10.04,0,0,0,0,0,1,1,100,100,0.06,-1,12068.33,%sSafe,,
5248,27.65,1558.52,106.12,546.01,770.93,-1.74,-3.52,-10.04,0,0,0,0,0,1,1,100,100,0.06,-1.01,12068.35,%sSafe,,
5249,25.62,1558.52,106.14,546.04,770.98,-1.74,-3.52,-10.04,0,0,0,0,0,1,1,100,100,0.06,-1.01,12068.38,%sSafe,,
5250,24.03,1558.52,106.14,546.04,770.98,-1.74,-3.46,-10.03,0,0,0,0,0,1,1,100,100,0.06,-1.01,12068.4,%sSafe,,
5251,26.23,1558.52,106.14,546.04,770.98,-1.74,-3.46,-10.03,0,0,0,0,0,1,1,100,100,0.06,-1.01,12068.43,%sSafe,,
5252,26.51,1558.53,106.13,546.01,771.06,-1.74,-3.46,-10.03,0,0,0,0,0,1,1,100,100,0.06,-1.01,12068.46,%sSafe,,
5253,23.59,1558.53,106.13,546.01,771.06,-1.74,-3.46,-10.03,0,0,0,0,0,1,1,100,100,0.06,-1.01,12068.48,%sSafe,,
5254,24.05,1558.53,106.13,546.01,771.06,-1.74,-3.3,-10.04,0,0,0,0,0,1,1,100,100,0.06,-1.01,12068.5,%sSafe,,
5255,24.6,1558.54,106.11,546.01,771.06,-1.74,-3.3,-10.04,0,0,0,0,0,1,1,100,100,0.05,-1.01,12068.53,%sSafe,,
5256,20.83,1558.54,106.11,545.98,771.06,-1.74,-3.3,-10.04,0,0,0,0,0,1,1,100,100,0.05,-1.01,12068.55,%sSafe,,
5257,23.88,1558.54,106.11,545.98,771.04,-1.74,-3.3,-10.04,0,0,0,0,0,1,1,100,100,0.05,-1.01,12068.57,%sSafe,,
5258,25.57,1558.54,106.11,545.98,771.04,-1.74,-3.35,-10.04,0,0,0,0,0,1,1,100,100,0.05,-1,12068.6,%sSafe,,
5259,25.9,1558.62,106.07,545.95,771.04,-1.74,-3.35,-10.04,0,0,0,0,0,1,1,100,100,0.05,-1,12068.62,%sSafe,,
5260,24.15,1558.62,106.07,545.95,771.05,-1.74,-3.35,-10.04,0,0,0,0,0,1,1,100,100,0.05,-1,12068.65,%sSafe,,
5261,24.11,1558.62,106.07,545.95,771.05,-1.74,-3.33,-10.04,0,0,0,0,0,1,1,100,100,0.05,-1,12068.67,%sSafe,,
5262,22,1558.62,106.07,545.95,771.05,-1.74,-3.33,-10.05,0,0,0,0,0,1,1,100,100,0.05,-1,12068.69,%sSafe,,
5263,25.67,1558.62,106.08,545.94,771.02,-1.75,-3.33,-10.05,0,0,0,0,0,1,1,100,100,0.05,-1,12068.72,%sSafe,,
5264,24.19,1558.62,106.08,545.94,771.02,-1.75,-3.54,-10.05,0,0,0,0,0,1,1,100,100,0.05,-1,12068.74,%sSafe,,
5265,28.6,1558.62,106.08,545.94,771.02,-1.75,-3.54,-10.05,0,0,0,0,0,1,1,100,100,0.05,-1,12068.77,%sSafe,,
5266,21.83,1558.67,106.04,545.94,771.02,-1.75,-3.54,-10.05,0,0,0,0,0,1,1,100,100,0.05,-1,12068.8,%sSafe,,
5267,26.21,1558.67,106.04,545.95,771.01,-1.75,-3.67,-10.05,0,0,0,0,0,1,1,100,100,0.05,-1,12068.82,%sSafe,,
5268,25.14,1558.67,106.04,545.95,771.01,-1.75,-3.67,-10.06,0,0,0,0,0,1,1,100,100,0.05,-1,12068.85,%sSafe,,
5269,27.55,1558.62,106.04,545.95,771.01,-1.75,-3.67,-10.06,0,0,0,0,0,1,1,100,100,0.05,-1,12068.87,%sSafe,,
5270,25.71,1558.62,106.11,545.97,771.11,-1.76,-3.67,-10.06,0,0,0,0,0,1,1,100,100,0.05,-1,12068.9,%sSafe,,
5271,28.53,1558.62,106.11,545.97,771.11,-1.76,-3.58,-10.06,0,0,0,0,0,1,1,100,100,0.05,-1,12068.93,%sSafe,,
5272,21.64,1558.62,106.11,545.97,771.11,-1.76,-3.58,-10.06,0,0,0,0,0,1,1,100,100,0.06,-1.01,12068.95,%sSafe,,
5273,28.61,1558.73,106.14,545.98,771.18,-1.76,-3.58,-10.06,0,0,0,0,0,1,1,100,100,0.06,-1.01,12068.98,%sSafe,,
5274,25.33,1558.73,106.14,545.98,771.18,-1.77,-3.65,-10.06,0,0,0,0,0,1,1,100,100,0.06,-1.01,12069,%sSafe,,
5275,27.51,1558.73,106.14,545.98,771.18,-1.77,-3.65,-10.06,0,0,0,0,0,1,1,100,100,0.06,-1.01,12069.03,%sSafe,,
5276,23.65,1558.73,106.14,545.98,771.18,-1.77,-3.65,-10.06,0,0,0,0,0,1,1,100,100,0.06,-1.01,12069.05,%sSafe,,
5277,26.68,1558.84,106.22,545.99,771.18,-1.77,-3.65,-10.06,0,0,0,0,0,1,1,100,100,0.06,-1.01,12069.08,%sSafe,,
5278,24.69,1558.84,106.22,545.99,771.18,-1.77,-3.65,-10.06,0,0,0,0,0,1,1,100,100,0.06,-1.01,12069.11,%sSafe,,
5279,26.2,1558.84,106.22,545.99,771.18,-1.77,-3.63,-10.05,0,0,0,0,0,1,1,100,100,0.06,-1.01,12069.13,%sSafe,,
5280,28.16,1558.84,106.22,545.99,771.18,-1.77,-3.63,-10.05,0,0,0,0,0,1,1,100,100,0.06,-1,12069.16,%sSafe,,
5281,28.67,1559.01,106.27,545.99,771.18,-1.77,-3.63,-10.05,0,0,0,0,0,1,1,100,100,0.06,-1,12069.19,%sSafe,,
5282,25.06,1559.01,106.27,546.02,771.18,-1.77,-3.63,-10.05,0,0,0,0,0,1,1,100,100,0.06,-1,12069.21,%sSafe,,
5283,24.19,1559.01,106.27,546.02,771.3,-1.77,-3.63,-10.05,0,0,0,0,0,1,1,100,100,0.06,-1,12069.24,%sSafe,,
5284,22.99,1559.01,106.27,546.02,771.3,-1.77,-3.5,-10.04,0,0,0,0,0,1,1,100,100,0.06,-1,12069.26,%sSafe,,
5285,25.69,1559.01,106.27,546.02,771.3,-1.77,-3.5,-10.04,0,0,0,0,0,1,1,100,100,0.06,-1,12069.29,%sSafe,,
5286,28.14,1558.98,106.27,546.02,771.3,-1.77,-3.5,-10.04,0,0,0,0,0,1,1,100,100,0.06,-1,12069.32,%sSafe,,
5287,25.27,1558.98,106.34,546.05,771.3,-1.77,-3.5,-10.04,0,0,0,0,0,1,1,100,100,0.06,-1,12069.34,%sSafe,,
5288,29.68,1558.98,106.34,546.05,771.26,-1.77,-3.5,-10.04,0,0,0,0,0,1,1,100,100,0.06,-1,12069.37,%sSafe,,
5289,27.82,1558.98,106.34,546.05,771.26,-1.77,-3.48,-10.05,0,0,0,0,0,1,1,100,100,0.06,-1,12069.4,%sSafe,,
5290,32.53,1558.98,106.34,546.05,771.26,-1.77,-3.48,-10.05,0,0,0,0,0,1,1,100,100,0.05,-1,12069.43,%sSafe,,
5291,36.16,1558.94,106.37,546.05,771.26,-1.77,-3.48,-10.05,0,0,0,0,0,1,1,100,100,0.05,-1,12069.47,%sSafe,,
5292,29.75,1558.94,106.37,546.02,771.26,-1.77,-3.48,-10.05,0,0,0,0,0,1,1,100,100,0.05,-1,12069.5,%sSafe,,
5293,28.18,1558.94,106.37,546.02,771.25,-1.77,-3.48,-10.05,0,0,0,0,0,1,1,100,100,0.05,-1,12069.52,%sSafe,,
5294,32.87,1558.94,106.37,546.02,771.25,-1.77,-3.45,-10.05,0,0,0,0,0,1,1,100,100,0.05,-1,12069.56,%sSafe,,
5295,26.18,1558.94,106.37,546.02,771.25,-1.77,-3.45,-10.04,0,0,0,0,0,1,1,100,100,0.05,-1.01,12069.58,%sSafe,,
5296,31.72,1558.94,106.37,546.02,771.25,-1.77,-3.45,-10.04,0,0,0,0,0,1,1,100,100,0.06,-1.01,12069.62,%sSafe,,
5297,26.64,1558.95,106.33,546.02,771.25,-1.77,-3.45,-10.04,0,0,0,0,0,1,1,100,100,0.06,-1.01,12069.64,%sSafe,,
5298,29.71,1558.95,106.33,546.06,771.25,-1.77,-3.45,-10.04,0,0,0,0,0,1,1,100,100,0.06,-1.01,12069.67,%sSafe,,
5299,33.67,1558.95,106.33,546.06,771.3,-1.77,-3.45,-10.04,0,0,0,0,0,1,1,100,100,0.06,-1.01,12069.71,%sSafe,,
5300,29.63,1558.95,106.33,546.06,771.3,-1.77,-3.25,-10.03,0,0,0,0,0,1,1,100,100,0.06,-1.01,12069.74,%sSafe,,
5301,23.73,1558.95,106.33,546.06,771.3,-1.77,-3.25,-10.03,0,0,0,0,0,1,1,100,100,0.06,-1.01,12069.76,%sSafe,,
5302,26.21,1558.95,106.33,546.06,771.3,-1.77,-3.25,-10.03,0,0,0,0,0,1,1,100,100,0.06,-1.01,12069.79,%sSafe,,
5303,25.67,1558.92,106.36,546.06,771.3,-1.77,-3.25,-10.03,0,0,0,0,0,1,1,100,100,0.06,-1.01,12069.81,%sSafe,,
5304,28.6,1558.92,106.36,546.07,771.33,-1.77,-3.25,-10.03,0,0,0,0,0,1,1,100,100,0.06,-1.01,12069.84,%sSafe,,
5305,27.01,1558.92,106.36,546.07,771.33,-1.77,-3.25,-10.03,0,0,0,0,0,1,1,100,100,0.06,-1.01,12069.87,%sSafe,,
5306,25.68,1558.92,106.36,546.07,771.33,-1.75,-3.33,-10.03,0,0,0,0,0,1,1,100,100,0.06,-1.01,12069.89,%sSafe,,
5307,24.26,1558.92,106.36,546.07,771.33,-1.75,-3.33,-10.03,0,0,0,0,0,1,1,100,100,0.06,-1.02,12069.92,%sSafe,,
5308,28.59,1558.92,106.36,546.07,771.33,-1.75,-3.33,-10.03,0,0,0,0,0,1,1,100,100,0.06,-1.02,12069.94,%sSafe,,
5309,29.67,1559.03,106.34,546.07,771.33,-1.75,-3.33,-10.03,0,0,0,0,0,1,1,100,100,0.06,-1.02,12069.97,%sSafe,,
5310,23.43,1559.03,106.34,546.03,771.33,-1.75,-3.33,-10.03,0,0,0,0,0,1,1,100,100,0.06,-1.02,12070,%sSafe,,
5311,29.69,1559.03,106.34,546.03,771.33,-1.75,-3.33,-10.03,0,0,0,0,0,1,1,100,100,0.06,-1.02,12070.03,%sSafe,,
5312,30.8,1559.03,106.34,546.03,771.33,-1.75,-3.03,-10.02,0,0,0,0,0,1,1,100,100,0.06,-1.02,12070.06,%sSafe,,
5313,29.48,1559.03,106.34,546.03,771.33,-1.75,-3.03,-10.02,0,0,0,0,0,1,1,100,100,0.06,-1.02,12070.09,%sSafe,,
5314,24.03,1559.03,106.36,546.05,771.33,-1.75,-3.03,-10.02,0,0,0,0,0,1,1,100,100,0.06,-1.02,12070.11,%sSafe,,
5315,29.72,1559.03,106.36,546.05,771.43,-1.75,-3.03,-10.02,0,0,0,0,0,1,1,100,100,0.06,-1.02,12070.14,%sSafe,,
5316,23.01,1559.03,106.36,546.05,771.43,-1.75,-3.03,-10.02,0,0,0,0,0,1,1,100,100,0.06,-1.02,12070.16,%sSafe,,
5317,29.61,1559.03,106.36,546.05,771.43,-1.75,-3.01,-10.01,0,0,0,0,0,1,1,100,100,0.06,-1.02,12070.19,%sSafe,,
5318,30.7,1559.03,106.3,546.05,771.43,-1.75,-3.01,-10.01,0,0,0,0,0,1,1,100,100,0.06,-1.02,12070.23,%sSafe,,
5319,21.09,1559.03,106.3,546,771.43,-1.75,-3.01,-10.01,0,0,0,0,0,1,1,100,100,0.06,-1.02,12070.25,%sSafe,,
5320,30.09,1559.03,106.3,546,771.37,-1.74,-3.01,-10.01,0,0,0,0,0,1,1,100,100,0.06,-1.02,12070.28,%sSafe,,
5321,29.05,1559.03,106.3,546,771.37,-1.74,-3.13,-10.01,0,0,0,0,0,1,1,100,100,0.06,-1.02,12070.31,%sSafe,,
5322,28.57,1559.07,106.3,546,771.37,-1.74,-3.13,-10.01,0,0,0,0,0,1,1,100,100,0.06,-1.02,12070.33,%sSafe,,
5323,30.69,1559.07,106.19,546,771.37,-1.74,-3.13,-10.01,0,0,0,0,0,1,1,100,100,0.06,-1.02,12070.36,%sSafe,,
5324,28.55,1559.07,106.19,546,771.38,-1.74,-3.08,-10.01,0,0,0,0,0,1,1,100,100,0.06,-1.02,12070.39,%sSafe,,
5325,27.68,1559.07,106.19,546,771.38,-1.74,-3.08,-10.02,0,0,0,0,0,1,1,100,100,0.05,-1.03,12070.42,%sSafe,,
5326,25.58,1559.05,106.19,546,771.38,-1.74,-3.08,-10.02,0,0,0,0,0,1,1,100,100,0.05,-1.03,12070.45,%sSafe,,
5327,25.08,1559.05,106.12,545.98,771.38,-1.74,-3.08,-10.02,0,0,0,0,0,1,1,100,100,0.05,-1.03,12070.47,%sSafe,,
5328,25.61,1559.05,106.12,545.98,771.32,-1.74,-2.98,-10.02,0,0,0,0,0,1,1,100,100,0.05,-1.03,12070.5,%sSafe,,
5329,27.84,1559.05,106.12,545.98,771.32,-1.74,-2.98,-10.02,0,0,0,0,0,1,1,100,100,0.05,-1.03,12070.52,%sSafe,,
5330,25.4,1559.05,106.12,545.98,771.32,-1.74,-2.98,-10.02,0,0,0,0,0,1,1,100,100,0.05,-1.03,12070.55,%sSafe,,
5331,22.59,1559.01,106.07,545.98,771.32,-1.74,-2.98,-10.02,0,0,0,0,0,1,1,100,100,0.05,-1.03,12070.57,%sSafe,,
5332,23.62,1559.01,106.07,545.96,771.27,-1.74,-2.98,-10.02,0,0,0,0,0,1,1,100,100,0.05,-1.03,12070.6,%sSafe,,
5333,28.09,1559.01,106.07,545.96,771.27,-1.74,-3.12,-10.03,0,0,0,0,0,1,1,100,100,0.05,-1.04,12070.62,%sSafe,,
5334,24.67,1559.01,106.07,545.96,771.27,-1.74,-3.12,-10.03,0,0,0,0,0,1,1,100,100,0.05,-1.04,12070.65,%sSafe,,
5335,24.14,1559.12,105.92,545.96,771.27,-1.74,-3.12,-10.03,0,0,0,0,0,1,1,100,100,0.05,-1.04,12070.67,%sSafe,,
5336,26.82,1559.12,105.92,545.9,771.27,-1.74,-3.12,-10.03,0,0,0,0,0,1,1,100,100,0.05,-1.04,12070.7,%sSafe,,
5337,26.12,1559.12,105.92,545.9,771.36,-1.73,-3.28,-10.03,0,0,0,0,0,1,1,100,100,0.05,-1.04,12070.73,%sSafe,,
5338,26.24,1559.12,105.92,545.9,771.36,-1.73,-3.28,-10.03,0,0,0,0,0,1,1,100,100,0.06,-1.04,12070.75,%sSafe,,
5339,21.39,1559.26,105.88,545.9,771.36,-1.73,-3.28,-10.03,0,0,0,0,0,1,1,100,100,0.06,-1.04,12070.77,%sSafe,,
5340,22.54,1559.26,105.88,545.95,771.42,-1.74,-3.28,-10.03,0,0,0,0,0,1,1,100,100,0.06,-1.04,12070.8,%sSafe,,
5341,26.24,1559.26,105.88,545.95,771.42,-1.74,-3.4,-10.03,0,0,0,0,0,1,1,100,100,0.05,-1.04,12070.82,%sSafe,,
5342,27.64,1559.33,105.88,545.95,771.42,-1.74,-3.4,-10.03,0,0,0,0,0,1,1,100,100,0.05,-1.04,12070.85,%sSafe,,
5343,24.25,1559.33,105.88,546,771.41,-1.74,-3.4,-10.03,0,0,0,0,0,1,1,100,100,0.05,-1.04,12070.87,%sSafe,,
5344,24.78,1559.33,105.88,546,771.41,-1.75,-3.54,-10.03,0,0,0,0,0,1,1,100,100,0.05,-1.04,12070.9,%sSafe,,
5345,27.91,1559.33,105.88,546,771.41,-1.75,-3.54,-10.03,0,0,0,0,0,1,1,100,100,0.06,-1.03,12070.93,%sSafe,,
5346,26.19,1559.45,105.91,545.99,771.41,-1.75,-3.54,-10.03,0,0,0,0,0,1,1,100,100,0.06,-1.03,12070.95,%sSafe,,
5347,25.62,1559.45,105.91,545.99,771.38,-1.76,-3.54,-10.03,0,0,0,0,0,1,1,100,100,0.06,-1.03,12070.98,%sSafe,,
5348,24.23,1559.45,105.91,545.99,771.38,-1.76,-3.64,-10.03,0,0,0,0,0,1,1,100,100,0.06,-1.03,12071,%sSafe,,
5349,25.88,1559.47,105.95,545.99,771.38,-1.76,-3.64,-10.04,0,0,0,0,0,1,1,100,100,0.05,-1.03,12071.03,%sSafe,,
5350,28.64,1559.47,105.95,546.06,771.38,-1.76,-3.64,-10.04,0,0,0,0,0,1,1,100,100,0.05,-1.03,12071.06,%sSafe,,
5351,23.31,1559.47,105.95,546.06,771.48,-1.76,-3.64,-10.04,0,0,0,0,0,1,1,100,100,0.05,-1.03,12071.08,%sSafe,,
5352,26.83,1559.47,105.95,546.06,771.48,-1.76,-3.66,-10.04,0,0,0,0,0,1,1,100,100,0.05,-1.04,12071.11,%sSafe,,
5353,27.16,1559.6,105.95,546.06,771.48,-1.76,-3.66,-10.04,0,0,0,0,0,1,1,100,100,0.05,-1.04,12071.14,%sSafe,,
5354,25.6,1559.6,105.95,546.06,771.48,-1.76,-3.66,-10.04,0,0,0,0,0,1,1,100,100,0.05,-1.04,12071.16,%sSafe,,
5355,25.24,1559.6,105.95,546.06,771.42,-1.76,-3.77,-10.05,0,0,0,0,0,1,1,100,100,0.05,-1.04,12071.19,%sSafe,,
5356,24.84,1559.6,105.95,546.06,771.42,-1.76,-3.77,-10.05,0,0,0,0,0,1,1,100,100,0.05,-1.04,12071.21,%sSafe,,
5357,24,1559.6,105.95,546.06,771.42,-1.76,-3.77,-10.05,0,0,0,0,0,1,1,100,100,0.05,-1.04,12071.23,%sSafe,,
5358,26.52,1559.66,106,546.13,771.42,-1.76,-3.77,-10.05,0,0,0,0,0,1,1,100,100,0.05,-1.04,12071.26,%sSafe,,
5359,21.21,1559.66,106,546.13,771.42,-1.77,-3.77,-10.05,0,0,0,0,0,1,1,100,100,0.05,-1.04,12071.28,%sSafe,,
5360,23.79,1559.66,106,546.13,771.42,-1.77,-3.66,-10.05,0,0,0,0,0,1,1,100,100,0.05,-1.04,12071.31,%sSafe,,
5361,25.84,1559.76,106,546.13,771.42,-1.77,-3.66,-10.04,0,0,0,0,0,1,1,100,100,0.05,-1.04,12071.33,%sSafe,,
5362,25.87,1559.76,106.14,546.13,771.42,-1.77,-3.66,-10.04,0,0,0,0,0,1,1,100,100,0.05,-1.04,12071.36,%sSafe,,
5363,27.21,1559.76,106.14,546.16,771.37,-1.77,-3.66,-10.04,0,0,0,0,0,1,1,100,100,0.05,-1.04,12071.39,%sSafe,,
5364,27.82,1559.76,106.14,546.16,771.37,-1.77,-3.62,-10.03,0,0,0,0,0,1,1,100,100,0.05,-1.04,12071.41,%sSafe,,
5365,24.77,1559.86,106.14,546.16,771.37,-1.77,-3.62,-10.03,0,0,0,0,0,1,1,100,100,0.05,-1.04,12071.44,%sSafe,,
5366,25.31,1559.86,106.14,546.16,771.37,-1.77,-3.62,-10.03,0,0,0,0,0,1,1,100,100,0.05,-1.04,12071.46,%sSafe,,
5367,27.34,1559.86,106.14,546.16,771.3,-1.77,-3.69,-10.03,0,0,0,0,0,1,1,100,100,0.05,-1.04,12071.49,%sSafe,,
5368,30.73,1560,106.14,546.16,771.3,-1.77,-3.69,-10.03,0,0,0,0,0,1,1,100,100,0.05,-1.04,12071.52,%sSafe,,
5369,22.66,1560,106.21,546.16,771.3,-1.77,-3.69,-10.03,0,0,0,0,0,1,1,100,100,0.05,-1.04,12071.54,%sSafe,,
5370,25.78,1560,106.21,546.13,771.35,-1.76,-3.57,-10.03,0,0,0,0,0,1,1,100,100,0.05,-1.04,12071.57,%sSafe,,
5371,29.5,1560,106.21,546.13,771.35,-1.76,-3.57,-10.02,0,0,0,0,0,1,1,100,100,0.05,-1.04,12071.6,%sSafe,,
5372,28.75,1559.99,106.3,546.13,771.35,-1.76,-3.57,-10.02,0,0,0,0,0,1,1,100,100,0.05,-1.04,12071.63,%sSafe,,
5373,27.26,1559.99,106.3,546.17,771.33,-1.76,-3.57,-10.02,0,0,0,0,0,1,1,100,100,0.05,-1.04,12071.66,%sSafe,,
5374,22.71,1559.99,106.3,546.17,771.33,-1.77,-3.57,-10.02,0,0,0,0,0,1,1,100,100,0.05,-1.04,12071.68,%sSafe,,
5375,25.24,1559.99,106.3,546.17,771.33,-1.77,-3.48,-10.03,0,0,0,0,0,1,1,100,100,0.05,-1.04,12071.7,%sSafe,,
5376,23.12,1559.96,106.42,546.17,771.33,-1.77,-3.48,-10.03,0,0,0,0,0,1,1,100,100,0.05,-1.04,12071.73,%sSafe,,
5377,25.45,1559.96,106.42,546.19,771.27,-1.76,-3.48,-10.03,0,0,0,0,0,1,1,100,100,0.05,-1.04,12071.75,%sSafe,,
5378,25.75,1559.96,106.42,546.19,771.27,-1.76,-3.41,-10.03,0,0,0,0,0,1,1,100,100,0.05,-1.04,12071.78,%sSafe,,
5379,27.23,1559.96,106.42,546.19,771.27,-1.76,-3.41,-10.03,0,0,0,0,0,1,1,100,100,0.05,-1.04,12071.8,%sSafe,,
5380,21.28,1559.95,106.49,546.15,771.27,-1.76,-3.41,-10.03,0,0,0,0,0,1,1,100,100,0.05,-1.04,12071.83,%sSafe,,
5381,23.5,1559.95,106.49,546.15,771.26,-1.75,-3.41,-10.03,0,0,0,0,0,1,1,100,100,0.05,-1.04,12071.85,%sSafe,,
5382,25.62,1559.95,106.49,546.15,771.26,-1.75,-3.34,-10.03,0,0,0,0,0,1,1,100,100,0.05,-1.04,12071.88,%sSafe,,
5383,24.64,1560.08,106.5,546.17,771.26,-1.75,-3.34,-10.03,0,0,0,0,0,1,1,100,100,0.05,-1.04,12071.9,%sSafe,,
5384,25.05,1560.08,106.5,546.17,771.29,-1.76,-3.34,-10.03,0,0,0,0,0,1,1,100,100,0.05,-1.04,12071.92,%sSafe,,
5385,27.56,1560.08,106.5,546.17,771.29,-1.76,-3.26,-10.03,0,0,0,0,0,1,1,100,100,0.05,-1.04,12071.95,%sSafe,,
5386,28.89,1559.98,106.44,546.15,771.29,-1.76,-3.26,-10.03,0,0,0,0,0,1,1,100,100,0.05,-1.04,12071.98,%sSafe,,
5387,22.13,1559.98,106.44,546.15,771.21,-1.76,-3.26,-10.03,0,0,0,0,0,1,1,100,100,0.05,-1.04,12072,%sSafe,,
5388,23.49,1559.98,106.44,546.15,771.21,-1.76,-3.51,-10.03,0,0,0,0,0,1,1,100,100,0.05,-1.04,12072.03,%sSafe,,
5389,23.93,1559.98,106.44,546.15,771.21,-1.76,-3.51,-10.03,0,0,0,0,0,1,1,100,100,0.05,-1.05,12072.05,%sSafe,,
5390,25.63,1560,106.5,546.16,771.24,-1.76,-3.51,-10.03,0,0,0,0,0,1,1,100,100,0.05,-1.05,12072.08,%sSafe,,
5391,25.31,1560,106.5,546.16,771.24,-1.76,-3.44,-10.02,0,0,0,0,0,1,1,100,100,0.05,-1.05,12072.1,%sSafe,,
5392,22.97,1560.13,106.5,546.16,771.24,-1.76,-3.44,-10.02,0,0,0,0,0,1,1,100,100,0.05,-1.05,12072.12,%sSafe,,
5393,24.33,1560.13,106.5,546.19,771.24,-1.76,-3.44,-10.02,0,0,0,0,0,1,1,100,100,0.05,-1.05,12072.15,%sSafe,,
5394,23.14,1560.13,106.5,546.19,771.26,-1.76,-3.44,-10.02,0,0,0,0,0,1,1,100,100,0.05,-1.05,12072.17,%sSafe,,
5395,22.77,1560.13,106.5,546.19,771.26,-1.76,-3.5,-10.03,0,0,0,0,0,1,1,100,100,0.05,-1.05,12072.2,%sSafe,,
5396,26.42,1560.05,106.48,546.17,771.27,-1.76,-3.5,-10.03,0,0,0,0,0,1,1,100,100,0.05,-1.05,12072.22,%sSafe,,
5397,27.92,1560.05,106.48,546.17,771.27,-1.75,-3.58,-10.03,0,0,0,0,0,1,1,100,100,0.05,-1.05,12072.25,%sSafe,,
5398,22.91,1560.05,106.48,546.17,771.27,-1.75,-3.58,-10.04,0,0,0,0,0,1,1,100,100,0.05,-1.05,12072.27,%sSafe,,
5399,25.45,1560.05,106.48,546.17,771.27,-1.75,-3.58,-10.04,0,0,0,0,0,1,1,100,100,0.05,-1.05,12072.3,%sSafe,,
5400,28.63,1560.04,106.51,546.17,771.31,-1.75,-3.58,-10.04,0,0,0,0,0,1,1,100,100,0.05,-1.05,12072.33,%sSafe,,
5401,23.11,1560.04,106.51,546.17,771.31,-1.75,-3.53,-10.04,0,0,0,0,0,1,1,100,100,0.05,-1.05,12072.35,%sSafe,,
5402,27.65,1560.04,106.51,546.17,771.31,-1.75,-3.53,-10.04,0,0,0,0,0,1,1,100,100,0.05,-1.05,12072.38,%sSafe,,
5403,24.08,1559.94,106.43,546.17,771.3,-1.75,-3.53,-10.04,0,0,0,0,0,1,1,100,100,0.05,-1.05,12072.4,%sSafe,,
5404,31.43,1559.94,106.43,546.17,771.3,-1.75,-3.53,-10.04,0,0,0,0,0,1,1,100,100,0.05,-1.05,12072.43,%sSafe,,
5405,23.62,1559.94,106.43,546.17,771.3,-1.75,-3.69,-10.04,0,0,0,0,0,1,1,100,100,0.05,-1.05,12072.46,%sSafe,,
5406,26.28,1559.94,106.38,546.17,771.3,-1.75,-3.69,-10.04,0,0,0,0,0,1,1,100,100,0.05,-1.05,12072.48,%sSafe,,
5407,27.81,1559.94,106.38,546.19,771.33,-1.75,-3.69,-10.04,0,0,0,0,0,1,1,100,100,0.05,-1.05,12072.51,%sSafe,,
5408,26.12,1559.94,106.38,546.19,771.33,-1.75,-3.59,-10.04,0,0,0,0,0,1,1,100,100,0.05,-1.05,12072.54,%sSafe,,
5409,26.85,1560.07,106.38,546.19,771.33,-1.75,-3.59,-10.05,0,0,0,0,0,1,1,100,100,0.05,-1.05,12072.56,%sSafe,,
5410,23.95,1560.07,106.3,546.19,771.33,-1.75,-3.59,-10.05,0,0,0,0,0,1,1,100,100,0.05,-1.05,12072.59,%sSafe,,
5411,26.07,1560.07,106.3,546.19,771.37,-1.75,-3.59,-10.05,0,0,0,0,0,1,1,100,100,0.05,-1.05,12072.61,%sSafe,,
5412,24.66,1560.07,106.3,546.19,771.37,-1.75,-3.78,-10.05,0,0,0,0,0,1,1,100,100,0.05,-1.05,12072.64,%sSafe,,
5413,24.37,1560.07,106.3,546.19,771.37,-1.75,-3.78,-10.05,0,0,0,0,0,1,1,100,100,0.05,-1.05,12072.66,%sSafe,,
5414,24.13,1560.12,106.35,546.18,771.43,-1.75,-3.78,-10.05,0,0,0,0,0,1,1,100,100,0.05,-1.05,12072.69,%sSafe,,
5415,24.14,1560.12,106.35,546.18,771.43,-1.75,-3.86,-10.05,0,0,0,0,0,1,1,100,100,0.05,-1.05,12072.71,%sSafe,,
5416,22.23,1560.12,106.35,546.18,771.43,-1.75,-3.86,-10.05,0,0,0,0,0,1,1,100,100,0.05,-1.05,12072.73,%sSafe,,
5417,26.32,1559.91,106.25,546.17,771.43,-1.75,-3.86,-10.05,0,0,0,0,0,1,1,100,100,0.05,-1.05,12072.76,%sSafe,,
5418,28.87,1559.91,106.25,546.17,771.47,-1.75,-4.02,-10.05,0,0,0,0,0,1,1,100,100,0.05,-1.05,12072.79,%sSafe,,
5419,27.23,1559.91,106.25,546.17,771.47,-1.75,-4.02,-10.04,0,0,0,0,0,1,1,100,100,0.05,-1.05,12072.82,%sSafe,,
5420,25.36,1560.08,106.27,546.17,771.47,-1.75,-4.02,-10.04,0,0,0,0,0,1,1,100,100,0.05,-1.05,12072.84,%sSafe,,
5421,24.17,1560.08,106.27,546.21,771.54,-1.75,-4.02,-10.04,0,0,0,0,0,1,1,100,100,0.05,-1.05,12072.86,%sSafe,,
5422,26.82,1560.08,106.27,546.21,771.54,-1.75,-3.84,-10.05,0,0,0,0,0,1,1,100,100,0.05,-1.05,12072.89,%sSafe,,
5423,23.81,1560.14,106.2,546.21,771.54,-1.75,-3.84,-10.05,0,0,0,0,0,1,1,100,100,0.05,-1.05,12072.92,%sSafe,,
5424,26.68,1560.14,106.2,546.2,771.59,-1.75,-3.84,-10.05,0,0,0,0,0,1,1,100,100,0.05,-1.05,12072.94,%sSafe,,
5425,23.93,1560.14,106.2,546.2,771.59,-1.75,-3.84,-10.05,0,0,0,0,0,1,1,100,100,0.05,-1.05,12072.97,%sSafe,,
5426,27.27,1560.14,106.2,546.2,771.59,-1.75,-3.8,-10.04,0,0,0,0,0,1,1,100,100,0.05,-1.05,12072.99,%sSafe,,
5427,23.48,1560.17,106.15,546.18,771.59,-1.75,-3.8,-10.04,0,0,0,0,0,1,1,100,100,0.05,-1.05,12073.02,%sSafe,,
5428,25.84,1560.17,106.15,546.18,771.57,-1.75,-3.8,-10.04,0,0,0,0,0,1,1,100,100,0.05,-1.05,12073.04,%sSafe,,
5429,22.23,1560.17,106.15,546.18,771.57,-1.75,-3.83,-10.03,0,0,0,0,0,1,1,100,100,0.05,-1.05,12073.06,%sSafe,,
5430,22.61,1560.24,106.08,546.18,771.57,-1.75,-3.83,-10.03,0,0,0,0,0,1,1,100,100,0.05,-1.05,12073.09,%sSafe,,
5431,28.96,1560.24,106.08,546.17,771.61,-1.76,-3.83,-10.03,0,0,0,0,0,1,1,100,100,0.05,-1.05,12073.12,%sSafe,,
5432,24.72,1560.24,106.08,546.17,771.61,-1.76,-3.89,-10.02,0,0,0,0,0,1,1,100,100,0.05,-1.05,12073.14,%sSafe,,
5433,26.58,1560.24,106.08,546.17,771.61,-1.76,-3.89,-10.02,0,0,0,0,0,1,1,100,100,0.05,-1.04,12073.17,%sSafe,,
5434,25.13,1560.26,106.04,546.19,771.59,-1.76,-3.89,-10.02,0,0,0,0,0,1,1,100,100,0.05,-1.04,12073.19,%sSafe,,
5435,24.77,1560.26,106.04,546.19,771.59,-1.76,-3.98,-10.02,0,0,0,0,0,1,1,100,100,0.05,-1.04,12073.22,%sSafe,,
5436,25.7,1560.45,106.04,546.19,771.59,-1.76,-3.98,-10.02,0,0,0,0,0,1,1,100,100,0.05,-1.05,12073.24,%sSafe,,
5437,23.77,1560.45,106.09,546.25,771.59,-1.76,-3.98,-10.02,0,0,0,0,0,1,1,100,100,0.05,-1.05,12073.27,%sSafe,,
5438,26.07,1560.45,106.09,546.25,771.57,-1.75,-3.88,-10.02,0,0,0,0,0,1,1,100,100,0.05,-1.05,12073.29,%sSafe,,
5439,28.75,1560.56,106.09,546.25,771.57,-1.75,-3.88,-10.02,0,0,0,0,0,1,1,100,100,0.05,-1.05,12073.32,%sSafe,,
5440,24.39,1560.56,106.07,546.25,771.57,-1.75,-3.88,-10.02,0,0,0,0,0,1,1,100,100,0.05,-1.05,12073.35,%sSafe,,
5441,24.79,1560.56,106.07,546.24,771.53,-1.75,-3.88,-10.02,0,0,0,0,0,1,1,100,100,0.05,-1.05,12073.37,%sSafe,,
5442,23.17,1560.56,106.07,546.24,771.53,-1.75,-4.1,-10.02,0,0,0,0,0,1,1,100,100,0.05,-1.05,12073.39,%sSafe,,
5443,27.74,1560.51,106.01,546.24,771.53,-1.75,-4.1,-10.01,0,0,0,0,0,1,1,100,100,0.05,-1.05,12073.42,%sSafe,,
5444,24.04,1560.51,106.01,546.26,771.49,-1.75,-4.1,-10.01,0,0,0,0,0,1,1,100,100,0.05,-1.05,12073.45,%sSafe,,
5445,26.24,1560.51,106.01,546.26,771.49,-1.75,-4.02,-10.01,0,0,0,0,0,1,1,100,100,0.05,-1.05,12073.47,%sSafe,,
5446,23.8,1560.55,106.01,546.26,771.49,-1.75,-4.02,-10.01,0,0,0,0,0,1,1,100,100,0.05,-1.06,12073.5,%sSafe,,
5447,29.19,1560.55,105.97,546.25,771.48,-1.76,-4.02,-10.01,0,0,0,0,0,1,1,100,100,0.05,-1.06,12073.53,%sSafe,,
5448,22.1,1560.55,105.97,546.25,771.48,-1.76,-3.91,-10.01,0,0,0,0,0,1,1,100,100,0.05,-1.06,12073.55,%sSafe,,
5449,25.77,1560.55,105.97,546.25,771.48,-1.76,-3.91,-10.01,0,0,0,0,0,1,1,100,100,0.05,-1.06,12073.57,%sSafe,,
5450,23.18,1560.7,106.07,546.25,771.48,-1.76,-3.91,-10.01,0,0,0,0,0,1,1,100,100,0.05,-1.06,12073.6,%sSafe,,
5451,27.23,1560.7,106.07,546.24,771.49,-1.75,-3.91,-10.01,0,0,0,0,0,1,1,100,100,0.05,-1.06,12073.62,%sSafe,,
5452,23.2,1560.7,106.07,546.24,771.49,-1.75,-3.64,-10.02,0,0,0,0,0,1,1,100,100,0.05,-1.06,12073.65,%sSafe,,
5453,29.34,1560.7,106.07,546.24,771.49,-1.75,-3.64,-10.02,0,0,0,0,0,1,1,100,100,0.05,-1.06,12073.68,%sSafe,,
5454,22.91,1560.65,106.2,546.22,771.47,-1.74,-3.64,-10.02,0,0,0,0,0,1,1,100,100,0.05,-1.06,12073.7,%sSafe,,
5455,28.63,1560.65,106.2,546.22,771.47,-1.74,-3.75,-10.02,0,0,0,0,0,1,1,100,100,0.05,-1.06,12073.73,%sSafe,,
5456,27.5,1560.57,106.2,546.22,771.47,-1.74,-3.75,-10.02,0,0,0,0,0,1,1,100,100,0.05,-1.06,12073.76,%sSafe,,
5457,26.7,1560.57,106.19,546.26,771.38,-1.74,-3.75,-10.02,0,0,0,0,0,1,1,100,100,0.05,-1.06,12073.78,%sSafe,,
5458,26.35,1560.57,106.19,546.26,771.38,-1.74,-3.8,-10.03,0,0,0,0,0,1,1,100,100,0.05,-1.07,12073.81,%sSafe,,
5459,23.2,1560.59,106.19,546.26,771.38,-1.74,-3.8,-10.03,0,0,0,0,0,1,1,100,100,0.05,-1.07,12073.83,%sSafe,,
5460,23.75,1560.59,106.19,546.26,771.38,-1.74,-3.8,-10.03,0,0,0,0,0,1,1,100,100,0.05,-1.07,12073.86,%sSafe,,
5461,23.7,1560.59,106.19,546.23,771.39,-1.73,-3.8,-10.03,0,0,0,0,0,1,1,100,100,0.05,-1.07,12073.88,%sSafe,,
5462,25.09,1560.62,106.19,546.23,771.39,-1.73,-3.77,-10.02,0,0,0,0,0,1,1,100,100,0.05,-1.07,12073.9,%sSafe,,
5463,26.69,1560.62,106.16,546.23,771.39,-1.73,-3.77,-10.02,0,0,0,0,0,1,1,100,100,0.05,-1.07,12073.93,%sSafe,,
5464,23.79,1560.62,106.16,546.23,771.38,-1.74,-3.8,-10.02,0,0,0,0,0,1,1,100,100,0.05,-1.07,12073.95,%sSafe,,
5465,25.59,1560.62,106.16,546.23,771.38,-1.74,-3.8,-10.02,0,0,0,0,0,1,1,100,100,0.05,-1.08,12073.98,%sSafe,,
5466,24.32,1560.69,106.14,546.21,771.38,-1.74,-3.8,-10.02,0,0,0,0,0,1,1,100,100,0.05,-1.08,12074,%sSafe,,
5467,25.61,1560.69,106.14,546.21,771.38,-1.73,-3.77,-10.02,0,0,0,0,0,1,1,100,100,0.05,-1.08,12074.03,%sSafe,,
5468,21.68,1560.67,106.14,546.21,771.38,-1.73,-3.77,-10.02,0,0,0,0,0,1,1,100,100,0.05,-1.08,12074.05,%sSafe,,
5469,24.6,1560.67,106.09,546.21,771.48,-1.73,-3.77,-10.02,0,0,0,0,0,1,1,100,100,0.05,-1.08,12074.08,%sSafe,,
5470,21.31,1560.67,106.09,546.21,771.48,-1.73,-3.77,-10.02,0,0,0,0,0,1,1,100,100,0.05,-1.08,12074.1,%sSafe,,
5471,26.8,1560.67,106.09,546.21,771.48,-1.73,-3.61,-10.02,0,0,0,0,0,1,1,100,100,0.05,-1.08,12074.12,%sSafe,,
5472,24.46,1560.68,106.04,546.17,771.48,-1.73,-3.61,-10.02,0,0,0,0,0,1,1,100,100,0.05,-1.08,12074.15,%sSafe,,
5473,25.21,1560.68,106.04,546.17,771.49,-1.74,-3.59,-10.02,0,0,0,0,0,1,1,100,100,0.05,-1.08,12074.17,%sSafe,,
5474,25.68,1560.74,106.04,546.17,771.49,-1.74,-3.59,-10.02,0,0,0,0,0,1,1,100,100,0.05,-1.09,12074.2,%sSafe,,
5475,25.19,1560.74,106.08,546.17,771.49,-1.74,-3.59,-10.02,0,0,0,0,0,1,1,100,100,0.05,-1.09,12074.22,%sSafe,,
5476,19.89,1560.74,106.08,546.14,771.45,-1.74,-3.59,-10.02,0,0,0,0,0,1,1,100,100,0.05,-1.09,12074.24,%sSafe,,
5477,26.32,1560.74,106.08,546.14,771.45,-1.74,-3.58,-10.02,0,0,0,0,0,1,1,100,100,0.05,-1.09,12074.27,%sSafe,,
5478,26.95,1560.79,106,546.21,771.45,-1.74,-3.58,-10.02,0,0,0,0,0,1,1,100,100,0.05,-1.09,12074.3,%sSafe,,
5479,24.84,1560.79,106,546.21,771.45,-1.74,-3.58,-10.02,0,0,0,0,0,1,1,100,100,0.05,-1.09,12074.32,%sSafe,,
5480,22.49,1560.79,106,546.21,771.45,-1.74,-3.64,-10.02,0,0,0,0,0,1,1,100,100,0.05,-1.09,12074.35,%sSafe,,
5481,22.77,1560.84,105.93,546.2,771.46,-1.74,-3.64,-10.02,0,0,0,0,0,1,1,100,100,0.05,-1.09,12074.37,%sSafe,,
5482,24.87,1560.84,105.93,546.2,771.46,-1.75,-3.84,-10.02,0,0,0,0,0,1,1,100,100,0.05,-1.09,12074.39,%sSafe,,
5483,29.23,1561.02,105.93,546.2,771.46,-1.75,-3.84,-10.02,0,0,0,0,0,1,1,100,100,0.05,-1.08,12074.42,%sSafe,,
5484,24.12,1561.02,105.83,546.2,771.46,-1.75,-3.84,-10.02,0,0,0,0,0,1,1,100,100,0.05,-1.08,12074.45,%sSafe,,
5485,24.19,1561.02,105.83,546.15,771.5,-1.75,-3.68,-10.01,0,0,0,0,0,1,1,100,100,0.05,-1.08,12074.47,%sSafe,,
5486,25.67,1561.1,105.83,546.15,771.5,-1.75,-3.68,-10.01,0,0,0,0,0,1,1,100,100,0.06,-1.09,12074.5,%sSafe,,
5487,29.08,1561.1,105.87,546.1,771.5,-1.75,-3.68,-10.01,0,0,0,0,0,1,1,100,100,0.06,-1.09,12074.53,%sSafe,,
5488,27.23,1561.1,105.87,546.1,771.55,-1.74,-3.68,-10.01,0,0,0,0,0,1,1,100,100,0.06,-1.09,12074.55,%sSafe,,
5489,26.85,1561.1,105.87,546.1,771.55,-1.74,-3.57,-10.01,0,0,0,0,0,1,1,100,100,0.06,-1.09,12074.58,%sSafe,,
5490,22.21,1561.1,105.87,546.1,771.55,-1.74,-3.57,-10.01,0,0,0,0,0,1,1,100,100,0.05,-1.09,12074.6,%sSafe,,
5491,23.31,1561.11,105.87,546.14,771.55,-1.74,-3.57,-10.01,0,0,0,0,0,1,1,100,100,0.05,-1.09,12074.62,%sSafe,,
5492,21.31,1561.11,105.87,546.14,771.63,-1.75,-3.58,-10.01,0,0,0,0,0,1,1,100,100,0.05,-1.09,12074.65,%sSafe,,
5493,22.61,1561.11,105.87,546.14,771.63,-1.75,-3.58,-10.02,0,0,0,0,0,1,1,100,100,0.05,-1.09,12074.67,%sSafe,,
5494,27.65,1561.17,105.88,546.14,771.63,-1.75,-3.58,-10.02,0,0,0,0,0,1,1,100,100,0.05,-1.09,12074.7,%sSafe,,
5495,22.36,1561.17,105.88,546.18,771.66,-1.75,-3.58,-10.02,0,0,0,0,0,1,1,100,100,0.05,-1.09,12074.72,%sSafe,,
5496,24.81,1561.17,105.88,546.18,771.66,-1.75,-3.58,-10.02,0,0,0,0,0,1,1,100,100,0.05,-1.09,12074.74,%sSafe,,
5497,23.86,1561.17,105.88,546.18,771.66,-1.75,-3.46,-10.02,0,0,0,0,0,1,1,100,100,0.05,-1.09,12074.77,%sSafe,,
5498,21.16,1561.2,105.88,546.18,771.66,-1.75,-3.46,-10.02,0,0,0,0,0,1,1,100,100,0.05,-1.09,12074.79,%sSafe,,
5499,26.04,1561.2,105.96,546.19,771.73,-1.76,-3.46,-10.02,0,0,0,0,0,1,1,100,100,0.05,-1.09,12074.81,%sSafe,,
5500,26.32,1561.2,105.96,546.19,771.73,-1.76,-3.4,-10.02,0,0,0,0,0,1,1,100,100,0.05,-1.09,12074.84,%sSafe,,
5501,25.18,1561.2,105.96,546.19,771.73,-1.76,-3.4,-10.02,0,0,0,0,0,1,1,100,100,0.05,-1.09,12074.87,%sSafe,,
5502,22.82,1561.2,106.06,546.17,771.73,-1.76,-3.4,-10.02,0,0,0,0,0,1,1,100,100,0.05,-1.09,12074.89,%sSafe,,
5503,24.1,1561.2,106.06,546.17,771.68,-1.76,-3.49,-10.02,0,0,0,0,0,1,1,100,100,0.05,-1.09,12074.91,%sSafe,,
5504,24.48,1561.35,106.06,546.17,771.68,-1.76,-3.49,-10.02,0,0,0,0,0,1,1,100,100,0.05,-1.09,12074.94,%sSafe,,
5505,25.8,1561.35,106.1,546.18,771.67,-1.76,-3.49,-10.02,0,0,0,0,0,1,1,100,100,0.05,-1.09,12074.96,%sSafe,,
5506,24.58,1561.35,106.1,546.18,771.67,-1.75,-3.41,-10.02,0,0,0,0,0,1,1,100,100,0.05,-1.09,12074.99,%sSafe,,
5507,22.92,1561.35,106.1,546.18,771.67,-1.75,-3.41,-10.02,0,0,0,0,0,1,1,100,100,0.05,-1.09,12075.01,%sSafe,,
5508,24.13,1561.41,106.2,546.17,771.67,-1.75,-3.41,-10.02,0,0,0,0,0,1,1,100,100,0.05,-1.09,12075.04,%sSafe,,
5509,28.21,1561.41,106.2,546.17,771.8,-1.74,-3.41,-10.02,0,0,0,0,0,1,1,100,100,0.05,-1.09,12075.06,%sSafe,,
5510,23.14,1561.41,106.2,546.17,771.8,-1.74,-3.46,-10.03,0,0,0,0,0,1,1,100,100,0.05,-1.09,12075.09,%sSafe,,
5511,24.11,1561.41,106.2,546.17,771.8,-1.74,-3.46,-10.03,0,0,0,0,0,1,1,100,100,0.05,-1.09,12075.11,%sSafe,,
5512,23.12,1561.36,106.2,546.17,771.8,-1.74,-3.46,-10.03,0,0,0,0,0,1,1,100,100,0.05,-1.09,12075.13,%sSafe,,
5513,24.17,1561.36,106.2,546.13,771.73,-1.74,-3.46,-10.03,0,0,0,0,0,1,1,100,100,0.05,-1.09,12075.16,%sSafe,,
5514,30.73,1561.36,106.2,546.13,771.73,-1.74,-3.32,-10.03,0,0,0,0,0,1,1,100,100,0.05,-1.09,12075.19,%sSafe,,
5515,22.13,1561.36,106.2,546.13,771.73,-1.74,-3.32,-10.02,0,0,0,0,0,1,1,100,100,0.05,-1.1,12075.21,%sSafe,,
5516,32.34,1561.32,106.2,546.13,771.73,-1.74,-3.32,-10.02,0,0,0,0,0,1,1,100,100,0.05,-1.1,12075.24,%sSafe,,
5517,25.59,1561.32,106.15,546.14,771.73,-1.74,-3.32,-10.02,0,0,0,0,0,1,1,100,100,0.05,-1.1,12075.27,%sSafe,,
5518,28.66,1561.32,106.15,546.14,771.67,-1.74,-3.32,-10.02,0,0,0,0,0,1,1,100,100,0.05,-1.1,12075.3,%sSafe,,
5519,27.13,1561.32,106.15,546.14,771.67,-1.74,-3.2,-10.03,0,0,0,0,0,1,1,100,100,0.05,-1.1,12075.32,%sSafe,,
5520,31.72,1561.32,106.15,546.14,771.67,-1.74,-3.2,-10.03,0,0,0,0,0,1,1,100,100,0.05,-1.1,12075.36,%sSafe,,
5521,27.16,1561.36,106.12,546.14,771.67,-1.74,-3.2,-10.03,0,0,0,0,0,1,1,100,100,0.05,-1.1,12075.38,%sSafe,,
5522,31.71,1561.36,106.12,546.18,771.67,-1.74,-3.2,-10.03,0,0,0,0,0,1,1,100,100,0.05,-1.1,12075.41,%sSafe,,
5523,28.24,1561.36,106.12,546.18,771.62,-1.75,-3.2,-10.03,0,0,0,0,0,1,1,100,100,0.05,-1.1,12075.44,%sSafe,,
5524,23.6,1561.36,106.12,546.18,771.62,-1.75,-3.34,-10.02,0,0,0,0,0,1,1,100,100,0.05,-1.1,12075.47,%sSafe,,
5525,23.89,1561.36,106.12,546.18,771.62,-1.75,-3.34,-10.02,0,0,0,0,0,1,1,100,100,0.05,-1.1,12075.49,%sSafe,,
5526,25.75,1561.36,106.12,546.18,771.62,-1.75,-3.34,-10.02,0,0,0,0,0,1,1,100,100,0.05,-1.1,12075.52,%sSafe,,
5527,31.22,1561.46,106.2,546.18,771.62,-1.75,-3.34,-10.02,0,0,0,0,0,1,1,100,100,0.05,-1.1,12075.55,%sSafe,,
5528,24.54,1561.46,106.2,546.18,771.62,-1.75,-3.34,-10.02,0,0,0,0,0,1,1,100,100,0.05,-1.1,12075.57,%sSafe,,
5529,30.26,1561.46,106.2,546.18,771.6,-1.75,-3.34,-10.02,0,0,0,0,0,1,1,100,100,0.05,-1.1,12075.6,%sSafe,,
5530,29.73,1561.46,106.2,546.18,771.6,-1.75,-3.51,-10.02,0,0,0,0,0,1,1,100,100,0.05,-1.1,12075.63,%sSafe,,
5531,22.63,1561.46,106.2,546.18,771.6,-1.75,-3.51,-10.01,0,0,0,0,0,1,1,100,100,0.05,-1.1,12075.65,%sSafe,,
5532,26.65,1561.46,106.2,546.18,771.6,-1.75,-3.51,-10.01,0,0,0,0,0,1,1,100,100,0.05,-1.1,12075.68,%sSafe,,
5533,31.67,1561.4,106.25,546.18,771.6,-1.75,-3.51,-10.01,0,0,0,0,0,1,1,100,100,0.05,-1.1,12075.71,%sSafe,,
5534,24.27,1561.4,106.25,546.2,771.55,-1.75,-3.51,-10.01,0,0,0,0,0,1,1,100,100,0.05,-1.1,12075.74,%sSafe,,
5535,31.32,1561.4,106.25,546.2,771.55,-1.75,-3.53,-10.01,0,0,0,0,0,1,1,100,100,0.05,-1.1,12075.77,%sSafe,,
5536,27.72,1561.4,106.25,546.2,771.55,-1.75,-3.53,-10,0,0,0,0,0,1,1,100,100,0.05,-1.1,12075.8,%sSafe,,
5537,29.99,1561.4,106.25,546.2,771.55,-1.75,-3.53,-10,0,0,0,0,0,1,1,100,100,0.05,-1.1,12075.83,%sSafe,,
5538,24.76,1561.44,106.3,546.2,771.55,-1.75,-3.53,-10,0,0,0,0,0,1,1,100,100,0.05,-1.1,12075.85,%sSafe,,
5539,29.67,1561.44,106.3,546.2,771.51,-1.75,-3.53,-10,0,0,0,0,0,1,1,100,100,0.05,-1.1,12075.88,%sSafe,,
5540,26.46,1561.44,106.3,546.2,771.51,-1.75,-3.53,-10,0,0,0,0,0,1,1,100,100,0.05,-1.1,12075.91,%sSafe,,
5541,25.03,1561.44,106.3,546.2,771.51,-1.75,-3.61,-10.01,0,0,0,0,0,1,1,100,100,0.05,-1.1,12075.93,%sSafe,,
5542,24.8,1561.44,106.3,546.2,771.51,-1.75,-3.61,-10.01,0,0,0,0,0,1,1,100,100,0.05,-1.11,12075.96,%sSafe,,
5543,25.31,1561.46,106.3,546.2,771.51,-1.75,-3.61,-10.01,0,0,0,0,0,1,1,100,100,0.05,-1.11,12075.98,%sSafe,,
5544,25.33,1561.46,106.23,546.2,771.51,-1.75,-3.61,-10.01,0,0,0,0,0,1,1,100,100,0.05,-1.11,12076.01,%sSafe,,
5545,27.1,1561.46,106.23,546.21,771.48,-1.75,-3.61,-10.01,0,0,0,0,0,1,1,100,100,0.05,-1.11,12076.03,%sSafe,,
5546,28.18,1561.46,106.23,546.21,771.48,-1.75,-3.61,-10.01,0,0,0,0,0,1,1,100,100,0.05,-1.11,12076.06,%sSafe,,
5547,23.58,1561.46,106.23,546.21,771.48,-1.75,-3.73,-10.01,0,0,0,0,0,1,1,100,100,0.05,-1.11,12076.09,%sSafe,,
5548,22.97,1561.46,106.23,546.21,771.48,-1.75,-3.73,-10.01,0,0,0,0,0,1,1,100,100,0.05,-1.11,12076.11,%sSafe,,
5549,28.21,1561.52,106.23,546.21,771.48,-1.75,-3.73,-10.01,0,0,0,0,0,1,1,100,100,0.05,-1.11,12076.14,%sSafe,,
5550,22.44,1561.52,106.23,546.22,771.48,-1.75,-3.73,-10.01,0,0,0,0,0,1,1,100,100,0.05,-1.11,12076.16,%sSafe,,
5551,22.12,1561.52,106.23,546.22,771.51,-1.75,-3.73,-10.01,0,0,0,0,0,1,1,100,100,0.05,-1.11,12076.18,%sSafe,,
5552,27.94,1561.52,106.23,546.22,771.51,-1.75,-3.84,-10,0,0,0,0,0,1,1,100,100,0.05,-1.11,12076.21,%sSafe,,
5553,28.91,1561.5,106.23,546.22,771.51,-1.75,-3.84,-10,0,0,0,0,0,1,1,100,100,0.05,-1.11,12076.24,%sSafe,,
5554,26.86,1561.5,106.32,546.22,771.51,-1.75,-3.84,-10,0,0,0,0,0,1,1,100,100,0.05,-1.11,12076.27,%sSafe,,
5555,27.83,1561.5,106.32,546.24,771.49,-1.76,-3.84,-10,0,0,0,0,0,1,1,100,100,0.05,-1.11,12076.29,%sSafe,,
5556,27.01,1561.5,106.32,546.24,771.49,-1.76,-3.89,-10,0,0,0,0,0,1,1,100,100,0.05,-1.11,12076.32,%sSafe,,
5557,25.34,1561.5,106.32,546.24,771.49,-1.76,-3.89,-10.01,0,0,0,0,0,1,1,100,100,0.05,-1.11,12076.35,%sSafe,,
5558,23.86,1561.5,106.32,546.24,771.49,-1.76,-3.89,-10.01,0,0,0,0,0,1,1,100,100,0.05,-1.11,12076.37,%sSafe,,
5559,24.21,1561.51,106.21,546.24,771.49,-1.76,-3.89,-10.01,0,0,0,0,0,1,1,100,100,0.05,-1.11,12076.39,%sSafe,,
5560,28.43,1561.51,106.21,546.24,771.37,-1.76,-3.89,-10.01,0,0,0,0,0,1,1,100,100,0.05,-1.11,12076.42,%sSafe,,
5561,24.46,1561.51,106.21,546.24,771.37,-1.77,-3.89,-10.01,0,0,0,0,0,1,1,100,100,0.05,-1.11,12076.45,%sSafe,,
5562,23.28,1561.51,106.21,546.24,771.37,-1.77,-3.74,-10.01,0,0,0,0,0,1,1,100,100,0.05,-1.11,12076.47,%sSafe,,
5563,23.29,1561.51,106.21,546.24,771.37,-1.77,-3.74,-10.01,0,0,0,0,0,1,1,100,100,0.05,-1.11,12076.49,%sSafe,,
5564,27.62,1561.6,106.24,546.24,771.37,-1.77,-3.74,-10.01,0,0,0,0,0,1,1,100,100,0.05,-1.11,12076.52,%sSafe,,
5565,28.46,1561.6,106.24,546.24,771.43,-1.76,-3.74,-10.01,0,0,0,0,0,1,1,100,100,0.05,-1.11,12076.55,%sSafe,,
5566,23.16,1561.6,106.24,546.24,771.43,-1.76,-3.87,-10.01,0,0,0,0,0,1,1,100,100,0.05,-1.11,12076.57,%sSafe,,
5567,30.86,1561.6,106.24,546.24,771.43,-1.76,-3.87,-10.01,0,0,0,0,0,1,1,100,100,0.05,-1.11,12076.6,%sSafe,,
5568,25.64,1561.66,106.25,546.24,771.43,-1.76,-3.87,-10.01,0,0,0,0,0,1,1,100,100,0.05,-1.11,12076.63,%sSafe,,
5569,24.81,1561.66,106.25,546.26,771.47,-1.76,-3.87,-10.01,0,0,0,0,0,1,1,100,100,0.05,-1.11,12076.65,%sSafe,,
5570,25.77,1561.66,106.25,546.26,771.47,-1.77,-3.98,-10.02,0,0,0,0,0,1,1,100,100,0.05,-1.12,12076.68,%sSafe,,
5571,27.86,1561.66,106.25,546.26,771.47,-1.77,-3.98,-10.02,0,0,0,0,0,1,1,100,100,0.05,-1.12,12076.71,%sSafe,,
5572,25.1,1561.61,106.29,546.26,771.47,-1.77,-3.98,-10.02,0,0,0,0,0,1,1,100,100,0.05,-1.12,12076.73,%sSafe,,
5573,28.55,1561.61,106.29,546.27,771.56,-1.77,-3.98,-10.02,0,0,0,0,0,1,1,100,100,0.05,-1.12,12076.76,%sSafe,,
5574,24.82,1561.61,106.29,546.27,771.56,-1.77,-3.96,-10.02,0,0,0,0,0,1,1,100,100,0.05,-1.12,12076.79,%sSafe,,
5575,23.27,1561.61,106.29,546.27,771.56,-1.77,-3.96,-10.02,0,0,0,0,0,1,1,100,100,0.05,-1.12,12076.81,%sSafe,,
5576,26.7,1561.57,106.25,546.27,771.56,-1.77,-3.96,-10.02,0,0,0,0,0,1,1,100,100,0.05,-1.12,12076.84,%sSafe,,
5577,22.85,1561.57,106.25,546.28,771.56,-1.77,-3.96,-10.02,0,0,0,0,0,1,1,100,100,0.05,-1.12,12076.86,%sSafe,,
5578,24.25,1561.57,106.25,546.28,771.51,-1.76,-3.94,-10.04,0,0,0,0,0,1,1,100,100,0.05,-1.12,12076.88,%sSafe,,
5579,25.64,1561.57,106.25,546.28,771.51,-1.76,-3.94,-10.04,0,0,0,0,0,1,1,100,100,0.05,-1.12,12076.91,%sSafe,,
5580,26.14,1561.59,106.25,546.28,771.51,-1.76,-3.94,-10.04,0,0,0,0,0,1,1,100,100,0.05,-1.12,12076.94,%sSafe,,
5581,26.59,1561.59,106.27,546.23,771.52,-1.77,-3.94,-10.04,0,0,0,0,0,1,1,100,100,0.05,-1.12,12076.96,%sSafe,,
5582,28.64,1561.59,106.27,546.23,771.52,-1.77,-3.97,-10.05,0,0,0,0,0,1,1,100,100,0.05,-1.12,12076.99,%sSafe,,
5583,25.79,1561.53,106.27,546.23,771.52,-1.77,-3.97,-10.05,0,0,0,0,0,1,1,100,100,0.05,-1.12,12077.02,%sSafe,,
5584,23.31,1561.53,106.28,546.23,771.52,-1.77,-3.97,-10.05,0,0,0,0,0,1,1,100,100,0.05,-1.12,12077.04,%sSafe,,
5585,25.68,1561.53,106.28,546.24,771.57,-1.77,-4.09,-10.05,0,0,0,0,0,1,1,100,100,0.05,-1.12,12077.07,%sSafe,,
5586,28.83,1561.53,106.28,546.24,771.57,-1.77,-4.09,-10.05,0,0,0,0,0,1,1,100,100,0.05,-1.12,12077.09,%sSafe,,
5587,23.83,1561.49,106.37,546.24,771.57,-1.77,-4.09,-10.05,0,0,0,0,0,1,1,100,100,0.05,-1.12,12077.12,%sSafe,,
5588,25.85,1561.49,106.37,546.23,771.58,-1.77,-4.09,-10.05,0,0,0,0,0,1,1,100,100,0.05,-1.12,12077.14,%sSafe,,
5589,29.76,1561.49,106.37,546.23,771.58,-1.77,-3.88,-10.05,0,0,0,0,0,1,1,100,100,0.05,-1.12,12077.17,%sSafe,,
5590,25.77,1561.49,106.37,546.23,771.58,-1.77,-3.88,-10.05,0,0,0,0,0,1,1,100,100,0.05,-1.12,12077.2,%sSafe,,
5591,25.22,1561.49,106.31,546.27,771.52,-1.77,-3.88,-10.05,0,0,0,0,0,1,1,100,100,0.05,-1.12,12077.22,%sSafe,,
5592,31.48,1561.49,106.31,546.27,771.52,-1.77,-3.88,-10.05,0,0,0,0,0,1,1,100,100,0.05,-1.12,12077.26,%sSafe,,
5593,24.54,1561.49,106.31,546.27,771.52,-1.77,-3.96,-10.05,0,0,0,0,0,1,1,100,100,0.05,-1.12,12077.28,%sSafe,,
5594,25.85,1561.45,106.22,546.27,771.52,-1.77,-3.96,-10.05,0,0,0,0,0,1,1,100,100,0.05,-1.12,12077.31,%sSafe,,
5595,25.85,1561.45,106.22,546.27,771.56,-1.77,-3.96,-10.05,0,0,0,0,0,1,1,100,100,0.05,-1.12,12077.33,%sSafe,,
5596,23.93,1561.45,106.22,546.27,771.56,-1.77,-3.87,-10.05,0,0,0,0,0,1,1,100,100,0.05,-1.12,12077.36,%sSafe,,
5597,22.43,1561.45,106.22,546.27,771.56,-1.77,-3.87,-10.05,0,0,0,0,0,1,1,100,100,0.05,-1.12,12077.38,%sSafe,,
5598,22.25,1561.47,106.25,546.27,771.56,-1.77,-3.87,-10.05,0,0,0,0,0,1,1,100,100,0.05,-1.12,12077.4,%sSafe,,
5599,24.26,1561.47,106.25,546.25,771.61,-1.77,-3.88,-10.04,0,0,0,0,0,1,1,100,100,0.05,-1.12,12077.43,%sSafe,,
5600,26.39,1561.47,106.25,546.25,771.61,-1.77,-3.88,-10.04,0,0,0,0,0,1,1,100,100,0.05,-1.12,12077.45,%sSafe,,
5601,23.24,1561.49,106.26,546.25,771.61,-1.77,-3.88,-10.04,0,0,0,0,0,1,1,100,100,0.05,-1.12,12077.47,%sSafe,,
5602,22.69,1561.49,106.26,546.24,771.6,-1.77,-3.88,-10.04,0,0,0,0,0,1,1,100,100,0.05,-1.12,12077.5,%sSafe,,
5603,26.15,1561.49,106.26,546.24,771.6,-1.77,-3.93,-10.04,0,0,0,0,0,1,1,100,100,0.05,-1.13,12077.52,%sSafe,,
5604,25.22,1561.52,106.27,546.24,771.6,-1.77,-3.93,-10.04,0,0,0,0,0,1,1,100,100,0.05,-1.13,12077.55,%sSafe,,
5605,29.8,1561.52,106.27,546.25,771.55,-1.77,-3.93,-10.04,0,0,0,0,0,1,1,100,100,0.05,-1.13,12077.58,%sSafe,,
5606,23.31,1561.52,106.27,546.25,771.55,-1.76,-3.96,-10.04,0,0,0,0,0,1,1,100,100,0.05,-1.13,12077.6,%sSafe,,
5607,26.68,1561.56,106.27,546.25,771.55,-1.76,-3.96,-10.03,0,0,0,0,0,1,1,100,100,0.05,-1.13,12077.63,%sSafe,,
5608,26.65,1561.56,106.27,546.25,771.55,-1.76,-3.96,-10.03,0,0,0,0,0,1,1,100,100,0.05,-1.13,12077.66,%sSafe,,
5609,25.8,1561.56,106.27,546.26,771.52,-1.76,-3.96,-10.03,0,0,0,0,0,1,1,100,100,0.05,-1.13,12077.68,%sSafe,,
5610,23.18,1561.56,106.27,546.26,771.52,-1.76,-3.91,-10.03,0,0,0,0,0,1,1,100,100,0.05,-1.13,12077.7,%sSafe,,
5611,26.3,1561.63,106.23,546.26,771.52,-1.76,-3.91,-10.03,0,0,0,0,0,1,1,100,100,0.05,-1.13,12077.73,%sSafe,,
5612,30.82,1561.63,106.23,546.29,771.61,-1.76,-3.91,-10.03,0,0,0,0,0,1,1,100,100,0.05,-1.13,12077.76,%sSafe,,
5613,25.78,1561.63,106.23,546.29,771.61,-1.76,-3.95,-10.02,0,0,0,0,0,1,1,100,100,0.05,-1.13,12077.79,%sSafe,,
5614,24.22,1561.78,106.2,546.29,771.61,-1.76,-3.95,-10.02,0,0,0,0,0,1,1,100,100,0.05,-1.13,12077.81,%sSafe,,
5615,25.83,1561.78,106.2,546.27,771.62,-1.76,-3.95,-10.02,0,0,0,0,0,1,1,100,100,0.05,-1.13,12077.84,%sSafe,,
5616,21.73,1561.78,106.2,546.27,771.62,-1.75,-3.97,-10.02,0,0,0,0,0,1,1,100,100,0.05,-1.13,12077.86,%sSafe,,
5617,22.15,1561.84,106.2,546.27,771.62,-1.75,-3.97,-10.02,0,0,0,0,0,1,1,100,100,0.05,-1.13,12077.88,%sSafe,,
5618,23.2,1561.84,106.22,546.27,771.62,-1.75,-3.97,-10.02,0,0,0,0,0,1,1,100,100,0.05,-1.13,12077.9,%sSafe,,
5619,21.74,1561.84,106.22,546.26,771.62,-1.75,-3.97,-10.02,0,0,0,0,0,1,1,100,100,0.05,-1.13,12077.93,%sSafe,,
5620,24.85,1561.84,106.22,546.26,771.62,-1.75,-3.86,-10.03,0,0,0,0,0,1,1,100,100,0.05,-1.14,12077.95,%sSafe,,
5621,26.8,1561.89,106.16,546.25,771.62,-1.75,-3.86,-10.03,0,0,0,0,0,1,1,100,100,0.05,-1.14,12077.98,%sSafe,,
5622,28.76,1561.89,106.16,546.25,771.66,-1.74,-3.86,-10.03,0,0,0,0,0,1,1,100,100,0.05,-1.14,12078.01,%sSafe,,
5623,22.82,1561.89,106.16,546.25,771.66,-1.74,-4.06,-10.02,0,0,0,0,0,1,1,100,100,0.05,-1.14,12078.03,%sSafe,,
5624,24.83,1561.94,106.16,546.25,771.66,-1.74,-4.06,-10.02,0,0,0,0,0,1,1,100,100,0.05,-1.14,12078.05,%sSafe,,
5625,26.57,1561.94,106.17,546.23,771.71,-1.74,-4.06,-10.02,0,0,0,0,0,1,1,100,100,0.05,-1.14,12078.08,%sSafe,,
5626,26.66,1561.94,106.17,546.23,771.71,-1.74,-3.94,-10.02,0,0,0,0,0,1,1,100,100,0.05,-1.14,12078.11,%sSafe,,
5627,25.16,1561.94,106.17,546.23,771.71,-1.74,-3.94,-10.02,0,0,0,0,0,1,1,100,100,0.05,-1.14,12078.13,%sSafe,,
5628,25.34,1561.9,106.13,546.21,771.69,-1.74,-3.94,-10.02,0,0,0,0,0,1,1,100,100,0.05,-1.14,12078.16,%sSafe,,
5629,27.28,1561.9,106.13,546.21,771.69,-1.74,-3.94,-10.02,0,0,0,0,0,1,1,100,100,0.05,-1.14,12078.19,%sSafe,,
5630,24.83,1561.9,106.13,546.21,771.69,-1.74,-3.83,-10.02,0,0,0,0,0,1,1,100,100,0.05,-1.14,12078.21,%sSafe,,
5631,23.1,1561.89,106.13,546.21,771.69,-1.74,-3.83,-10.02,0,0,0,0,0,1,1,100,100,0.05,-1.14,12078.23,%sSafe,,
5632,25.49,1561.89,106.1,546.21,771.69,-1.74,-3.83,-10.02,0,0,0,0,0,1,1,100,100,0.05,-1.14,12078.26,%sSafe,,
5633,23.81,1561.89,106.1,546.21,771.72,-1.74,-3.91,-10.03,0,0,0,0,0,1,1,100,100,0.05,-1.14,12078.28,%sSafe,,
5634,26.79,1561.89,106.1,546.21,771.72,-1.74,-3.91,-10.03,0,0,0,0,0,1,1,100,100,0.05,-1.14,12078.31,%sSafe,,
5635,24.19,1561.84,106.08,546.21,771.72,-1.74,-3.91,-10.03,0,0,0,0,0,1,1,100,100,0.05,-1.14,12078.33,%sSafe,,
5636,24.18,1561.84,106.08,546.24,771.7,-1.74,-3.91,-10.03,0,0,0,0,0,1,1,100,100,0.05,-1.14,12078.36,%sSafe,,
5637,24.1,1561.91,106.08,546.24,771.7,-1.74,-3.86,-10.03,0,0,0,0,0,1,1,100,100,0.05,-1.14,12078.38,%sSafe,,
5638,27.04,1561.91,106.04,546.24,771.7,-1.74,-3.86,-10.03,0,0,0,0,0,1,1,100,100,0.05,-1.14,12078.41,%sSafe,,
5639,21.99,1561.91,106.04,546.24,771.72,-1.74,-3.86,-10.03,0,0,0,0,0,1,1,100,100,0.05,-1.14,12078.43,%sSafe,,
5640,25.33,1561.91,106.04,546.24,771.72,-1.74,-3.89,-10.03,0,0,0,0,0,1,1,100,100,0.05,-1.14,12078.46,%sSafe,,
5641,23.03,1561.91,106.02,546.24,771.72,-1.74,-3.89,-10.03,0,0,0,0,0,1,1,100,100,0.05,-1.14,12078.48,%sSafe,,
5642,23.05,1561.91,106.02,546.25,771.73,-1.74,-3.86,-10.03,0,0,0,0,0,1,1,100,100,0.05,-1.14,12078.5,%sSafe,,
5643,31.76,1561.91,106.02,546.25,771.73,-1.74,-3.86,-10.03,0,0,0,0,0,1,1,100,100,0.05,-1.14,12078.53,%sSafe,,
5644,22.33,1561.93,106.02,546.25,771.73,-1.74,-3.86,-10.03,0,0,0,0,0,1,1,100,100,0.05,-1.14,12078.56,%sSafe,,
5645,25.27,1561.93,106.02,546.22,771.75,-1.74,-3.74,-10.03,0,0,0,0,0,1,1,100,100,0.05,-1.14,12078.58,%sSafe,,
5646,24.68,1561.93,106.02,546.22,771.75,-1.74,-3.74,-10.03,0,0,0,0,0,1,1,100,100,0.05,-1.15,12078.61,%sSafe,,
5647,25.85,1561.94,106.02,546.22,771.75,-1.74,-3.74,-10.03,0,0,0,0,0,1,1,100,100,0.05,-1.15,12078.63,%sSafe,,
5648,25.38,1561.94,106.08,546.24,771.75,-1.74,-3.74,-10.03,0,0,0,0,0,1,1,100,100,0.05,-1.15,12078.66,%sSafe,,
5649,25.29,1561.94,106.08,546.24,771.74,-1.74,-3.63,-10.03,0,0,0,0,0,1,1,100,100,0.05,-1.15,12078.68,%sSafe,,
5650,29.82,1562.07,106.04,546.24,771.74,-1.74,-3.63,-10.03,0,0,0,0,0,1,1,100,100,0.05,-1.15,12078.71,%sSafe,,
5651,22.1,1562.07,106.04,546.24,771.74,-1.74,-3.63,-10.03,0,0,0,0,0,1,1,100,100,0.05,-1.15,12078.73,%sSafe,,
5652,23.23,1562.07,106.04,546.24,771.77,-1.74,-3.63,-10.03,0,0,0,0,0,1,1,100,100,0.05,-1.15,12078.76,%sSafe,,
5653,26.21,1562.15,106.04,546.24,771.77,-1.74,-3.49,-10.03,0,0,0,0,0,1,1,100,100,0.05,-1.15,12078.78,%sSafe,,
5654,25.94,1562.15,106.03,546.25,771.77,-1.74,-3.49,-10.03,0,0,0,0,0,1,1,100,100,0.05,-1.15,12078.81,%sSafe,,
5655,25.09,1562.15,106.03,546.25,771.75,-1.75,-3.49,-10.03,0,0,0,0,0,1,1,100,100,0.05,-1.15,12078.84,%sSafe,,
5656,22.93,1562.15,106.03,546.25,771.75,-1.75,-3.44,-10.03,0,0,0,0,0,1,1,100,100,0.05,-1.15,12078.86,%sSafe,,
5657,23.23,1562.15,106.03,546.25,771.75,-1.75,-3.44,-10.03,0,0,0,0,0,1,1,100,100,0.05,-1.15,12078.88,%sSafe,,
5658,26.75,1562.15,106,546.25,771.75,-1.75,-3.51,-10.03,0,0,0,0,0,1,1,100,100,0.05,-1.15,12078.91,%sSafe,,
5659,25.36,1562.15,106,546.25,771.75,-1.75,-3.51,-10.03,0,0,0,0,0,1,1,100,100,0.05,-1.15,12078.93,%sSafe,,
5660,25.41,1562.15,106,546.25,771.75,-1.75,-3.51,-10.03,0,0,0,0,0,1,1,100,100,0.05,-1.15,12078.96,%sSafe,,
5661,23.59,1562.22,106.04,546.29,771.75,-1.75,-3.51,-10.03,0,0,0,0,0,1,1,100,100,0.05,-1.15,12078.98,%sSafe,,
5662,23.05,1562.22,106.04,546.29,771.79,-1.75,-3.54,-10.03,0,0,0,0,0,1,1,100,100,0.05,-1.15,12079.01,%sSafe,,
5663,26.78,1562.27,106.13,546.29,771.79,-1.75,-3.54,-10.03,0,0,0,0,0,1,1,100,100,0.05,-1.15,12079.03,%sSafe,,
5664,25.45,1562.27,106.13,546.28,771.79,-1.75,-3.54,-10.03,0,0,0,0,0,1,1,100,100,0.05,-1.15,12079.06,%sSafe,,
5665,25.27,1562.27,106.13,546.28,771.79,-1.75,-3.48,-10.03,0,0,0,0,0,1,1,100,100,0.05,-1.15,12079.08,%sSafe,,
5666,23.19,1562.34,106.16,546.28,771.79,-1.75,-3.48,-10.04,0,0,0,0,0,1,1,100,100,0.05,-1.15,12079.11,%sSafe,,
5667,26.13,1562.34,106.16,546.26,771.86,-1.76,-3.48,-10.04,0,0,0,0,0,1,1,100,100,0.05,-1.15,12079.13,%sSafe,,
5668,24.13,1562.34,106.16,546.26,771.86,-1.76,-3.48,-10.04,0,0,0,0,0,1,1,100,100,0.05,-1.15,12079.16,%sSafe,,
5669,22.83,1562.28,106.16,546.26,771.86,-1.76,-3.48,-10.04,0,0,0,0,0,1,1,100,100,0.05,-1.15,12079.18,%sSafe,,
5670,25.13,1562.28,106.29,546.26,771.86,-1.76,-3.48,-10.04,0,0,0,0,0,1,1,100,100,0.05,-1.15,12079.2,%sSafe,,
5671,25.49,1562.28,106.29,546.25,771.85,-1.76,-3.36,-10.04,0,0,0,0,0,1,1,100,100,0.05,-1.15,12079.23,%sSafe,,
5672,27.99,1562.28,106.29,546.25,771.85,-1.76,-3.36,-10.04,0,0,0,0,0,1,1,100,100,0.05,-1.15,12079.26,%sSafe,,
5673,22.24,1562.33,106.39,546.25,771.85,-1.76,-3.36,-10.04,0,0,0,0,0,1,1,100,100,0.05,-1.15,12079.28,%sSafe,,
5674,26.45,1562.33,106.39,546.22,771.85,-1.76,-3.36,-10.04,0,0,0,0,0,1,1,100,100,0.05,-1.15,12079.31,%sSafe,,
5675,21.96,1562.33,106.39,546.22,771.74,-1.75,-3.47,-10.04,0,0,0,0,0,1,1,100,100,0.05,-1.15,12079.33,%sSafe,,
5676,25.87,1562.32,106.39,546.22,771.74,-1.75,-3.47,-10.05,0,0,0,0,0,1,1,100,100,0.05,-1.15,12079.35,%sSafe,,
5677,25.75,1562.32,106.39,546.21,771.71,-1.75,-3.47,-10.05,0,0,0,0,0,1,1,100,100,0.05,-1.15,12079.38,%sSafe,,
5678,24.16,1562.32,106.39,546.21,771.71,-1.76,-3.46,-10.05,0,0,0,0,0,1,1,100,100,0.05,-1.15,12079.4,%sSafe,,
5679,23.88,1562.32,106.39,546.21,771.71,-1.76,-3.46,-10.05,0,0,0,0,0,1,1,100,100,0.05,-1.15,12079.43,%sSafe,,
5680,22.53,1562.25,106.28,546.23,771.69,-1.75,-3.46,-10.05,0,0,0,0,0,1,1,100,100,0.05,-1.15,12079.45,%sSafe,,
5681,25.66,1562.25,106.28,546.23,771.69,-1.75,-3.39,-10.05,0,0,0,0,0,1,1,100,100,0.05,-1.15,12079.48,%sSafe,,
5682,25.81,1562.23,106.28,546.23,771.69,-1.75,-3.39,-10.05,0,0,0,0,0,1,1,100,100,0.05,-1.15,12079.5,%sSafe,,
5683,22.2,1562.23,106.25,546.27,771.73,-1.75,-3.39,-10.05,0,0,0,0,0,1,1,100,100,0.05,-1.15,12079.52,%sSafe,,
5684,22.42,1562.23,106.25,546.27,771.73,-1.75,-3.39,-10.05,0,0,0,0,0,1,1,100,100,0.05,-1.15,12079.55,%sSafe,,
5685,26.34,1562.23,106.25,546.27,771.73,-1.75,-3.54,-10.04,0,0,0,0,0,1,1,100,100,0.05,-1.15,12079.57,%sSafe,,
5686,23.04,1562.21,106.21,546.27,771.73,-1.75,-3.54,-10.04,0,0,0,0,0,1,1,100,100,0.05,-1.15,12079.6,%sSafe,,
5687,28.4,1562.21,106.21,546.28,771.77,-1.76,-3.54,-10.04,0,0,0,0,0,1,1,100,100,0.05,-1.15,12079.62,%sSafe,,
5688,24.24,1562.21,106.21,546.28,771.77,-1.76,-3.38,-10.05,0,0,0,0,0,1,1,100,100,0.05,-1.15,12079.65,%sSafe,,
5689,25.79,1562.2,106.19,546.28,771.77,-1.76,-3.38,-10.05,0,0,0,0,0,1,1,100,100,0.05,-1.15,12079.67,%sSafe,,
5690,24.35,1562.2,106.19,546.28,771.78,-1.76,-3.38,-10.05,0,0,0,0,0,1,1,100,100,0.05,-1.15,12079.7,%sSafe,,
5691,25.78,1562.2,106.19,546.28,771.78,-1.76,-3.3,-10.04,0,0,0,0,0,1,1,100,100,0.05,-1.15,12079.72,%sSafe,,
5692,23.25,1562.2,106.19,546.28,771.78,-1.76,-3.3,-10.04,0,0,0,0,0,1,1,100,100,0.05,-1.16,12079.75,%sSafe,,
5693,25.15,1562.22,106.3,546.24,771.78,-1.76,-3.3,-10.04,0,0,0,0,0,1,1,100,100,0.05,-1.16,12079.77,%sSafe,,
5694,24.83,1562.22,106.3,546.24,771.78,-1.75,-3.34,-10.04,0,0,0,0,0,1,1,100,100,0.05,-1.16,12079.8,%sSafe,,
5695,26.71,1562.21,106.3,546.24,771.78,-1.75,-3.34,-10.04,0,0,0,0,0,1,1,100,100,0.05,-1.16,12079.82,%sSafe,,
5696,30.86,1562.21,106.29,546.27,771.72,-1.75,-3.34,-10.04,0,0,0,0,0,1,1,100,100,0.05,-1.16,12079.86,%sSafe,,
5697,27.56,1562.21,106.29,546.27,771.72,-1.75,-3.34,-10.04,0,0,0,0,0,1,1,100,100,0.05,-1.16,12079.88,%sSafe,,
5698,23.31,1562.21,106.29,546.27,771.72,-1.75,-3.37,-10.03,0,0,0,0,0,1,1,100,100,0.05,-1.16,12079.91,%sSafe,,
5699,21.36,1562.21,106.29,546.27,771.72,-1.75,-3.37,-10.03,0,0,0,0,0,1,1,100,100,0.05,-1.16,12079.93,%sSafe,,
5700,23.82,1562.21,106.27,546.31,771.72,-1.75,-3.37,-10.03,0,0,0,0,0,1,1,100,100,0.05,-1.16,12079.95,%sSafe,,
5701,26.35,1562.21,106.27,546.31,771.66,-1.75,-3.53,-10.03,0,0,0,0,0,1,1,100,100,0.05,-1.16,12079.98,%sSafe,,
5702,23.05,1562.32,106.31,546.31,771.66,-1.75,-3.53,-10.03,0,0,0,0,0,1,1,100,100,0.05,-1.16,12080,%sSafe,,
5703,26.84,1562.32,106.31,546.36,771.66,-1.75,-3.53,-10.03,0,0,0,0,0,1,1,100,100,0.05,-1.16,12080.03,%sSafe,,
5704,21.66,1562.32,106.31,546.36,771.71,-1.75,-3.52,-10.03,0,0,0,0,0,1,1,100,100,0.05,-1.16,12080.05,%sSafe,,
5705,22.76,1562.32,106.31,546.36,771.71,-1.75,-3.52,-10.03,0,0,0,0,0,1,1,100,100,0.05,-1.16,12080.07,%sSafe,,
5706,24.08,1562.28,106.2,546.34,771.71,-1.75,-3.52,-10.03,0,0,0,0,0,1,1,100,100,0.05,-1.16,12080.1,%sSafe,,
5707,26.14,1562.28,106.2,546.34,771.82,-1.75,-3.45,-10.03,0,0,0,0,0,1,1,100,100,0.05,-1.16,12080.12,%sSafe,,
5708,24.28,1562.28,106.2,546.34,771.82,-1.75,-3.45,-10.02,0,0,0,0,0,1,1,100,100,0.05,-1.17,12080.15,%sSafe,,
5709,23.09,1562.31,106.2,546.34,771.82,-1.75,-3.45,-10.02,0,0,0,0,0,1,1,100,100,0.05,-1.17,12080.17,%sSafe,,
5710,22.22,1562.31,106.22,546.34,771.8,-1.75,-3.45,-10.02,0,0,0,0,0,1,1,100,100,0.05,-1.17,12080.19,%sSafe,,
5711,24.1,1562.31,106.22,546.34,771.8,-1.76,-3.45,-10.02,0,0,0,0,0,1,1,100,100,0.05,-1.17,12080.22,%sSafe,,
5712,27.19,1562.35,106.26,546.34,771.8,-1.76,-3.38,-10.02,0,0,0,0,0,1,1,100,100,0.05,-1.17,12080.24,%sSafe,,
5713,24.24,1562.35,106.26,546.32,771.8,-1.76,-3.38,-10.02,0,0,0,0,0,1,1,100,100,0.05,-1.17,12080.27,%sSafe,,
5714,24.36,1562.35,106.26,546.32,771.85,-1.76,-3.38,-10.02,0,0,0,0,0,1,1,100,100,0.05,-1.17,12080.29,%sSafe,,
5715,23.08,1562.35,106.26,546.32,771.85,-1.76,-3.46,-10.03,0,0,0,0,0,1,1,100,100,0.05,-1.17,12080.31,%sSafe,,
5716,25.32,1562.28,106.37,546.29,771.85,-1.76,-3.46,-10.03,0,0,0,0,0,1,1,100,100,0.05,-1.17,12080.34,%sSafe,,
5717,22.29,1562.28,106.37,546.29,771.86,-1.76,-3.55,-10.03,0,0,0,0,0,1,1,100,100,0.05,-1.17,12080.36,%sSafe,,
5718,26.82,1562.28,106.37,546.29,771.86,-1.76,-3.55,-10.03,0,0,0,0,0,1,1,100,100,0.05,-1.18,12080.39,%sSafe,,
5719,26.74,1562.35,106.42,546.29,771.86,-1.76,-3.55,-10.03,0,0,0,0,0,1,1,100,100,0.05,-1.18,12080.42,%sSafe,,
5720,24.06,1562.35,106.42,546.27,771.81,-1.74,-3.72,-10.03,0,0,0,0,0,1,1,100,100,0.05,-1.18,12080.44,%sSafe,,
5721,24.78,1562.35,106.42,546.27,771.81,-1.74,-3.72,-10.03,0,0,0,0,0,1,1,100,100,0.05,-1.18,12080.46,%sSafe,,
5722,23.79,1562.34,106.42,546.27,771.81,-1.74,-3.72,-10.03,0,0,0,0,0,1,1,100,100,0.05,-1.18,12080.49,%sSafe,,
5723,25.48,1562.34,106.42,546.26,771.83,-1.74,-3.72,-10.03,0,0,0,0,0,1,1,100,100,0.05,-1.18,12080.51,%sSafe,,
5724,25.36,1562.34,106.42,546.26,771.83,-1.74,-3.82,-10.04,0,0,0,0,0,1,1,100,100,0.05,-1.18,12080.54,%sSafe,,
5725,22.93,1562.34,106.42,546.26,771.83,-1.74,-3.82,-10.04,0,0,0,0,0,1,1,100,100,0.05,-1.17,12080.56,%sSafe,,
5726,26.36,1562.39,106.3,546.29,771.83,-1.74,-3.82,-10.04,0,0,0,0,0,1,1,100,100,0.05,-1.17,12080.59,%sSafe,,
5727,23.18,1562.39,106.3,546.29,771.82,-1.75,-3.84,-10.04,0,0,0,0,0,1,1,100,100,0.05,-1.17,12080.61,%sSafe,,
5728,24.39,1562.39,106.3,546.29,771.82,-1.75,-3.84,-10.04,0,0,0,0,0,1,1,100,100,0.05,-1.17,12080.64,%sSafe,,
5729,25.98,1562.45,106.24,546.29,771.82,-1.75,-3.84,-10.04,0,0,0,0,0,1,1,100,100,0.05,-1.17,12080.66,%sSafe,,
5730,26.84,1562.45,106.24,546.34,771.83,-1.74,-3.72,-10.04,0,0,0,0,0,1,1,100,100,0.05,-1.17,12080.69,%sSafe,,
5731,26.21,1562.45,106.24,546.34,771.83,-1.74,-3.72,-10.04,0,0,0,0,0,1,1,100,100,0.05,-1.17,12080.72,%sSafe,,
5732,23.45,1562.44,106.31,546.34,771.83,-1.74,-3.72,-10.04,0,0,0,0,0,1,1,100,100,0.05,-1.17,12080.74,%sSafe,,
5733,26.55,1562.44,106.31,546.35,771.86,-1.74,-3.72,-10.04,0,0,0,0,0,1,1,100,100,0.05,-1.17,12080.77,%sSafe,,
5734,25.83,1562.44,106.31,546.35,771.86,-1.74,-3.44,-10.04,0,0,0,0,0,1,1,100,100,0.05,-1.17,12080.79,%sSafe,,
5735,26.85,1562.43,106.22,546.35,771.86,-1.74,-3.44,-10.04,0,0,0,0,0,1,1,100,100,0.05,-1.17,12080.82,%sSafe,,
5736,25.13,1562.43,106.22,546.33,771.86,-1.74,-3.44,-10.04,0,0,0,0,0,1,1,100,100,0.05,-1.17,12080.84,%sSafe,,
5737,24.89,1562.43,106.22,546.33,771.79,-1.74,-3.58,-10.04,0,0,0,0,0,1,1,100,100,0.05,-1.18,12080.87,%sSafe,,
5738,23.91,1562.55,106.22,546.33,771.79,-1.74,-3.58,-10.04,0,0,0,0,0,1,1,100,100,0.05,-1.18,12080.89,%sSafe,,
5739,29.84,1562.55,106.22,546.35,771.79,-1.74,-3.58,-10.04,0,0,0,0,0,1,1,100,100,0.05,-1.18,12080.92,%sSafe,,
5740,24.22,1562.55,106.22,546.35,771.74,-1.74,-3.59,-10.04,0,0,0,0,0,1,1,100,100,0.05,-1.18,12080.95,%sSafe,,
5741,28.05,1562.65,106.26,546.35,771.74,-1.74,-3.59,-10.04,0,0,0,0,0,1,1,100,100,0.05,-1.18,12080.97,%sSafe,,
5742,25.83,1562.65,106.26,546.36,771.66,-1.74,-3.59,-10.04,0,0,0,0,0,1,1,100,100,0.05,-1.18,12081,%sSafe,,
5743,25.08,1562.65,106.26,546.36,771.66,-1.74,-3.73,-10.04,0,0,0,0,0,1,1,100,100,0.05,-1.18,12081.03,%sSafe,,
5744,24.44,1562.63,106.3,546.36,771.66,-1.74,-3.73,-10.04,0,0,0,0,0,1,1,100,100,0.05,-1.18,12081.05,%sSafe,,
5745,23.13,1562.63,106.3,546.39,771.66,-1.74,-3.73,-10.04,0,0,0,0,0,1,1,100,100,0.05,-1.18,12081.07,%sSafe,,
5746,27.7,1562.63,106.3,546.39,771.66,-1.74,-3.82,-10.04,0,0,0,0,0,1,1,100,100,0.05,-1.18,12081.1,%sSafe,,
5747,27.62,1562.63,106.3,546.39,771.66,-1.74,-3.82,-10.04,0,0,0,0,0,1,1,100,100,0.05,-1.18,12081.13,%sSafe,,
5748,23.82,1562.77,106.18,546.42,771.66,-1.74,-3.82,-10.04,0,0,0,0,0,1,1,100,100,0.05,-1.18,12081.15,%sSafe,,
5749,24.66,1562.77,106.18,546.42,771.59,-1.74,-3.82,-10.04,0,0,0,0,0,1,1,100,100,0.05,-1.18,12081.18,%sSafe,,
5750,23.16,1562.77,106.18,546.42,771.59,-1.74,-3.7,-10.04,0,0,0,0,0,1,1,100,100,0.05,-1.18,12081.2,%sSafe,,
5751,25.1,1562.77,106.18,546.42,771.59,-1.74,-3.7,-10.05,0,0,0,0,0,1,1,100,100,0.05,-1.18,12081.22,%sSafe,,
5752,26.22,1562.78,106.09,546.42,771.59,-1.74,-3.7,-10.05,0,0,0,0,0,1,1,100,100,0.05,-1.18,12081.25,%sSafe,,
5753,25.67,1562.78,106.09,546.45,771.61,-1.74,-3.7,-10.05,0,0,0,0,0,1,1,100,100,0.05,-1.18,12081.28,%sSafe,,
5754,24.12,1562.78,106.09,546.45,771.61,-1.75,-3.7,-10.05,0,0,0,0,0,1,1,100,100,0.05,-1.18,12081.3,%sSafe,,
5755,23.17,1562.78,106.09,546.45,771.61,-1.75,-3.66,-10.05,0,0,0,0,0,1,1,100,100,0.05,-1.18,12081.32,%sSafe,,
5756,22.69,1562.78,106.09,546.45,771.61,-1.75,-3.66,-10.05,0,0,0,0,0,1,1,100,100,0.05,-1.18,12081.35,%sSafe,,
5757,23.63,1562.78,106.09,546.45,771.61,-1.75,-3.66,-10.05,0,0,0,0,0,1,1,100,100,0.05,-1.18,12081.37,%sSafe,,
5758,26.6,1562.84,106.1,546.49,771.61,-1.75,-3.66,-10.05,0,0,0,0,0,1,1,100,100,0.05,-1.18,12081.4,%sSafe,,
5759,29.61,1562.84,106.1,546.49,771.59,-1.74,-3.66,-10.05,0,0,0,0,0,1,1,100,100,0.05,-1.18,12081.43,%sSafe,,
5760,26.7,1562.84,106.1,546.49,771.59,-1.74,-3.58,-10.05,0,0,0,0,0,1,1,100,100,0.05,-1.18,12081.45,%sSafe,,
5761,31.66,1562.84,106.1,546.49,771.59,-1.74,-3.58,-10.05,0,0,0,0,0,1,1,100,100,0.05,-1.18,12081.48,%sSafe,,
5762,27.72,1562.88,106.12,546.49,771.59,-1.74,-3.58,-10.05,0,0,0,0,0,1,1,100,100,0.05,-1.18,12081.51,%sSafe,,
5763,26.68,1562.88,106.12,546.46,771.62,-1.74,-3.58,-10.05,0,0,0,0,0,1,1,100,100,0.05,-1.18,12081.54,%sSafe,,
5764,41.92,1562.88,106.12,546.46,771.62,-1.74,-3.58,-10.05,0,0,0,0,0,1,1,100,100,0.05,-1.18,12081.58,%sSafe,,
5765,39.99,1562.88,106.12,546.46,771.62,-1.74,-3.53,-10.05,0,0,0,0,0,1,1,100,100,0.05,-1.18,12081.62,%sSafe,,
5766,36.85,1562.88,106.12,546.46,771.62,-1.74,-3.53,-10.05,0,0,0,0,0,1,1,100,100,0.05,-1.18,12081.66,%sSafe,,
5767,26.14,1562.86,106.12,546.46,771.62,-1.74,-3.53,-10.05,0,0,0,0,0,1,1,100,100,0.05,-1.18,12081.68,%sSafe,,
5768,25.7,1562.86,106.12,546.4,771.62,-1.74,-3.53,-10.05,0,0,0,0,0,1,1,100,100,0.05,-1.18,12081.71,%sSafe,,
5769,29.79,1562.86,106.12,546.4,771.62,-1.74,-3.53,-10.05,0,0,0,0,0,1,1,100,100,0.05,-1.18,12081.74,%sSafe,,
5770,26.71,1562.86,106.12,546.4,771.66,-1.75,-3.53,-10.05,0,0,0,0,0,1,1,100,100,0.05,-1.18,12081.77,%sSafe,,
5771,27.61,1562.86,106.12,546.4,771.66,-1.75,-3.62,-10.05,0,0,0,0,0,1,1,100,100,0.05,-1.18,12081.79,%sSafe,,
5772,34.28,1562.86,106.12,546.4,771.66,-1.75,-3.62,-10.05,0,0,0,0,0,1,1,100,100,0.05,-1.19,12081.83,%sSafe,,
5773,29.01,1562.86,106.12,546.4,771.66,-1.75,-3.62,-10.05,0,0,0,0,0,1,1,100,100,0.05,-1.19,12081.86,%sSafe,,
5774,24.04,1562.95,106.02,546.38,771.66,-1.75,-3.62,-10.05,0,0,0,0,0,1,1,100,100,0.05,-1.19,12081.88,%sSafe,,
5775,28.69,1562.95,106.02,546.38,771.66,-1.75,-3.62,-10.05,0,0,0,0,0,1,1,100,100,0.05,-1.19,12081.91,%sSafe,,
5776,28.67,1562.95,106.02,546.38,771.75,-1.75,-3.62,-10.05,0,0,0,0,0,1,1,100,100,0.05,-1.19,12081.94,%sSafe,,
5777,21.13,1562.95,106.02,546.38,771.75,-1.75,-3.77,-10.05,0,0,0,0,0,1,1,100,100,0.05,-1.19,12081.96,%sSafe,,
5778,25.11,1562.95,106.02,546.38,771.75,-1.75,-3.77,-10.05,0,0,0,0,0,1,1,100,100,0.05,-1.19,12081.98,%sSafe,,
5779,25.63,1562.95,106.02,546.38,771.75,-1.75,-3.77,-10.05,0,0,0,0,0,1,1,100,100,0.05,-1.19,12082.01,%sSafe,,
5780,27.01,1562.98,105.97,546.38,771.75,-1.75,-3.77,-10.05,0,0,0,0,0,1,1,100,100,0.05,-1.19,12082.04,%sSafe,,
5781,26.75,1562.98,105.97,546.43,771.75,-1.75,-3.77,-10.05,0,0,0,0,0,1,1,100,100,0.05,-1.19,12082.06,%sSafe,,
5782,34.04,1562.98,105.97,546.43,771.75,-1.75,-3.55,-10.05,0,0,0,0,0,1,1,100,100,0.05,-1.19,12082.1,%sSafe,,
5783,34.64,1562.98,105.97,546.43,771.75,-1.75,-3.55,-10.06,0,0,0,0,0,1,1,100,100,0.05,-1.19,12082.13,%sSafe,,
5784,26.25,1562.98,105.97,546.43,771.75,-1.75,-3.55,-10.06,0,0,0,0,0,1,1,100,100,0.05,-1.19,12082.16,%sSafe,,
5785,25.07,1563,105.97,546.43,771.75,-1.75,-3.55,-10.06,0,0,0,0,0,1,1,100,100,0.05,-1.19,12082.18,%sSafe,,
5786,24.63,1563,105.97,546.42,771.83,-1.75,-3.55,-10.06,0,0,0,0,0,1,1,100,100,0.05,-1.19,12082.21,%sSafe,,
5787,28.67,1563,105.97,546.42,771.83,-1.75,-3.6,-10.06,0,0,0,0,0,1,1,100,100,0.05,-1.19,12082.24,%sSafe,,
5788,23.23,1563,105.97,546.42,771.83,-1.75,-3.6,-10.06,0,0,0,0,0,1,1,100,100,0.05,-1.19,12082.26,%sSafe,,
5789,31.74,1562.97,105.88,546.42,771.83,-1.75,-3.6,-10.06,0,0,0,0,0,1,1,100,100,0.05,-1.19,12082.29,%sSafe,,
5790,28.52,1562.97,105.88,546.43,771.83,-1.75,-3.6,-10.06,0,0,0,0,0,1,1,100,100,0.05,-1.19,12082.32,%sSafe,,
5791,25.41,1562.97,105.88,546.43,771.97,-1.75,-3.6,-10.06,0,0,0,0,0,1,1,100,100,0.05,-1.19,12082.35,%sSafe,,
5792,28.49,1562.97,105.88,546.43,771.97,-1.75,-3.55,-10.06,0,0,0,0,0,1,1,100,100,0.05,-1.19,12082.37,%sSafe,,
5793,34.08,1563.09,105.79,546.43,771.97,-1.75,-3.55,-10.06,0,0,0,0,0,1,1,100,100,0.05,-1.19,12082.41,%sSafe,,
5794,25.14,1563.09,105.79,546.43,771.96,-1.75,-3.55,-10.06,0,0,0,0,0,1,1,100,100,0.05,-1.19,12082.43,%sSafe,,
5795,26.83,1563.09,105.79,546.43,771.96,-1.74,-3.54,-10.06,0,0,0,0,0,1,1,100,100,0.05,-1.19,12082.46,%sSafe,,
5796,22.2,1563.09,105.79,546.43,771.96,-1.74,-3.54,-10.05,0,0,0,0,0,1,1,100,100,0.05,-1.19,12082.48,%sSafe,,
5797,24.9,1563.09,105.79,546.43,771.96,-1.74,-3.54,-10.05,0,0,0,0,0,1,1,100,100,0.05,-1.19,12082.51,%sSafe,,
5798,22.97,1563.1,105.81,546.41,771.96,-1.74,-3.54,-10.05,0,0,0,0,0,1,1,100,100,0.05,-1.19,12082.53,%sSafe,,
5799,34.29,1563.1,105.81,546.41,771.96,-1.74,-3.52,-10.05,0,0,0,0,0,1,1,100,100,0.05,-1.19,12082.57,%sSafe,,
5800,25.81,1563.1,105.81,546.41,771.96,-1.74,-3.52,-10.05,0,0,0,0,0,1,1,100,100,0.05,-1.19,12082.59,%sSafe,,
5801,24.17,1563.1,105.81,546.41,771.96,-1.74,-3.52,-10.05,0,0,0,0,0,1,1,100,100,0.05,-1.19,12082.62,%sSafe,,
5802,24.64,1563.12,105.85,546.41,771.96,-1.74,-3.52,-10.05,0,0,0,0,0,1,1,100,100,0.05,-1.19,12082.64,%sSafe,,
5803,27.32,1563.12,105.85,546.41,771.96,-1.74,-3.52,-10.05,0,0,0,0,0,1,1,100,100,0.05,-1.19,12082.67,%sSafe,,
5804,26.97,1563.12,105.85,546.41,771.96,-1.74,-3.42,-10.05,0,0,0,0,0,1,1,100,100,0.05,-1.19,12082.69,%sSafe,,
5805,26.72,1563.12,105.85,546.41,771.96,-1.74,-3.42,-10.05,0,0,0,0,0,1,1,100,100,0.05,-1.19,12082.72,%sSafe,,
5806,25.74,1563.12,105.85,546.41,771.96,-1.74,-3.42,-10.05,0,0,0,0,0,1,1,100,100,0.05,-1.19,12082.75,%sSafe,,
5807,27.81,1563.21,105.85,546.38,771.97,-1.74,-3.42,-10.05,0,0,0,0,0,1,1,100,100,0.05,-1.19,12082.77,%sSafe,,
5808,25.13,1563.21,105.85,546.38,771.97,-1.74,-3.41,-10.05,0,0,0,0,0,1,1,100,100,0.05,-1.18,12082.8,%sSafe,,
5809,28.81,1563.21,105.85,546.38,771.97,-1.74,-3.41,-10.05,0,0,0,0,0,1,1,100,100,0.05,-1.18,12082.83,%sSafe,,
5810,28.15,1563.14,105.91,546.42,771.97,-1.74,-3.41,-10.05,0,0,0,0,0,1,1,100,100,0.05,-1.18,12082.86,%sSafe,,
5811,25.26,1563.14,105.91,546.42,771.93,-1.75,-3.41,-10.05,0,0,0,0,0,1,1,100,100,0.05,-1.18,12082.88,%sSafe,,
5812,25.92,1563.14,105.91,546.42,771.93,-1.75,-3.38,-10.06,0,0,0,0,0,1,1,100,100,0.05,-1.18,12082.91,%sSafe,,
5813,27.2,1563.33,105.91,546.42,771.93,-1.75,-3.38,-10.06,0,0,0,0,0,1,1,100,100,0.05,-1.18,12082.94,%sSafe,,
5814,30.25,1563.33,105.88,546.42,771.93,-1.75,-3.38,-10.06,0,0,0,0,0,1,1,100,100,0.05,-1.18,12082.97,%sSafe,,
5815,28.82,1563.33,105.88,546.42,771.92,-1.74,-3.35,-10.06,0,0,0,0,0,1,1,100,100,0.05,-1.19,12082.99,%sSafe,,
5816,27.56,1563.33,105.88,546.42,771.92,-1.74,-3.35,-10.06,0,0,0,0,0,1,1,100,100,0.05,-1.19,12083.02,%sSafe,,
5817,27.38,1563.39,105.87,546.42,771.92,-1.74,-3.35,-10.06,0,0,0,0,0,1,1,100,100,0.05,-1.19,12083.05,%sSafe,,
5818,25.3,1563.39,105.87,546.44,771.82,-1.74,-3.35,-10.06,0,0,0,0,0,1,1,100,100,0.05,-1.19,12083.07,%sSafe,,
5819,24.83,1563.39,105.87,546.44,771.82,-1.74,-3.46,-10.06,0,0,0,0,0,1,1,100,100,0.05,-1.19,12083.1,%sSafe,,
5820,24.24,1563.45,105.87,546.44,771.82,-1.74,-3.46,-10.06,0,0,0,0,0,1,1,100,100,0.05,-1.19,12083.12,%sSafe,,
5821,28.51,1563.45,105.88,546.41,771.88,-1.74,-3.46,-10.06,0,0,0,0,0,1,1,100,100,0.05,-1.19,12083.15,%sSafe,,
5822,23.07,1563.45,105.88,546.41,771.88,-1.74,-3.46,-10.06,0,0,0,0,0,1,1,100,100,0.05,-1.19,12083.17,%sSafe,,
5823,24.86,1563.46,105.88,546.41,771.88,-1.74,-3.55,-10.06,0,0,0,0,0,1,1,100,100,0.05,-1.19,12083.2,%sSafe,,
5824,26.58,1563.46,105.87,546.41,771.88,-1.74,-3.55,-10.06,0,0,0,0,0,1,1,100,100,0.05,-1.19,12083.23,%sSafe,,
5825,27.17,1563.46,105.87,546.47,771.87,-1.74,-3.55,-10.06,0,0,0,0,0,1,1,100,100,0.05,-1.19,12083.25,%sSafe,,
5826,26.05,1563.46,105.87,546.47,771.87,-1.74,-3.46,-10.06,0,0,0,0,0,1,1,100,100,0.05,-1.19,12083.28,%sSafe,,
5827,22.2,1563.57,105.87,546.47,771.87,-1.74,-3.46,-10.06,0,0,0,0,0,1,1,100,100,0.05,-1.19,12083.3,%sSafe,,
5828,28.43,1563.57,105.87,546.47,771.9,-1.74,-3.46,-10.06,0,0,0,0,0,1,1,100,100,0.05,-1.19,12083.33,%sSafe,,
5829,28.2,1563.57,105.87,546.47,771.9,-1.74,-3.46,-10.06,0,0,0,0,0,1,1,100,100,0.05,-1.19,12083.36,%sSafe,,
5830,22.87,1563.57,105.87,546.47,771.9,-1.74,-3.46,-10.06,0,0,0,0,0,1,1,100,100,0.05,-1.19,12083.38,%sSafe,,
5831,26.81,1563.65,105.98,546.47,771.9,-1.74,-3.46,-10.06,0,0,0,0,0,1,1,100,100,0.05,-1.19,12083.41,%sSafe,,
5832,25.09,1563.65,105.98,546.46,771.9,-1.74,-3.46,-10.06,0,0,0,0,0,1,1,100,100,0.05,-1.19,12083.43,%sSafe,,
5833,21.8,1563.65,105.98,546.46,771.8,-1.74,-3.46,-10.06,0,0,0,0,0,1,1,100,100,0.05,-1.19,12083.46,%sSafe,,
5834,26.89,1563.65,105.98,546.46,771.8,-1.74,-3.4,-10.06,0,0,0,0,0,1,1,100,100,0.05,-1.19,12083.48,%sSafe,,
5835,24.54,1563.75,106.14,546.48,771.8,-1.74,-3.4,-10.06,0,0,0,0,0,1,1,100,100,0.05,-1.19,12083.51,%sSafe,,
5836,26.07,1563.75,106.14,546.48,771.81,-1.74,-3.4,-10.06,0,0,0,0,0,1,1,100,100,0.05,-1.19,12083.53,%sSafe,,
5837,25.16,1563.75,106.14,546.48,771.81,-1.74,-3.45,-10.05,0,0,0,0,0,1,1,100,100,0.05,-1.2,12083.56,%sSafe,,
5838,26.25,1563.76,106.27,546.48,771.81,-1.74,-3.45,-10.05,0,0,0,0,0,1,1,100,100,0.05,-1.2,12083.58,%sSafe,,
5839,27.43,1563.76,106.27,546.46,771.81,-1.74,-3.45,-10.05,0,0,0,0,0,1,1,100,100,0.05,-1.2,12083.61,%sSafe,,
5840,25.07,1563.76,106.27,546.46,771.81,-1.74,-3.5,-10.05,0,0,0,0,0,1,1,100,100,0.05,-1.2,12083.64,%sSafe,,
5841,24.21,1563.76,106.27,546.46,771.81,-1.74,-3.5,-10.05,0,0,0,0,0,1,1,100,100,0.05,-1.2,12083.66,%sSafe,,
5842,29.86,1563.7,106.39,546.48,771.81,-1.74,-3.5,-10.05,0,0,0,0,0,1,1,100,100,0.05,-1.2,12083.69,%sSafe,,
5843,23.97,1563.7,106.39,546.48,771.86,-1.74,-3.39,-10.05,0,0,0,0,0,1,1,100,100,0.05,-1.2,12083.71,%sSafe,,
5844,30.67,1563.7,106.39,546.48,771.86,-1.74,-3.39,-10.05,0,0,0,0,0,1,1,100,100,0.05,-1.21,12083.75,%sSafe,,
5845,28.32,1563.87,106.4,546.45,771.86,-1.74,-3.39,-10.05,0,0,0,0,0,1,1,100,100,0.05,-1.21,12083.77,%sSafe,,
5846,23.86,1563.87,106.4,546.45,771.95,-1.74,-3.39,-10.05,0,0,0,0,0,1,1,100,100,0.05,-1.21,12083.8,%sSafe,,
5847,25.2,1563.87,106.4,546.45,771.95,-1.74,-3.39,-10.04,0,0,0,0,0,1,1,100,100,0.05,-1.21,12083.82,%sSafe,,
5848,23.82,1563.76,106.45,546.45,771.95,-1.74,-3.39,-10.04,0,0,0,0,0,1,1,100,100,0.05,-1.21,12083.85,%sSafe,,
5849,25.09,1563.76,106.45,546.44,771.96,-1.74,-3.39,-10.04,0,0,0,0,0,1,1,100,100,0.05,-1.21,12083.87,%sSafe,,
5850,22.82,1563.76,106.45,546.44,771.96,-1.74,-3.41,-10.04,0,0,0,0,0,1,1,100,100,0.05,-1.21,12083.89,%sSafe,,
5851,27.8,1563.72,106.45,546.44,771.96,-1.74,-3.41,-10.04,0,0,0,0,0,1,1,100,100,0.05,-1.21,12083.92,%sSafe,,
5852,22.32,1563.72,106.52,546.45,771.96,-1.74,-3.41,-10.04,0,0,0,0,0,1,1,100,100,0.05,-1.21,12083.94,%sSafe,,
5853,28.57,1563.72,106.52,546.45,771.99,-1.74,-3.41,-10.04,0,0,0,0,0,1,1,100,100,0.05,-1.21,12083.97,%sSafe,,
5854,23.23,1563.72,106.52,546.45,771.99,-1.74,-3.15,-10.04,0,0,0,0,0,1,1,100,100,0.05,-1.21,12084,%sSafe,,
5855,28.41,1563.73,106.54,546.45,771.99,-1.74,-3.15,-10.04,0,0,0,0,0,1,1,100,100,0.05,-1.21,12084.02,%sSafe,,
5856,22.78,1563.73,106.54,546.43,771.99,-1.74,-3.15,-10.04,0,0,0,0,0,1,1,100,100,0.05,-1.21,12084.05,%sSafe,,
5857,23.71,1563.73,106.54,546.43,771.94,-1.73,-3.1,-10.04,0,0,0,0,0,1,1,100,100,0.05,-1.22,12084.07,%sSafe,,
5858,26.7,1563.72,106.54,546.43,771.94,-1.73,-3.1,-10.04,0,0,0,0,0,1,1,100,100,0.05,-1.22,12084.1,%sSafe,,
5859,26.24,1563.72,106.57,546.44,771.94,-1.73,-3.1,-10.04,0,0,0,0,0,1,1,100,100,0.05,-1.22,12084.12,%sSafe,,
5860,23.71,1563.72,106.57,546.44,772,-1.73,-3.1,-10.04,0,0,0,0,0,1,1,100,100,0.05,-1.22,12084.15,%sSafe,,
5861,25.85,1563.72,106.57,546.44,772,-1.73,-3.19,-10.04,0,0,0,0,0,1,1,100,100,0.05,-1.22,12084.17,%sSafe,,
5862,25.77,1563.76,106.55,546.44,772,-1.73,-3.19,-10.04,0,0,0,0,0,1,1,100,100,0.05,-1.22,12084.2,%sSafe,,
5863,26.65,1563.76,106.55,546.44,771.93,-1.74,-3.24,-10.04,0,0,0,0,0,1,1,100,100,0.05,-1.22,12084.23,%sSafe,,
5864,25.74,1563.78,106.53,546.44,771.93,-1.74,-3.24,-10.04,0,0,0,0,0,1,1,100,100,0.05,-1.22,12084.25,%sSafe,,
5865,24.77,1563.78,106.53,546.49,771.93,-1.74,-3.24,-10.04,0,0,0,0,0,1,1,100,100,0.05,-1.22,12084.28,%sSafe,,
5866,27.69,1563.78,106.53,546.49,772.06,-1.74,-3.24,-10.04,0,0,0,0,0,1,1,100,100,0.05,-1.22,12084.3,%sSafe,,
5867,23.35,1563.78,106.53,546.49,772.06,-1.74,-3.11,-10.04,0,0,0,0,0,1,1,100,100,0.05,-1.22,12084.33,%sSafe,,
5868,23.1,1563.67,106.46,546.49,772.06,-1.74,-3.11,-10.04,0,0,0,0,0,1,1,100,100,0.05,-1.22,12084.35,%sSafe,,
5869,25.86,1563.67,106.46,546.47,772.06,-1.74,-3.11,-10.04,0,0,0,0,0,1,1,100,100,0.05,-1.22,12084.38,%sSafe,,
5870,23.34,1563.67,106.46,546.47,772.06,-1.74,-3.06,-10.04,0,0,0,0,0,1,1,100,100,0.05,-1.22,12084.4,%sSafe,,
5871,25.15,1563.67,106.46,546.47,772.06,-1.74,-3.06,-10.03,0,0,0,0,0,1,1,100,100,0.05,-1.23,12084.43,%sSafe,,
5872,27.43,1563.67,106.36,546.51,772.06,-1.74,-3.06,-10.03,0,0,0,0,0,1,1,100,100,0.05,-1.23,12084.45,%sSafe,,
5873,24.4,1563.67,106.36,546.51,772.1,-1.74,-3,-10.03,0,0,0,0,0,1,1,100,100,0.05,-1.23,12084.48,%sSafe,,
5874,28.33,1563.67,106.36,546.51,772.1,-1.74,-3,-10.04,0,0,0,0,0,1,1,100,100,0.05,-1.23,12084.51,%sSafe,,
5875,22.62,1563.86,106.24,546.51,772.1,-1.74,-3,-10.04,0,0,0,0,0,1,1,100,100,0.05,-1.23,12084.53,%sSafe,,
5876,24.71,1563.86,106.24,546.49,772,-1.73,-3,-10.04,0,0,0,0,0,1,1,100,100,0.05,-1.23,12084.55,%sSafe,,
5877,26.67,1563.86,106.24,546.49,772,-1.73,-3.08,-10.03,0,0,0,0,0,1,1,100,100,0.05,-1.23,12084.58,%sSafe,,
5878,22.88,1563.86,106.24,546.49,772,-1.73,-3.08,-10.03,0,0,0,0,0,1,1,100,100,0.05,-1.23,12084.6,%sSafe,,
5879,27.56,1563.86,106.22,546.49,772,-1.73,-3.08,-10.03,0,0,0,0,0,1,1,100,100,0.05,-1.23,12084.63,%sSafe,,
5880,22.82,1563.86,106.22,546.52,771.87,-1.73,-3.07,-10.04,0,0,0,0,0,1,1,100,100,0.05,-1.23,12084.65,%sSafe,,
5881,27.79,1563.86,106.22,546.52,771.87,-1.73,-3.07,-10.04,0,0,0,0,0,1,1,100,100,0.05,-1.23,12084.68,%sSafe,,
5882,25.14,1563.98,106.18,546.51,771.87,-1.73,-3.07,-10.04,0,0,0,0,0,1,1,100,100,0.05,-1.23,12084.71,%sSafe,,
5883,25.93,1563.98,106.18,546.51,771.84,-1.73,-3.07,-10.04,0,0,0,0,0,1,1,100,100,0.05,-1.23,12084.73,%sSafe,,
5884,26.96,1563.98,106.18,546.51,771.84,-1.73,-2.98,-10.04,0,0,0,0,0,1,1,100,100,0.05,-1.23,12084.76,%sSafe,,
5885,24.23,1564.13,106.1,546.51,771.84,-1.73,-2.98,-10.04,0,0,0,0,0,1,1,100,100,0.05,-1.23,12084.78,%sSafe,,
5886,22.26,1564.13,106.1,546.49,771.84,-1.73,-2.98,-10.04,0,0,0,0,0,1,1,100,100,0.05,-1.23,12084.8,%sSafe,,
5887,23.28,1564.13,106.1,546.49,771.86,-1.72,-2.98,-10.04,0,0,0,0,0,1,1,100,100,0.05,-1.23,12084.83,%sSafe,,
5888,24.89,1564.17,106.1,546.49,771.86,-1.72,-2.98,-10.04,0,0,0,0,0,1,1,100,100,0.05,-1.23,12084.85,%sSafe,,
5889,26.44,1564.17,106.1,546.48,771.86,-1.72,-2.98,-10.04,0,0,0,0,0,1,1,100,100,0.05,-1.23,12084.88,%sSafe,,
5890,22.25,1564.17,106.1,546.48,771.96,-1.73,-2.97,-10.04,0,0,0,0,0,1,1,100,100,0.05,-1.23,12084.9,%sSafe,,
5891,24.55,1564.17,106.1,546.48,771.96,-1.73,-2.97,-10.04,0,0,0,0,0,1,1,100,100,0.05,-1.23,12084.93,%sSafe,,
5892,25.75,1564.18,106.08,546.48,771.96,-1.73,-2.97,-10.04,0,0,0,0,0,1,1,100,100,0.05,-1.23,12084.95,%sSafe,,
5893,24.32,1564.18,106.08,546.48,771.92,-1.73,-2.93,-10.03,0,0,0,0,0,1,1,100,100,0.05,-1.23,12084.98,%sSafe,,
5894,20.83,1564.16,106.08,546.48,771.92,-1.73,-2.93,-10.03,0,0,0,0,0,1,1,100,100,0.05,-1.23,12085,%sSafe,,
5895,29.27,1564.16,106.09,546.45,771.92,-1.73,-2.93,-10.03,0,0,0,0,0,1,1,100,100,0.05,-1.23,12085.03,%sSafe,,
5896,23.36,1564.16,106.09,546.45,771.92,-1.72,-2.78,-10.03,0,0,0,0,0,1,1,100,100,0.05,-1.23,12085.05,%sSafe,,
5897,24.82,1564.21,106.09,546.45,771.92,-1.72,-2.78,-10.03,0,0,0,0,0,1,1,100,100,0.05,-1.24,12085.07,%sSafe,,
5898,23.6,1564.21,106,546.44,771.88,-1.71,-2.78,-10.03,0,0,0,0,0,1,1,100,100,0.05,-1.24,12085.1,%sSafe,,
5899,34.63,1564.21,106,546.44,771.88,-1.71,-2.89,-10.03,0,0,0,0,0,1,1,100,100,0.05,-1.24,12085.13,%sSafe,,
5900,23.48,1564.21,106,546.44,771.88,-1.71,-2.89,-10.04,0,0,0,0,0,1,1,100,100,0.05,-1.24,12085.16,%sSafe,,
5901,27.37,1564.3,105.96,546.44,771.88,-1.71,-2.89,-10.04,0,0,0,0,0,1,1,100,100,0.05,-1.24,12085.18,%sSafe,,
5902,24.35,1564.3,105.96,546.43,771.9,-1.71,-2.89,-10.04,0,0,0,0,0,1,1,100,100,0.05,-1.24,12085.21,%sSafe,,
5903,24.35,1564.3,105.96,546.43,771.9,-1.71,-2.97,-10.04,0,0,0,0,0,1,1,100,100,0.05,-1.24,12085.23,%sSafe,,
5904,30.23,1564.42,105.95,546.43,771.9,-1.71,-2.97,-10.04,0,0,0,0,0,1,1,100,100,0.05,-1.24,12085.26,%sSafe,,
5905,26.47,1564.42,105.95,546.43,771.87,-1.71,-2.97,-10.04,0,0,0,0,0,1,1,100,100,0.05,-1.24,12085.29,%sSafe,,
5906,25.17,1564.42,105.95,546.43,771.87,-1.71,-3.06,-10.04,0,0,0,0,0,1,1,100,100,0.05,-1.24,12085.31,%sSafe,,
5907,24.41,1564.36,105.94,546.43,771.87,-1.71,-3.06,-10.03,0,0,0,0,0,1,1,100,100,0.05,-1.24,12085.34,%sSafe,,
5908,25.06,1564.36,105.94,546.48,771.95,-1.71,-3.06,-10.03,0,0,0,0,0,1,1,100,100,0.05,-1.24,12085.36,%sSafe,,
5909,26.63,1564.36,105.94,546.48,771.95,-1.72,-3.06,-10.03,0,0,0,0,0,1,1,100,100,0.05,-1.24,12085.39,%sSafe,,
5910,23.29,1564.36,105.94,546.48,771.95,-1.72,-2.93,-10.03,0,0,0,0,0,1,1,100,100,0.05,-1.24,12085.41,%sSafe,,
5911,28.8,1564.37,105.86,546.48,771.95,-1.72,-2.93,-10.03,0,0,0,0,0,1,1,100,100,0.05,-1.24,12085.44,%sSafe,,
5912,24.3,1564.37,105.86,546.48,772.1,-1.72,-3.05,-10.03,0,0,0,0,0,1,1,100,100,0.05,-1.24,12085.47,%sSafe,,
5913,23.06,1564.37,105.86,546.48,772.1,-1.72,-3.05,-10.03,0,0,0,0,0,1,1,100,100,0.05,-1.24,12085.49,%sSafe,,
5914,25.71,1564.37,105.88,546.48,772.1,-1.72,-3.05,-10.03,0,0,0,0,0,1,1,100,100,0.05,-1.24,12085.52,%sSafe,,
5915,22.6,1564.37,105.88,546.5,772.1,-1.72,-3.05,-10.03,0,0,0,0,0,1,1,100,100,0.05,-1.24,12085.54,%sSafe,,
5916,24.79,1564.37,105.88,546.5,772.1,-1.73,-3.23,-10.04,0,0,0,0,0,1,1,100,100,0.05,-1.24,12085.56,%sSafe,,
5917,25.89,1564.43,105.92,546.5,772.1,-1.73,-3.23,-10.04,0,0,0,0,0,1,1,100,100,0.05,-1.24,12085.59,%sSafe,,
5918,24.18,1564.43,105.92,546.53,772.09,-1.73,-3.23,-10.04,0,0,0,0,0,1,1,100,100,0.05,-1.24,12085.61,%sSafe,,
5919,22.24,1564.43,105.92,546.53,772.09,-1.73,-3.36,-10.04,0,0,0,0,0,1,1,100,100,0.05,-1.24,12085.64,%sSafe,,
5920,25.18,1564.43,105.92,546.53,772.09,-1.73,-3.36,-10.04,0,0,0,0,0,1,1,100,100,0.05,-1.24,12085.66,%sSafe,,
5921,25.77,1564.36,105.86,546.54,772.05,-1.72,-3.36,-10.04,0,0,0,0,0,1,1,100,100,0.05,-1.24,12085.69,%sSafe,,
5922,26.29,1564.36,105.86,546.54,772.05,-1.72,-3.41,-10.05,0,0,0,0,0,1,1,100,100,0.05,-1.24,12085.71,%sSafe,,
5923,22.68,1564.44,105.86,546.54,772.05,-1.72,-3.41,-10.05,0,0,0,0,0,1,1,100,100,0.05,-1.24,12085.74,%sSafe,,
5924,22.75,1564.44,105.87,546.52,772.05,-1.72,-3.41,-10.05,0,0,0,0,0,1,1,100,100,0.05,-1.24,12085.76,%sSafe,,
5925,25.84,1564.44,105.87,546.52,771.97,-1.72,-3.41,-10.05,0,0,0,0,0,1,1,100,100,0.05,-1.24,12085.78,%sSafe,,
5926,22.67,1564.44,105.87,546.52,771.97,-1.72,-3.29,-10.05,0,0,0,0,0,1,1,100,100,0.05,-1.24,12085.81,%sSafe,,
5927,26.24,1564.49,105.9,546.52,771.97,-1.72,-3.29,-10.05,0,0,0,0,0,1,1,100,100,0.05,-1.24,12085.83,%sSafe,,
5928,25.2,1564.49,105.9,546.53,771.97,-1.74,-3.29,-10.05,0,0,0,0,0,1,1,100,100,0.05,-1.24,12085.86,%sSafe,,
5929,22.22,1564.49,105.9,546.53,771.97,-1.74,-3.29,-10.05,0,0,0,0,0,1,1,100,100,0.05,-1.24,12085.88,%sSafe,,
5930,24.15,1564.49,105.9,546.53,771.97,-1.74,-3.29,-10.05,0,0,0,0,0,1,1,100,100,0.05,-1.24,12085.9,%sSafe,,
5931,23.68,1564.47,106.01,546.53,772.02,-1.75,-3.29,-10.05,0,0,0,0,0,1,1,100,100,0.05,-1.24,12085.93,%sSafe,,
5932,29.5,1564.47,106.01,546.53,772.02,-1.75,-3.33,-10.05,0,0,0,0,0,1,1,100,100,0.05,-1.24,12085.96,%sSafe,,
5933,24.08,1564.48,106.01,546.53,772.02,-1.75,-3.33,-10.05,0,0,0,0,0,1,1,100,100,0.05,-1.24,12085.98,%sSafe,,
5934,21.29,1564.48,105.93,546.58,772.02,-1.75,-3.33,-10.05,0,0,0,0,0,1,1,100,100,0.05,-1.24,12086,%sSafe,,
5935,24.94,1564.48,105.93,546.58,771.94,-1.74,-3.33,-10.05,0,0,0,0,0,1,1,100,100,0.05,-1.24,12086.03,%sSafe,,
5936,23.16,1564.48,105.93,546.58,771.94,-1.74,-3.17,-10.05,0,0,0,0,0,1,1,100,100,0.05,-1.24,12086.05,%sSafe,,
5937,23.77,1564.45,105.98,546.55,771.94,-1.74,-3.17,-10.05,0,0,0,0,0,1,1,100,100,0.05,-1.24,12086.07,%sSafe,,
5938,23.83,1564.45,105.98,546.55,771.94,-1.74,-3.17,-10.05,0,0,0,0,0,1,1,100,100,0.05,-1.24,12086.1,%sSafe,,
5939,26.05,1564.45,105.98,546.55,771.94,-1.74,-3.25,-10.06,0,0,0,0,0,1,1,100,100,0.05,-1.24,12086.12,%sSafe,,
5940,22.54,1564.45,105.98,546.55,771.94,-1.74,-3.25,-10.06,0,0,0,0,0,1,1,100,100,0.05,-1.24,12086.15,%sSafe,,
5941,24.91,1564.53,106.12,546.51,771.94,-1.74,-3.25,-10.06,0,0,0,0,0,1,1,100,100,0.05,-1.24,12086.17,%sSafe,,
5942,23.11,1564.53,106.12,546.51,771.94,-1.74,-3.37,-10.06,0,0,0,0,0,1,1,100,100,0.05,-1.24,12086.19,%sSafe,,
5943,27.5,1564.53,106.12,546.51,771.94,-1.74,-3.37,-10.06,0,0,0,0,0,1,1,100,100,0.05,-1.25,12086.22,%sSafe,,
5944,23.67,1564.55,106.15,546.51,771.94,-1.74,-3.37,-10.06,0,0,0,0,0,1,1,100,100,0.05,-1.25,12086.25,%sSafe,,
5945,26.25,1564.55,106.15,546.56,771.93,-1.74,-3.27,-10.06,0,0,0,0,0,1,1,100,100,0.05,-1.25,12086.27,%sSafe,,
5946,23.6,1564.55,106.15,546.56,771.93,-1.74,-3.27,-10.05,0,0,0,0,0,1,1,100,100,0.05,-1.25,12086.3,%sSafe,,
5947,25.06,1564.53,106.14,546.56,771.93,-1.74,-3.27,-10.05,0,0,0,0,0,1,1,100,100,0.05,-1.25,12086.32,%sSafe,,
5948,23.67,1564.53,106.14,546.57,772,-1.73,-3.27,-10.05,0,0,0,0,0,1,1,100,100,0.05,-1.25,12086.34,%sSafe,,
5949,26.5,1564.53,106.14,546.57,772,-1.73,-3.07,-10.05,0,0,0,0,0,1,1,100,100,0.05,-1.25,12086.37,%sSafe,,
5950,24.16,1564.44,106.07,546.57,772,-1.73,-3.07,-10.04,0,0,0,0,0,1,1,100,100,0.05,-1.25,12086.4,%sSafe,,
5951,25.81,1564.44,106.07,546.52,772,-1.73,-3.07,-10.04,0,0,0,0,0,1,1,100,100,0.05,-1.25,12086.42,%sSafe,,
5952,24.07,1564.44,106.07,546.52,772,-1.73,-2.94,-10.04,0,0,0,0,0,1,1,100,100,0.05,-1.25,12086.45,%sSafe,,
5953,26.94,1564.44,106.07,546.52,772,-1.73,-2.94,-10.04,0,0,0,0,0,1,1,100,100,0.05,-1.25,12086.47,%sSafe,,
5954,21.89,1564.55,106.14,546.54,772,-1.73,-2.94,-10.04,0,0,0,0,0,1,1,100,100,0.05,-1.25,12086.49,%sSafe,,
5955,27.79,1564.55,106.14,546.54,772.03,-1.74,-2.87,-10.04,0,0,0,0,0,1,1,100,100,0.05,-1.25,12086.52,%sSafe,,
5956,24.72,1564.57,106.21,546.54,772.03,-1.74,-2.87,-10.04,0,0,0,0,0,1,1,100,100,0.05,-1.25,12086.55,%sSafe,,
5957,23.96,1564.57,106.21,546.51,772.03,-1.74,-2.87,-10.04,0,0,0,0,0,1,1,100,100,0.05,-1.25,12086.57,%sSafe,,
5958,23.79,1564.57,106.21,546.51,772.05,-1.74,-2.94,-10.04,0,0,0,0,0,1,1,100,100,0.05,-1.25,12086.59,%sSafe,,
5959,25.01,1564.51,106.21,546.51,772.05,-1.74,-2.94,-10.04,0,0,0,0,0,1,1,100,100,0.05,-1.26,12086.62,%sSafe,,
5960,24.88,1564.51,106.21,546.52,772.05,-1.74,-2.94,-10.04,0,0,0,0,0,1,1,100,100,0.05,-1.26,12086.64,%sSafe,,
5961,24,1564.51,106.21,546.52,772.05,-1.74,-3.13,-10.04,0,0,0,0,0,1,1,100,100,0.05,-1.26,12086.67,%sSafe,,
5962,25.81,1564.51,106.21,546.52,772.05,-1.74,-3.13,-10.04,0,0,0,0,0,1,1,100,100,0.05,-1.26,12086.69,%sSafe,,
5963,24.27,1564.57,106.16,546.52,771.97,-1.74,-3.13,-10.04,0,0,0,0,0,1,1,100,100,0.05,-1.26,12086.72,%sSafe,,
5964,25.2,1564.57,106.16,546.52,771.97,-1.73,-3.18,-10.04,0,0,0,0,0,1,1,100,100,0.05,-1.26,12086.74,%sSafe,,
5965,25.45,1564.57,106.16,546.52,771.97,-1.73,-3.18,-10.03,0,0,0,0,0,1,1,100,100,0.05,-1.26,12086.77,%sSafe,,
5966,27.23,1564.59,106.17,546.52,771.97,-1.73,-3.18,-10.03,0,0,0,0,0,1,1,100,100,0.05,-1.26,12086.8,%sSafe,,
5967,24.01,1564.59,106.17,546.52,772.02,-1.74,-3.35,-10.04,0,0,0,0,0,1,1,100,100,0.05,-1.26,12086.82,%sSafe,,
5968,25.2,1564.59,106.17,546.52,772.02,-1.74,-3.35,-10.04,0,0,0,0,0,1,1,100,100,0.05,-1.26,12086.85,%sSafe,,
5969,26.35,1564.64,106.17,546.52,772.02,-1.74,-3.35,-10.04,0,0,0,0,0,1,1,100,100,0.05,-1.26,12086.87,%sSafe,,
5970,22.33,1564.64,106.07,546.52,772.02,-1.74,-3.35,-10.04,0,0,0,0,0,1,1,100,100,0.05,-1.26,12086.89,%sSafe,,
5971,22.27,1564.64,106.07,546.56,771.97,-1.73,-3.35,-10.04,0,0,0,0,0,1,1,100,100,0.05,-1.26,12086.92,%sSafe,,
5972,22.82,1564.64,106.07,546.56,771.97,-1.73,-3.34,-10.03,0,0,0,0,0,1,1,100,100,0.05,-1.26,12086.94,%sSafe,,
5973,24.27,1564.55,105.93,546.56,771.97,-1.73,-3.34,-10.03,0,0,0,0,0,1,1,100,100,0.05,-1.26,12086.96,%sSafe,,
5974,24.32,1564.55,105.93,546.52,771.94,-1.73,-3.34,-10.03,0,0,0,0,0,1,1,100,100,0.05,-1.26,12086.99,%sSafe,,
5975,26.36,1564.55,105.93,546.52,771.94,-1.73,-3.34,-10.03,0,0,0,0,0,1,1,100,100,0.05,-1.26,12087.01,%sSafe,,
5976,23.5,1564.56,105.9,546.47,771.94,-1.73,-3.34,-10.03,0,0,0,0,0,1,1,100,100,0.05,-1.26,12087.04,%sSafe,,
5977,27.73,1564.56,105.9,546.47,771.89,-1.73,-3.48,-10.03,0,0,0,0,0,1,1,100,100,0.05,-1.26,12087.07,%sSafe,,
5978,26.83,1564.56,105.9,546.47,771.89,-1.73,-3.48,-10.03,0,0,0,0,0,1,1,100,100,0.05,-1.26,12087.09,%sSafe,,
5979,23.08,1564.7,105.88,546.47,771.89,-1.73,-3.48,-10.03,0,0,0,0,0,1,1,100,100,0.05,-1.26,12087.12,%sSafe,,
5980,20.95,1564.7,105.88,546.47,771.88,-1.73,-3.48,-10.03,0,0,0,0,0,1,1,100,100,0.05,-1.26,12087.14,%sSafe,,
5981,24.83,1564.69,105.88,546.47,771.88,-1.73,-3.54,-10.03,0,0,0,0,0,1,1,100,100,0.05,-1.26,12087.16,%sSafe,,
5982,26.64,1564.69,105.98,546.47,771.88,-1.73,-3.54,-10.03,0,0,0,0,0,1,1,100,100,0.05,-1.26,12087.19,%sSafe,,
5983,22.09,1564.69,105.98,546.47,771.85,-1.73,-3.54,-10.03,0,0,0,0,0,1,1,100,100,0.05,-1.26,12087.21,%sSafe,,
5984,25.11,1564.69,105.98,546.47,771.85,-1.73,-3.6,-10.04,0,0,0,0,0,1,1,100,100,0.05,-1.26,12087.23,%sSafe,,
5985,23.22,1564.62,105.98,546.47,771.85,-1.73,-3.6,-10.04,0,0,0,0,0,1,1,100,100,0.05,-1.26,12087.26,%sSafe,,
5986,26,1564.62,105.97,546.53,771.85,-1.73,-3.6,-10.04,0,0,0,0,0,1,1,100,100,0.05,-1.26,12087.28,%sSafe,,
5987,30.7,1564.62,105.97,546.53,771.87,-1.72,-3.6,-10.04,0,0,0,0,0,1,1,100,100,0.05,-1.26,12087.31,%sSafe,,
5988,23.72,1564.62,105.97,546.53,771.87,-1.72,-3.7,-10.04,0,0,0,0,0,1,1,100,100,0.05,-1.26,12087.34,%sSafe,,
5989,31.21,1564.62,105.97,546.53,771.87,-1.72,-3.7,-10.04,0,0,0,0,0,1,1,100,100,0.05,-1.26,12087.37,%sSafe,,
5990,29.65,1564.62,105.84,546.56,771.87,-1.72,-3.7,-10.04,0,0,0,0,0,1,1,100,100,0.05,-1.26,12087.4,%sSafe,,
5991,31.67,1564.62,105.84,546.56,771.87,-1.72,-3.7,-10.04,0,0,0,0,0,1,1,100,100,0.05,-1.26,12087.43,%sSafe,,
5992,23.16,1564.62,105.84,546.56,771.98,-1.71,-3.7,-10.04,0,0,0,0,0,1,1,100,100,0.05,-1.26,12087.45,%sSafe,,
5993,24.24,1564.62,105.84,546.56,771.98,-1.71,-3.8,-10.04,0,0,0,0,0,1,1,100,100,0.05,-1.26,12087.48,%sSafe,,
5994,34.55,1564.62,105.84,546.56,771.98,-1.71,-3.8,-10.03,0,0,0,0,0,1,1,100,100,0.05,-1.26,12087.51,%sSafe,,
5995,26.75,1564.69,105.82,546.57,771.98,-1.71,-3.8,-10.03,0,0,0,0,0,1,1,100,100,0.05,-1.26,12087.54,%sSafe,,
5996,32.25,1564.69,105.82,546.57,771.99,-1.71,-3.8,-10.03,0,0,0,0,0,1,1,100,100,0.05,-1.26,12087.57,%sSafe,,
5997,25.67,1564.69,105.82,546.57,771.99,-1.71,-3.8,-10.03,0,0,0,0,0,1,1,100,100,0.05,-1.26,12087.6,%sSafe,,
5998,24.23,1564.69,105.82,546.57,771.99,-1.71,-3.65,-10.03,0,0,0,0,0,1,1,100,100,0.05,-1.26,12087.62,%sSafe,,
5999,29.61,1564.69,105.82,546.57,771.99,-1.71,-3.65,-10.03,0,0,0,0,0,1,1,100,100,0.05,-1.26,12087.65,%sSafe,,
6000,23.62,1564.66,105.82,546.57,771.99,-1.71,-3.65,-10.03,0,0,0,0,0,1,1,100,100,0.05,-1.26,12087.68,%sSafe,,
6001,34.91,1564.66,105.81,546.56,771.99,-1.71,-3.65,-10.03,0,0,0,0,0,1,1,100,100,0.05,-1.26,12087.71,%sSafe,,
6002,31.48,1564.66,105.81,546.56,772.05,-1.71,-3.65,-10.03,0,0,0,0,0,1,1,100,100,0.05,-1.26,12087.74,%sSafe,,
6003,27.4,1564.66,105.81,546.56,772.05,-1.71,-3.54,-10.03,0,0,0,0,0,1,1,100,100,0.05,-1.26,12087.77,%sSafe,,
6004,27.61,1564.66,105.81,546.56,772.05,-1.71,-3.54,-10.03,0,0,0,0,0,1,1,100,100,0.05,-1.26,12087.8,%sSafe,,
6005,26.11,1564.66,105.81,546.56,772.05,-1.71,-3.54,-10.03,0,0,0,0,0,1,1,100,100,0.05,-1.26,12087.82,%sSafe,,
6006,29.77,1564.67,105.82,546.55,772.05,-1.71,-3.54,-10.03,0,0,0,0,0,1,1,100,100,0.05,-1.26,12087.85,%sSafe,,
6007,30.29,1564.67,105.82,546.55,772.03,-1.71,-3.54,-10.03,0,0,0,0,0,1,1,100,100,0.05,-1.26,12087.88,%sSafe,,
6008,28.6,1564.67,105.82,546.55,772.03,-1.71,-3.39,-10.03,0,0,0,0,0,1,1,100,100,0.05,-1.26,12087.91,%sSafe,,
6009,35.29,1564.67,105.82,546.55,772.03,-1.71,-3.39,-10.03,0,0,0,0,0,1,1,100,100,0.05,-1.26,12087.95,%sSafe,,
6010,26.11,1564.67,105.82,546.55,772.03,-1.71,-3.39,-10.03,0,0,0,0,0,1,1,100,100,0.05,-1.26,12087.97,%sSafe,,
6011,23.59,1564.67,105.86,546.55,772.03,-1.71,-3.39,-10.03,0,0,0,0,0,1,1,100,100,0.05,-1.26,12088,%sSafe,,
6012,25.13,1564.67,105.86,546.55,772.03,-1.71,-3.39,-10.03,0,0,0,0,0,1,1,100,100,0.05,-1.26,12088.02,%sSafe,,
6013,24.66,1564.67,105.86,546.55,772.13,-1.72,-3.39,-10.03,0,0,0,0,0,1,1,100,100,0.05,-1.26,12088.05,%sSafe,,
6014,27.72,1564.67,105.86,546.55,772.13,-1.72,-3.29,-10.03,0,0,0,0,0,1,1,100,100,0.05,-1.27,12088.07,%sSafe,,
6015,32.57,1564.67,105.86,546.55,772.13,-1.72,-3.29,-10.03,0,0,0,0,0,1,1,100,100,0.05,-1.27,12088.11,%sSafe,,
6016,27.63,1564.71,105.95,546.55,772.13,-1.72,-3.29,-10.03,0,0,0,0,0,1,1,100,100,0.05,-1.27,12088.13,%sSafe,,
6017,28.71,1564.71,105.95,546.58,772.13,-1.72,-3.29,-10.03,0,0,0,0,0,1,1,100,100,0.05,-1.27,12088.16,%sSafe,,
6018,27.73,1564.71,105.95,546.58,772.12,-1.72,-3.29,-10.03,0,0,0,0,0,1,1,100,100,0.05,-1.27,12088.19,%sSafe,,
6019,26.05,1564.71,105.95,546.58,772.12,-1.72,-3.27,-10.04,0,0,0,0,0,1,1,100,100,0.05,-1.27,12088.22,%sSafe,,
6020,28.71,1564.71,105.95,546.58,772.12,-1.72,-3.27,-10.04,0,0,0,0,0,1,1,100,100,0.05,-1.27,12088.25,%sSafe,,
6021,29.57,1564.74,105.99,546.58,772.12,-1.72,-3.27,-10.04,0,0,0,0,0,1,1,100,100,0.05,-1.27,12088.27,%sSafe,,
6022,27.59,1564.74,105.99,546.58,772.12,-1.72,-3.27,-10.04,0,0,0,0,0,1,1,100,100,0.05,-1.27,12088.3,%sSafe,,
6023,25.82,1564.74,105.99,546.58,772.08,-1.73,-3.27,-10.04,0,0,0,0,0,1,1,100,100,0.05,-1.27,12088.33,%sSafe,,
6024,28.18,1564.74,105.99,546.58,772.08,-1.73,-3.19,-10.04,0,0,0,0,0,1,1,100,100,0.05,-1.27,12088.36,%sSafe,,
6025,24.08,1564.74,105.99,546.58,772.08,-1.73,-3.19,-10.04,0,0,0,0,0,1,1,100,100,0.05,-1.27,12088.38,%sSafe,,
6026,23.21,1564.66,106.08,546.58,772.08,-1.73,-3.19,-10.04,0,0,0,0,0,1,1,100,100,0.05,-1.27,12088.4,%sSafe,,
6027,21.2,1564.66,106.08,546.6,772.08,-1.73,-3.19,-10.04,0,0,0,0,0,1,1,100,100,0.05,-1.27,12088.42,%sSafe,,
6028,24.69,1564.66,106.08,546.6,772.05,-1.73,-3.19,-10.04,0,0,0,0,0,1,1,100,100,0.05,-1.27,12088.45,%sSafe,,
6029,23.79,1564.66,106.08,546.6,772.05,-1.73,-3.23,-10.04,0,0,0,0,0,1,1,100,100,0.05,-1.27,12088.47,%sSafe,,
6030,28.91,1564.71,106.08,546.6,772.05,-1.73,-3.23,-10.04,0,0,0,0,0,1,1,100,100,0.05,-1.27,12088.5,%sSafe,,
6031,29.5,1564.71,106,546.61,772.05,-1.73,-3.23,-10.04,0,0,0,0,0,1,1,100,100,0.05,-1.27,12088.53,%sSafe,,
6032,31.47,1564.71,106,546.61,772.05,-1.73,-3.23,-10.04,0,0,0,0,0,1,1,100,100,0.05,-1.27,12088.56,%sSafe,,
6033,30.71,1564.71,106,546.61,772.05,-1.73,-3.36,-10.04,0,0,0,0,0,1,1,100,100,0.05,-1.27,12088.59,%sSafe,,
6034,23.68,1564.71,106,546.61,772.05,-1.73,-3.36,-10.04,0,0,0,0,0,1,1,100,100,0.05,-1.27,12088.62,%sSafe,,
6035,31.8,1564.75,106,546.61,772.05,-1.73,-3.36,-10.04,0,0,0,0,0,1,1,100,100,0.05,-1.27,12088.65,%sSafe,,
6036,30.45,1564.75,106.09,546.56,772.01,-1.73,-3.36,-10.04,0,0,0,0,0,1,1,100,100,0.05,-1.27,12088.68,%sSafe,,
6037,26.8,1564.75,106.09,546.56,772.01,-1.74,-3.21,-10.04,0,0,0,0,0,1,1,100,100,0.05,-1.27,12088.71,%sSafe,,
6038,25.3,1564.75,106.09,546.56,772.01,-1.74,-3.21,-10.03,0,0,0,0,0,1,1,100,100,0.05,-1.27,12088.73,%sSafe,,
6039,23.28,1564.75,106.09,546.56,772.01,-1.74,-3.21,-10.03,0,0,0,0,0,1,1,100,100,0.05,-1.28,12088.76,%sSafe,,
6040,24.8,1564.77,106.11,546.54,772.01,-1.74,-3.21,-10.03,0,0,0,0,0,1,1,100,100,0.05,-1.28,12088.78,%sSafe,,
6041,27.71,1564.77,106.11,546.54,771.96,-1.74,-3.21,-10.03,0,0,0,0,0,1,1,100,100,0.05,-1.28,12088.81,%sSafe,,
6042,24.1,1564.77,106.11,546.54,771.96,-1.74,-3.14,-10.04,0,0,0,0,0,1,1,100,100,0.05,-1.28,12088.83,%sSafe,,
6043,23.2,1564.8,106.11,546.54,771.96,-1.74,-3.14,-10.04,0,0,0,0,0,1,1,100,100,0.05,-1.28,12088.86,%sSafe,,
6044,23.2,1564.8,106.12,546.54,771.96,-1.74,-3.14,-10.04,0,0,0,0,0,1,1,100,100,0.05,-1.28,12088.88,%sSafe,,
6045,24.03,1564.8,106.12,546.55,771.97,-1.74,-3.14,-10.04,0,0,0,0,0,1,1,100,100,0.05,-1.28,12088.9,%sSafe,,
6046,23.01,1564.8,106.12,546.55,771.97,-1.74,-3.18,-10.04,0,0,0,0,0,1,1,100,100,0.05,-1.28,12088.93,%sSafe,,
6047,24.86,1564.8,106.12,546.55,771.97,-1.74,-3.18,-10.04,0,0,0,0,0,1,1,100,100,0.05,-1.28,12088.95,%sSafe,,
6048,24.58,1564.8,106.16,546.59,771.97,-1.74,-3.18,-10.04,0,0,0,0,0,1,1,100,100,0.05,-1.28,12088.97,%sSafe,,
6049,25.62,1564.8,106.16,546.59,771.97,-1.74,-3.18,-10.04,0,0,0,0,0,1,1,100,100,0.05,-1.28,12089,%sSafe,,
6050,21.28,1564.8,106.16,546.59,771.97,-1.74,-3.16,-10.04,0,0,0,0,0,1,1,100,100,0.05,-1.28,12089.02,%sSafe,,
6051,24.74,1564.8,106.16,546.59,771.97,-1.74,-3.16,-10.04,0,0,0,0,0,1,1,100,100,0.05,-1.28,12089.05,%sSafe,,
6052,27.72,1564.8,106.23,546.6,771.97,-1.74,-3.16,-10.04,0,0,0,0,0,1,1,100,100,0.05,-1.28,12089.07,%sSafe,,
6053,23.95,1564.8,106.23,546.6,772.02,-1.74,-3.16,-10.04,0,0,0,0,0,1,1,100,100,0.05,-1.28,12089.1,%sSafe,,
6054,26.21,1564.8,106.23,546.6,772.02,-1.74,-3.1,-10.03,0,0,0,0,0,1,1,100,100,0.05,-1.28,12089.12,%sSafe,,
6055,23.57,1564.8,106.3,546.6,772.02,-1.74,-3.1,-10.03,0,0,0,0,0,1,1,100,100,0.05,-1.28,12089.15,%sSafe,,
6056,26.79,1564.8,106.3,546.59,772.03,-1.74,-3.1,-10.03,0,0,0,0,0,1,1,100,100,0.05,-1.28,12089.17,%sSafe,,
6057,26.84,1564.8,106.3,546.59,772.03,-1.74,-3.11,-10.03,0,0,0,0,0,1,1,100,100,0.05,-1.28,12089.2,%sSafe,,
6058,26.81,1564.84,106.2,546.59,772.03,-1.74,-3.11,-10.02,0,0,0,0,0,1,1,100,100,0.05,-1.28,12089.23,%sSafe,,
6059,27.73,1564.84,106.2,546.6,772.03,-1.74,-3.11,-10.02,0,0,0,0,0,1,1,100,100,0.05,-1.28,12089.26,%sSafe,,
6060,26,1564.84,106.2,546.6,772.07,-1.74,-3.11,-10.02,0,0,0,0,0,1,1,100,100,0.05,-1.28,12089.28,%sSafe,,
6061,23.22,1564.84,106.2,546.6,772.07,-1.74,-3.2,-10.01,0,0,0,0,0,1,1,100,100,0.05,-1.28,12089.31,%sSafe,,
6062,24.66,1564.82,106.18,546.6,772.07,-1.74,-3.2,-10.01,0,0,0,0,0,1,1,100,100,0.05,-1.28,12089.33,%sSafe,,
6063,26.25,1564.82,106.18,546.58,772.09,-1.74,-3.2,-10.01,0,0,0,0,0,1,1,100,100,0.05,-1.28,12089.36,%sSafe,,
6064,21.03,1564.82,106.18,546.58,772.09,-1.74,-3.12,-10.01,0,0,0,0,0,1,1,100,100,0.05,-1.28,12089.38,%sSafe,,
6065,25.22,1564.82,106.18,546.58,772.09,-1.74,-3.12,-10.01,0,0,0,0,0,1,1,100,100,0.05,-1.29,12089.4,%sSafe,,
6066,26.66,1564.81,106.19,546.6,772.04,-1.74,-3.12,-10.01,0,0,0,0,0,1,1,100,100,0.05,-1.29,12089.43,%sSafe,,
6067,26.21,1564.81,106.19,546.6,772.04,-1.74,-3.15,-10.01,0,0,0,0,0,1,1,100,100,0.05,-1.29,12089.46,%sSafe,,
6068,23.28,1564.81,106.19,546.6,772.04,-1.74,-3.15,-10.01,0,0,0,0,0,1,1,100,100,0.05,-1.29,12089.48,%sSafe,,
6069,22.18,1564.81,106.19,546.6,772.04,-1.74,-3.15,-10.01,0,0,0,0,0,1,1,100,100,0.05,-1.29,12089.5,%sSafe,,
6070,28.89,1564.89,106.17,546.62,772.04,-1.74,-3.15,-10.01,0,0,0,0,0,1,1,100,100,0.05,-1.29,12089.53,%sSafe,,
6071,24.06,1564.89,106.17,546.62,772.09,-1.75,-3.05,-10,0,0,0,0,0,1,1,100,100,0.05,-1.29,12089.55,%sSafe,,
6072,24.6,1564.89,106.17,546.62,772.09,-1.75,-3.05,-10,0,0,0,0,0,1,1,100,100,0.05,-1.29,12089.58,%sSafe,,
6073,24.18,1564.89,106.17,546.62,772.09,-1.75,-3.05,-10,0,0,0,0,0,1,1,100,100,0.05,-1.29,12089.6,%sSafe,,
6074,23.59,1565.03,106.09,546.62,772.09,-1.75,-3.05,-10,0,0,0,0,0,1,1,100,100,0.05,-1.29,12089.63,%sSafe,,
6075,25.2,1565.03,106.09,546.65,772.07,-1.76,-3.05,-10,0,0,0,0,0,1,1,100,100,0.05,-1.29,12089.65,%sSafe,,
6076,22.03,1565.03,106.09,546.65,772.07,-1.76,-3.21,-10,0,0,0,0,0,1,1,100,100,0.05,-1.29,12089.67,%sSafe,,
6077,25.86,1565.03,106.23,546.65,772.07,-1.76,-3.21,-10,0,0,0,0,0,1,1,100,100,0.05,-1.29,12089.7,%sSafe,,
6078,21.8,1565.03,106.23,546.68,772.08,-1.76,-3.21,-10,0,0,0,0,0,1,1,100,100,0.05,-1.29,12089.72,%sSafe,,
6079,23.23,1565.03,106.23,546.68,772.08,-1.76,-3.09,-10,0,0,0,0,0,1,1,100,100,0.05,-1.29,12089.74,%sSafe,,
6080,24.03,1565.03,106.23,546.68,772.08,-1.76,-3.09,-10,0,0,0,0,0,1,1,100,100,0.05,-1.29,12089.77,%sSafe,,
6081,22.34,1564.98,106.23,546.68,772.08,-1.76,-3.09,-10,0,0,0,0,0,1,1,100,100,0.05,-1.29,12089.79,%sSafe,,
6082,20.23,1564.98,106.31,546.63,772.07,-1.76,-3.09,-10,0,0,0,0,0,1,1,100,100,0.05,-1.29,12089.81,%sSafe,,
6083,25.63,1564.98,106.31,546.63,772.07,-1.76,-3.14,-10,0,0,0,0,0,1,1,100,100,0.05,-1.3,12089.84,%sSafe,,
6084,26.78,1564.97,106.36,546.63,772.07,-1.76,-3.14,-10,0,0,0,0,0,1,1,100,100,0.05,-1.3,12089.86,%sSafe,,
6085,26.69,1564.97,106.36,546.62,772.07,-1.76,-3.14,-10,0,0,0,0,0,1,1,100,100,0.05,-1.3,12089.89,%sSafe,,
6086,24.33,1564.97,106.36,546.62,772.08,-1.76,-3.13,-10,0,0,0,0,0,1,1,100,100,0.05,-1.3,12089.91,%sSafe,,
6087,23.87,1565,106.32,546.62,772.08,-1.76,-3.13,-9.98,0,0,0,0,0,1,1,100,100,0.05,-1.3,12089.94,%sSafe,,
6088,24.7,1565,106.32,546.59,772.01,-1.76,-3.13,-9.98,0,0,0,0,0,1,1,100,100,0.05,-1.3,12089.96,%sSafe,,
6089,26.76,1565,106.32,546.59,772.01,-1.76,-3.15,-9.98,0,0,0,0,0,1,1,100,100,0.05,-1.3,12089.99,%sSafe,,
6090,21.31,1565,106.32,546.59,772.01,-1.76,-3.15,-9.98,0,0,0,0,0,1,1,100,100,0.05,-1.3,12090.01,%sSafe,,
6091,23,1565.03,106.25,546.59,772.01,-1.76,-3.15,-9.98,0,0,0,0,0,1,1,100,100,0.05,-1.3,12090.03,%sSafe,,
6092,21.31,1565.03,106.25,546.59,771.92,-1.75,-3.15,-9.98,0,0,0,0,0,1,1,100,100,0.05,-1.3,12090.06,%sSafe,,
6093,24.43,1565.02,106.25,546.59,771.92,-1.75,-3.17,-9.98,0,0,0,0,0,1,1,100,100,0.05,-1.3,12090.08,%sSafe,,
6094,24.17,1565.02,106.26,546.56,771.88,-1.75,-3.17,-9.98,0,0,0,0,0,1,1,100,100,0.05,-1.3,12090.1,%sSafe,,
6095,25.56,1565.02,106.26,546.56,771.88,-1.76,-3.06,-9.98,0,0,0,0,0,1,1,100,100,0.05,-1.3,12090.13,%sSafe,,
6096,26.76,1565.02,106.26,546.56,771.88,-1.76,-3.06,-9.98,0,0,0,0,0,1,1,100,100,0.05,-1.31,12090.16,%sSafe,,
6097,21.81,1565.16,106.37,546.56,771.88,-1.76,-3.06,-9.98,0,0,0,0,0,1,1,100,100,0.05,-1.31,12090.18,%sSafe,,
6098,25.25,1565.16,106.37,546.59,771.94,-1.75,-3.06,-9.98,0,0,0,0,0,1,1,100,100,0.05,-1.31,12090.2,%sSafe,,
6099,27.72,1565.16,106.37,546.59,771.94,-1.75,-3.2,-9.98,0,0,0,0,0,1,1,100,100,0.05,-1.3,12090.23,%sSafe,,
6100,25.25,1565.2,106.37,546.59,771.94,-1.75,-3.2,-9.98,0,0,0,0,0,1,1,100,100,0.05,-1.3,12090.26,%sSafe,,
6101,26,1565.2,106.35,546.55,772,-1.75,-3.2,-9.98,0,0,0,0,0,1,1,100,100,0.05,-1.3,12090.28,%sSafe,,
6102,30.33,1565.2,106.35,546.55,772,-1.75,-3.19,-9.99,0,0,0,0,0,1,1,100,100,0.05,-1.3,12090.31,%sSafe,,
6103,23.69,1565.2,106.35,546.55,772,-1.75,-3.19,-9.99,0,0,0,0,0,1,1,100,100,0.05,-1.3,12090.34,%sSafe,,
6104,22.2,1565.19,106.35,546.55,772,-1.75,-3.19,-9.99,0,0,0,0,0,1,1,100,100,0.05,-1.3,12090.36,%sSafe,,
6105,24.06,1565.19,106.38,546.54,772.01,-1.75,-3.19,-9.99,0,0,0,0,0,1,1,100,100,0.05,-1.3,12090.38,%sSafe,,
6106,23.72,1565.19,106.38,546.54,772.01,-1.73,-3.14,-9.99,0,0,0,0,0,1,1,100,100,0.05,-1.31,12090.41,%sSafe,,
6107,26.94,1565.19,106.36,546.54,772.01,-1.73,-3.14,-9.99,0,0,0,0,0,1,1,100,100,0.05,-1.31,12090.43,%sSafe,,
6108,24.91,1565.19,106.36,546.53,772.09,-1.73,-3.14,-9.99,0,0,0,0,0,1,1,100,100,0.05,-1.31,12090.46,%sSafe,,
6109,25.35,1565.19,106.36,546.53,772.09,-1.73,-3.08,-10,0,0,0,0,0,1,1,100,100,0.05,-1.31,12090.48,%sSafe,,
6110,23.96,1565.2,106.23,546.53,772.09,-1.73,-3.08,-10,0,0,0,0,0,1,1,100,100,0.05,-1.31,12090.51,%sSafe,,
6111,24.81,1565.2,106.23,546.54,772.05,-1.73,-3.08,-10,0,0,0,0,0,1,1,100,100,0.05,-1.31,12090.53,%sSafe,,
6112,24.59,1565.2,106.23,546.54,772.05,-1.71,-3.06,-9.99,0,0,0,0,0,1,1,100,100,0.05,-1.31,12090.56,%sSafe,,
6113,25.45,1565.2,106.23,546.54,772.05,-1.71,-3.06,-9.99,0,0,0,0,0,1,1,100,100,0.05,-1.31,12090.58,%sSafe,,
6114,27.9,1565.25,106.2,546.57,772.05,-1.71,-3.06,-9.99,0,0,0,0,0,1,1,100,100,0.05,-1.31,12090.61,%sSafe,,
6115,27.81,1565.25,106.2,546.57,772.08,-1.71,-3.02,-9.99,0,0,0,0,0,1,1,100,100,0.05,-1.31,12090.64,%sSafe,,
6116,27.69,1565.25,106.2,546.57,772.08,-1.71,-3.02,-10,0,0,0,0,0,1,1,100,100,0.05,-1.31,12090.67,%sSafe,,
6117,24.83,1565.3,106.2,546.57,772.08,-1.71,-3.02,-10,0,0,0,0,0,1,1,100,100,0.04,-1.31,12090.69,%sSafe,,
6118,27.75,1565.3,106.07,546.59,772.06,-1.71,-3.02,-10,0,0,0,0,0,1,1,100,100,0.04,-1.31,12090.72,%sSafe,,
6119,23.24,1565.3,106.07,546.59,772.06,-1.71,-3.11,-10.01,0,0,0,0,0,1,1,100,100,0.04,-1.31,12090.74,%sSafe,,
6120,23.61,1565.26,106.07,546.59,772.06,-1.71,-3.11,-10.01,0,0,0,0,0,1,1,100,100,0.04,-1.31,12090.76,%sSafe,,
6121,24.91,1565.26,106.06,546.61,772.06,-1.71,-3.11,-10.01,0,0,0,0,0,1,1,100,100,0.04,-1.31,12090.79,%sSafe,,
6122,26.49,1565.26,106.06,546.61,772.13,-1.71,-3.08,-10.02,0,0,0,0,0,1,1,100,100,0.04,-1.3,12090.82,%sSafe,,
6123,23.24,1565.27,106.09,546.61,772.13,-1.71,-3.08,-10.02,0,0,0,0,0,1,1,100,100,0.05,-1.3,12090.84,%sSafe,,
6124,24.4,1565.27,106.09,546.62,772.27,-1.71,-3.08,-10.02,0,0,0,0,0,1,1,100,100,0.05,-1.3,12090.86,%sSafe,,
6125,22.23,1565.27,106.09,546.62,772.27,-1.71,-3.01,-10.02,0,0,0,0,0,1,1,100,100,0.05,-1.3,12090.89,%sSafe,,
6126,21.47,1565.27,106.09,546.62,772.27,-1.71,-3.01,-10.03,0,0,0,0,0,1,1,100,100,0.05,-1.3,12090.91,%sSafe,,
6127,22.17,1565.31,106.1,546.62,772.29,-1.71,-3.01,-10.03,0,0,0,0,0,1,1,100,100,0.05,-1.3,12090.93,%sSafe,,
6128,26.29,1565.31,106.1,546.62,772.29,-1.71,-3.01,-10.03,0,0,0,0,0,1,1,100,100,0.05,-1.3,12090.96,%sSafe,,
6129,31.97,1565.26,106.08,546.62,772.29,-1.71,-3.01,-10.03,0,0,0,0,0,1,1,100,100,0.05,-1.3,12090.99,%sSafe,,
6130,24.26,1565.26,106.08,546.57,772.17,-1.71,-3.01,-10.03,0,0,0,0,0,1,1,100,100,0.05,-1.3,12091.01,%sSafe,,
6131,24.65,1565.29,106.03,546.57,772.17,-1.71,-3.04,-10.03,0,0,0,0,0,1,1,100,100,0.05,-1.3,12091.04,%sSafe,,
6132,24.78,1565.29,106.03,546.59,772.21,-1.71,-3.04,-10.03,0,0,0,0,0,1,1,100,100,0.05,-1.3,12091.06,%sSafe,,
6133,25.51,1565.29,106.03,546.59,772.21,-1.71,-2.9,-10.03,0,0,0,0,0,1,1,100,100,0.05,-1.3,12091.09,%sSafe,,
6134,24.01,1565.29,106.03,546.59,772.21,-1.71,-2.9,-10.04,0,0,0,0,0,1,1,100,100,0.05,-1.3,12091.11,%sSafe,,
6135,23.74,1565.36,106.04,546.55,772.22,-1.73,-2.9,-10.04,0,0,0,0,0,1,1,100,100,0.05,-1.3,12091.13,%sSafe,,
6136,24.67,1565.36,106.04,546.55,772.22,-1.73,-2.85,-10.04,0,0,0,0,0,1,1,100,100,0.05,-1.3,12091.16,%sSafe,,
6137,25.54,1565.38,106.05,546.55,772.22,-1.73,-2.85,-10.04,0,0,0,0,0,1,1,100,100,0.05,-1.3,12091.19,%sSafe,,
6138,24.02,1565.38,106.05,546.51,772.22,-1.73,-2.85,-10.04,0,0,0,0,0,1,1,100,100,0.05,-1.3,12091.21,%sSafe,,
6139,24.05,1565.38,106.05,546.51,772.21,-1.72,-2.76,-10.04,0,0,0,0,0,1,1,100,100,0.05,-1.3,12091.23,%sSafe,,
6140,24.61,1565.43,106.04,546.51,772.21,-1.72,-2.76,-10.05,0,0,0,0,0,1,1,100,100,0.05,-1.29,12091.26,%sSafe,,
6141,23.86,1565.43,106.04,546.5,772.23,-1.72,-2.76,-10.05,0,0,0,0,0,1,1,100,100,0.05,-1.29,12091.28,%sSafe,,
6142,25.77,1565.43,106.04,546.5,772.23,-1.74,-2.81,-10.05,0,0,0,0,0,1,1,100,100,0.05,-1.29,12091.31,%sSafe,,
6143,20.16,1565.52,106.04,546.5,772.23,-1.74,-2.81,-10.05,0,0,0,0,0,1,1,100,100,0.05,-1.3,12091.33,%sSafe,,
6144,22.18,1565.52,105.98,546.5,772.23,-1.74,-2.81,-10.05,0,0,0,0,0,1,1,100,100,0.05,-1.3,12091.35,%sSafe,,
6145,20.8,1565.52,105.98,546.51,772.25,-1.74,-2.79,-10.05,0,0,0,0,0,1,1,100,100,0.05,-1.3,12091.37,%sSafe,,
6146,24.61,1565.52,105.98,546.51,772.25,-1.74,-2.79,-10.05,0,0,0,0,0,1,1,100,100,0.05,-1.3,12091.4,%sSafe,,
6147,23.1,1565.56,105.99,546.48,772.25,-1.74,-2.79,-10.05,0,0,0,0,0,1,1,100,100,0.05,-1.3,12091.42,%sSafe,,
6148,28.48,1565.56,105.99,546.48,772.25,-1.74,-2.77,-10.05,0,0,0,0,0,1,1,100,100,0.05,-1.3,12091.45,%sSafe,,
6149,22.75,1565.56,105.99,546.48,772.25,-1.74,-2.77,-10.05,0,0,0,0,0,1,1,100,100,0.05,-1.3,12091.47,%sSafe,,
6150,21.25,1565.67,105.97,546.49,772.21,-1.74,-2.77,-10.05,0,0,0,0,0,1,1,100,100,0.05,-1.3,12091.49,%sSafe,,
6151,24.16,1565.67,105.97,546.49,772.21,-1.73,-2.75,-10.04,0,0,0,0,0,1,1,100,100,0.05,-1.3,12091.51,%sSafe,,
6152,23.55,1565.72,105.97,546.49,772.21,-1.73,-2.75,-10.04,0,0,0,0,0,1,1,100,100,0.05,-1.31,12091.54,%sSafe,,
6153,29.97,1565.72,105.97,546.51,772.16,-1.73,-2.75,-10.04,0,0,0,0,0,1,1,100,100,0.05,-1.31,12091.57,%sSafe,,
6154,25.92,1565.72,105.97,546.51,772.16,-1.73,-2.69,-10.04,0,0,0,0,0,1,1,100,100,0.05,-1.31,12091.59,%sSafe,,
6155,27.8,1565.79,105.92,546.51,772.16,-1.73,-2.69,-10.04,0,0,0,0,0,1,1,100,100,0.05,-1.31,12091.62,%sSafe,,
6156,23.82,1565.79,105.92,546.58,772.15,-1.73,-2.69,-10.04,0,0,0,0,0,1,1,100,100,0.05,-1.31,12091.65,%sSafe,,
6157,22.84,1565.79,105.92,546.58,772.15,-1.74,-2.69,-10.04,0,0,0,0,0,1,1,100,100,0.05,-1.31,12091.67,%sSafe,,
6158,24.28,1565.79,105.92,546.58,772.15,-1.74,-2.63,-10.04,0,0,0,0,0,1,1,100,100,0.05,-1.31,12091.69,%sSafe,,
6159,28.36,1565.85,105.78,546.58,772.15,-1.74,-2.63,-10.04,0,0,0,0,0,1,1,100,100,0.05,-1.31,12091.72,%sSafe,,
6160,22.22,1565.85,105.78,546.66,772.27,-1.74,-2.43,-10.04,0,0,0,0,0,1,1,100,100,0.05,-1.31,12091.74,%sSafe,,
6161,24.39,1565.85,105.78,546.66,772.27,-1.74,-2.43,-10.04,0,0,0,0,0,1,1,100,100,0.05,-1.31,12091.77,%sSafe,,
6162,24.47,1565.82,105.76,546.66,772.27,-1.74,-2.43,-10.04,0,0,0,0,0,1,1,100,100,0.05,-1.31,12091.79,%sSafe,,
6163,25.74,1565.82,105.76,546.7,772.21,-1.74,-2.43,-10.04,0,0,0,0,0,1,1,100,100,0.05,-1.31,12091.82,%sSafe,,
6164,23.18,1565.82,105.76,546.7,772.21,-1.74,-2.45,-10.04,0,0,0,0,0,1,1,100,100,0.05,-1.31,12091.84,%sSafe,,
6165,25.12,1565.83,105.71,546.7,772.21,-1.74,-2.45,-10.04,0,0,0,0,0,1,1,100,100,0.05,-1.31,12091.87,%sSafe,,
6166,23.74,1565.83,105.71,546.77,772.16,-1.74,-2.45,-10.04,0,0,0,0,0,1,1,100,100,0.05,-1.31,12091.89,%sSafe,,
6167,22.25,1565.83,105.71,546.77,772.16,-1.74,-2.46,-10.04,0,0,0,0,0,1,1,100,100,0.05,-1.31,12091.91,%sSafe,,
6168,24.78,1565.77,105.68,546.77,772.16,-1.74,-2.46,-10.04,0,0,0,0,0,1,1,100,100,0.05,-1.31,12091.94,%sSafe,,
6169,22.78,1565.77,105.68,546.78,772.17,-1.75,-2.46,-10.04,0,0,0,0,0,1,1,100,100,0.05,-1.31,12091.96,%sSafe,,
6170,26.37,1565.77,105.68,546.78,772.17,-1.75,-2.41,-10.04,0,0,0,0,0,1,1,100,100,0.05,-1.32,12091.99,%sSafe,,
6171,23.24,1565.75,105.73,546.75,772.18,-1.75,-2.41,-10.04,0,0,0,0,0,1,1,100,100,0.05,-1.32,12092.01,%sSafe,,
6172,24.19,1565.75,105.73,546.75,772.18,-1.75,-2.43,-10.04,0,0,0,0,0,1,1,100,100,0.05,-1.32,12092.03,%sSafe,,
6173,23.76,1565.75,105.73,546.75,772.18,-1.75,-2.43,-10.03,0,0,0,0,0,1,1,100,100,0.05,-1.32,12092.06,%sSafe,,
6174,31.58,1565.67,105.78,546.78,772.18,-1.75,-2.43,-10.03,0,0,0,0,0,1,1,100,100,0.05,-1.32,12092.09,%sSafe,,
6175,26.7,1565.67,105.78,546.78,772.13,-1.74,-2.43,-10.03,0,0,0,0,0,1,1,100,100,0.05,-1.32,12092.12,%sSafe,,
6176,25.19,1565.67,105.78,546.78,772.13,-1.74,-2.45,-10.04,0,0,0,0,0,1,1,100,100,0.05,-1.32,12092.14,%sSafe,,
6177,25.08,1565.68,105.78,546.78,772.13,-1.74,-2.45,-10.04,0,0,0,0,0,1,1,100,100,0.05,-1.32,12092.17,%sSafe,,
6178,24.13,1565.68,105.85,546.84,772.13,-1.74,-2.45,-10.04,0,0,0,0,0,1,1,100,100,0.05,-1.32,12092.19,%sSafe,,
6179,26.41,1565.68,105.85,546.84,772.13,-1.74,-2.39,-10.04,0,0,0,0,0,1,1,100,100,0.05,-1.32,12092.22,%sSafe,,
6180,27.34,1565.68,105.85,546.84,772.13,-1.74,-2.39,-10.04,0,0,0,0,0,1,1,100,100,0.05,-1.32,12092.24,%sSafe,,
6181,25.52,1565.65,105.96,546.84,772.11,-1.74,-2.39,-10.04,0,0,0,0,0,1,1,100,100,0.05,-1.32,12092.27,%sSafe,,
6182,24.17,1565.65,105.96,546.84,772.11,-1.75,-2.38,-10.04,0,0,0,0,0,1,1,100,100,0.05,-1.32,12092.29,%sSafe,,
6183,22.31,1565.61,105.96,546.84,772.11,-1.75,-2.38,-10.04,0,0,0,0,0,1,1,100,100,0.04,-1.32,12092.32,%sSafe,,
6184,23.65,1565.61,106.03,546.84,772.11,-1.75,-2.38,-10.04,0,0,0,0,0,1,1,100,100,0.04,-1.32,12092.34,%sSafe,,
6185,24.85,1565.61,106.03,546.8,772.02,-1.75,-2.38,-10.04,0,0,0,0,0,1,1,100,100,0.04,-1.32,12092.36,%sSafe,,
6186,26.68,1565.61,106.03,546.8,772.02,-1.75,-2.46,-10.04,0,0,0,0,0,1,1,100,100,0.04,-1.32,12092.39,%sSafe,,
6187,25.86,1565.59,106.06,546.75,772.02,-1.75,-2.46,-10.04,0,0,0,0,0,1,1,100,100,0.04,-1.32,12092.42,%sSafe,,
6188,23.34,1565.59,106.06,546.75,772.04,-1.74,-2.44,-10.04,0,0,0,0,0,1,1,100,100,0.04,-1.32,12092.44,%sSafe,,
6189,23.69,1565.59,106.06,546.75,772.04,-1.74,-2.44,-10.04,0,0,0,0,0,1,1,100,100,0.04,-1.32,12092.46,%sSafe,,
6190,26.18,1565.52,106.17,546.75,772.04,-1.74,-2.44,-10.04,0,0,0,0,0,1,1,100,100,0.04,-1.32,12092.49,%sSafe,,
6191,23.12,1565.52,106.17,546.74,772.01,-1.74,-2.43,-10.04,0,0,0,0,0,1,1,100,100,0.04,-1.32,12092.51,%sSafe,,
6192,25.81,1565.52,106.17,546.74,772.01,-1.74,-2.43,-10.04,0,0,0,0,0,1,1,100,100,0.04,-1.32,12092.54,%sSafe,,
6193,24.79,1565.54,106.18,546.7,771.97,-1.74,-2.43,-10.04,0,0,0,0,0,1,1,100,100,0.04,-1.32,12092.56,%sSafe,,
6194,24.83,1565.54,106.18,546.7,771.97,-1.74,-2.43,-10.04,0,0,0,0,0,1,1,100,100,0.04,-1.32,12092.59,%sSafe,,
6195,24.21,1565.48,106.28,546.7,771.97,-1.74,-2.44,-10.04,0,0,0,0,0,1,1,100,100,0.04,-1.33,12092.61,%sSafe,,
6196,27.89,1565.48,106.28,546.66,771.97,-1.74,-2.44,-10.04,0,0,0,0,0,1,1,100,100,0.04,-1.33,12092.64,%sSafe,,
6197,25.47,1565.48,106.28,546.66,772.03,-1.73,-2.58,-10.04,0,0,0,0,0,1,1,100,100,0.04,-1.33,12092.67,%sSafe,,
6198,29.64,1565.48,106.28,546.66,772.03,-1.73,-2.58,-10.03,0,0,0,0,0,1,1,100,100,0.04,-1.33,12092.7,%sSafe,,
6199,27.91,1565.51,106.32,546.65,772.03,-1.73,-2.58,-10.03,0,0,0,0,0,1,1,100,100,0.04,-1.33,12092.72,%sSafe,,
6200,23.93,1565.51,106.32,546.65,772.05,-1.73,-2.58,-10.03,0,0,0,0,0,1,1,100,100,0.04,-1.33,12092.75,%sSafe,,
6201,25.46,1565.51,106.32,546.65,772.05,-1.73,-2.58,-10.03,0,0,0,0,0,1,1,100,100,0.04,-1.33,12092.77,%sSafe,,
6202,25.82,1565.46,106.34,546.65,772.09,-1.74,-2.58,-10.03,0,0,0,0,0,1,1,100,100,0.04,-1.33,12092.8,%sSafe,,
6203,26.99,1565.46,106.34,546.65,772.09,-1.74,-2.65,-10.03,0,0,0,0,0,1,1,100,100,0.04,-1.33,12092.83,%sSafe,,
6204,25.74,1565.46,106.34,546.65,772.09,-1.74,-2.65,-10.04,0,0,0,0,0,1,1,100,100,0.04,-1.33,12092.85,%sSafe,,
6205,21.86,1565.54,106.28,546.65,772.09,-1.74,-2.65,-10.04,0,0,0,0,0,1,1,100,100,0.04,-1.33,12092.87,%sSafe,,
6206,22.77,1565.54,106.28,546.63,772.11,-1.74,-2.65,-10.04,0,0,0,0,0,1,1,100,100,0.04,-1.33,12092.9,%sSafe,,
6207,26.31,1565.54,106.28,546.63,772.11,-1.74,-2.59,-10.04,0,0,0,0,0,1,1,100,100,0.04,-1.33,12092.92,%sSafe,,
6208,23.83,1565.57,106.19,546.63,772.11,-1.74,-2.59,-10.04,0,0,0,0,0,1,1,100,100,0.04,-1.33,12092.95,%sSafe,,
6209,26.68,1565.57,106.19,546.61,772.13,-1.72,-2.59,-10.04,0,0,0,0,0,1,1,100,100,0.04,-1.33,12092.97,%sSafe,,
6210,22.63,1565.57,106.19,546.61,772.13,-1.72,-2.69,-10.03,0,0,0,0,0,1,1,100,100,0.04,-1.33,12093,%sSafe,,
6211,23.4,1565.56,106.19,546.61,772.13,-1.72,-2.69,-10.03,0,0,0,0,0,1,1,100,100,0.04,-1.34,12093.02,%sSafe,,
6212,24.63,1565.56,106.12,546.58,772.22,-1.72,-2.69,-10.03,0,0,0,0,0,1,1,100,100,0.04,-1.34,12093.04,%sSafe,,
6213,23.14,1565.56,106.12,546.58,772.22,-1.72,-2.77,-10.03,0,0,0,0,0,1,1,100,100,0.04,-1.34,12093.07,%sSafe,,
6214,23.04,1565.56,106.05,546.58,772.22,-1.72,-2.77,-10.03,0,0,0,0,0,1,1,100,100,0.04,-1.34,12093.09,%sSafe,,
6215,24.61,1565.56,106.05,546.6,772.25,-1.71,-2.77,-10.03,0,0,0,0,0,1,1,100,100,0.04,-1.34,12093.11,%sSafe,,
6216,22.7,1565.56,106.05,546.6,772.25,-1.71,-2.78,-10.03,0,0,0,0,0,1,1,100,100,0.04,-1.34,12093.14,%sSafe,,
6217,21.15,1565.58,106.05,546.6,772.25,-1.71,-2.78,-10.04,0,0,0,0,0,1,1,100,100,0.04,-1.34,12093.16,%sSafe,,
6218,26.51,1565.58,106.18,546.61,772.24,-1.72,-2.78,-10.04,0,0,0,0,0,1,1,100,100,0.04,-1.34,12093.19,%sSafe,,
6219,20.8,1565.58,106.18,546.61,772.24,-1.72,-2.94,-10.03,0,0,0,0,0,1,1,100,100,0.04,-1.34,12093.21,%sSafe,,
6220,24.7,1565.63,106.18,546.61,772.24,-1.72,-2.94,-10.03,0,0,0,0,0,1,1,100,100,0.04,-1.34,12093.23,%sSafe,,
6221,23.97,1565.63,106.16,546.61,772.24,-1.72,-2.94,-10.03,0,0,0,0,0,1,1,100,100,0.04,-1.34,12093.25,%sSafe,,
6222,26.19,1565.63,106.16,546.61,772.22,-1.71,-2.94,-10.03,0,0,0,0,0,1,1,100,100,0.04,-1.34,12093.28,%sSafe,,
6223,23.14,1565.63,106.16,546.61,772.22,-1.71,-3.08,-10.03,0,0,0,0,0,1,1,100,100,0.05,-1.34,12093.3,%sSafe,,
6224,30.21,1565.71,106.16,546.61,772.22,-1.71,-3.08,-10.03,0,0,0,0,0,1,1,100,100,0.05,-1.34,12093.33,%sSafe,,
6225,21.73,1565.71,106.28,546.59,772.22,-1.71,-3.08,-10.03,0,0,0,0,0,1,1,100,100,0.05,-1.34,12093.36,%sSafe,,
6226,24.23,1565.71,106.28,546.59,772.34,-1.71,-3.08,-10.03,0,0,0,0,0,1,1,100,100,0.05,-1.34,12093.38,%sSafe,,
6227,23.1,1565.71,106.28,546.59,772.34,-1.71,-3.07,-10.03,0,0,0,0,0,1,1,100,100,0.05,-1.34,12093.4,%sSafe,,
6228,24.67,1565.83,106.29,546.59,772.34,-1.71,-3.07,-10.03,0,0,0,0,0,1,1,100,100,0.05,-1.34,12093.43,%sSafe,,
6229,26.15,1565.83,106.29,546.65,772.26,-1.71,-3.07,-10.03,0,0,0,0,0,1,1,100,100,0.05,-1.34,12093.45,%sSafe,,
6230,30.27,1565.83,106.29,546.65,772.26,-1.72,-3.07,-10.03,0,0,0,0,0,1,1,100,100,0.05,-1.34,12093.48,%sSafe,,
6231,27.72,1565.83,106.29,546.65,772.26,-1.72,-3.1,-10.01,0,0,0,0,0,1,1,100,100,0.05,-1.34,12093.51,%sSafe,,
6232,25.66,1565.83,106.29,546.65,772.26,-1.72,-3.1,-10.01,0,0,0,0,0,1,1,100,100,0.05,-1.34,12093.54,%sSafe,,
6233,27.77,1565.83,106.35,546.65,772.26,-1.72,-3.1,-10.01,0,0,0,0,0,1,1,100,100,0.05,-1.34,12093.57,%sSafe,,
6234,33.97,1565.83,106.35,546.69,772.2,-1.72,-3.1,-10.01,0,0,0,0,0,1,1,100,100,0.05,-1.34,12093.6,%sSafe,,
6235,26.69,1565.83,106.35,546.69,772.2,-1.72,-3.11,-10.01,0,0,0,0,0,1,1,100,100,0.05,-1.34,12093.63,%sSafe,,
6236,24.12,1565.83,106.35,546.69,772.2,-1.72,-3.11,-10.02,0,0,0,0,0,1,1,100,100,0.05,-1.34,12093.65,%sSafe,,
6237,33.21,1565.97,106.35,546.69,772.2,-1.72,-3.11,-10.02,0,0,0,0,0,1,1,100,100,0.05,-1.34,12093.68,%sSafe,,
6238,29.76,1565.97,106.35,546.71,772.2,-1.72,-3.11,-10.02,0,0,0,0,0,1,1,100,100,0.05,-1.34,12093.71,%sSafe,,
6239,27.63,1565.97,106.35,546.71,772.22,-1.71,-3.11,-10.02,0,0,0,0,0,1,1,100,100,0.05,-1.34,12093.74,%sSafe,,
6240,63.95,1565.97,106.35,546.71,772.22,-1.71,-3.09,-9.99,0,0,0,0,0,1,1,100,100,0.05,-1.34,12093.8,%sSafe,,
6241,40.36,1565.97,106.35,546.71,772.22,-1.71,-3.09,-9.99,0,0,0,0,0,1,1,100,100,0.05,-1.34,12093.85,%sSafe,,
6242,155.93,1565.97,106.35,546.71,772.22,-1.71,-3.09,-9.99,0,0,0,0,0,1,1,100,100,0.05,-1.34,12094,%sSafe,,
6243,29.58,1565.91,106.43,546.71,772.22,-1.71,-3.09,-9.99,0,0,0,0,0,1,1,100,100,0.05,-1.34,12094.03,%sSafe,,
6244,32.77,1565.91,106.43,546.71,772.22,-1.71,-3.09,-9.99,0,0,0,0,0,1,1,100,100,0.05,-1.34,12094.06,%sSafe,,
6245,29.39,1565.91,106.43,546.71,772.23,-1.72,-3.09,-9.99,0,0,0,0,0,1,1,100,100,0.05,-1.34,12094.09,%sSafe,,
6246,49.68,1565.91,106.43,546.71,772.23,-1.72,-3.16,-9.99,0,0,0,0,0,1,1,100,100,0.05,-1.34,12094.14,%sSafe,,
6247,25.28,1565.91,106.43,546.71,772.23,-1.72,-3.16,-9.99,0,0,0,0,0,1,1,100,100,0.05,-1.34,12094.17,%sSafe,,
6248,76.05,1565.91,106.43,546.71,772.23,-1.72,-3.16,-9.99,0,0,0,0,0,1,1,100,100,0.05,-1.34,12094.24,%sSafe,,
6249,38.55,1565.91,106.43,546.71,772.23,-1.72,-3.16,-9.99,0,0,0,0,0,1,1,100,100,0.05,-1.34,12094.28,%sSafe,,
6250,48.32,1565.92,106.53,546.71,772.23,-1.72,-3.16,-9.99,0,0,0,0,0,1,1,100,100,0.05,-1.34,12094.33,%sSafe,,
6251,45.19,1565.92,106.53,546.72,772.23,-1.72,-3.16,-9.99,0,0,0,0,0,1,1,100,100,0.05,-1.34,12094.38,%sSafe,,
6252,23.79,1565.92,106.53,546.72,772.26,-1.73,-3.16,-9.99,0,0,0,0,0,1,1,100,100,0.05,-1.34,12094.4,%sSafe,,
6253,25.12,1565.92,106.53,546.72,772.26,-1.73,-3.16,-9.99,0,0,0,0,0,1,1,100,100,0.05,-1.34,12094.42,%sSafe,,
6254,37.88,1565.92,106.53,546.72,772.26,-1.73,-3.11,-9.99,0,0,0,0,0,1,1,100,100,0.05,-1.34,12094.46,%sSafe,,
6255,36.06,1565.92,106.53,546.72,772.26,-1.73,-3.11,-9.99,0,0,0,0,0,1,1,100,100,0.05,-1.35,12094.5,%sSafe,,
6256,53.44,1566.04,106.5,546.72,772.26,-1.73,-3.11,-9.99,0,0,0,0,0,1,1,100,100,0.05,-1.35,12094.55,%sSafe,,
6257,66.28,1566.04,106.5,546.77,772.26,-1.73,-3.11,-9.99,0,0,0,0,0,1,1,100,100,0.05,-1.35,12094.62,%sSafe,,
6258,27.55,1566.04,106.5,546.77,772.19,-1.73,-3.11,-9.99,0,0,0,0,0,1,1,100,100,0.05,-1.35,12094.65,%sSafe,,
6259,21.95,1566.04,106.5,546.77,772.19,-1.73,-3.07,-9.99,0,0,0,0,0,1,1,100,100,0.05,-1.35,12094.67,%sSafe,,
6260,26.99,1566.04,106.5,546.77,772.19,-1.73,-3.07,-9.99,0,0,0,0,0,1,1,100,100,0.05,-1.36,12094.7,%sSafe,,
6261,42.71,1566.04,106.5,546.77,772.19,-1.73,-3.07,-9.99,0,0,0,0,0,1,1,100,100,0.05,-1.36,12094.74,%sSafe,,
6262,25,1566.16,106.47,546.77,772.19,-1.73,-3.07,-9.99,0,0,0,0,0,1,1,100,100,0.05,-1.36,12094.76,%sSafe,,
6263,24.65,1566.16,106.47,546.77,772.23,-1.73,-3.07,-9.99,0,0,0,0,0,1,1,100,100,0.05,-1.36,12094.79,%sSafe,,
6264,23.1,1566.16,106.47,546.77,772.23,-1.74,-3.06,-9.99,0,0,0,0,0,1,1,100,100,0.05,-1.36,12094.81,%sSafe,,
6265,29.58,1566.16,106.47,546.77,772.23,-1.74,-3.06,-9.99,0,0,0,0,0,1,1,100,100,0.05,-1.36,12094.84,%sSafe,,
6266,25.15,1566.15,106.47,546.77,772.23,-1.74,-3.06,-9.99,0,0,0,0,0,1,1,100,100,0.05,-1.36,12094.87,%sSafe,,
6267,26.52,1566.15,106.47,546.77,772.23,-1.74,-3.06,-9.99,0,0,0,0,0,1,1,100,100,0.05,-1.36,12094.89,%sSafe,,
6268,24.32,1566.15,106.38,546.85,772.23,-1.74,-3.06,-9.99,0,0,0,0,0,1,1,100,100,0.05,-1.36,12094.92,%sSafe,,
6269,24.16,1566.15,106.38,546.85,772.28,-1.74,-3.06,-9.99,0,0,0,0,0,1,1,100,100,0.05,-1.36,12094.94,%sSafe,,
6270,24.11,1566.15,106.38,546.85,772.28,-1.74,-2.93,-9.99,0,0,0,0,0,1,1,100,100,0.05,-1.36,12094.96,%sSafe,,
6271,31.17,1566.23,106.38,546.85,772.28,-1.74,-2.93,-9.99,0,0,0,0,0,1,1,100,100,0.05,-1.36,12095,%sSafe,,
6272,69.63,1566.23,106.5,546.84,772.32,-1.75,-2.93,-9.99,0,0,0,0,0,1,1,100,100,0.05,-1.36,12095.07,%sSafe,,
6273,25.19,1566.23,106.5,546.84,772.32,-1.75,-2.93,-9.99,0,0,0,0,0,1,1,100,100,0.05,-1.36,12095.09,%sSafe,,
6274,29.4,1566.23,106.5,546.84,772.32,-1.75,-2.88,-9.98,0,0,0,0,0,1,1,100,100,0.05,-1.37,12095.12,%sSafe,,
6275,26.76,1566.29,106.43,546.84,772.32,-1.75,-2.88,-9.98,0,0,0,0,0,1,1,100,100,0.05,-1.37,12095.15,%sSafe,,
6276,44.3,1566.29,106.43,546.89,772.32,-1.75,-2.88,-9.98,0,0,0,0,0,1,1,100,100,0.05,-1.37,12095.19,%sSafe,,
6277,26.45,1566.29,106.43,546.89,772.33,-1.75,-2.88,-9.98,0,0,0,0,0,1,1,100,100,0.05,-1.37,12095.22,%sSafe,,
6278,33.45,1566.29,106.43,546.89,772.33,-1.75,-3.04,-9.99,0,0,0,0,0,1,1,100,100,0.05,-1.37,12095.25,%sSafe,,
6279,30.73,1566.29,106.43,546.89,772.33,-1.75,-3.04,-9.99,0,0,0,0,0,1,1,100,100,0.05,-1.37,12095.28,%sSafe,,
6280,23.71,1566.22,106.4,546.89,772.33,-1.75,-3.04,-9.99,0,0,0,0,0,1,1,100,100,0.05,-1.37,12095.31,%sSafe,,
6281,28.13,1566.22,106.4,546.89,772.32,-1.75,-3.04,-9.99,0,0,0,0,0,1,1,100,100,0.05,-1.37,12095.33,%sSafe,,
6282,24.36,1566.22,106.4,546.89,772.32,-1.75,-3.04,-9.99,0,0,0,0,0,1,1,100,100,0.05,-1.37,12095.36,%sSafe,,
6283,30.39,1566.22,106.4,546.89,772.32,-1.75,-2.89,-10.01,0,0,0,0,0,1,1,100,100,0.05,-1.37,12095.39,%sSafe,,
6284,26.64,1566.3,106.3,546.89,772.32,-1.75,-2.89,-10.01,0,0,0,0,0,1,1,100,100,0.05,-1.37,12095.41,%sSafe,,
6285,24.69,1566.3,106.3,546.95,772.32,-1.75,-2.89,-10.01,0,0,0,0,0,1,1,100,100,0.05,-1.37,12095.44,%sSafe,,
6286,111.99,1566.3,106.3,546.95,772.39,-1.74,-2.89,-10.01,0,0,0,0,0,1,1,100,100,0.05,-1.37,12095.55,%sSafe,,
6287,26.2,1566.3,106.3,546.95,772.39,-1.74,-2.89,-9.99,0,0,0,0,0,1,1,100,100,0.05,-1.37,12095.58,%sSafe,,
6288,147.05,1566.3,106.3,546.95,772.39,-1.74,-2.89,-9.99,0,0,0,0,0,1,1,100,100,0.05,-1.38,12095.72,%sSafe,,
6289,24.67,1566.34,106.3,546.95,772.39,-1.74,-2.89,-9.99,0,0,0,0,0,1,1,100,100,0.05,-1.38,12095.75,%sSafe,,
6290,40.79,1566.34,106.26,546.95,772.39,-1.74,-2.89,-9.99,0,0,0,0,0,1,1,100,100,0.05,-1.38,12095.79,%sSafe,,
6291,29.12,1566.34,106.26,546.95,772.32,-1.74,-2.89,-9.99,0,0,0,0,0,1,1,100,100,0.05,-1.38,12095.82,%sSafe,,
6292,45.31,1566.34,106.26,546.95,772.32,-1.74,-2.89,-9.99,0,0,0,0,0,1,1,100,100,0.05,-1.38,12095.86,%sSafe,,
6293,36.4,1566.34,106.26,546.95,772.32,-1.74,-2.79,-10.01,0,0,0,0,0,1,1,100,100,0.05,-1.38,12095.9,%sSafe,,
6294,36.02,1566.34,106.26,546.95,772.32,-1.74,-2.79,-10.01,0,0,0,0,0,1,1,100,100,0.05,-1.38,12095.94,%sSafe,,
6295,29.14,1566.47,106.26,546.95,772.32,-1.74,-2.79,-10.01,0,0,0,0,0,1,1,100,100,0.05,-1.38,12095.97,%sSafe,,
6296,34.13,1566.47,106.29,546.94,772.32,-1.74,-2.79,-10.01,0,0,0,0,0,1,1,100,100,0.05,-1.38,12096,%sSafe,,
6297,54.62,1566.47,106.29,546.94,772.31,-1.74,-2.79,-10.01,0,0,0,0,0,1,1,100,100,0.05,-1.38,12096.05,%sSafe,,
6298,25.44,1566.47,106.29,546.94,772.31,-1.74,-2.79,-10.01,0,0,0,0,0,1,1,100,100,0.05,-1.38,12096.08,%sSafe,,
6299,36.02,1566.47,106.29,546.94,772.31,-1.74,-2.79,-10.01,0,0,0,0,0,1,1,100,100,0.05,-1.39,12096.12,%sSafe,,
6300,24.98,1566.48,106.29,546.94,772.31,-1.74,-2.79,-10.01,0,0,0,0,0,1,1,100,100,0.05,-1.39,12096.14,%sSafe,,
6301,68.86,1566.48,106.25,546.94,772.31,-1.74,-2.79,-10.01,0,0,0,0,0,1,1,100,100,0.05,-1.39,12096.21,%sSafe,,
6302,26.67,1566.48,106.25,546.91,772.29,-1.74,-2.79,-10.01,0,0,0,0,0,1,1,100,100,0.05,-1.39,12096.24,%sSafe,,
6303,46.14,1566.48,106.25,546.91,772.29,-1.74,-2.79,-10.01,0,0,0,0,0,1,1,100,100,0.05,-1.39,12096.28,%sSafe,,
6304,33.23,1566.48,106.25,546.91,772.29,-1.74,-2.66,-10.02,0,0,0,0,0,1,1,100,100,0.05,-1.39,12096.32,%sSafe,,
6305,25.34,1566.5,106.25,546.91,772.29,-1.74,-2.66,-10.02,0,0,0,0,0,1,1,100,100,0.05,-1.39,12096.34,%sSafe,,
6306,37.77,1566.5,106.26,546.91,772.29,-1.74,-2.66,-10.02,0,0,0,0,0,1,1,100,100,0.05,-1.39,12096.38,%sSafe,,
6307,27.15,1566.5,106.26,546.88,772.34,-1.74,-2.66,-10.02,0,0,0,0,0,1,1,100,100,0.05,-1.39,12096.41,%sSafe,,
6308,53.91,1566.5,106.26,546.88,772.34,-1.74,-2.7,-10.01,0,0,0,0,0,1,1,100,100,0.05,-1.39,12096.46,%sSafe,,
