Logging,,Pressures (psi),,,,,,,Temperatures (K),,,Valves,,,,,,Force (kg),,Sequence,
n,deltaTime,Nitrogen Pressure,Pneumatic Circuit Pressure,Purge Circuit Pressure,Oxidizer Fill Pressure,Oxidizer Tank Pressure,Fuel Tank Pressure,Chamber Pressure 1,Igniter Temperature,Oxidizer Bulkhead Temperature,Fuel Bulkhead Temperature,Nitrogen Purge Valve,Oxidizer Fill Valve,GSE Oxidizer Dump Valve,Tank Oxidizer Dump Valve,Main Oxidizer Valve,Main Fuel Valve,Total Tank Mass,Thrust,System Clock (s),State
1,51.02,1967.87,108.03,544.83,865.99,11.39,13.27,14.83,0,0,0,0,0,0,1,0,0,2.38,0,8724.72,%sSafe
2,31.2,1967.87,108.03,544.83,865.99,11.39,13.27,14.49,0,0,0,0,0,0,1,0,0,2.38,0,8724.76,%sSafe
3,91.12,1967.87,108.03,544.83,865.99,11.39,13.27,14.49,0,0,0,0,0,0,1,0,0,2.38,0,8724.85,%sSafe
4,28.7,1967.59,108.03,544.83,865.99,11.39,13.27,14.49,0,0,0,0,0,0,1,0,0,2.38,0,8724.87,%sSafe
5,79.04,1967.59,107.92,544.83,865.99,11.39,13.27,14.49,0,0,0,0,0,0,1,0,0,2.38,0,8724.95,%sSafe
6,24.27,1967.59,107.92,544.45,865.64,11.41,13.27,14.49,0,0,0,0,0,0,1,0,0,2.38,0,8724.98,%sSafe
7,85.14,1967.59,107.92,544.45,865.64,11.41,13.27,14.49,0,0,0,0,0,0,1,0,0,2.38,0,8725.06,%sSafe
8,26.67,1967.59,107.92,544.45,865.64,11.41,13.16,14.54,0,0,0,0,0,0,1,0,0,2.38,0,8725.09,%sSafe
9,89.33,1967.59,107.92,544.45,865.64,11.41,13.16,14.54,0,0,0,0,0,0,1,0,0,2.38,-0.01,8725.18,%sSafe
10,23.22,1967.62,107.93,544.45,865.64,11.41,13.16,14.54,0,0,0,0,0,0,1,0,0,2.38,-0.01,8725.2,%sSafe
11,95.57,1967.62,107.93,544.52,865.64,11.41,13.16,14.54,0,0,0,0,0,0,1,0,0,2.38,-0.01,8725.3,%sSafe
12,93.38,1967.62,107.93,544.52,865.91,11.54,13.16,14.54,0,0,0,0,0,0,1,0,0,2.38,-0.01,8725.39,%sSafe
13,29.6,1967.62,107.93,544.52,865.91,11.54,12.71,14.54,0,0,0,0,0,0,1,0,0,2.38,-0.01,8725.42,%sSafe
14,83.14,1967.62,107.93,544.52,865.91,11.54,12.71,13.73,0,0,0,0,0,0,1,0,0,2.38,-0.01,8725.5,%sSafe
15,24.65,1967.9,107.93,544.52,865.91,11.54,12.71,13.73,0,0,0,0,0,0,1,0,0,2.38,-0.01,8725.53,%sSafe
16,178.17,1967.9,107.93,544.52,865.91,11.54,12.71,13.73,0,0,0,0,0,0,1,0,0,2.38,-0.01,8725.71,%sSafe
17,30.41,1967.9,107.95,544.52,865.91,11.54,12.71,13.73,0,0,0,0,0,0,1,0,0,2.38,-0.01,8725.74,%sSafe
18,78.89,1967.9,107.95,544.71,865.84,11.54,12.71,13.73,0,0,0,0,0,0,1,0,0,2.38,-0.01,8725.82,%sSafe
19,28.7,1967.9,107.95,544.71,865.84,10.77,12.71,13.73,0,0,0,0,0,0,1,0,0,2.38,-0.01,8725.85,%sSafe
20,87.82,1967.9,107.95,544.71,865.84,10.77,11.8,13.7,0,0,0,0,0,0,1,0,0,2.38,-0.01,8725.93,%sSafe
21,27.12,1967.9,107.95,544.71,865.84,10.77,11.8,13.7,0,0,0,0,0,0,1,0,0,2.38,-0.01,8725.96,%sSafe
22,98.38,1968.03,108.04,544.71,865.84,10.77,11.8,13.7,0,0,0,0,0,0,1,0,0,2.38,-0.01,8726.06,%sSafe
23,27.85,1968.03,108.04,544.92,865.84,10.77,11.8,13.7,0,0,0,0,0,0,1,0,0,2.38,-0.01,8726.09,%sSafe
24,146.09,1968.03,108.04,544.92,866.05,10.77,11.8,13.7,0,0,0,0,0,0,1,0,0,2.38,-0.01,8726.23,%sSafe
25,28.23,1968.03,108.04,544.92,866.05,10.83,11.71,13.7,0,0,0,0,0,0,1,0,0,2.38,-0.01,8726.26,%sSafe
26,29.28,1968.03,108.04,544.92,866.05,10.83,11.71,13.82,0,0,0,0,0,0,1,0,0,2.38,-0.03,8726.29,%sSafe
27,27.29,1968.03,108.04,544.92,866.05,10.83,11.71,13.82,0,0,0,0,0,0,1,0,0,2.38,-0.03,8726.32,%sSafe
28,21.97,1967.97,107.96,544.94,866.36,10.83,11.71,13.82,0,0,0,0,0,0,1,0,0,2.38,-0.03,8726.34,%sSafe
29,28.26,1967.97,107.96,544.94,866.36,11.02,12.03,13.82,0,0,0,0,0,0,1,0,0,2.38,-0.03,8726.37,%sSafe
30,24.61,1967.97,107.96,544.94,866.36,11.02,12.03,14.33,0,0,0,0,0,0,1,0,0,2.38,-0.03,8726.39,%sSafe
31,23.21,1967.52,107.96,544.94,866.36,11.02,12.03,14.33,0,0,0,0,0,0,1,0,0,2.38,-0.03,8726.42,%sSafe
32,24.08,1967.52,107.63,544.86,866.55,11.02,12.03,14.33,0,0,0,0,0,0,1,0,0,2.38,-0.03,8726.44,%sSafe
33,30,1967.52,107.63,544.86,866.55,11.04,11.97,14.33,0,0,0,0,0,0,1,0,0,2.38,-0.03,8726.47,%sSafe
34,26.15,1967.52,107.63,544.86,866.55,11.04,11.97,13.66,0,0,0,0,0,0,1,0,0,2.38,-0.03,8726.5,%sSafe
35,24.62,1967.26,107.51,544.86,866.55,11.04,11.97,13.66,0,0,0,0,0,0,1,0,0,2.38,-0.03,8726.52,%sSafe
36,26.14,1967.26,107.51,544.96,866.55,11.04,11.97,13.66,0,0,0,0,0,0,1,0,0,2.38,-0.03,8726.55,%sSafe
37,27.18,1967.26,107.51,544.96,866.48,10.87,12.02,13.66,0,0,0,0,0,0,1,0,0,2.38,-0.03,8726.57,%sSafe
38,23.75,1967.26,107.51,544.96,866.48,10.87,12.02,14.32,0,0,0,0,0,0,1,0,0,2.38,-0.03,8726.6,%sSafe
39,24.31,1967.09,107.47,544.96,866.48,10.87,12.02,14.32,0,0,0,0,0,0,1,0,0,2.38,-0.03,8726.62,%sSafe
40,27.53,1967.09,107.47,544.95,866.54,11.64,12.02,14.32,0,0,0,0,0,0,1,0,0,2.38,-0.03,8726.65,%sSafe
41,30.14,1967.09,107.47,544.95,866.54,11.64,12.02,14.32,0,0,0,0,0,0,1,0,0,2.38,-0.03,8726.68,%sSafe
42,29.26,1967.09,107.47,544.95,866.54,11.64,12.11,14.25,0,0,0,0,0,0,1,0,0,2.38,-0.01,8726.71,%sSafe
43,29.75,1967.01,107.44,544.95,866.54,11.64,12.11,14.25,0,0,0,0,0,0,1,0,0,2.38,-0.01,8726.74,%sSafe
44,28.99,1967.01,107.44,544.92,866.45,11.64,12.11,14.25,0,0,0,0,0,0,1,0,0,2.38,-0.01,8726.77,%sSafe
45,25.7,1967.01,107.44,544.92,866.45,11.32,12.28,14.25,0,0,0,0,0,0,1,0,0,2.38,-0.01,8726.79,%sSafe
46,27.52,1967.01,107.44,544.92,866.45,11.32,12.28,14.94,0,0,0,0,0,0,1,0,0,2.38,-0.01,8726.82,%sSafe
47,24.22,1967.17,107.66,545.19,866.45,11.32,12.28,14.94,0,0,0,0,0,0,1,0,0,2.38,-0.01,8726.84,%sSafe
48,23.84,1967.17,107.66,545.19,866.64,11.63,12.28,14.94,0,0,0,0,0,0,1,0,0,2.38,-0.01,8726.87,%sSafe
49,29.72,1967.17,107.66,545.19,866.64,11.63,12.28,14.94,0,0,0,0,0,0,1,0,0,2.38,-0.01,8726.9,%sSafe
50,26.81,1967.51,107.66,545.19,866.64,11.63,12.01,14.92,0,0,0,0,0,0,1,0,0,2.38,0,8726.92,%sSafe
51,33.75,1967.51,107.46,545.19,866.64,11.63,12.01,14.92,0,0,0,0,0,0,1,0,0,2.38,0,8726.96,%sSafe
52,29.74,1967.51,107.46,545.1,866.62,11.63,12.01,14.92,0,0,0,0,0,0,1,0,0,2.38,0,8726.99,%sSafe
53,28.78,1967.51,107.46,545.1,866.62,11.53,12.02,14.83,0,0,0,0,0,0,1,0,0,2.38,0,8727.02,%sSafe
54,24.59,1967.51,107.46,545.1,866.62,11.53,12.02,14.83,0,0,0,0,0,0,1,0,0,2.38,0,8727.04,%sSafe
55,26.43,1967.51,107.48,545.21,866.62,11.53,12.02,14.83,0,0,0,0,0,0,1,0,0,2.38,0,8727.07,%sSafe
56,24.64,1967.51,107.48,545.21,866.48,11.53,12.02,14.83,0,0,0,0,0,0,1,0,0,2.38,0,8727.09,%sSafe
57,27.92,1967.51,107.48,545.21,866.48,11.02,11.58,14.94,0,0,0,0,0,0,1,0,0,2.38,0,8727.12,%sSafe
58,25.15,1966.67,107.48,545.21,866.48,11.02,11.58,14.94,0,0,0,0,0,0,1,0,0,2.37,-0.01,8727.15,%sSafe
59,30.42,1966.67,107.17,545.05,866.48,11.02,11.58,14.94,0,0,0,0,0,0,1,0,0,2.37,-0.01,8727.18,%sSafe
60,29.01,1966.67,107.17,545.05,866.61,11.02,11.58,14.94,0,0,0,0,0,0,1,0,0,2.37,-0.01,8727.21,%sSafe
61,23.04,1966.67,107.17,545.05,866.61,11.67,12.16,15.3,0,0,0,0,0,0,1,0,0,2.37,-0.01,8727.23,%sSafe
62,29.93,1965.79,106.81,545.05,866.61,11.67,12.16,15.3,0,0,0,0,0,0,1,0,0,2.37,-0.01,8727.26,%sSafe
63,28.1,1965.79,106.81,544.99,866.61,11.67,12.16,15.3,0,0,0,0,0,0,1,0,0,2.37,-0.01,8727.29,%sSafe
64,22.63,1965.79,106.81,544.99,866.69,12.44,12.67,15.1,0,0,0,0,0,0,1,0,0,2.37,-0.01,8727.31,%sSafe
65,28.2,1965.79,106.81,544.99,866.69,12.44,12.67,15.1,0,0,0,0,0,0,1,0,0,2.37,-0.01,8727.34,%sSafe
66,31.23,1966.71,107.07,545.23,866.69,12.44,12.67,15.1,0,0,0,0,0,0,1,0,0,2.37,-0.01,8727.37,%sSafe
67,27.5,1966.71,107.07,545.23,866.51,11.58,12.67,15.1,0,0,0,0,0,0,1,0,0,2.37,-0.01,8727.4,%sSafe
68,24.76,1966.71,107.07,545.23,866.51,11.58,11.84,14.46,0,0,0,0,0,0,1,0,0,2.37,-0.01,8727.42,%sSafe
69,26.17,1966.71,107.07,545.23,866.51,11.58,11.84,14.46,0,0,0,0,0,0,1,0,0,2.37,0,8727.45,%sSafe
70,25.45,1966.93,107.26,545.38,866.51,11.58,11.84,14.46,0,0,0,0,0,0,1,0,0,2.37,0,8727.47,%sSafe
71,28.26,1966.93,107.26,545.38,866.42,11.53,11.78,14.46,0,0,0,0,0,0,1,0,0,2.37,0,8727.5,%sSafe
72,25.15,1966.93,107.26,545.38,866.42,11.53,11.78,14.41,0,0,0,0,0,0,1,0,0,2.37,0,8727.53,%sSafe
73,22.72,1966.93,107.26,545.38,866.42,11.53,11.78,14.41,0,0,0,0,0,0,1,0,0,2.37,0,8727.55,%sSafe
74,28.73,1967.09,107.32,545.45,866.52,11.53,11.78,14.41,0,0,0,0,0,0,1,0,0,2.37,0,8727.58,%sSafe
75,23.5,1967.09,107.32,545.45,866.52,11.62,11.27,14.41,0,0,0,0,0,0,1,0,0,2.37,0,8727.6,%sSafe
76,26.12,1967.09,107.32,545.45,866.52,11.62,11.27,13.36,0,0,0,0,0,0,1,0,0,2.37,0,8727.63,%sSafe
77,24.72,1968,107.61,545.53,866.52,11.62,11.27,13.36,0,0,0,0,0,0,1,0,0,2.37,0,8727.65,%sSafe
78,26.86,1968,107.61,545.53,866.42,11.62,11.27,13.36,0,0,0,0,0,0,1,0,0,2.37,0,8727.68,%sSafe
79,28.71,1968,107.61,545.53,866.42,10.86,11.27,13.36,0,0,0,0,0,0,1,0,0,2.37,0,8727.71,%sSafe
80,24.79,1968,107.61,545.53,866.42,10.86,11.09,13.37,0,0,0,0,0,0,1,0,0,2.37,-0.01,8727.73,%sSafe
81,27.64,1968.06,107.75,545.53,866.42,10.86,11.09,13.37,0,0,0,0,0,0,1,0,0,2.37,-0.01,8727.76,%sSafe
82,21.02,1968.06,107.75,545.76,866.42,10.86,11.09,13.37,0,0,0,0,0,0,1,0,0,2.37,-0.01,8727.78,%sSafe
83,25.06,1968.06,107.75,545.76,866.61,10.56,11.09,13.37,0,0,0,0,0,0,1,0,0,2.37,-0.01,8727.81,%sSafe
84,26.76,1968.06,107.75,545.76,866.61,10.56,10.27,12.67,0,0,0,0,0,0,1,0,0,2.37,-0.01,8727.83,%sSafe
85,27.29,1968.38,107.75,545.76,866.61,10.56,10.27,12.67,0,0,0,0,0,0,1,0,0,2.37,-0.01,8727.86,%sSafe
86,26.13,1968.38,107.73,545.76,866.61,10.56,10.27,12.67,0,0,0,0,0,0,1,0,0,2.37,-0.01,8727.89,%sSafe
87,26.7,1968.38,107.73,545.76,866.5,9.98,10.35,12.67,0,0,0,0,0,0,1,0,0,2.37,-0.01,8727.91,%sSafe
88,25.58,1968.38,107.73,545.76,866.5,9.98,10.35,12.85,0,0,0,0,0,0,1,0,0,2.37,-0.02,8727.94,%sSafe
89,33.48,1968.47,107.73,545.76,866.5,9.98,10.35,12.85,0,0,0,0,0,0,1,0,0,2.37,-0.02,8727.97,%sSafe
90,29.71,1968.47,107.88,545.93,866.5,9.98,10.35,12.85,0,0,0,0,0,0,1,0,0,2.37,-0.02,8728,%sSafe
91,30.64,1968.47,107.88,545.93,866.66,10.02,10.34,12.85,0,0,0,0,0,0,1,0,0,2.37,-0.02,8728.03,%sSafe
92,29.45,1968.47,107.88,545.93,866.66,10.02,10.34,12.84,0,0,0,0,0,0,1,0,0,2.37,-0.01,8728.06,%sSafe
93,26.11,1968.78,107.88,545.93,866.66,10.02,10.34,12.84,0,0,0,0,0,0,1,0,0,2.37,-0.01,8728.09,%sSafe
94,27.84,1968.78,107.87,545.77,866.66,10.02,10.34,12.84,0,0,0,0,0,0,1,0,0,2.37,-0.01,8728.12,%sSafe
95,27.57,1968.78,107.87,545.77,866.51,9.62,10.34,12.84,0,0,0,0,0,0,1,0,0,2.37,-0.01,8728.14,%sSafe
96,26.34,1968.78,107.87,545.77,866.51,9.62,9.95,12.84,0,0,0,0,0,0,1,0,0,2.37,-0.01,8728.17,%sSafe
97,26.22,1968.78,107.87,545.77,866.51,9.62,9.95,13.09,0,0,0,0,0,0,1,0,0,2.37,-0.01,8728.2,%sSafe
98,26.31,1968.67,107.84,545.77,866.51,9.62,9.95,13.09,0,0,0,0,0,0,1,0,0,2.37,0.01,8728.22,%sSafe
99,28.4,1968.67,107.84,545.78,866.4,9.62,9.95,13.09,0,0,0,0,0,0,1,0,0,2.37,0.01,8728.25,%sSafe
100,28.32,1968.67,107.84,545.78,866.4,9.62,9.95,13.09,0,0,0,0,0,0,1,0,0,2.37,0.01,8728.28,%sSafe
101,23.16,1968.67,107.84,545.78,866.4,9.17,10.14,13.51,0,0,0,0,0,0,1,0,0,2.37,0.01,8728.3,%sSafe
102,26.74,1968.67,107.84,545.78,866.4,9.17,10.14,13.51,0,0,0,0,0,0,1,0,0,2.38,0.03,8728.33,%sSafe
103,28.39,1968.67,107.84,545.78,866.4,9.17,10.14,13.51,0,0,0,0,0,0,1,0,0,2.38,0.03,8728.36,%sSafe
104,25.64,1968.89,107.72,545.54,866.07,9.17,10.14,13.51,0,0,0,0,0,0,1,0,0,2.38,0.03,8728.38,%sSafe
105,27.44,1968.89,107.72,545.54,866.07,8.32,9.73,13.51,0,0,0,0,0,0,1,0,0,2.38,0.03,8728.41,%sSafe
106,22.86,1968.89,107.72,545.54,866.07,8.32,9.73,14.16,0,0,0,0,0,0,1,0,0,2.38,0.02,8728.43,%sSafe
107,26.22,1968.89,107.72,545.54,866.07,8.32,9.73,14.16,0,0,0,0,0,0,1,0,0,2.38,0.02,8728.46,%sSafe
108,25.27,1968.14,107.41,545.32,865.96,8.32,9.73,14.16,0,0,0,0,0,0,1,0,0,2.38,0.02,8728.48,%sSafe
109,38.29,1968.14,107.41,545.32,865.96,8.37,9.73,14.16,0,0,0,0,0,0,1,0,0,2.38,0.02,8728.52,%sSafe
110,27.66,1968.14,107.41,545.32,865.96,8.37,10.28,14.91,0,0,0,0,0,0,1,0,0,2.38,0.02,8728.55,%sSafe
111,28.16,1968.14,107.41,545.32,865.96,8.37,10.28,14.91,0,0,0,0,0,0,1,0,0,2.38,0.02,8728.58,%sSafe
112,25.17,1967.74,107.41,545.32,865.96,8.37,10.28,14.91,0,0,0,0,0,0,1,0,0,2.38,0.02,8728.6,%sSafe
113,24.81,1967.74,107.3,545.14,865.94,9.05,10.28,14.91,0,0,0,0,0,0,1,0,0,2.38,0.02,8728.63,%sSafe
114,24.65,1967.74,107.3,545.14,865.94,9.05,11.18,15.64,0,0,0,0,0,0,1,0,0,2.38,0.02,8728.65,%sSafe
115,27.1,1967.74,107.3,545.14,865.94,9.05,11.18,15.64,0,0,0,0,0,0,1,0,0,2.38,0.02,8728.68,%sSafe
116,28.09,1967.27,107.2,545.06,865.94,9.05,11.18,15.64,0,0,0,0,0,0,1,0,0,2.38,0.02,8728.71,%sSafe
117,30.26,1967.27,107.2,545.06,866.02,9.05,11.18,15.64,0,0,0,0,0,0,1,0,0,2.38,0.02,8728.74,%sSafe
118,26.4,1967.27,107.2,545.06,866.02,9.45,11.26,15.64,0,0,0,0,0,0,1,0,0,2.38,0.02,8728.76,%sSafe
119,26.7,1967.27,107.2,545.06,866.02,9.45,11.26,15.48,0,0,0,0,0,0,1,0,0,2.38,0.02,8728.79,%sSafe
120,30.2,1967.27,107.2,545.06,866.02,9.45,11.26,15.48,0,0,0,0,0,0,1,0,0,2.38,0.02,8728.82,%sSafe
121,25.23,1966.9,107.05,544.78,866.02,9.45,11.26,15.48,0,0,0,0,0,0,1,0,0,2.38,0.02,8728.85,%sSafe
122,31.96,1966.9,107.05,544.78,865.76,9.45,11.26,15.48,0,0,0,0,0,0,1,0,0,2.38,0.02,8728.88,%sSafe
123,25.25,1966.9,107.05,544.78,865.76,9.22,11.17,15.48,0,0,0,0,0,0,1,0,0,2.38,0.02,8728.9,%sSafe
124,25.66,1967.34,107.05,544.78,865.76,9.22,11.17,15.5,0,0,0,0,0,0,1,0,0,2.39,0.04,8728.93,%sSafe
125,31.18,1967.34,106.87,544.6,865.76,9.22,11.17,15.5,0,0,0,0,0,0,1,0,0,2.39,0.04,8728.96,%sSafe
126,28.58,1967.34,106.87,544.6,865.58,9.12,11.17,15.5,0,0,0,0,0,0,1,0,0,2.39,0.04,8728.99,%sSafe
127,30.7,1967.34,106.87,544.6,865.58,9.12,11.68,15.5,0,0,0,0,0,0,1,0,0,2.39,0.04,8729.02,%sSafe
128,29.71,1967.34,106.87,544.6,865.58,9.12,11.68,16.24,0,0,0,0,0,0,1,0,0,2.39,0.04,8729.05,%sSafe
129,28.68,1967.7,106.87,544.6,865.58,9.12,11.68,16.24,0,0,0,0,0,0,1,0,0,2.39,0.04,8729.08,%sSafe
130,29.64,1967.7,107,544.6,865.58,9.12,11.68,16.24,0,0,0,0,0,0,1,0,0,2.39,0.04,8729.11,%sSafe
131,34.73,1967.7,107,544.51,865.43,9.12,11.68,16.24,0,0,0,0,0,0,1,0,0,2.39,0.04,8729.14,%sSafe
132,31.25,1967.7,107,544.51,865.43,8.95,11.51,16.06,0,0,0,0,0,0,1,0,0,2.39,0.04,8729.17,%sSafe
133,29.73,1967.7,107,544.51,865.43,8.95,11.51,16.06,0,0,0,0,0,0,1,0,0,2.39,0.04,8729.2,%sSafe
134,27.75,1967.7,107,544.51,865.43,8.95,11.51,16.06,0,0,0,0,0,0,1,0,0,2.39,0.04,8729.23,%sSafe
135,24.74,1967.95,107.05,544.51,865.43,8.95,11.51,16.06,0,0,0,0,0,0,1,0,0,2.39,0.04,8729.26,%sSafe
136,30.7,1967.95,107.05,544.52,865.43,8.95,11.51,16.06,0,0,0,0,0,0,1,0,0,2.39,0.04,8729.29,%sSafe
137,26.6,1967.95,107.05,544.52,865.35,8.95,11.51,16.06,0,0,0,0,0,0,1,0,0,2.39,0.04,8729.31,%sSafe
138,25.34,1967.95,107.05,544.52,865.35,8.99,11.6,16.1,0,0,0,0,0,0,1,0,0,2.39,0.04,8729.34,%sSafe
139,29.28,1967.95,107.05,544.52,865.35,8.99,11.6,16.1,0,0,0,0,0,0,1,0,0,2.39,0.02,8729.37,%sSafe
140,35.26,1967.95,107.05,544.52,865.35,8.99,11.6,16.1,0,0,0,0,0,0,1,0,0,2.39,0.02,8729.4,%sSafe
141,37.24,1967.92,107.33,544.52,865.35,8.99,11.6,16.1,0,0,0,0,0,0,1,0,0,2.39,0.02,8729.44,%sSafe
142,32.31,1967.92,107.33,544.72,865.35,8.99,11.6,16.1,0,0,0,0,0,0,1,0,0,2.39,0.02,8729.47,%sSafe
143,33.62,1967.92,107.33,544.72,865.41,8.99,11.6,16.1,0,0,0,0,0,0,1,0,0,2.39,0.02,8729.51,%sSafe
144,39.64,1967.92,107.33,544.72,865.41,9.08,11.67,16.1,0,0,0,0,0,0,1,0,0,2.39,0.02,8729.55,%sSafe
145,29.71,1967.92,107.33,544.72,865.41,9.08,11.67,15.61,0,0,0,0,0,0,1,0,0,2.39,0.02,8729.58,%sSafe
146,31.96,1967.92,107.33,544.72,865.41,9.08,11.67,15.61,0,0,0,0,0,0,1,0,0,2.39,0.01,8729.61,%sSafe
147,36.33,1968.25,107.33,544.72,865.41,9.08,11.67,15.61,0,0,0,0,0,0,1,0,0,2.39,0.01,8729.64,%sSafe
148,35.29,1968.25,107.66,544.72,865.41,9.08,11.67,15.61,0,0,0,0,0,0,1,0,0,2.39,0.01,8729.68,%sSafe
149,38.51,1968.25,107.66,544.95,865.41,9.08,11.67,15.61,0,0,0,0,0,0,1,0,0,2.39,0.01,8729.72,%sSafe
150,26.65,1968.25,107.66,544.95,865.5,8.97,11.67,15.61,0,0,0,0,0,0,1,0,0,2.39,0.01,8729.74,%sSafe
151,36.96,1968.25,107.66,544.95,865.5,8.97,11.06,15.61,0,0,0,0,0,0,1,0,0,2.39,0.01,8729.78,%sSafe
152,31.71,1968.25,107.66,544.95,865.5,8.97,11.06,15.08,0,0,0,0,0,0,1,0,0,2.39,0.01,8729.81,%sSafe
153,29.66,1968.25,107.66,544.95,865.5,8.97,11.06,15.08,0,0,0,0,0,0,1,0,0,2.39,0,8729.84,%sSafe
154,26.3,1968.48,107.72,544.95,865.5,8.97,11.06,15.08,0,0,0,0,0,0,1,0,0,2.39,0,8729.87,%sSafe
155,29.8,1968.48,107.72,544.99,865.5,8.97,11.06,15.08,0,0,0,0,0,0,1,0,0,2.39,0,8729.9,%sSafe
156,29.4,1968.48,107.72,544.99,865.56,9.05,11.06,15.08,0,0,0,0,0,0,1,0,0,2.39,0,8729.93,%sSafe
157,38.27,1968.48,107.72,544.99,865.56,9.05,11.06,15.08,0,0,0,0,0,0,1,0,0,2.39,0,8729.97,%sSafe
158,23.27,1968.48,107.72,544.99,865.56,9.05,11.35,14.88,0,0,0,0,0,0,1,0,0,2.39,0,8729.99,%sSafe
159,24.91,1968.48,107.72,544.99,865.56,9.05,11.35,14.88,0,0,0,0,0,0,1,0,0,2.39,0,8730.02,%sSafe
160,29.7,1968.48,107.72,544.99,865.56,9.05,11.35,14.88,0,0,0,0,0,0,1,0,0,2.38,0,8730.04,%sSafe
161,31.09,1968.41,107.72,544.99,865.56,9.05,11.35,14.88,0,0,0,0,0,0,1,0,0,2.38,0,8730.08,%sSafe
162,30.57,1968.41,108.04,545.15,865.56,9.05,11.35,14.88,0,0,0,0,0,0,1,0,0,2.38,0,8730.11,%sSafe
163,28.61,1968.41,108.04,545.15,865.56,9.09,11.35,14.88,0,0,0,0,0,0,1,0,0,2.38,0,8730.14,%sSafe
164,31.29,1968.41,108.04,545.15,865.56,9.09,10.94,14.88,0,0,0,0,0,0,1,0,0,2.38,0,8730.17,%sSafe
165,26.63,1968.41,108.04,545.15,865.56,9.09,10.94,14.55,0,0,0,0,0,0,1,0,0,2.38,0.02,8730.19,%sSafe
166,28.79,1968.41,108.04,545.15,865.56,9.09,10.94,14.55,0,0,0,0,0,0,1,0,0,2.38,0.02,8730.22,%sSafe
167,31.68,1968.57,108.04,545.15,865.56,9.09,10.94,14.55,0,0,0,0,0,0,1,0,0,2.38,0.02,8730.25,%sSafe
168,26.37,1968.57,108.04,545.16,865.52,9.09,10.94,14.55,0,0,0,0,0,0,1,0,0,2.38,0.02,8730.28,%sSafe
169,25.13,1968.57,108.04,545.16,865.52,9.09,10.94,14.55,0,0,0,0,0,0,1,0,0,2.38,0.02,8730.31,%sSafe
170,27.49,1968.57,108.04,545.16,865.52,8.91,10.57,14.55,0,0,0,0,0,0,1,0,0,2.38,0.02,8730.33,%sSafe
171,22.09,1968.57,108.04,545.16,865.52,8.91,10.57,14.31,0,0,0,0,0,0,1,0,0,2.38,0.02,8730.35,%sSafe
172,21.17,1968.57,108.04,545.16,865.52,8.91,10.57,14.31,0,0,0,0,0,0,1,0,0,2.39,0.02,8730.38,%sSafe
173,28.63,1968.8,107.96,545.16,865.52,8.91,10.57,14.31,0,0,0,0,0,0,1,0,0,2.39,0.02,8730.4,%sSafe
174,34.15,1968.8,107.96,545.02,865.38,8.43,10.57,14.31,0,0,0,0,0,0,1,0,0,2.39,0.02,8730.44,%sSafe
175,35.16,1968.8,107.96,545.02,865.38,8.43,10.74,14.31,0,0,0,0,0,0,1,0,0,2.39,0.02,8730.47,%sSafe
176,23.26,1968.8,107.96,545.02,865.38,8.43,10.74,15.22,0,0,0,0,0,0,1,0,0,2.39,0.02,8730.5,%sSafe
177,23.62,1968.8,107.96,545.02,865.38,8.43,10.74,15.22,0,0,0,0,0,0,1,0,0,2.38,0.02,8730.52,%sSafe
178,40.18,1968.43,107.96,545.02,865.38,8.43,10.74,15.22,0,0,0,0,0,0,1,0,0,2.38,0.02,8730.56,%sSafe
179,36.16,1968.43,108.09,545.31,865.38,8.43,10.74,15.22,0,0,0,0,0,0,1,0,0,2.38,0.02,8730.6,%sSafe
180,31.58,1968.43,108.09,545.31,865.57,8.43,10.74,15.22,0,0,0,0,0,0,1,0,0,2.38,0.02,8730.63,%sSafe
181,26.62,1968.43,108.09,545.31,865.57,8.58,10.94,15.22,0,0,0,0,0,0,1,0,0,2.38,0.02,8730.66,%sSafe
182,29.65,1968.43,108.09,545.31,865.57,8.58,10.94,15.28,0,0,0,0,0,0,1,0,0,2.38,0.02,8730.68,%sSafe
183,26.65,1968.14,108.09,545.31,865.57,8.58,10.94,15.28,0,0,0,0,0,0,1,0,0,2.38,0.02,8730.71,%sSafe
184,32.59,1968.14,108.15,545.32,865.57,8.58,10.94,15.28,0,0,0,0,0,0,1,0,0,2.38,0.02,8730.74,%sSafe
185,34.16,1968.14,108.15,545.32,865.62,8.58,10.94,15.28,0,0,0,0,0,0,1,0,0,2.38,0.02,8730.78,%sSafe
186,23.78,1968.14,108.15,545.32,865.62,8.54,10.94,15.28,0,0,0,0,0,0,1,0,0,2.38,0.02,8730.8,%sSafe
187,25.11,1968.14,108.15,545.32,865.62,8.54,10.68,15.14,0,0,0,0,0,0,1,0,0,2.38,0.03,8730.83,%sSafe
188,30.5,1968.14,108.15,545.32,865.62,8.54,10.68,15.14,0,0,0,0,0,0,1,0,0,2.38,0.03,8730.86,%sSafe
189,49.21,1967.49,108.15,545.32,865.62,8.54,10.68,15.14,0,0,0,0,0,0,1,0,0,2.38,0.03,8730.91,%sSafe
190,30.29,1967.49,107.82,545.16,865.62,8.54,10.68,15.14,0,0,0,0,0,0,1,0,0,2.38,0.03,8730.94,%sSafe
191,56.13,1967.49,107.82,545.16,865.67,8.54,10.68,15.14,0,0,0,0,0,0,1,0,0,2.38,0.03,8730.99,%sSafe
192,25.67,1967.49,107.82,545.16,865.67,9.27,11.42,15.14,0,0,0,0,0,0,1,0,0,2.38,0.03,8731.02,%sSafe
193,30.89,1967.49,107.82,545.16,865.67,9.27,11.42,15.68,0,0,0,0,0,0,1,0,0,2.38,0.03,8731.05,%sSafe
194,23.99,1967.49,107.82,545.16,865.67,9.27,11.42,15.68,0,0,0,0,0,0,1,0,0,2.38,0.05,8731.07,%sSafe
195,29.23,1966.79,107.51,545.16,865.67,9.27,11.42,15.68,0,0,0,0,0,0,1,0,0,2.38,0.05,8731.1,%sSafe
196,36.11,1966.79,107.51,544.98,865.63,9.74,11.42,15.68,0,0,0,0,0,0,1,0,0,2.38,0.05,8731.14,%sSafe
197,25.54,1966.79,107.51,544.98,865.63,9.74,12.19,15.68,0,0,0,0,0,0,1,0,0,2.38,0.05,8731.16,%sSafe
198,57.28,1966.79,107.51,544.98,865.63,9.74,12.19,16.39,0,0,0,0,0,0,1,0,0,2.38,0.05,8731.22,%sSafe
199,24.07,1966.63,107.51,544.98,865.63,9.74,12.19,16.39,0,0,0,0,0,0,1,0,0,2.38,0.05,8731.25,%sSafe
200,35.29,1966.63,107.32,544.98,865.63,9.74,12.19,16.39,0,0,0,0,0,0,1,0,0,2.38,0.05,8731.28,%sSafe
201,29.76,1966.63,107.32,544.84,865.63,9.74,12.19,16.39,0,0,0,0,0,0,1,0,0,2.38,0.05,8731.31,%sSafe
202,23.78,1966.63,107.32,544.84,865.75,9.74,12.19,16.39,0,0,0,0,0,0,1,0,0,2.38,0.05,8731.33,%sSafe
203,22.86,1966.63,107.32,544.84,865.75,10.33,12.23,16.39,0,0,0,0,0,0,1,0,0,2.38,0.05,8731.36,%sSafe
204,27.92,1967.21,107.32,544.84,865.75,10.33,12.23,16.39,0,0,0,0,0,0,1,0,0,2.39,0.05,8731.39,%sSafe
205,29.59,1967.21,107.32,544.78,865.75,10.33,12.23,16.39,0,0,0,0,0,0,1,0,0,2.39,0.05,8731.42,%sSafe
206,36.35,1967.21,107.32,544.78,865.71,10.2,12.23,16.39,0,0,0,0,0,0,1,0,0,2.39,0.05,8731.45,%sSafe
207,24.82,1967.21,107.32,544.78,865.71,10.2,12.11,16.39,0,0,0,0,0,0,1,0,0,2.39,0.05,8731.48,%sSafe
208,32.1,1967.21,107.32,544.78,865.71,10.2,12.11,16.17,0,0,0,0,0,0,1,0,0,2.39,0.05,8731.51,%sSafe
209,29.63,1967.21,107.32,544.78,865.71,10.2,12.11,16.17,0,0,0,0,0,0,1,0,0,2.38,0.06,8731.54,%sSafe
210,29.15,1966.68,107.26,544.78,865.71,10.2,12.11,16.17,0,0,0,0,0,0,1,0,0,2.38,0.06,8731.57,%sSafe
211,22.69,1966.68,107.26,544.74,865.71,10.2,12.11,16.17,0,0,0,0,0,0,1,0,0,2.38,0.06,8731.59,%sSafe
212,29.77,1966.68,107.26,544.74,865.68,10.38,12.11,16.17,0,0,0,0,0,0,1,0,0,2.38,0.06,8731.62,%sSafe
213,26.06,1966.68,107.26,544.74,865.68,10.38,11.98,16.07,0,0,0,0,0,0,1,0,0,2.38,0.06,8731.65,%sSafe
214,21.2,1966.68,107.26,544.74,865.68,10.38,11.98,16.07,0,0,0,0,0,0,1,0,0,2.38,0.07,8731.67,%sSafe
215,22.5,1966.58,107.26,544.74,865.68,10.38,11.98,16.07,0,0,0,0,0,0,1,0,0,2.38,0.07,8731.69,%sSafe
216,28.08,1966.58,107.04,544.56,865.65,10.38,11.98,16.07,0,0,0,0,0,0,1,0,0,2.38,0.07,8731.72,%sSafe
217,27.3,1966.58,107.04,544.56,865.65,10.55,12.64,16.07,0,0,0,0,0,0,1,0,0,2.38,0.07,8731.74,%sSafe
218,23.53,1966.58,107.04,544.56,865.65,10.55,12.64,16.44,0,0,0,0,0,0,1,0,0,2.38,0.07,8731.77,%sSafe
219,25.14,1966.58,107.04,544.56,865.65,10.55,12.64,16.44,0,0,0,0,0,0,1,0,0,2.39,0.07,8731.79,%sSafe
220,26.59,1966.54,107.02,544.58,865.66,10.55,12.64,16.44,0,0,0,0,0,0,1,0,0,2.39,0.07,8731.82,%sSafe
221,28.62,1966.54,107.02,544.58,865.66,10.34,12.4,16.44,0,0,0,0,0,0,1,0,0,2.39,0.07,8731.85,%sSafe
222,28.15,1966.54,107.02,544.58,865.66,10.34,12.4,16.23,0,0,0,0,0,0,1,0,0,2.39,0.07,8731.88,%sSafe
223,24.2,1966.44,106.99,544.6,865.66,10.34,12.4,16.23,0,0,0,0,0,0,1,0,0,2.38,0.08,8731.9,%sSafe
224,28.27,1966.44,106.99,544.6,865.79,10.34,12.4,16.23,0,0,0,0,0,0,1,0,0,2.38,0.08,8731.93,%sSafe
225,25.29,1966.44,106.99,544.6,865.79,11.02,12.86,16.23,0,0,0,0,0,0,1,0,0,2.38,0.08,8731.95,%sSafe
226,21.12,1966.44,106.99,544.6,865.79,11.02,12.86,15.83,0,0,0,0,0,0,1,0,0,2.38,0.08,8731.98,%sSafe
227,22.68,1966.44,106.99,544.6,865.79,11.02,12.86,15.83,0,0,0,0,0,0,1,0,0,2.38,0.08,8732,%sSafe
228,23.83,1966.26,106.84,544.49,865.91,11.02,12.86,15.83,0,0,0,0,0,0,1,0,0,2.38,0.08,8732.02,%sSafe
229,25.78,1966.26,106.84,544.49,865.91,11.67,12.86,15.83,0,0,0,0,0,0,1,0,0,2.38,0.08,8732.05,%sSafe
230,22.43,1966.26,106.84,544.49,865.91,11.67,13.19,15.75,0,0,0,0,0,0,1,0,0,2.38,0.06,8732.07,%sSafe
231,26.09,1966.72,106.84,544.49,865.91,11.67,13.19,15.75,0,0,0,0,0,0,1,0,0,2.38,0.06,8732.1,%sSafe
232,27.89,1966.72,107.06,544.62,865.91,11.67,13.19,15.75,0,0,0,0,0,0,1,0,0,2.38,0.06,8732.12,%sSafe
233,27.77,1966.72,107.06,544.62,865.84,11.67,13.19,15.75,0,0,0,0,0,0,1,0,0,2.38,0.06,8732.15,%sSafe
234,27.9,1966.72,107.06,544.62,865.84,11.62,12.84,15.75,0,0,0,0,0,0,1,0,0,2.38,0.06,8732.18,%sSafe
235,25.95,1966.77,107.06,544.62,865.84,11.62,12.84,15.1,0,0,0,0,0,0,1,0,0,2.39,0.06,8732.21,%sSafe
236,28.15,1966.77,107.03,544.62,865.84,11.62,12.84,15.1,0,0,0,0,0,0,1,0,0,2.39,0.06,8732.23,%sSafe
237,26.43,1966.77,107.03,544.62,865.8,10.92,12.84,15.1,0,0,0,0,0,0,1,0,0,2.39,0.06,8732.26,%sSafe
238,28.54,1966.77,107.03,544.62,865.8,10.92,12.14,15.21,0,0,0,0,0,0,1,0,0,2.39,0.06,8732.29,%sSafe
239,28.2,1966.77,107.03,544.62,865.8,10.92,12.14,15.21,0,0,0,0,0,0,1,0,0,2.39,0.05,8732.32,%sSafe
240,28.59,1966.72,107.06,544.62,865.8,10.92,12.14,15.21,0,0,0,0,0,0,1,0,0,2.39,0.05,8732.35,%sSafe
241,26.15,1966.72,107.06,544.73,865.8,10.92,12.14,15.21,0,0,0,0,0,0,1,0,0,2.39,0.05,8732.37,%sSafe
242,28.22,1966.72,107.06,544.73,866,10.92,12.14,15.21,0,0,0,0,0,0,1,0,0,2.39,0.05,8732.4,%sSafe
243,25,1966.72,107.06,544.73,866,11.09,11.31,14.44,0,0,0,0,0,0,1,0,0,2.39,0.06,8732.43,%sSafe
244,30.71,1966.72,107.06,544.73,866,11.09,11.31,14.44,0,0,0,0,0,0,1,0,0,2.39,0.06,8732.46,%sSafe
245,23.66,1966.97,107.01,544.68,866,11.09,11.31,14.44,0,0,0,0,0,0,1,0,0,2.39,0.06,8732.48,%sSafe
246,23.1,1966.97,107.01,544.68,865.81,11.09,11.31,14.44,0,0,0,0,0,0,1,0,0,2.39,0.06,8732.5,%sSafe
247,26.61,1966.97,107.01,544.68,865.81,10.45,11.14,14.57,0,0,0,0,0,0,1,0,0,2.39,0.06,8732.53,%sSafe
248,31.73,1966.97,107.01,544.68,865.81,10.45,11.14,14.57,0,0,0,0,0,0,1,0,0,2.39,0.07,8732.56,%sSafe
249,27.61,1966.4,107.01,544.68,865.81,10.45,11.14,14.57,0,0,0,0,0,0,1,0,0,2.39,0.07,8732.59,%sSafe
250,25.23,1966.4,106.75,544.49,865.81,10.45,11.14,14.57,0,0,0,0,0,0,1,0,0,2.39,0.07,8732.61,%sSafe
251,30.63,1966.4,106.75,544.49,865.8,10.53,11.14,14.57,0,0,0,0,0,0,1,0,0,2.39,0.07,8732.64,%sSafe
252,23.64,1966.4,106.75,544.49,865.8,10.53,11.23,15.16,0,0,0,0,0,0,1,0,0,2.39,0.07,8732.67,%sSafe
253,30.62,1966.4,106.75,544.49,865.8,10.53,11.23,15.16,0,0,0,0,0,0,1,0,0,2.39,0.06,8732.7,%sSafe
254,27.14,1966.35,106.75,544.49,865.8,10.53,11.23,15.16,0,0,0,0,0,0,1,0,0,2.39,0.06,8732.73,%sSafe
255,25.73,1966.35,106.75,544.52,865.82,10.53,11.23,15.16,0,0,0,0,0,0,1,0,0,2.39,0.06,8732.75,%sSafe
256,31.34,1966.35,106.75,544.52,865.82,10.56,11.2,15.16,0,0,0,0,0,0,1,0,0,2.39,0.06,8732.78,%sSafe
257,26.68,1966.35,106.75,544.52,865.82,10.56,11.2,15.15,0,0,0,0,0,0,1,0,0,2.39,0.06,8732.81,%sSafe
258,25.1,1966.35,106.75,544.52,865.82,10.56,11.2,15.15,0,0,0,0,0,0,1,0,0,2.39,0.06,8732.83,%sSafe
259,28.62,1966.48,106.83,544.52,865.82,10.56,11.2,15.15,0,0,0,0,0,0,1,0,0,2.39,0.06,8732.86,%sSafe
260,29.65,1966.48,106.83,544.61,865.93,10.56,11.2,15.15,0,0,0,0,0,0,1,0,0,2.39,0.06,8732.89,%sSafe
261,31.7,1966.48,106.83,544.61,865.93,10.6,10.54,15.15,0,0,0,0,0,0,1,0,0,2.39,0.06,8732.92,%sSafe
262,30.72,1966.48,106.83,544.61,865.93,10.6,10.54,14.39,0,0,0,0,0,0,1,0,0,2.39,0.05,8732.96,%sSafe
263,27.7,1966.48,106.83,544.61,865.93,10.6,10.54,14.39,0,0,0,0,0,0,1,0,0,2.39,0.05,8732.98,%sSafe
264,26.67,1966.46,106.83,544.61,865.93,10.6,10.54,14.39,0,0,0,0,0,0,1,0,0,2.39,0.05,8733.01,%sSafe
265,30.68,1966.46,106.92,544.72,865.93,10.6,10.54,14.39,0,0,0,0,0,0,1,0,0,2.39,0.05,8733.04,%sSafe
266,31.74,1966.46,106.92,544.72,865.96,10.6,10.54,14.39,0,0,0,0,0,0,1,0,0,2.39,0.05,8733.07,%sSafe
267,28.79,1966.46,106.92,544.72,865.96,10.23,10.12,14.39,0,0,0,0,0,0,1,0,0,2.39,0.05,8733.1,%sSafe
268,32.8,1966.46,106.92,544.72,865.96,10.23,10.12,14.39,0,0,0,0,0,0,1,0,0,2.39,0.05,8733.13,%sSafe
269,27.14,1966.46,106.92,544.72,865.96,10.23,10.12,14.08,0,0,0,0,0,0,1,0,0,2.39,0.06,8733.16,%sSafe
270,35.72,1966.52,106.9,544.72,865.96,10.23,10.12,14.08,0,0,0,0,0,0,1,0,0,2.39,0.06,8733.2,%sSafe
271,33.28,1966.52,106.9,544.77,865.96,10.23,10.12,14.08,0,0,0,0,0,0,1,0,0,2.39,0.06,8733.23,%sSafe
272,30.15,1966.52,106.9,544.77,865.85,10.23,10.12,14.08,0,0,0,0,0,0,1,0,0,2.39,0.06,8733.26,%sSafe
273,32.59,1966.52,106.9,544.77,865.85,9.77,10.11,14.08,0,0,0,0,0,0,1,0,0,2.39,0.06,8733.29,%sSafe
274,23.15,1966.52,106.9,544.77,865.85,9.77,10.11,14.25,0,0,0,0,0,0,1,0,0,2.39,0.06,8733.32,%sSafe
275,24.44,1966.99,106.9,544.77,865.85,9.77,10.11,14.25,0,0,0,0,0,0,1,0,0,2.4,0.06,8733.34,%sSafe
276,34.18,1966.99,106.92,544.62,865.85,9.77,10.11,14.25,0,0,0,0,0,0,1,0,0,2.4,0.06,8733.37,%sSafe
277,27.36,1966.99,106.92,544.62,865.56,8.96,10.11,14.25,0,0,0,0,0,0,1,0,0,2.4,0.06,8733.4,%sSafe
278,28.78,1966.99,106.92,544.62,865.56,8.96,9.53,14.25,0,0,0,0,0,0,1,0,0,2.4,0.06,8733.43,%sSafe
279,26.21,1966.99,106.92,544.62,865.56,8.96,9.53,14.19,0,0,0,0,0,0,1,0,0,2.4,0.06,8733.46,%sSafe
280,32.86,1966.21,106.92,544.62,865.56,8.96,9.53,14.19,0,0,0,0,0,0,1,0,0,2.39,0.08,8733.49,%sSafe
281,24.24,1966.21,106.69,544.62,865.56,8.96,9.53,14.19,0,0,0,0,0,0,1,0,0,2.39,0.08,8733.51,%sSafe
282,28.62,1966.21,106.69,544.45,865.58,8.96,9.53,14.19,0,0,0,0,0,0,1,0,0,2.39,0.08,8733.54,%sSafe
283,28.22,1966.21,106.69,544.45,865.58,9.55,10.03,14.19,0,0,0,0,0,0,1,0,0,2.39,0.08,8733.57,%sSafe
284,28.59,1966.21,106.69,544.45,865.58,9.55,10.03,14.57,0,0,0,0,0,0,1,0,0,2.39,0.08,8733.6,%sSafe
285,27.1,1966.01,106.69,544.45,865.58,9.55,10.03,14.57,0,0,0,0,0,0,1,0,0,2.38,0.08,8733.63,%sSafe
286,27.36,1966.01,106.82,544.45,865.58,9.55,10.03,14.57,0,0,0,0,0,0,1,0,0,2.38,0.08,8733.65,%sSafe
287,29.1,1966.01,106.82,544.46,865.6,9.55,10.03,14.57,0,0,0,0,0,0,1,0,0,2.38,0.08,8733.68,%sSafe
288,25.53,1966.01,106.82,544.46,865.6,10.16,10.26,14.57,0,0,0,0,0,0,1,0,0,2.38,0.08,8733.71,%sSafe
289,27.17,1966.01,106.82,544.46,865.6,10.16,10.26,13.99,0,0,0,0,0,0,1,0,0,2.38,0.09,8733.74,%sSafe
290,22.82,1966.01,106.82,544.46,865.6,10.16,10.26,13.99,0,0,0,0,0,0,1,0,0,2.39,0.09,8733.76,%sSafe
291,25.72,1966.6,106.84,544.34,865.6,10.16,10.26,13.99,0,0,0,0,0,0,1,0,0,2.39,0.09,8733.78,%sSafe
292,24.56,1966.6,106.84,544.34,865.41,10.16,10.26,13.99,0,0,0,0,0,0,1,0,0,2.39,0.09,8733.81,%sSafe
293,25.91,1966.6,106.84,544.34,865.41,9.48,10.21,13.99,0,0,0,0,0,0,1,0,0,2.39,0.09,8733.83,%sSafe
294,24.77,1966.19,106.84,544.34,865.41,9.48,10.21,14.34,0,0,0,0,0,0,1,0,0,2.39,0.1,8733.86,%sSafe
295,25.69,1966.19,106.85,544.34,865.41,9.48,10.21,14.34,0,0,0,0,0,0,1,0,0,2.39,0.1,8733.89,%sSafe
296,23.57,1966.19,106.85,544.36,865.41,9.48,10.21,14.34,0,0,0,0,0,0,1,0,0,2.39,0.1,8733.91,%sSafe
297,27.09,1966.19,106.85,544.36,865.41,9.47,10.21,14.34,0,0,0,0,0,0,1,0,0,2.39,0.1,8733.94,%sSafe
298,21.29,1966.19,106.85,544.36,865.41,9.47,10.53,14.75,0,0,0,0,0,0,1,0,0,2.39,0.1,8733.96,%sSafe
299,23.1,1965.9,106.85,544.36,865.41,9.47,10.53,14.75,0,0,0,0,0,0,1,0,0,2.38,0.08,8733.98,%sSafe
300,30.79,1965.9,106.91,544.56,865.41,9.47,10.53,14.75,0,0,0,0,0,0,1,0,0,2.38,0.08,8734.01,%sSafe
301,30.64,1965.9,106.91,544.56,865.65,10.01,10.53,14.75,0,0,0,0,0,0,1,0,0,2.38,0.08,8734.04,%sSafe
302,32.33,1965.9,106.91,544.56,865.65,10.01,10.53,14.75,0,0,0,0,0,0,1,0,0,2.38,0.08,8734.07,%sSafe
303,23.12,1965.9,106.91,544.56,865.65,10.01,10.53,14.21,0,0,0,0,0,0,1,0,0,2.38,0.08,8734.1,%sSafe
304,26.71,1966.72,107.16,544.56,865.65,10.01,10.53,14.21,0,0,0,0,0,0,1,0,0,2.38,0.07,8734.12,%sSafe
305,28.6,1966.72,107.16,544.82,865.65,10.01,10.53,14.21,0,0,0,0,0,0,1,0,0,2.38,0.07,8734.15,%sSafe
306,26.06,1966.72,107.16,544.82,865.7,10.01,10.53,14.21,0,0,0,0,0,0,1,0,0,2.38,0.07,8734.18,%sSafe
307,23.26,1966.72,107.16,544.82,865.7,9.65,10.35,14.01,0,0,0,0,0,0,1,0,0,2.38,0.07,8734.2,%sSafe
308,24.3,1966.72,107.16,544.82,865.7,9.65,10.35,14.01,0,0,0,0,0,0,1,0,0,2.38,0.07,8734.23,%sSafe
309,28.79,1966.68,107.22,544.82,865.7,9.65,10.35,14.01,0,0,0,0,0,0,1,0,0,2.38,0.07,8734.25,%sSafe
310,26.4,1966.68,107.22,544.96,865.66,9.65,10.35,14.01,0,0,0,0,0,0,1,0,0,2.38,0.07,8734.28,%sSafe
311,24.22,1966.68,107.22,544.96,865.66,9.34,10.33,14.1,0,0,0,0,0,0,1,0,0,2.38,0.07,8734.31,%sSafe
312,28.67,1966.68,107.22,544.96,865.66,9.34,10.33,14.1,0,0,0,0,0,0,1,0,0,2.38,0.06,8734.33,%sSafe
313,23.22,1966.99,107.16,544.96,865.66,9.34,10.33,14.1,0,0,0,0,0,0,1,0,0,2.38,0.06,8734.36,%sSafe
314,25.29,1966.99,107.16,544.92,865.7,9.34,10.33,14.1,0,0,0,0,0,0,1,0,0,2.38,0.06,8734.38,%sSafe
315,23.29,1966.99,107.16,544.92,865.7,9.38,10.31,13.99,0,0,0,0,0,0,1,0,0,2.38,0.06,8734.41,%sSafe
316,27.26,1966.99,107.16,544.92,865.7,9.38,10.31,13.99,0,0,0,0,0,0,1,0,0,2.38,0.03,8734.43,%sSafe
317,26.76,1967.16,107.28,544.92,865.7,9.38,10.31,13.99,0,0,0,0,0,0,1,0,0,2.38,0.03,8734.46,%sSafe
318,27.47,1967.16,107.28,545.01,865.75,9.12,10.31,13.99,0,0,0,0,0,0,1,0,0,2.38,0.03,8734.49,%sSafe
319,26.65,1967.16,107.28,545.01,865.75,9.12,9.53,13.99,0,0,0,0,0,0,1,0,0,2.38,0.03,8734.51,%sSafe
320,25.64,1967.16,107.28,545.01,865.75,9.12,9.53,13.28,0,0,0,0,0,0,1,0,0,2.38,0.03,8734.54,%sSafe
321,27.32,1967.16,107.28,545.01,865.75,9.12,9.53,13.28,0,0,0,0,0,0,1,0,0,2.37,0.03,8734.57,%sSafe
322,23.43,1966.99,107.46,545.25,865.75,9.12,9.53,13.28,0,0,0,0,0,0,1,0,0,2.37,0.03,8734.59,%sSafe
323,25.24,1966.99,107.46,545.25,865.91,9.12,9.53,13.28,0,0,0,0,0,0,1,0,0,2.37,0.03,8734.62,%sSafe
324,24.69,1966.99,107.46,545.25,865.91,9.37,9.79,13.28,0,0,0,0,0,0,1,0,0,2.37,0.03,8734.64,%sSafe
325,26.96,1966.99,107.46,545.25,865.91,9.37,9.79,13.5,0,0,0,0,0,0,1,0,0,2.37,0.02,8734.67,%sSafe
326,24.65,1967.61,107.75,545.25,865.91,9.37,9.79,13.5,0,0,0,0,0,0,1,0,0,2.37,0.02,8734.69,%sSafe
327,27.92,1967.61,107.75,545.46,865.9,9.37,9.79,13.5,0,0,0,0,0,0,1,0,0,2.37,0.02,8734.72,%sSafe
328,26.26,1967.61,107.75,545.46,865.9,9.37,9.79,13.5,0,0,0,0,0,0,1,0,0,2.37,0.02,8734.75,%sSafe
329,28.66,1967.61,107.75,545.46,865.9,8.78,9.3,13.02,0,0,0,0,0,0,1,0,0,2.37,0.02,8734.77,%sSafe
330,28.51,1967.61,107.75,545.46,865.9,8.78,9.3,13.02,0,0,0,0,0,0,1,0,0,2.38,0.02,8734.8,%sSafe
331,31.59,1968.44,107.72,545.43,865.9,8.78,9.3,13.02,0,0,0,0,0,0,1,0,0,2.38,0.02,8734.83,%sSafe
332,27.18,1968.44,107.72,545.43,865.88,8.78,9.3,13.02,0,0,0,0,0,0,1,0,0,2.38,0.02,8734.86,%sSafe
333,22.37,1968.44,107.72,545.43,865.88,8.18,9.01,13.02,0,0,0,0,0,0,1,0,0,2.38,0.02,8734.88,%sSafe
334,26.89,1968.44,107.72,545.43,865.88,8.18,9.01,12.98,0,0,0,0,0,0,1,0,0,2.38,0.02,8734.91,%sSafe
335,26.91,1968.01,107.72,545.43,865.88,8.18,9.01,12.98,0,0,0,0,0,0,1,0,0,2.38,0.01,8734.94,%sSafe
336,31.76,1968.01,107.78,545.43,865.87,8.18,9.01,12.98,0,0,0,0,0,0,1,0,0,2.38,0.01,8734.97,%sSafe
337,25.01,1968.01,107.78,545.43,865.87,8.39,9.76,13.27,0,0,0,0,0,0,1,0,0,2.38,0.01,8735,%sSafe
338,27.6,1968.01,107.78,545.43,865.87,8.39,9.76,13.27,0,0,0,0,0,0,1,0,0,2.38,0,8735.02,%sSafe
339,29.61,1968.18,107.78,545.43,865.87,8.39,9.76,13.27,0,0,0,0,0,0,1,0,0,2.38,0,8735.05,%sSafe
340,23.47,1968.18,107.94,545.55,865.86,8.27,9.76,13.27,0,0,0,0,0,0,1,0,0,2.38,0,8735.08,%sSafe
341,24.81,1968.18,107.94,545.55,865.86,8.27,9.35,13.27,0,0,0,0,0,0,1,0,0,2.38,0,8735.1,%sSafe
342,34.58,1968.81,107.94,545.55,865.86,8.27,9.35,12.6,0,0,0,0,0,0,1,0,0,2.38,0,8735.14,%sSafe
343,31.23,1968.81,108.08,545.55,865.86,8.27,9.35,12.6,0,0,0,0,0,0,1,0,0,2.38,0,8735.17,%sSafe
344,34.81,1968.81,108.08,545.43,865.66,8.27,9.35,12.6,0,0,0,0,0,0,1,0,0,2.38,0,8735.2,%sSafe
345,27.64,1968.81,108.08,545.43,865.66,7.89,9.38,12.6,0,0,0,0,0,0,1,0,0,2.38,0,8735.23,%sSafe
346,23.23,1968.81,108.08,545.43,865.66,7.89,9.38,12.79,0,0,0,0,0,0,1,0,0,2.38,0,8735.25,%sSafe
347,24.61,1968.81,108.08,545.43,865.66,7.89,9.38,12.79,0,0,0,0,0,0,1,0,0,2.38,0,8735.28,%sSafe
348,26.66,1968.77,108.08,545.4,865.66,7.89,9.38,12.79,0,0,0,0,0,0,1,0,0,2.38,0,8735.3,%sSafe
349,35.32,1968.77,108.08,545.4,865.64,7.89,9.38,12.79,0,0,0,0,0,0,1,0,0,2.38,0,8735.34,%sSafe
350,27.71,1968.77,108.08,545.4,865.64,7.96,9.38,12.74,0,0,0,0,0,0,1,0,0,2.38,0,8735.37,%sSafe
351,32.35,1968.77,108.08,545.4,865.64,7.96,9.38,12.74,0,0,0,0,0,0,1,0,0,2.38,0,8735.4,%sSafe
352,23.11,1969.02,108.08,545.4,865.64,7.96,9.38,12.74,0,0,0,0,0,0,1,0,0,2.39,0.01,8735.42,%sSafe
353,31.71,1969.02,108.07,545.4,865.64,7.96,9.38,12.74,0,0,0,0,0,0,1,0,0,2.39,0.01,8735.45,%sSafe
354,28.37,1969.02,108.07,545.23,865.64,7.96,9.38,12.74,0,0,0,0,0,0,1,0,0,2.39,0.01,8735.48,%sSafe
355,35.63,1969.02,108.07,545.23,865.55,7.96,9.38,12.74,0,0,0,0,0,0,1,0,0,2.39,0.01,8735.52,%sSafe
356,26.76,1969.02,108.07,545.23,865.55,7.94,9.18,12.74,0,0,0,0,0,0,1,0,0,2.39,0.01,8735.54,%sSafe
357,27.15,1969.02,108.07,545.23,865.55,7.94,9.18,12.74,0,0,0,0,0,0,1,0,0,2.39,0.01,8735.57,%sSafe
358,31.73,1969.02,108.07,545.23,865.55,7.94,9.18,12.64,0,0,0,0,0,0,1,0,0,2.38,0.01,8735.6,%sSafe
359,27.81,1969.02,108.07,545.23,865.55,7.94,9.18,12.64,0,0,0,0,0,0,1,0,0,2.38,0.01,8735.63,%sSafe
360,30.12,1968.71,108.1,545.23,865.55,7.94,9.18,12.64,0,0,0,0,0,0,1,0,0,2.38,0.01,8735.66,%sSafe
361,29.74,1968.71,108.1,545.32,865.62,7.94,9.18,12.64,0,0,0,0,0,0,1,0,0,2.38,0.01,8735.69,%sSafe
362,30.74,1968.71,108.1,545.32,865.62,7.94,9.18,12.64,0,0,0,0,0,0,1,0,0,2.38,0.01,8735.72,%sSafe
363,28.75,1968.71,108.1,545.32,865.62,8.44,9.38,12.64,0,0,0,0,0,0,1,0,0,2.38,0.01,8735.75,%sSafe
364,30.2,1968.71,108.1,545.32,865.62,8.44,9.38,12.64,0,0,0,0,0,0,1,0,0,2.38,0.01,8735.78,%sSafe
365,26.17,1968.71,108.1,545.32,865.62,8.44,9.38,12.76,0,0,0,0,0,0,1,0,0,2.38,0.02,8735.81,%sSafe
366,35.97,1968.7,108.1,545.32,865.62,8.44,9.38,12.76,0,0,0,0,0,0,1,0,0,2.38,0.02,8735.84,%sSafe
367,27.22,1968.7,108.17,545.32,865.62,8.44,9.38,12.76,0,0,0,0,0,0,1,0,0,2.38,0.02,8735.87,%sSafe
368,25.25,1968.7,108.17,545.26,865.62,8.44,9.38,12.76,0,0,0,0,0,0,1,0,0,2.38,0.02,8735.9,%sSafe
369,30.59,1968.7,108.17,545.26,865.55,8.49,9.38,12.76,0,0,0,0,0,0,1,0,0,2.38,0.02,8735.93,%sSafe
370,41.71,1968.7,108.17,545.26,865.55,8.49,9.51,12.76,0,0,0,0,0,0,1,0,0,2.38,0.02,8735.97,%sSafe
371,24.99,1968.7,108.17,545.26,865.55,8.49,9.51,12.85,0,0,0,0,0,0,1,0,0,2.38,0.02,8735.99,%sSafe
372,32.69,1968.77,108.17,545.26,865.55,8.49,9.51,12.85,0,0,0,0,0,0,1,0,0,2.38,0.02,8736.03,%sSafe
373,34.25,1968.77,108.07,545.26,865.55,8.49,9.51,12.85,0,0,0,0,0,0,1,0,0,2.38,0.02,8736.06,%sSafe
374,29.28,1968.77,108.07,545.07,865.55,8.49,9.51,12.85,0,0,0,0,0,0,1,0,0,2.38,0.02,8736.09,%sSafe
375,30.68,1968.77,108.07,545.07,865.4,8.49,9.51,12.85,0,0,0,0,0,0,1,0,0,2.38,0.02,8736.12,%sSafe
376,36.7,1968.77,108.07,545.07,865.4,8.31,9.45,12.85,0,0,0,0,0,0,1,0,0,2.38,0.02,8736.16,%sSafe
377,25.26,1968.77,108.07,545.07,865.4,8.31,9.45,13.59,0,0,0,0,0,0,1,0,0,2.38,0.02,8736.18,%sSafe
378,32.59,1968.77,108.07,545.07,865.4,8.31,9.45,13.59,0,0,0,0,0,0,1,0,0,2.38,0.02,8736.21,%sSafe
379,32.74,1968.71,108.07,545.07,865.4,8.31,9.45,13.59,0,0,0,0,0,0,1,0,0,2.38,0.02,8736.25,%sSafe
380,26.91,1968.71,107.89,544.85,865.4,8.31,9.45,13.59,0,0,0,0,0,0,1,0,0,2.38,0.02,8736.27,%sSafe
381,34.74,1968.71,107.89,544.85,865.38,8.31,9.45,13.59,0,0,0,0,0,0,1,0,0,2.38,0.02,8736.31,%sSafe
382,26.15,1968.71,107.89,544.85,865.38,9.02,9.4,13.57,0,0,0,0,0,0,1,0,0,2.38,0.02,8736.33,%sSafe
383,26.12,1968.71,107.89,544.85,865.38,9.02,9.4,13.57,0,0,0,0,0,0,1,0,0,2.38,0.01,8736.36,%sSafe
384,27.72,1968.71,107.89,544.85,865.38,9.02,9.4,13.57,0,0,0,0,0,0,1,0,0,2.38,0.01,8736.39,%sSafe
385,25.39,1968.02,107.87,544.9,865.38,9.02,9.4,13.57,0,0,0,0,0,0,1,0,0,2.38,0.01,8736.41,%sSafe
386,32.71,1968.02,107.87,544.9,865.38,9.02,9.4,13.57,0,0,0,0,0,0,1,0,0,2.38,0.01,8736.45,%sSafe
387,26.41,1968.02,107.87,544.9,865.47,9.37,9.79,13.57,0,0,0,0,0,0,1,0,0,2.38,0.01,8736.47,%sSafe
388,25.66,1968.02,107.87,544.9,865.47,9.37,9.79,13.52,0,0,0,0,0,0,1,0,0,2.38,0.01,8736.5,%sSafe
389,34.81,1968.35,107.87,544.9,865.47,9.37,9.79,13.52,0,0,0,0,0,0,1,0,0,2.38,0.01,8736.53,%sSafe
390,28.69,1968.35,108.04,544.92,865.47,9.37,9.79,13.52,0,0,0,0,0,0,1,0,0,2.38,0.01,8736.56,%sSafe
391,31.83,1968.35,108.04,544.92,865.42,9.02,9.79,13.52,0,0,0,0,0,0,1,0,0,2.38,0.01,8736.59,%sSafe
392,35.86,1968.35,108.04,544.92,865.42,9.02,8.97,13.52,0,0,0,0,0,0,1,0,0,2.38,0.01,8736.63,%sSafe
393,26.01,1968.35,108.04,544.92,865.42,9.02,8.97,13.01,0,0,0,0,0,0,1,0,0,2.38,0,8736.66,%sSafe
394,29.65,1968.23,108.04,544.92,865.42,9.02,8.97,13.01,0,0,0,0,0,0,1,0,0,2.38,0,8736.69,%sSafe
395,25.13,1968.23,107.97,544.92,865.42,9.02,8.97,13.01,0,0,0,0,0,0,1,0,0,2.38,0,8736.71,%sSafe
396,26.03,1968.23,107.97,545,865.59,9.32,8.97,13.01,0,0,0,0,0,0,1,0,0,2.38,0,8736.74,%sSafe
397,26.65,1968.23,107.97,545,865.59,9.32,9.11,13.01,0,0,0,0,0,0,1,0,0,2.38,0,8736.76,%sSafe
398,21.67,1968.23,107.97,545,865.59,9.32,9.11,13.08,0,0,0,0,0,0,1,0,0,2.38,0.01,8736.78,%sSafe
399,24.6,1968.23,107.97,545,865.59,9.32,9.11,13.08,0,0,0,0,0,0,1,0,0,2.38,0.01,8736.81,%sSafe
400,46.34,1968.38,107.88,545,865.59,9.32,9.11,13.08,0,0,0,0,0,0,1,0,0,2.38,0.01,8736.86,%sSafe
401,36.91,1968.38,107.88,544.96,865.59,9.32,9.11,13.08,0,0,0,0,0,0,1,0,0,2.38,0.01,8736.89,%sSafe
402,23.16,1968.38,107.88,544.96,865.57,9.32,9.11,13.08,0,0,0,0,0,0,1,0,0,2.38,0.01,8736.92,%sSafe
403,26.78,1968.38,107.88,544.96,865.57,9.23,9.1,13.08,0,0,0,0,0,0,1,0,0,2.38,0.01,8736.94,%sSafe
404,29.07,1968.38,107.88,544.96,865.57,9.23,9.1,13.23,0,0,0,0,0,0,1,0,0,2.38,0.03,8736.97,%sSafe
405,33.46,1967.69,107.88,544.96,865.57,9.23,9.1,13.23,0,0,0,0,0,0,1,0,0,2.38,0.03,8737.01,%sSafe
406,30.45,1967.69,107.7,544.75,865.57,9.23,9.1,13.23,0,0,0,0,0,0,1,0,0,2.38,0.03,8737.04,%sSafe
407,47.04,1967.69,107.7,544.75,865.54,9.23,9.1,13.23,0,0,0,0,0,0,1,0,0,2.38,0.03,8737.08,%sSafe
408,25.1,1967.69,107.7,544.75,865.54,9.72,9.62,13.23,0,0,0,0,0,0,1,0,0,2.38,0.03,8737.11,%sSafe
409,38.2,1967.69,107.7,544.75,865.54,9.72,9.62,13.57,0,0,0,0,0,0,1,0,0,2.38,0.03,8737.15,%sSafe
410,35.92,1967.74,107.7,544.75,865.54,9.72,9.62,13.57,0,0,0,0,0,0,1,0,0,2.38,0.03,8737.18,%sSafe
411,26.55,1967.74,107.62,544.69,865.54,9.72,9.62,13.57,0,0,0,0,0,0,1,0,0,2.38,0.03,8737.21,%sSafe
412,30.1,1967.74,107.62,544.69,865.54,9.74,9.73,13.57,0,0,0,0,0,0,1,0,0,2.38,0.03,8737.24,%sSafe
413,24.2,1967.74,107.62,544.69,865.54,9.74,9.73,13.66,0,0,0,0,0,0,1,0,0,2.38,0.05,8737.26,%sSafe
414,23.47,1968.32,107.65,544.69,865.54,9.74,9.73,13.66,0,0,0,0,0,0,1,0,0,2.39,0.05,8737.29,%sSafe
415,37.93,1968.32,107.65,544.5,865.54,9.74,9.73,13.66,0,0,0,0,0,0,1,0,0,2.39,0.05,8737.32,%sSafe
416,25.84,1968.32,107.65,544.5,865.36,9.74,9.73,13.66,0,0,0,0,0,0,1,0,0,2.39,0.05,8737.35,%sSafe
417,31.22,1968.32,107.65,544.5,865.36,9.24,9.65,13.66,0,0,0,0,0,0,1,0,0,2.39,0.05,8737.38,%sSafe
418,27.34,1968.32,107.65,544.5,865.36,9.24,9.65,13.66,0,0,0,0,0,0,1,0,0,2.39,0.04,8737.41,%sSafe
419,28.93,1967.97,107.64,544.5,865.36,9.24,9.65,13.66,0,0,0,0,0,0,1,0,0,2.39,0.04,8737.44,%sSafe
420,30.24,1967.97,107.64,544.68,865.36,9.24,9.65,13.66,0,0,0,0,0,0,1,0,0,2.39,0.04,8737.47,%sSafe
421,25.54,1967.97,107.64,544.68,865.56,9.91,9.63,13.66,0,0,0,0,0,0,1,0,0,2.39,0.04,8737.49,%sSafe
422,26.67,1967.97,107.64,544.68,865.56,9.91,9.63,13.65,0,0,0,0,0,0,1,0,0,2.38,0.03,8737.52,%sSafe
423,27.09,1967.97,107.64,544.68,865.56,9.91,9.63,13.65,0,0,0,0,0,0,1,0,0,2.38,0.03,8737.55,%sSafe
424,28.26,1967.81,107.44,544.68,865.56,9.91,9.63,13.65,0,0,0,0,0,0,1,0,0,2.38,0.03,8737.58,%sSafe
425,78.25,1967.81,107.44,544.83,865.72,9.91,9.63,13.65,0,0,0,0,0,0,1,0,0,2.38,0.03,8737.65,%sSafe
426,33.84,1967.81,107.44,544.83,865.72,9.91,9.63,13.65,0,0,0,0,0,0,1,0,0,2.38,0.03,8737.69,%sSafe
427,25.18,1967.81,107.44,544.83,865.72,9.95,9.5,13.65,0,0,0,0,0,0,1,0,0,2.38,0.03,8737.71,%sSafe
428,24.5,1967.81,107.44,544.83,865.72,9.95,9.5,13.01,0,0,0,0,0,0,1,0,0,2.38,0.04,8737.74,%sSafe
429,28.07,1967.81,107.44,544.83,865.72,9.95,9.5,13.01,0,0,0,0,0,0,1,0,0,2.38,0.04,8737.76,%sSafe
430,30.76,1967.28,107.28,544.83,865.72,9.95,9.5,13.01,0,0,0,0,0,0,1,0,0,2.38,0.04,8737.8,%sSafe
431,26.52,1967.28,107.28,544.89,865.88,9.95,9.5,13.01,0,0,0,0,0,0,1,0,0,2.38,0.04,8737.82,%sSafe
432,27.69,1967.28,107.28,544.89,865.88,9.67,9.94,13.01,0,0,0,0,0,0,1,0,0,2.38,0.04,8737.85,%sSafe
433,26.57,1967.28,107.28,544.89,865.88,9.67,9.94,13.12,0,0,0,0,0,0,1,0,0,2.38,0.04,8737.88,%sSafe
434,25.19,1967.93,107.29,544.89,865.88,9.67,9.94,13.12,0,0,0,0,0,0,1,0,0,2.39,0.04,8737.9,%sSafe
435,27.58,1967.93,107.29,544.85,865.78,9.32,9.94,13.12,0,0,0,0,0,0,1,0,0,2.39,0.04,8737.93,%sSafe
436,21.78,1967.93,107.29,544.85,865.78,9.32,9.54,13.12,0,0,0,0,0,0,1,0,0,2.39,0.04,8737.95,%sSafe
437,26.31,1967.93,107.29,544.85,865.78,9.32,9.54,13.24,0,0,0,0,0,0,1,0,0,2.39,0.04,8737.98,%sSafe
438,23.55,1967.85,107.13,544.85,865.78,9.32,9.54,13.24,0,0,0,0,0,0,1,0,0,2.38,0.04,8738,%sSafe
439,25.05,1967.85,107.13,544.84,865.79,9.32,9.54,13.24,0,0,0,0,0,0,1,0,0,2.38,0.04,8738.03,%sSafe
440,27.63,1967.85,107.13,544.84,865.79,9.7,10.46,13.24,0,0,0,0,0,0,1,0,0,2.38,0.04,8738.05,%sSafe
441,27.98,1967.85,107.13,544.84,865.79,9.7,10.46,13.97,0,0,0,0,0,0,1,0,0,2.38,0.06,8738.08,%sSafe
442,25.77,1967.88,106.94,544.84,865.79,9.7,10.46,13.97,0,0,0,0,0,0,1,0,0,2.38,0.06,8738.11,%sSafe
443,27.65,1967.88,106.94,544.68,865.73,9.7,10.46,13.97,0,0,0,0,0,0,1,0,0,2.38,0.06,8738.13,%sSafe
444,23.12,1967.88,106.94,544.68,865.73,9.82,10.46,13.97,0,0,0,0,0,0,1,0,0,2.38,0.06,8738.16,%sSafe
445,24.09,1967.88,106.94,544.68,865.73,9.82,10.7,14.27,0,0,0,0,0,0,1,0,0,2.38,0.05,8738.18,%sSafe
446,28.59,1967.13,106.94,544.68,865.73,9.82,10.7,14.27,0,0,0,0,0,0,1,0,0,2.38,0.05,8738.21,%sSafe
447,25.2,1967.13,106.78,544.68,865.73,9.82,10.7,14.27,0,0,0,0,0,0,1,0,0,2.38,0.05,8738.24,%sSafe
448,25.53,1967.13,106.78,544.79,865.84,10.02,10.9,14.27,0,0,0,0,0,0,1,0,0,2.38,0.05,8738.26,%sSafe
449,29.14,1967.13,106.78,544.79,865.84,10.02,10.9,14.07,0,0,0,0,0,0,1,0,0,2.38,0.05,8738.29,%sSafe
450,23.11,1967.13,106.78,544.79,865.84,10.02,10.9,14.07,0,0,0,0,0,0,1,0,0,2.37,0.04,8738.31,%sSafe
451,23.04,1967.23,106.79,544.79,865.84,10.02,10.9,14.07,0,0,0,0,0,0,1,0,0,2.37,0.04,8738.34,%sSafe
452,23.57,1967.23,106.79,544.79,865.99,10.11,10.76,14.07,0,0,0,0,0,0,1,0,0,2.37,0.04,8738.36,%sSafe
453,28.88,1967.23,106.79,544.79,865.99,10.11,10.76,13.74,0,0,0,0,0,0,1,0,0,2.37,0.04,8738.39,%sSafe
454,23.55,1967.23,106.79,544.79,865.99,10.11,10.76,13.74,0,0,0,0,0,0,1,0,0,2.37,0.03,8738.41,%sSafe
455,24.07,1966.8,106.79,544.79,865.99,10.11,10.76,13.74,0,0,0,0,0,0,1,0,0,2.37,0.03,8738.44,%sSafe
456,22.76,1966.8,106.77,545.08,866.26,10.64,10.84,13.74,0,0,0,0,0,0,1,0,0,2.37,0.03,8738.46,%sSafe
457,26.49,1966.8,106.77,545.08,866.26,10.64,10.84,13.67,0,0,0,0,0,0,1,0,0,2.37,0.03,8738.49,%sSafe
458,25.61,1966.23,106.77,545.08,866.26,10.64,10.84,13.67,0,0,0,0,0,0,1,0,0,2.36,0.01,8738.51,%sSafe
459,27.67,1966.23,106.75,545.31,866.26,10.64,10.84,13.67,0,0,0,0,0,0,1,0,0,2.36,0.01,8738.54,%sSafe
460,26.54,1966.23,106.75,545.31,866.47,11.26,10.84,13.67,0,0,0,0,0,0,1,0,0,2.36,0.01,8738.57,%sSafe
461,22.19,1966.23,106.75,545.31,866.47,11.26,10.84,13.59,0,0,0,0,0,0,1,0,0,2.36,0.01,8738.59,%sSafe
462,27.42,1966.23,106.75,545.31,866.47,11.26,10.84,13.59,0,0,0,0,0,0,1,0,0,2.36,0,8738.62,%sSafe
463,27.55,1966.95,106.78,545.17,866.47,11.26,10.84,13.59,0,0,0,0,0,0,1,0,0,2.37,0,8738.64,%sSafe
464,26.05,1966.95,106.78,545.17,866.29,11.26,10.84,13.59,0,0,0,0,0,0,1,0,0,2.37,0,8738.67,%sSafe
465,24.08,1966.95,106.78,545.17,866.29,10.66,11,13.59,0,0,0,0,0,0,1,0,0,2.37,0,8738.69,%sSafe
466,27.61,1966.92,106.78,545.17,866.29,10.66,11,13.59,0,0,0,0,0,0,1,0,0,2.37,0.02,8738.72,%sSafe
467,27.67,1966.92,106.79,545.01,866.29,10.66,11,13.59,0,0,0,0,0,0,1,0,0,2.37,0.02,8738.75,%sSafe
468,29.62,1966.92,106.79,545.01,866.19,10.97,11,13.59,0,0,0,0,0,0,1,0,0,2.37,0.02,8738.78,%sSafe
469,24.2,1966.92,106.79,545.01,866.19,10.97,11.39,13.63,0,0,0,0,0,0,1,0,0,2.37,0.02,8738.8,%sSafe
470,25.04,1967.02,106.82,545.01,866.19,10.97,11.39,13.63,0,0,0,0,0,0,1,0,0,2.37,0.02,8738.83,%sSafe
471,28.86,1967.02,106.82,545.08,866.21,10.97,11.39,13.63,0,0,0,0,0,0,1,0,0,2.37,0.02,8738.86,%sSafe
472,23.47,1967.02,106.82,545.08,866.21,10.92,11.03,13.63,0,0,0,0,0,0,1,0,0,2.37,0.02,8738.88,%sSafe
473,23.16,1967.02,106.82,545.08,866.21,10.92,11.03,13.63,0,0,0,0,0,0,1,0,0,2.37,0.02,8738.9,%sSafe
474,25.23,1966.61,107,545.08,866.21,10.92,11.03,13.63,0,0,0,0,0,0,1,0,0,2.37,0,8738.93,%sSafe
475,26.17,1966.61,107,545.28,866.3,10.92,11.03,13.63,0,0,0,0,0,0,1,0,0,2.37,0,8738.95,%sSafe
476,25.92,1966.61,107,545.28,866.3,10.97,11.09,13.63,0,0,0,0,0,0,1,0,0,2.37,0,8738.98,%sSafe
477,22.25,1966.61,107,545.28,866.3,10.97,11.09,13.62,0,0,0,0,0,0,1,0,0,2.37,-0.01,8739,%sSafe
478,23.24,1967.03,107.23,545.51,866.3,10.97,11.09,13.62,0,0,0,0,0,0,1,0,0,2.37,-0.01,8739.03,%sSafe
479,25.63,1967.03,107.23,545.51,866.46,10.77,11.09,13.62,0,0,0,0,0,0,1,0,0,2.37,-0.01,8739.05,%sSafe
480,25.93,1967.03,107.23,545.51,866.46,10.77,10.32,12.79,0,0,0,0,0,0,1,0,0,2.37,-0.01,8739.08,%sSafe
481,28.6,1967.38,107.23,545.51,866.46,10.77,10.32,12.79,0,0,0,0,0,0,1,0,0,2.37,-0.01,8739.11,%sSafe
482,28.66,1967.38,107.28,545.45,866.46,10.77,10.32,12.79,0,0,0,0,0,0,1,0,0,2.37,-0.01,8739.13,%sSafe
483,23.82,1967.38,107.28,545.45,866.36,10.42,10.21,12.79,0,0,0,0,0,0,1,0,0,2.37,-0.01,8739.16,%sSafe
484,24.96,1967.38,107.28,545.45,866.36,10.42,10.21,13.11,0,0,0,0,0,0,1,0,0,2.37,-0.01,8739.18,%sSafe
485,23.31,1967.33,107.28,545.45,866.36,10.42,10.21,13.11,0,0,0,0,0,0,1,0,0,2.37,0,8739.21,%sSafe
486,25.73,1967.33,107.29,545.33,866.36,10.42,10.21,13.11,0,0,0,0,0,0,1,0,0,2.37,0,8739.23,%sSafe
487,26.22,1967.33,107.29,545.33,866.23,10.49,10.59,13.11,0,0,0,0,0,0,1,0,0,2.37,0,8739.26,%sSafe
488,26.54,1967.33,107.29,545.33,866.23,10.49,10.59,13.59,0,0,0,0,0,0,1,0,0,2.37,0,8739.29,%sSafe
489,25.69,1967.42,107.29,545.33,866.23,10.49,10.59,13.59,0,0,0,0,0,0,1,0,0,2.38,0.02,8739.31,%sSafe
490,28.89,1967.42,107.2,545.37,866.23,10.49,10.59,13.59,0,0,0,0,0,0,1,0,0,2.38,0.02,8739.34,%sSafe
491,23.05,1967.42,107.2,545.37,866.09,9.89,10.59,13.59,0,0,0,0,0,0,1,0,0,2.38,0.02,8739.36,%sSafe
492,23.85,1967.42,107.2,545.37,866.09,9.89,10.29,13.59,0,0,0,0,0,0,1,0,0,2.38,0.02,8739.39,%sSafe
493,24.49,1967.57,107.2,545.37,866.09,9.89,10.29,14.08,0,0,0,0,0,0,1,0,0,2.38,0.05,8739.41,%sSafe
494,27.12,1967.57,107.25,545.09,866.09,9.89,10.29,14.08,0,0,0,0,0,0,1,0,0,2.38,0.05,8739.44,%sSafe
495,25.21,1967.57,107.25,545.09,865.86,9.7,10.85,14.08,0,0,0,0,0,0,1,0,0,2.38,0.05,8739.46,%sSafe
496,25.21,1967.57,107.25,545.09,865.86,9.7,10.85,14.65,0,0,0,0,0,0,1,0,0,2.38,0.05,8739.49,%sSafe
497,22,1967.57,107.25,545.09,865.86,9.7,10.85,14.65,0,0,0,0,0,0,1,0,0,2.38,0.05,8739.51,%sSafe
498,26.32,1967.52,107.16,544.86,865.73,9.7,10.85,14.65,0,0,0,0,0,0,1,0,0,2.38,0.05,8739.54,%sSafe
499,26.79,1967.52,107.16,544.86,865.73,9.77,11.51,14.65,0,0,0,0,0,0,1,0,0,2.38,0.05,8739.56,%sSafe
500,27.24,1967.52,107.16,544.86,865.73,9.77,11.51,15.34,0,0,0,0,0,0,1,0,0,2.38,0.05,8739.59,%sSafe
501,23.28,1967,107.16,544.86,865.73,9.77,11.51,15.34,0,0,0,0,0,0,1,0,0,2.38,0.05,8739.61,%sSafe
502,26.79,1967,107.06,544.88,865.92,10.3,11.51,15.34,0,0,0,0,0,0,1,0,0,2.38,0.05,8739.64,%sSafe
503,27.38,1967,107.06,544.88,865.92,10.3,11.87,15.34,0,0,0,0,0,0,1,0,0,2.38,0.05,8739.67,%sSafe
504,24.2,1967,107.06,544.88,865.92,10.3,11.87,15.85,0,0,0,0,0,0,1,0,0,2.38,0.04,8739.69,%sSafe
505,24.27,1966.97,107.09,544.86,865.92,10.3,11.87,15.85,0,0,0,0,0,0,1,0,0,2.37,0.04,8739.72,%sSafe
506,27.76,1966.97,107.09,544.86,865.91,10.59,12.15,15.85,0,0,0,0,0,0,1,0,0,2.37,0.04,8739.74,%sSafe
507,28.11,1966.97,107.09,544.86,865.91,10.59,12.15,15.76,0,0,0,0,0,0,1,0,0,2.37,0.04,8739.77,%sSafe
508,27.42,1966.92,107.1,544.86,865.91,10.59,12.15,15.76,0,0,0,0,0,0,1,0,0,2.37,0.04,8739.8,%sSafe
509,26.11,1966.92,107.1,544.85,865.84,10.49,12.15,15.76,0,0,0,0,0,0,1,0,0,2.37,0.04,8739.83,%sSafe
510,23.73,1966.92,107.1,544.85,865.84,10.49,12.36,15.76,0,0,0,0,0,0,1,0,0,2.37,0.04,8739.85,%sSafe
511,28.42,1966.64,107.1,544.85,865.84,10.49,12.36,15.8,0,0,0,0,0,0,1,0,0,2.37,0.03,8739.88,%sSafe
512,24.55,1966.64,106.85,544.72,865.84,10.49,12.36,15.8,0,0,0,0,0,0,1,0,0,2.37,0.03,8739.9,%sSafe
513,28.83,1966.64,106.85,544.72,865.84,10.77,12.36,15.8,0,0,0,0,0,0,1,0,0,2.37,0.03,8739.93,%sSafe
514,23.08,1966.64,106.85,544.72,865.84,10.77,12.66,15.8,0,0,0,0,0,0,1,0,0,2.37,0.03,8739.95,%sSafe
515,26.44,1966.08,106.85,544.72,865.84,10.77,12.66,16.08,0,0,0,0,0,0,1,0,0,2.37,0.05,8739.98,%sSafe
516,28.88,1966.08,106.5,544.71,865.94,10.77,12.66,16.08,0,0,0,0,0,0,1,0,0,2.37,0.05,8740.01,%sSafe
517,33.68,1966.08,106.5,544.71,865.94,11.28,12.81,16.08,0,0,0,0,0,0,1,0,0,2.37,0.05,8740.04,%sSafe
518,26.51,1966.08,106.5,544.71,865.94,11.28,12.81,16.08,0,0,0,0,0,0,1,0,0,2.37,0.03,8740.07,%sSafe
519,27.81,1966.35,106.69,544.71,865.94,11.28,12.81,16.08,0,0,0,0,0,0,1,0,0,2.37,0.03,8740.1,%sSafe
520,31.24,1966.35,106.69,544.94,865.95,11.35,12.81,16.08,0,0,0,0,0,0,1,0,0,2.37,0.03,8740.13,%sSafe
521,26.16,1966.35,106.69,544.94,865.95,11.35,12.72,16.08,0,0,0,0,0,0,1,0,0,2.37,0.03,8740.16,%sSafe
522,23.3,1966.35,106.69,544.94,865.95,11.35,12.72,15.49,0,0,0,0,0,0,1,0,0,2.37,0.03,8740.18,%sSafe
523,23.31,1966.7,106.67,544.91,865.98,11.35,12.72,15.49,0,0,0,0,0,0,1,0,0,2.37,0.03,8740.2,%sSafe
524,26.02,1966.7,106.67,544.91,865.98,11.03,12.72,15.49,0,0,0,0,0,0,1,0,0,2.37,0.03,8740.23,%sSafe
525,22.79,1966.7,106.67,544.91,865.98,11.03,12.44,15.7,0,0,0,0,0,0,1,0,0,2.37,0.03,8740.25,%sSafe
526,32.29,1966.58,106.78,544.9,865.98,11.03,12.44,15.7,0,0,0,0,0,0,1,0,0,2.37,0.02,8740.28,%sSafe
527,27.87,1966.58,106.78,544.9,865.96,11.03,12.44,15.7,0,0,0,0,0,0,1,0,0,2.37,0.02,8740.31,%sSafe
528,23.17,1966.58,106.78,544.9,865.96,11.28,12.64,15.7,0,0,0,0,0,0,1,0,0,2.37,0.02,8740.33,%sSafe
529,24.01,1966.58,106.78,544.9,865.96,11.28,12.64,15.42,0,0,0,0,0,0,1,0,0,2.36,0,8740.36,%sSafe
530,24.75,1966.48,106.66,544.88,865.96,11.28,12.64,15.42,0,0,0,0,0,0,1,0,0,2.36,0,8740.38,%sSafe
531,24.29,1966.48,106.66,544.88,865.94,11.28,12.64,15.42,0,0,0,0,0,0,1,0,0,2.36,0,8740.41,%sSafe
532,26.88,1966.48,106.66,544.88,865.94,11.28,12.65,15.25,0,0,0,0,0,0,1,0,0,2.36,0,8740.43,%sSafe
533,25.28,1966.48,106.66,544.88,865.94,11.28,12.65,15.25,0,0,0,0,0,0,1,0,0,2.36,0,8740.46,%sSafe
534,27.94,1966.63,106.78,545.18,866.12,11.28,12.65,15.25,0,0,0,0,0,0,1,0,0,2.36,0,8740.49,%sSafe
535,25.65,1966.63,106.78,545.18,866.12,11.41,12.58,14.66,0,0,0,0,0,0,1,0,0,2.36,0,8740.51,%sSafe
536,27.91,1966.63,106.78,545.18,866.12,11.41,12.58,14.66,0,0,0,0,0,0,1,0,0,2.36,-0.01,8740.54,%sSafe
537,25.61,1966.96,106.97,545.36,866.12,11.41,12.58,14.66,0,0,0,0,0,0,1,0,0,2.36,-0.01,8740.57,%sSafe
538,24.5,1966.96,106.97,545.36,866.12,10.89,12.58,14.66,0,0,0,0,0,0,1,0,0,2.36,-0.01,8740.59,%sSafe
539,28.06,1966.96,106.97,545.36,866.12,10.89,12.06,14.21,0,0,0,0,0,0,1,0,0,2.36,-0.01,8740.62,%sSafe
540,25.13,1966.96,106.97,545.36,866.12,10.89,12.06,14.21,0,0,0,0,0,0,1,0,0,2.37,-0.01,8740.64,%sSafe
541,28.03,1967.26,107.04,545.49,866.1,10.89,12.06,14.21,0,0,0,0,0,0,1,0,0,2.37,-0.01,8740.67,%sSafe
542,25.08,1967.26,107.04,545.49,866.1,10.25,11.41,14.21,0,0,0,0,0,0,1,0,0,2.37,-0.01,8740.7,%sSafe
543,24.34,1967.26,107.04,545.49,866.1,10.25,11.41,13.98,0,0,0,0,0,0,1,0,0,2.37,-0.01,8740.72,%sSafe
544,23.14,1968.07,107.04,545.49,866.1,10.25,11.41,13.98,0,0,0,0,0,0,1,0,0,2.37,-0.01,8740.74,%sSafe
545,22.56,1968.07,107.25,545.54,866,9.98,11.41,13.98,0,0,0,0,0,0,1,0,0,2.37,-0.01,8740.77,%sSafe
546,26.59,1968.07,107.25,545.54,866,9.98,11.17,13.88,0,0,0,0,0,0,1,0,0,2.37,-0.01,8740.79,%sSafe
547,28.66,1968.07,107.25,545.54,866,9.98,11.17,13.88,0,0,0,0,0,0,1,0,0,2.37,-0.01,8740.82,%sSafe
548,23.18,1968.93,107.55,545.54,866,9.98,11.17,13.88,0,0,0,0,0,0,1,0,0,2.38,-0.01,8740.85,%sSafe
549,25.15,1968.93,107.55,545.75,865.91,9.98,11.17,13.88,0,0,0,0,0,0,1,0,0,2.38,-0.01,8740.87,%sSafe
550,28.43,1968.93,107.55,545.75,865.91,9.58,10.76,13.88,0,0,0,0,0,0,1,0,0,2.38,-0.01,8740.9,%sSafe
551,22.03,1968.93,107.55,545.75,865.91,9.58,10.76,13.5,0,0,0,0,0,0,1,0,0,2.38,-0.01,8740.92,%sSafe
552,26.95,1968.93,107.55,545.75,865.91,9.58,10.76,13.5,0,0,0,0,0,0,1,0,0,2.38,-0.02,8740.95,%sSafe
553,28.67,1969.59,107.78,545.74,865.88,9.58,10.76,13.5,0,0,0,0,0,0,1,0,0,2.38,-0.02,8740.98,%sSafe
554,23.45,1969.59,107.78,545.74,865.88,9,10.51,13.5,0,0,0,0,0,0,1,0,0,2.38,-0.02,8741,%sSafe
555,27.79,1969.59,107.78,545.74,865.88,9,10.51,13.4,0,0,0,0,0,0,1,0,0,2.38,-0.01,8741.03,%sSafe
556,27.23,1969.47,107.78,545.55,865.88,9,10.51,13.4,0,0,0,0,0,0,1,0,0,2.38,-0.01,8741.06,%sSafe
557,26.15,1969.47,107.78,545.55,865.88,9,10.51,13.4,0,0,0,0,0,0,1,0,0,2.38,-0.01,8741.08,%sSafe
558,24.08,1969.47,107.78,545.55,865.83,8.97,10.54,13.4,0,0,0,0,0,0,1,0,0,2.38,-0.01,8741.11,%sSafe
559,22.64,1969.47,107.78,545.55,865.83,8.97,10.54,13.87,0,0,0,0,0,0,1,0,0,2.38,-0.01,8741.13,%sSafe
560,26.11,1969.29,107.78,545.55,865.83,8.97,10.54,13.87,0,0,0,0,0,0,1,0,0,2.38,-0.01,8741.15,%sSafe
561,25.14,1969.29,107.73,545.55,865.83,8.97,10.54,13.87,0,0,0,0,0,0,1,0,0,2.38,-0.01,8741.18,%sSafe
562,24.02,1969.29,107.73,545.59,865.82,9.02,10.54,13.87,0,0,0,0,0,0,1,0,0,2.38,-0.01,8741.2,%sSafe
563,22.05,1969.29,107.73,545.59,865.82,9.02,10.79,13.7,0,0,0,0,0,0,1,0,0,2.38,-0.01,8741.23,%sSafe
564,25.67,1969.34,107.74,545.7,865.82,9.02,10.79,13.7,0,0,0,0,0,0,1,0,0,2.38,0,8741.25,%sSafe
565,29.1,1969.34,107.74,545.7,865.96,9.02,10.79,13.7,0,0,0,0,0,0,1,0,0,2.38,0,8741.28,%sSafe
566,26.76,1969.34,107.74,545.7,865.96,9.13,10.82,13.7,0,0,0,0,0,0,1,0,0,2.38,0,8741.31,%sSafe
567,24.35,1969.34,107.74,545.7,865.96,9.13,10.82,13.83,0,0,0,0,0,0,1,0,0,2.38,-0.01,8741.33,%sSafe
568,26.66,1969.32,107.77,545.7,865.96,9.13,10.82,13.83,0,0,0,0,0,0,1,0,0,2.38,-0.01,8741.36,%sSafe
569,32.3,1969.32,107.77,545.93,866.26,9.13,10.82,13.83,0,0,0,0,0,0,1,0,0,2.38,-0.01,8741.39,%sSafe
570,25.03,1969.32,107.77,545.93,866.26,9.59,10.53,13.45,0,0,0,0,0,0,1,0,0,2.38,-0.01,8741.42,%sSafe
571,26.63,1969.32,107.77,545.93,866.26,9.59,10.53,13.45,0,0,0,0,0,0,1,0,0,2.38,-0.01,8741.44,%sSafe
572,26.21,1969.33,107.74,545.93,866.26,9.59,10.53,13.45,0,0,0,0,0,0,1,0,0,2.38,-0.01,8741.47,%sSafe
573,26.19,1969.33,107.74,545.92,866.26,9.59,10.53,13.45,0,0,0,0,0,0,1,0,0,2.38,-0.01,8741.49,%sSafe
574,23.65,1969.33,107.74,545.92,866.21,9.42,10.53,13.45,0,0,0,0,0,0,1,0,0,2.38,-0.01,8741.52,%sSafe
575,29.16,1969.33,107.74,545.92,866.21,9.42,10.19,13.45,0,0,0,0,0,0,1,0,0,2.38,-0.01,8741.55,%sSafe
576,32.79,1969.33,107.74,545.92,866.21,9.42,10.19,13.43,0,0,0,0,0,0,1,0,0,2.38,-0.01,8741.58,%sSafe
577,30.73,1969.33,107.74,545.92,866.21,9.42,10.19,13.43,0,0,0,0,0,0,1,0,0,2.38,-0.01,8741.61,%sSafe
578,28.72,1968.88,107.47,545.85,866.21,9.42,10.19,13.43,0,0,0,0,0,0,1,0,0,2.38,-0.01,8741.64,%sSafe
579,51.79,1968.88,107.47,545.85,866.23,9.42,10.19,13.43,0,0,0,0,0,0,1,0,0,2.38,-0.01,8741.69,%sSafe
580,29.67,1968.88,107.47,545.85,866.23,9.96,10.19,13.43,0,0,0,0,0,0,1,0,0,2.38,-0.01,8741.72,%sSafe
581,28.53,1968.88,107.47,545.85,866.23,9.96,10.45,13.35,0,0,0,0,0,0,1,0,0,2.38,-0.01,8741.75,%sSafe
582,34.36,1968.88,107.47,545.85,866.23,9.96,10.45,13.35,0,0,0,0,0,0,1,0,0,2.38,-0.01,8741.78,%sSafe
583,30.74,1968.62,107.47,545.85,866.23,9.96,10.45,13.35,0,0,0,0,0,0,1,0,0,2.38,-0.01,8741.81,%sSafe
584,31.81,1968.62,107.38,545.85,866.23,9.96,10.45,13.35,0,0,0,0,0,0,1,0,0,2.38,-0.01,8741.85,%sSafe
585,28.61,1968.62,107.38,545.85,866.44,9.96,10.45,13.35,0,0,0,0,0,0,1,0,0,2.38,-0.01,8741.88,%sSafe
586,39.17,1968.62,107.38,545.85,866.44,10.58,10.75,13.35,0,0,0,0,0,0,1,0,0,2.38,-0.01,8741.91,%sSafe
587,33.82,1968.62,107.38,545.85,866.44,10.58,10.75,13.35,0,0,0,0,0,0,1,0,0,2.38,-0.01,8741.95,%sSafe
588,27.2,1968.62,107.38,545.85,866.44,10.58,10.75,13.35,0,0,0,0,0,0,1,0,0,2.38,0,8741.98,%sSafe
589,37.15,1968.08,107.38,545.85,866.44,10.58,10.75,13.35,0,0,0,0,0,0,1,0,0,2.38,0,8742.01,%sSafe
590,30.56,1968.08,107.24,545.72,866.44,10.58,10.75,13.35,0,0,0,0,0,0,1,0,0,2.38,0,8742.04,%sSafe
591,30.35,1968.08,107.24,545.72,866.45,10.58,10.75,13.35,0,0,0,0,0,0,1,0,0,2.38,0,8742.07,%sSafe
592,34.82,1968.08,107.24,545.72,866.45,11.2,11.39,13.35,0,0,0,0,0,0,1,0,0,2.38,0,8742.11,%sSafe
593,32.99,1968.08,107.24,545.72,866.45,11.2,11.39,13.96,0,0,0,0,0,0,1,0,0,2.38,0,8742.14,%sSafe
594,28.35,1968.08,107.24,545.72,866.45,11.2,11.39,13.96,0,0,0,0,0,0,1,0,0,2.38,0.02,8742.17,%sSafe
595,37.68,1967.35,107.24,545.72,866.45,11.2,11.39,13.96,0,0,0,0,0,0,1,0,0,2.38,0.02,8742.21,%sSafe
596,29.27,1967.35,106.97,545.51,866.45,11.2,11.39,13.96,0,0,0,0,0,0,1,0,0,2.38,0.02,8742.24,%sSafe
597,30.25,1967.35,106.97,545.51,866.53,11.2,11.39,13.96,0,0,0,0,0,0,1,0,0,2.38,0.02,8742.27,%sSafe
598,28.91,1967.35,106.97,545.51,866.53,11.62,11.84,13.96,0,0,0,0,0,0,1,0,0,2.38,0.02,8742.3,%sSafe
599,32.5,1967.35,106.97,545.51,866.53,11.62,11.84,14.01,0,0,0,0,0,0,1,0,0,2.38,0.03,8742.33,%sSafe
600,28.77,1967.35,106.97,545.51,866.53,11.62,11.84,14.01,0,0,0,0,0,0,1,0,0,2.38,0.03,8742.36,%sSafe
601,29.58,1966.47,106.97,545.51,866.53,11.62,11.84,14.01,0,0,0,0,0,0,1,0,0,2.38,0.03,8742.39,%sSafe
602,30.29,1966.47,106.78,545.3,866.53,11.62,11.84,14.01,0,0,0,0,0,0,1,0,0,2.38,0.03,8742.42,%sSafe
603,31.2,1966.47,106.78,545.3,866.53,11.62,11.84,14.01,0,0,0,0,0,0,1,0,0,2.38,0.03,8742.45,%sSafe
604,27.28,1966.47,106.78,545.3,866.31,12.33,12.8,14.01,0,0,0,0,0,0,1,0,0,2.38,0.03,8742.48,%sSafe
605,31.79,1966.47,106.78,545.3,866.31,12.33,12.8,14.04,0,0,0,0,0,0,1,0,0,2.38,0.03,8742.51,%sSafe
606,29.99,1966.47,106.78,545.3,866.31,12.33,12.8,14.04,0,0,0,0,0,0,1,0,0,2.38,0.03,8742.54,%sSafe
607,25.65,1966.42,106.78,545.3,866.31,12.33,12.8,14.04,0,0,0,0,0,0,1,0,0,2.38,0.03,8742.56,%sSafe
608,30.4,1966.42,106.73,545.34,866.31,12.33,12.8,14.04,0,0,0,0,0,0,1,0,0,2.38,0.03,8742.59,%sSafe
609,28.51,1966.42,106.73,545.34,866.32,12.29,12.8,14.04,0,0,0,0,0,0,1,0,0,2.38,0.03,8742.62,%sSafe
610,28.57,1966.42,106.73,545.34,866.32,12.29,12.71,13.52,0,0,0,0,0,0,1,0,0,2.38,0.03,8742.65,%sSafe
611,24.69,1966.42,106.73,545.34,866.32,12.29,12.71,13.52,0,0,0,0,0,0,1,0,0,2.38,0.01,8742.68,%sSafe
612,28.61,1966.27,106.73,545.34,866.32,12.29,12.71,13.52,0,0,0,0,0,0,1,0,0,2.37,0.01,8742.7,%sSafe
613,29.56,1966.27,106.83,545.36,866.32,12.29,12.71,13.52,0,0,0,0,0,0,1,0,0,2.37,0.01,8742.73,%sSafe
614,23.14,1966.27,106.83,545.36,866.55,12.29,12.71,13.52,0,0,0,0,0,0,1,0,0,2.37,0.01,8742.76,%sSafe
615,32.21,1966.27,106.83,545.36,866.55,12.99,12.75,12.86,0,0,0,0,0,0,1,0,0,2.37,0.01,8742.79,%sSafe
616,32.89,1966.27,106.83,545.36,866.55,12.99,12.75,12.86,0,0,0,0,0,0,1,0,0,2.37,0.02,8742.82,%sSafe
617,32.56,1966.11,106.83,545.36,866.55,12.99,12.75,12.86,0,0,0,0,0,0,1,0,0,2.37,0.02,8742.85,%sSafe
618,28.14,1966.11,106.67,545.19,866.42,12.99,12.75,12.86,0,0,0,0,0,0,1,0,0,2.37,0.02,8742.88,%sSafe
619,24.77,1966.11,106.67,545.19,866.42,12.99,12.75,12.86,0,0,0,0,0,0,1,0,0,2.37,0.02,8742.91,%sSafe
620,24.54,1966.11,106.67,545.19,866.42,12.76,13.09,12.86,0,0,0,0,0,0,1,0,0,2.37,0.02,8742.93,%sSafe
621,23.08,1966.11,106.67,545.19,866.42,12.76,13.09,12.86,0,0,0,0,0,0,1,0,0,2.37,0.02,8742.95,%sSafe
622,32.11,1966.8,106.67,545.19,866.42,12.76,13.09,12.86,0,0,0,0,0,0,1,0,0,2.38,0.02,8742.99,%sSafe
623,28.53,1966.8,106.88,544.98,866.42,12.76,13.09,12.86,0,0,0,0,0,0,1,0,0,2.38,0.02,8743.02,%sSafe
624,24.74,1966.8,106.88,544.98,866.12,12.76,13.09,12.86,0,0,0,0,0,0,1,0,0,2.38,0.02,8743.04,%sSafe
625,23.97,1966.8,106.88,544.98,866.12,11.99,12.77,12.85,0,0,0,0,0,0,1,0,0,2.38,0.04,8743.06,%sSafe
626,24.21,1966.8,106.88,544.98,866.12,11.99,12.77,12.85,0,0,0,0,0,0,1,0,0,2.38,0.04,8743.09,%sSafe
627,25.22,1966.8,106.88,544.98,866.12,11.99,12.77,12.85,0,0,0,0,0,0,1,0,0,2.38,0.04,8743.11,%sSafe
628,24.11,1966.8,106.74,544.72,866.12,11.99,12.77,12.85,0,0,0,0,0,0,1,0,0,2.38,0.04,8743.14,%sSafe
629,27.6,1966.8,106.74,544.72,865.86,11.44,12.97,12.85,0,0,0,0,0,0,1,0,0,2.38,0.04,8743.16,%sSafe
630,31.67,1966.8,106.74,544.72,865.86,11.44,12.97,13.3,0,0,0,0,0,0,1,0,0,2.38,0.04,8743.2,%sSafe
631,22.63,1966.8,106.74,544.72,865.86,11.44,12.97,13.3,0,0,0,0,0,0,1,0,0,2.38,0.06,8743.22,%sSafe
632,28.04,1966.68,106.69,544.51,865.86,11.44,12.97,13.3,0,0,0,0,0,0,1,0,0,2.38,0.06,8743.25,%sSafe
633,31.06,1966.68,106.69,544.51,865.65,11.44,12.97,13.3,0,0,0,0,0,0,1,0,0,2.38,0.06,8743.28,%sSafe
634,25.4,1966.68,106.69,544.51,865.65,11.16,13.45,14.03,0,0,0,0,0,0,1,0,0,2.38,0.06,8743.3,%sSafe
635,28.63,1966.68,106.69,544.51,865.65,11.16,13.45,14.03,0,0,0,0,0,0,1,0,0,2.39,0.06,8743.33,%sSafe
636,24.06,1967.36,106.69,544.51,865.65,11.16,13.45,14.03,0,0,0,0,0,0,1,0,0,2.39,0.06,8743.36,%sSafe
637,30.66,1967.36,106.96,544.63,865.54,11.16,13.45,14.03,0,0,0,0,0,0,1,0,0,2.39,0.06,8743.39,%sSafe
638,23.59,1967.36,106.96,544.63,865.54,10.58,13.14,14.03,0,0,0,0,0,0,1,0,0,2.39,0.06,8743.41,%sSafe
639,57.25,1967.36,106.96,544.63,865.54,10.58,13.14,14.09,0,0,0,0,0,0,1,0,0,2.39,0.06,8743.47,%sSafe
640,80.49,1967.86,106.96,544.63,865.54,10.58,13.14,14.09,0,0,0,0,0,0,1,0,0,2.39,0.06,8743.55,%sSafe
641,23.22,1967.86,106.88,544.63,865.54,10.58,13.14,14.09,0,0,0,0,0,0,1,0,0,2.39,0.06,8743.57,%sSafe
642,25.16,1967.86,106.88,544.65,865.57,10.58,13.14,14.09,0,0,0,0,0,0,1,0,0,2.39,0.06,8743.6,%sSafe
643,27.64,1967.86,106.88,544.65,865.57,10.03,12.48,14.09,0,0,0,0,0,0,1,0,0,2.39,0.06,8743.62,%sSafe
644,24.03,1967.86,106.88,544.65,865.57,10.03,12.48,13.75,0,0,0,0,0,0,1,0,0,2.38,0.05,8743.65,%sSafe
645,23.68,1968.38,106.88,544.65,865.57,10.03,12.48,13.75,0,0,0,0,0,0,1,0,0,2.38,0.05,8743.67,%sSafe
646,23.08,1968.38,107.16,544.84,865.57,10.03,12.48,13.75,0,0,0,0,0,0,1,0,0,2.38,0.05,8743.7,%sSafe
647,28.75,1968.38,107.16,544.84,865.67,9.65,12.48,13.75,0,0,0,0,0,0,1,0,0,2.38,0.05,8743.72,%sSafe
648,27.58,1968.38,107.16,544.84,865.67,9.65,12.06,13.68,0,0,0,0,0,0,1,0,0,2.38,0.05,8743.75,%sSafe
649,24.22,1968.38,107.16,544.84,865.67,9.65,12.06,13.68,0,0,0,0,0,0,1,0,0,2.38,0.05,8743.78,%sSafe
650,31.71,1968.49,107.16,544.84,865.67,9.65,12.06,13.68,0,0,0,0,0,0,1,0,0,2.38,0.05,8743.81,%sSafe
651,27.7,1968.49,107.16,544.9,865.73,9.65,12.06,13.68,0,0,0,0,0,0,1,0,0,2.38,0.05,8743.84,%sSafe
652,26.31,1968.49,107.16,544.9,865.73,8.96,11.3,14.17,0,0,0,0,0,0,1,0,0,2.38,0.05,8743.86,%sSafe
653,27.56,1968.49,107.16,544.9,865.73,8.96,11.3,14.17,0,0,0,0,0,0,1,0,0,2.38,0.06,8743.89,%sSafe
654,24.78,1968,107.16,544.9,865.73,8.96,11.3,14.17,0,0,0,0,0,0,1,0,0,2.38,0.06,8743.91,%sSafe
655,24.82,1968,107.07,544.87,865.73,8.96,11.3,14.17,0,0,0,0,0,0,1,0,0,2.38,0.06,8743.94,%sSafe
656,26.22,1968,107.07,544.87,865.74,9,11.78,15.04,0,0,0,0,0,0,1,0,0,2.38,0.06,8743.96,%sSafe
657,22.17,1968,107.07,544.87,865.74,9,11.78,15.04,0,0,0,0,0,0,1,0,0,2.38,0.05,8743.99,%sSafe
658,25.7,1968,107.07,544.87,865.74,9,11.78,15.04,0,0,0,0,0,0,1,0,0,2.38,0.05,8744.01,%sSafe
659,26.75,1968.04,107.1,544.88,865.6,9,11.78,15.04,0,0,0,0,0,0,1,0,0,2.38,0.05,8744.04,%sSafe
660,31.19,1968.04,107.1,544.88,865.6,8.52,11.78,15.04,0,0,0,0,0,0,1,0,0,2.38,0.05,8744.07,%sSafe
661,29.81,1968.04,107.1,544.88,865.6,8.52,11.15,14.98,0,0,0,0,0,0,1,0,0,2.38,0.04,8744.1,%sSafe
662,27.79,1968.51,107.1,544.88,865.6,8.52,11.15,14.98,0,0,0,0,0,0,1,0,0,2.38,0.04,8744.13,%sSafe
663,40.94,1968.51,107.29,545,865.6,8.52,11.15,14.98,0,0,0,0,0,0,1,0,0,2.38,0.04,8744.17,%sSafe
664,26.04,1968.51,107.29,545,865.58,8.52,11.15,14.98,0,0,0,0,0,0,1,0,0,2.38,0.04,8744.2,%sSafe
665,23.2,1968.51,107.29,545,865.58,8.37,11.15,14.98,0,0,0,0,0,0,1,0,0,2.38,0.04,8744.22,%sSafe
666,24.7,1968.51,107.29,545,865.58,8.37,10.44,14.59,0,0,0,0,0,0,1,0,0,2.38,0.04,8744.24,%sSafe
667,39.4,1968.85,107.29,545,865.58,8.37,10.44,14.59,0,0,0,0,0,0,1,0,0,2.38,0.04,8744.28,%sSafe
668,37.3,1968.85,107.45,545.11,865.58,8.37,10.44,14.59,0,0,0,0,0,0,1,0,0,2.38,0.04,8744.32,%sSafe
669,24.16,1968.85,107.45,545.11,865.61,8.38,10.51,14.59,0,0,0,0,0,0,1,0,0,2.38,0.04,8744.34,%sSafe
670,31.71,1968.85,107.45,545.11,865.61,8.38,10.51,14.67,0,0,0,0,0,0,1,0,0,2.38,0.04,8744.38,%sSafe
671,43.93,1968.82,107.45,545.11,865.61,8.38,10.51,14.67,0,0,0,0,0,0,1,0,0,2.38,0.05,8744.42,%sSafe
672,22.31,1968.82,107.59,545.11,865.61,8.38,10.51,14.67,0,0,0,0,0,0,1,0,0,2.38,0.05,8744.44,%sSafe
673,34.69,1968.82,107.59,545.17,865.62,8.42,10.51,14.67,0,0,0,0,0,0,1,0,0,2.38,0.05,8744.48,%sSafe
674,21.71,1968.82,107.59,545.17,865.62,8.42,10.62,14.35,0,0,0,0,0,0,1,0,0,2.38,0.05,8744.5,%sSafe
675,24.87,1968.86,107.59,545.17,865.62,8.42,10.62,14.35,0,0,0,0,0,0,1,0,0,2.38,0.04,8744.52,%sSafe
676,26.77,1968.86,107.59,545.35,865.62,8.42,10.62,14.35,0,0,0,0,0,0,1,0,0,2.38,0.04,8744.55,%sSafe
677,43.72,1968.86,107.59,545.35,865.8,8.67,10.62,14.35,0,0,0,0,0,0,1,0,0,2.38,0.04,8744.59,%sSafe
678,27.69,1968.86,107.59,545.35,865.8,8.67,10.11,13.72,0,0,0,0,0,0,1,0,0,2.38,0.04,8744.62,%sSafe
679,22,1968.86,107.59,545.35,865.8,8.67,10.11,13.72,0,0,0,0,0,0,1,0,0,2.38,0.04,8744.64,%sSafe
680,30.23,1968.86,107.59,545.35,865.8,8.67,10.11,13.72,0,0,0,0,0,0,1,0,0,2.38,0.04,8744.67,%sSafe
681,26.65,1968.11,107.33,545.29,865.8,8.67,10.11,13.72,0,0,0,0,0,0,1,0,0,2.38,0.04,8744.7,%sSafe
682,25.04,1968.11,107.33,545.29,865.93,9.16,10.11,13.72,0,0,0,0,0,0,1,0,0,2.38,0.04,8744.73,%sSafe
683,30.62,1968.11,107.33,545.29,865.93,9.16,10.23,13.72,0,0,0,0,0,0,1,0,0,2.38,0.04,8744.76,%sSafe
684,22.48,1968.11,107.33,545.29,865.93,9.16,10.23,13.76,0,0,0,0,0,0,1,0,0,2.38,0.02,8744.78,%sSafe
685,30.62,1967.58,107.33,545.29,865.93,9.16,10.23,13.76,0,0,0,0,0,0,1,0,0,2.37,0.02,8744.81,%sSafe
686,23.99,1967.58,107.55,545.5,865.93,9.16,10.23,13.76,0,0,0,0,0,0,1,0,0,2.37,0.02,8744.83,%sSafe
687,26.61,1967.58,107.55,545.5,866.09,9.16,10.23,13.76,0,0,0,0,0,0,1,0,0,2.37,0.02,8744.86,%sSafe
688,29.17,1967.58,107.55,545.5,866.09,9.12,10.23,13.5,0,0,0,0,0,0,1,0,0,2.37,0.02,8744.89,%sSafe
689,28.28,1967.58,107.55,545.5,866.09,9.12,10.23,13.5,0,0,0,0,0,0,1,0,0,2.38,0.02,8744.92,%sSafe
690,22.01,1967.61,107.5,545.3,866.09,9.12,10.23,13.5,0,0,0,0,0,0,1,0,0,2.38,0.02,8744.94,%sSafe
691,34.32,1967.61,107.5,545.3,865.91,9.12,10.22,13.5,0,0,0,0,0,0,1,0,0,2.38,0.02,8744.97,%sSafe
692,25.1,1967.61,107.5,545.3,865.91,9.12,10.22,13.67,0,0,0,0,0,0,1,0,0,2.38,0.02,8745,%sSafe
693,23.65,1968,107.54,545.3,865.91,9.12,10.22,13.67,0,0,0,0,0,0,1,0,0,2.38,0.01,8745.02,%sSafe
694,25,1968,107.54,545.26,865.91,9.12,10.22,13.67,0,0,0,0,0,0,1,0,0,2.38,0.01,8745.05,%sSafe
695,23.73,1968,107.54,545.26,865.91,9.12,10.04,13.67,0,0,0,0,0,0,1,0,0,2.38,0.01,8745.07,%sSafe
696,24.83,1968,107.54,545.26,865.91,9.12,10.04,13.61,0,0,0,0,0,0,1,0,0,2.38,0.01,8745.1,%sSafe
697,23.47,1968.42,107.65,545.33,865.91,9.12,10.04,13.61,0,0,0,0,0,0,1,0,0,2.38,0.01,8745.12,%sSafe
698,26.1,1968.42,107.65,545.33,865.91,9.09,10.04,13.61,0,0,0,0,0,0,1,0,0,2.38,0.01,8745.15,%sSafe
699,28.93,1968.42,107.65,545.33,865.91,9.09,9.56,12.8,0,0,0,0,0,0,1,0,0,2.38,0.01,8745.17,%sSafe
700,25.68,1968.42,107.65,545.33,865.91,9.09,9.56,12.8,0,0,0,0,0,0,1,0,0,2.38,0.03,8745.2,%sSafe
701,22.97,1968.42,107.55,545.28,865.91,9.09,9.56,12.8,0,0,0,0,0,0,1,0,0,2.38,0.03,8745.22,%sSafe
702,24.02,1968.42,107.55,545.28,865.82,9.05,10.19,12.8,0,0,0,0,0,0,1,0,0,2.38,0.03,8745.25,%sSafe
703,27.2,1968.42,107.55,545.28,865.82,9.05,10.19,13.45,0,0,0,0,0,0,1,0,0,2.38,0.04,8745.27,%sSafe
704,23.05,1968.42,107.55,545.28,865.82,9.05,10.19,13.45,0,0,0,0,0,0,1,0,0,2.38,0.04,8745.3,%sSafe
705,26.63,1967.98,107.4,545.22,865.88,9.36,10.19,13.45,0,0,0,0,0,0,1,0,0,2.38,0.04,8745.32,%sSafe
706,29.53,1967.98,107.4,545.22,865.88,9.36,10.19,13.45,0,0,0,0,0,0,1,0,0,2.38,0.04,8745.35,%sSafe
707,22.64,1967.98,107.4,545.22,865.88,9.36,10.43,13.75,0,0,0,0,0,0,1,0,0,2.38,0.04,8745.38,%sSafe
708,27.55,1966.99,107.4,545.22,865.88,9.36,10.43,13.75,0,0,0,0,0,0,1,0,0,2.37,0.04,8745.4,%sSafe
709,26.53,1966.99,107.01,545.27,865.88,9.36,10.43,13.75,0,0,0,0,0,0,1,0,0,2.37,0.04,8745.43,%sSafe
710,23.95,1966.99,107.01,545.27,866.09,9.94,10.51,13.75,0,0,0,0,0,0,1,0,0,2.37,0.04,8745.45,%sSafe
711,21.59,1966.99,107.01,545.27,866.09,9.94,10.51,13.73,0,0,0,0,0,0,1,0,0,2.37,0.04,8745.48,%sSafe
712,22.47,1967.03,107.01,545.27,866.09,9.94,10.51,13.73,0,0,0,0,0,0,1,0,0,2.37,0.01,8745.5,%sSafe
713,23.09,1967.03,106.99,545.27,866.09,9.94,10.51,13.73,0,0,0,0,0,0,1,0,0,2.37,0.01,8745.52,%sSafe
714,25.05,1967.03,106.99,545.43,866.34,10.48,10.15,13.73,0,0,0,0,0,0,1,0,0,2.37,0.01,8745.55,%sSafe
715,32.63,1967.03,106.99,545.43,866.34,10.48,10.15,13.6,0,0,0,0,0,0,1,0,0,2.37,0.01,8745.58,%sSafe
716,23.13,1967.21,106.99,545.43,866.34,10.48,10.15,13.6,0,0,0,0,0,0,1,0,0,2.37,0.01,8745.6,%sSafe
717,24.65,1967.21,107.19,545.51,866.37,10.48,10.15,13.6,0,0,0,0,0,0,1,0,0,2.37,0.01,8745.63,%sSafe
718,30.62,1967.21,107.19,545.51,866.37,10.49,10.15,13.6,0,0,0,0,0,0,1,0,0,2.37,0.01,8745.66,%sSafe
719,26.14,1967.21,107.19,545.51,866.37,10.49,10.45,13.64,0,0,0,0,0,0,1,0,0,2.37,0.01,8745.68,%sSafe
720,23.96,1967.24,107.28,545.47,866.37,10.49,10.45,13.64,0,0,0,0,0,0,1,0,0,2.37,0.01,8745.71,%sSafe
721,26.16,1967.24,107.28,545.47,866.3,10.08,10.45,13.64,0,0,0,0,0,0,1,0,0,2.37,0.01,8745.73,%sSafe
722,24.77,1967.24,107.28,545.47,866.3,10.08,10.33,13.64,0,0,0,0,0,0,1,0,0,2.37,0.01,8745.76,%sSafe
723,21.66,1967.24,107.28,545.47,866.3,10.08,10.33,13.5,0,0,0,0,0,0,1,0,0,2.37,0,8745.78,%sSafe
724,24.04,1967.68,107.28,545.47,866.3,10.08,10.33,13.5,0,0,0,0,0,0,1,0,0,2.37,0,8745.8,%sSafe
725,23.1,1967.68,107.14,545.24,866.11,10.02,10.26,13.5,0,0,0,0,0,0,1,0,0,2.37,0,8745.83,%sSafe
726,28.4,1967.68,107.14,545.24,866.11,10.02,10.26,13.73,0,0,0,0,0,0,1,0,0,2.37,0.02,8745.86,%sSafe
727,24.2,1967.68,107.14,545.24,866.11,10.02,10.26,13.73,0,0,0,0,0,0,1,0,0,2.36,0.02,8745.88,%sSafe
728,25.18,1967.1,107.1,545.36,866.11,10.02,10.26,13.73,0,0,0,0,0,0,1,0,0,2.36,0.02,8745.9,%sSafe
729,24.53,1967.1,107.1,545.36,866.24,10.38,10.47,13.73,0,0,0,0,0,0,1,0,0,2.36,0.02,8745.93,%sSafe
730,28.93,1967.1,107.1,545.36,866.24,10.38,10.47,13.6,0,0,0,0,0,0,1,0,0,2.36,0,8745.96,%sSafe
731,30.2,1966.68,107.1,545.36,866.24,10.38,10.47,13.6,0,0,0,0,0,0,1,0,0,2.36,0,8745.99,%sSafe
732,27.33,1966.68,107.09,545.5,866.41,10.9,10.62,13.6,0,0,0,0,0,0,1,0,0,2.36,0,8746.02,%sSafe
733,24.77,1966.68,107.09,545.5,866.41,10.9,10.62,13.18,0,0,0,0,0,0,1,0,0,2.36,0,8746.04,%sSafe
734,27.79,1966.68,107.09,545.5,866.41,10.9,10.62,13.18,0,0,0,0,0,0,1,0,0,2.36,-0.01,8746.07,%sSafe
735,27.82,1967.04,107.14,545.59,866.41,10.9,10.62,13.18,0,0,0,0,0,0,1,0,0,2.36,-0.01,8746.1,%sSafe
736,22.6,1967.04,107.14,545.59,866.41,10.97,10.71,13.18,0,0,0,0,0,0,1,0,0,2.36,-0.01,8746.12,%sSafe
737,27.3,1967.04,107.14,545.59,866.41,10.97,10.71,13.15,0,0,0,0,0,0,1,0,0,2.36,-0.01,8746.15,%sSafe
738,27.79,1967.32,107.31,545.61,866.41,10.97,10.71,13.15,0,0,0,0,0,0,1,0,0,2.36,-0.01,8746.17,%sSafe
739,27.06,1967.32,107.31,545.61,866.41,10.72,10.27,13.15,0,0,0,0,0,0,1,0,0,2.36,-0.01,8746.2,%sSafe
740,21.17,1967.32,107.31,545.61,866.41,10.72,10.27,13.17,0,0,0,0,0,0,1,0,0,2.36,-0.01,8746.22,%sSafe
741,23.84,1967.32,107.31,545.61,866.41,10.72,10.27,13.17,0,0,0,0,0,0,1,0,0,2.37,-0.01,8746.25,%sSafe
742,29.11,1967.91,107.38,545.61,866.38,10.72,10.27,13.17,0,0,0,0,0,0,1,0,0,2.37,-0.01,8746.28,%sSafe
743,30.58,1967.91,107.38,545.61,866.38,10.41,10.02,13.17,0,0,0,0,0,0,1,0,0,2.37,-0.01,8746.31,%sSafe
744,25.74,1967.91,107.38,545.61,866.38,10.41,10.02,13.13,0,0,0,0,0,0,1,0,0,2.37,-0.01,8746.33,%sSafe
745,33.72,1967.91,107.38,545.61,866.38,10.41,10.02,13.13,0,0,0,0,0,0,1,0,0,2.37,0,8746.37,%sSafe
746,28.04,1968.17,107.38,545.61,866.38,10.41,10.02,13.13,0,0,0,0,0,0,1,0,0,2.37,0,8746.39,%sSafe
747,36.09,1968.17,107.34,545.43,866.19,9.93,10.02,13.13,0,0,0,0,0,0,1,0,0,2.37,0,8746.43,%sSafe
748,54.34,1968.17,107.34,545.43,866.19,9.93,10.13,13.13,0,0,0,0,0,0,1,0,0,2.37,0,8746.48,%sSafe
749,25.43,1968.17,107.34,545.43,866.19,9.93,10.13,13.33,0,0,0,0,0,0,1,0,0,2.38,0.01,8746.51,%sSafe
750,27.23,1968.11,107.23,545.43,866.19,9.93,10.13,13.33,0,0,0,0,0,0,1,0,0,2.38,0.01,8746.54,%sSafe
751,23.49,1968.11,107.23,545.25,866.19,9.93,10.13,13.33,0,0,0,0,0,0,1,0,0,2.38,0.01,8746.56,%sSafe
752,28.68,1968.11,107.23,545.25,865.94,9.93,10.13,13.33,0,0,0,0,0,0,1,0,0,2.38,0.01,8746.59,%sSafe
753,24.47,1968.11,107.23,545.25,865.94,9.25,10.16,14.05,0,0,0,0,0,0,1,0,0,2.38,0.02,8746.61,%sSafe
754,25.19,1968.11,107.23,545.25,865.94,9.25,10.16,14.05,0,0,0,0,0,0,1,0,0,2.38,0.02,8746.64,%sSafe
755,24.56,1967.97,107.01,545.25,865.94,9.25,10.16,14.05,0,0,0,0,0,0,1,0,0,2.38,0.02,8746.66,%sSafe
756,24.62,1967.97,107.01,545.02,865.72,9.25,10.16,14.05,0,0,0,0,0,0,1,0,0,2.38,0.02,8746.69,%sSafe
757,28.36,1967.97,107.01,545.02,865.72,8.71,9.98,14.8,0,0,0,0,0,0,1,0,0,2.38,0.02,8746.72,%sSafe
758,27.65,1967.97,107.01,545.02,865.72,8.71,9.98,14.8,0,0,0,0,0,0,1,0,0,2.38,0.04,8746.74,%sSafe
759,25.66,1968.35,107.01,545.02,865.72,8.71,9.98,14.8,0,0,0,0,0,0,1,0,0,2.38,0.04,8746.77,%sSafe
760,26.62,1968.35,106.89,544.94,865.72,8.71,9.98,14.8,0,0,0,0,0,0,1,0,0,2.38,0.04,8746.8,%sSafe
761,31.29,1968.35,106.89,544.94,865.63,8.71,9.98,14.8,0,0,0,0,0,0,1,0,0,2.38,0.04,8746.83,%sSafe
762,26.56,1968.35,106.89,544.94,865.63,8.71,10.31,15.19,0,0,0,0,0,0,1,0,0,2.38,0.04,8746.85,%sSafe
763,32.64,1967.84,106.89,544.94,865.63,8.71,10.31,15.19,0,0,0,0,0,0,1,0,0,2.39,0.06,8746.89,%sSafe
764,22.11,1967.84,106.75,544.94,865.63,8.71,10.31,15.19,0,0,0,0,0,0,1,0,0,2.39,0.06,8746.91,%sSafe
765,25.23,1967.84,106.75,544.96,865.62,8.71,10.31,15.19,0,0,0,0,0,0,1,0,0,2.39,0.06,8746.93,%sSafe
766,28.44,1967.84,106.75,544.96,865.62,8.82,10.64,15.21,0,0,0,0,0,0,1,0,0,2.39,0.06,8746.96,%sSafe
767,28.21,1967.84,106.75,544.96,865.62,8.82,10.64,15.21,0,0,0,0,0,0,1,0,0,2.38,0.05,8746.99,%sSafe
768,24.35,1968,106.75,544.96,865.62,8.82,10.64,15.21,0,0,0,0,0,0,1,0,0,2.38,0.05,8747.01,%sSafe
769,23.89,1968,106.64,544.95,865.6,8.82,10.64,15.21,0,0,0,0,0,0,1,0,0,2.38,0.05,8747.04,%sSafe
770,27.53,1968,106.64,544.95,865.6,8.48,10.47,15.19,0,0,0,0,0,0,1,0,0,2.38,0.05,8747.07,%sSafe
771,25.11,1968.37,106.64,544.95,865.6,8.48,10.47,15.19,0,0,0,0,0,0,1,0,0,2.38,0.05,8747.09,%sSafe
772,22.16,1968.37,106.83,544.95,865.6,8.48,10.47,15.19,0,0,0,0,0,0,1,0,0,2.38,0.05,8747.11,%sSafe
773,23.89,1968.37,106.83,544.98,865.44,7.98,10.46,15.19,0,0,0,0,0,0,1,0,0,2.38,0.05,8747.14,%sSafe
774,88.68,1968.37,106.83,544.98,865.44,7.98,10.46,15.45,0,0,0,0,0,0,1,0,0,2.38,0.06,8747.23,%sSafe
775,40.39,1968.37,106.83,544.98,865.44,7.98,10.46,15.45,0,0,0,0,0,0,1,0,0,2.38,0.06,8747.27,%sSafe
776,27.87,1967.85,106.83,544.98,865.44,7.98,10.46,15.45,0,0,0,0,0,0,1,0,0,2.38,0.06,8747.29,%sSafe
777,28.86,1967.85,106.6,544.87,865.44,7.98,10.46,15.45,0,0,0,0,0,0,1,0,0,2.38,0.06,8747.32,%sSafe
778,26.54,1967.85,106.6,544.87,865.48,7.98,10.46,15.45,0,0,0,0,0,0,1,0,0,2.38,0.06,8747.35,%sSafe
779,22.33,1967.85,106.6,544.87,865.48,8.21,10.69,15.45,0,0,0,0,0,0,1,0,0,2.38,0.06,8747.37,%sSafe
780,30.96,1967.85,106.6,544.87,865.48,8.21,10.69,15.7,0,0,0,0,0,0,1,0,0,2.38,0.07,8747.4,%sSafe
781,24.8,1967.7,106.6,544.87,865.48,8.21,10.69,15.7,0,0,0,0,0,0,1,0,0,2.38,0.07,8747.43,%sSafe
782,23.51,1967.7,106.48,544.9,865.51,8.21,10.69,15.7,0,0,0,0,0,0,1,0,0,2.38,0.07,8747.45,%sSafe
783,28.1,1967.7,106.48,544.9,865.51,8.37,11.02,15.7,0,0,0,0,0,0,1,0,0,2.38,0.07,8747.48,%sSafe
784,24.03,1967.7,106.48,544.9,865.51,8.37,11.02,15.58,0,0,0,0,0,0,1,0,0,2.38,0.05,8747.5,%sSafe
785,28.68,1967.25,106.53,544.9,865.51,8.37,11.02,15.58,0,0,0,0,0,0,1,0,0,2.38,0.05,8747.53,%sSafe
786,24.14,1967.25,106.53,544.9,865.51,8.37,11.02,15.58,0,0,0,0,0,0,1,0,0,2.38,0.05,8747.56,%sSafe
787,33.87,1967.25,106.53,544.9,865.51,8.37,11.02,15.58,0,0,0,0,0,0,1,0,0,2.38,0.05,8747.59,%sSafe
788,26.11,1967.25,106.53,544.9,865.51,8.87,11.59,15.58,0,0,0,0,0,0,1,0,0,2.38,0.05,8747.62,%sSafe
789,33.23,1967.25,106.53,544.9,865.51,8.87,11.59,15.85,0,0,0,0,0,0,1,0,0,2.38,0.05,8747.65,%sSafe
790,22.13,1967.25,106.53,544.9,865.51,8.87,11.59,15.85,0,0,0,0,0,0,1,0,0,2.37,0.05,8747.67,%sSafe
791,27.19,1966.99,106.53,544.9,865.51,8.87,11.59,15.85,0,0,0,0,0,0,1,0,0,2.37,0.05,8747.7,%sSafe
792,25.4,1966.99,106.62,544.89,865.51,8.87,11.59,15.85,0,0,0,0,0,0,1,0,0,2.37,0.05,8747.72,%sSafe
793,24.53,1966.99,106.62,544.89,865.52,8.87,11.59,15.85,0,0,0,0,0,0,1,0,0,2.37,0.05,8747.75,%sSafe
794,26.73,1966.99,106.62,544.89,865.52,9.03,11.6,15.85,0,0,0,0,0,0,1,0,0,2.37,0.05,8747.78,%sSafe
795,24.68,1966.99,106.62,544.89,865.52,9.03,11.6,15.81,0,0,0,0,0,0,1,0,0,2.37,0.04,8747.8,%sSafe
796,34.7,1966.99,106.62,544.89,865.52,9.03,11.6,15.81,0,0,0,0,0,0,1,0,0,2.37,0.04,8747.83,%sSafe
797,27.67,1966.96,106.72,544.89,865.52,9.03,11.6,15.81,0,0,0,0,0,0,1,0,0,2.37,0.04,8747.86,%sSafe
798,25.22,1966.96,106.72,545.11,865.73,9.03,11.6,15.81,0,0,0,0,0,0,1,0,0,2.37,0.04,8747.89,%sSafe
799,31.24,1966.96,106.72,545.11,865.73,9.03,11.6,15.81,0,0,0,0,0,0,1,0,0,2.37,0.04,8747.92,%sSafe
800,27.11,1966.96,106.72,545.11,865.73,9.6,11.38,15.81,0,0,0,0,0,0,1,0,0,2.37,0.04,8747.95,%sSafe
801,28.47,1966.96,106.72,545.11,865.73,9.6,11.38,15.1,0,0,0,0,0,0,1,0,0,2.37,0.04,8747.97,%sSafe
802,28.52,1967.01,106.72,545.11,865.73,9.6,11.38,15.1,0,0,0,0,0,0,1,0,0,2.36,0.03,8748,%sSafe
803,43.33,1967.01,106.88,545.11,865.73,9.6,11.38,15.1,0,0,0,0,0,0,1,0,0,2.36,0.03,8748.05,%sSafe
804,34.82,1967.01,106.88,545.11,865.73,9.6,11.38,15.1,0,0,0,0,0,0,1,0,0,2.36,0.03,8748.08,%sSafe
805,24.07,1967.01,106.88,545.35,865.73,9.6,11.38,15.1,0,0,0,0,0,0,1,0,0,2.36,0.03,8748.1,%sSafe
806,33.27,1967.01,106.88,545.35,865.95,10,11.38,15.1,0,0,0,0,0,0,1,0,0,2.36,0.03,8748.14,%sSafe
807,34.84,1967.01,106.88,545.35,865.95,10,10.99,14.21,0,0,0,0,0,0,1,0,0,2.36,0.03,8748.17,%sSafe
808,30.01,1967.01,106.88,545.35,865.95,10,10.99,14.21,0,0,0,0,0,0,1,0,0,2.36,0.03,8748.2,%sSafe
809,26.81,1966.97,106.88,545.35,865.95,10,10.99,14.21,0,0,0,0,0,0,1,0,0,2.36,0.01,8748.23,%sSafe
810,31.7,1966.97,106.87,545.35,865.95,10,10.99,14.21,0,0,0,0,0,0,1,0,0,2.36,0.01,8748.26,%sSafe
811,28.31,1966.97,106.87,545.32,865.95,10,10.99,14.21,0,0,0,0,0,0,1,0,0,2.36,0.01,8748.29,%sSafe
812,25.95,1966.97,106.87,545.32,865.97,10,10.99,14.21,0,0,0,0,0,0,1,0,0,2.36,0.01,8748.32,%sSafe
813,33.37,1966.97,106.87,545.32,865.97,10.24,10.65,14.21,0,0,0,0,0,0,1,0,0,2.36,0.01,8748.35,%sSafe
814,23.61,1966.97,106.87,545.32,865.97,10.24,10.65,13.84,0,0,0,0,0,0,1,0,0,2.36,0,8748.37,%sSafe
815,35.73,1966.97,106.87,545.32,865.97,10.24,10.65,13.84,0,0,0,0,0,0,1,0,0,2.37,0,8748.41,%sSafe
816,26.1,1966.88,106.89,545.32,865.97,10.24,10.65,13.84,0,0,0,0,0,0,1,0,0,2.37,0,8748.43,%sSafe
817,32.74,1966.88,106.89,545.31,865.97,10.24,10.65,13.84,0,0,0,0,0,0,1,0,0,2.37,0,8748.47,%sSafe
818,25.18,1966.88,106.89,545.31,866.06,10.24,10.65,13.84,0,0,0,0,0,0,1,0,0,2.37,0,8748.49,%sSafe
819,30.77,1966.88,106.89,545.31,866.06,10.41,10.47,13.58,0,0,0,0,0,0,1,0,0,2.37,0,8748.52,%sSafe
820,35.22,1966.88,106.89,545.31,866.06,10.41,10.47,13.58,0,0,0,0,0,0,1,0,0,2.37,0.01,8748.56,%sSafe
821,30.38,1966.88,106.89,545.31,866.06,10.41,10.47,13.58,0,0,0,0,0,0,1,0,0,2.37,0.01,8748.59,%sSafe
822,29.57,1966.52,106.91,545.31,866.06,10.41,10.47,13.58,0,0,0,0,0,0,1,0,0,2.37,0.01,8748.62,%sSafe
823,33.61,1966.52,106.91,545.48,866.06,10.41,10.47,13.58,0,0,0,0,0,0,1,0,0,2.37,0.01,8748.65,%sSafe
824,24.18,1966.52,106.91,545.48,866.22,10.41,10.47,13.58,0,0,0,0,0,0,1,0,0,2.37,0.01,8748.68,%sSafe
825,25.58,1966.52,106.91,545.48,866.22,10.69,10.51,13.62,0,0,0,0,0,0,1,0,0,2.37,0.01,8748.7,%sSafe
826,25.19,1966.52,106.91,545.48,866.22,10.69,10.51,13.62,0,0,0,0,0,0,1,0,0,2.37,0.01,8748.73,%sSafe
827,29.61,1966.52,106.91,545.48,866.22,10.69,10.51,13.62,0,0,0,0,0,0,1,0,0,2.37,0.01,8748.76,%sSafe
828,37.96,1966.29,106.69,545.44,866.22,10.69,10.51,13.62,0,0,0,0,0,0,1,0,0,2.37,0.01,8748.79,%sSafe
829,27.62,1966.29,106.69,545.44,866.4,10.69,10.51,13.62,0,0,0,0,0,0,1,0,0,2.37,0.01,8748.82,%sSafe
830,29.74,1966.29,106.69,545.44,866.4,10.72,10.45,13.62,0,0,0,0,0,0,1,0,0,2.37,0.01,8748.85,%sSafe
831,23.62,1966.29,106.69,545.44,866.4,10.72,10.45,13.45,0,0,0,0,0,0,1,0,0,2.37,0.01,8748.88,%sSafe
832,25.04,1966.29,106.69,545.44,866.4,10.72,10.45,13.45,0,0,0,0,0,0,1,0,0,2.37,0.01,8748.9,%sSafe
833,26.76,1966.49,106.73,545.45,866.4,10.72,10.45,13.45,0,0,0,0,0,0,1,0,0,2.37,0.01,8748.93,%sSafe
834,31.33,1966.49,106.73,545.45,866.37,10.72,10.45,13.45,0,0,0,0,0,0,1,0,0,2.37,0.01,8748.96,%sSafe
835,26.79,1966.49,106.73,545.45,866.37,10.59,10.4,13.49,0,0,0,0,0,0,1,0,0,2.37,0.01,8748.99,%sSafe
836,27.67,1966.49,106.73,545.45,866.37,10.59,10.4,13.49,0,0,0,0,0,0,1,0,0,2.37,0.01,8749.01,%sSafe
837,26.71,1966.32,106.73,545.45,866.37,10.59,10.4,13.49,0,0,0,0,0,0,1,0,0,2.37,0.01,8749.04,%sSafe
838,23.09,1966.32,106.73,545.45,866.37,10.59,10.4,13.49,0,0,0,0,0,0,1,0,0,2.37,0.01,8749.06,%sSafe
839,25.62,1966.32,106.78,545.53,866.56,11.04,10.4,13.49,0,0,0,0,0,0,1,0,0,2.37,0.01,8749.09,%sSafe
840,24.66,1966.32,106.78,545.53,866.56,11.04,10.43,12.99,0,0,0,0,0,0,1,0,0,2.37,0.01,8749.11,%sSafe
841,27.6,1966.32,106.78,545.53,866.56,11.04,10.43,12.99,0,0,0,0,0,0,1,0,0,2.37,0.01,8749.14,%sSafe
842,26.32,1966.66,106.68,545.53,866.56,11.04,10.43,12.99,0,0,0,0,0,0,1,0,0,2.37,0.01,8749.17,%sSafe
843,26.96,1966.66,106.68,545.54,866.54,11.04,10.43,12.99,0,0,0,0,0,0,1,0,0,2.37,0.01,8749.19,%sSafe
844,26.61,1966.66,106.68,545.54,866.54,11.04,10.43,12.99,0,0,0,0,0,0,1,0,0,2.37,0.01,8749.22,%sSafe
845,24.06,1966.66,106.68,545.54,866.54,10.58,10.26,12.99,0,0,0,0,0,0,1,0,0,2.37,0.01,8749.24,%sSafe
846,23.63,1966.66,106.68,545.54,866.54,10.58,10.26,13.03,0,0,0,0,0,0,1,0,0,2.37,0.02,8749.27,%sSafe
847,24.57,1967.34,106.64,545.64,866.54,10.58,10.26,13.03,0,0,0,0,0,0,1,0,0,2.38,0.02,8749.29,%sSafe
848,31.44,1967.34,106.64,545.64,866.55,10.58,10.26,13.03,0,0,0,0,0,0,1,0,0,2.38,0.02,8749.32,%sSafe
849,26.7,1967.34,106.64,545.64,866.55,10.65,10.31,13.17,0,0,0,0,0,0,1,0,0,2.38,0.01,8749.35,%sSafe
850,27.25,1967.34,106.64,545.64,866.55,10.65,10.31,13.17,0,0,0,0,0,0,1,0,0,2.38,0.01,8749.38,%sSafe
851,29.26,1967.46,106.64,545.64,866.55,10.65,10.31,13.17,0,0,0,0,0,0,1,0,0,2.38,0.01,8749.41,%sSafe
852,26.67,1967.46,106.66,545.43,866.37,10.61,10.31,13.17,0,0,0,0,0,0,1,0,0,2.38,0.01,8749.43,%sSafe
853,26.59,1967.46,106.66,545.43,866.37,10.61,10.93,13.17,0,0,0,0,0,0,1,0,0,2.38,0.01,8749.46,%sSafe
854,23.64,1967.46,106.66,545.43,866.37,10.61,10.93,13.36,0,0,0,0,0,0,1,0,0,2.38,0.01,8749.48,%sSafe
855,23.67,1967.46,106.66,545.43,866.37,10.61,10.93,13.36,0,0,0,0,0,0,1,0,0,2.38,0.02,8749.51,%sSafe
856,28.16,1967.49,106.59,545.33,866.35,10.61,10.93,13.36,0,0,0,0,0,0,1,0,0,2.38,0.02,8749.54,%sSafe
857,29.61,1967.49,106.59,545.33,866.35,10.73,10.93,13.36,0,0,0,0,0,0,1,0,0,2.38,0.02,8749.57,%sSafe
858,25.35,1967.49,106.59,545.33,866.35,10.73,10.98,13.36,0,0,0,0,0,0,1,0,0,2.38,0.02,8749.59,%sSafe
859,25.95,1967.49,106.59,545.33,866.35,10.73,10.98,13.43,0,0,0,0,0,0,1,0,0,2.37,0.02,8749.62,%sSafe
860,28.62,1967.65,106.72,545.33,866.35,10.73,10.98,13.43,0,0,0,0,0,0,1,0,0,2.37,0.02,8749.65,%sSafe
861,27.56,1967.65,106.72,545.43,866.37,10.39,10.98,13.43,0,0,0,0,0,0,1,0,0,2.37,0.02,8749.67,%sSafe
862,24.97,1967.65,106.72,545.43,866.37,10.39,10.88,13.43,0,0,0,0,0,0,1,0,0,2.37,0.02,8749.7,%sSafe
863,33.48,1967.65,106.72,545.43,866.37,10.39,10.88,13.43,0,0,0,0,0,0,1,0,0,2.37,0.01,8749.73,%sSafe
864,24.79,1968.19,106.95,545.43,866.37,10.39,10.88,13.43,0,0,0,0,0,0,1,0,0,2.37,0.01,8749.76,%sSafe
865,32.74,1968.19,106.95,545.5,866.37,10.39,10.88,13.43,0,0,0,0,0,0,1,0,0,2.37,0.01,8749.79,%sSafe
866,25.01,1968.19,106.95,545.5,866.26,10.39,10.88,13.43,0,0,0,0,0,0,1,0,0,2.37,0.01,8749.81,%sSafe
867,23.64,1968.19,106.95,545.5,866.26,10.13,10.76,13.46,0,0,0,0,0,0,1,0,0,2.37,0.01,8749.84,%sSafe
868,28.12,1968.19,106.95,545.5,866.26,10.13,10.76,13.46,0,0,0,0,0,0,1,0,0,2.37,0,8749.87,%sSafe
869,22.07,1968.83,106.95,545.5,866.26,10.13,10.76,13.46,0,0,0,0,0,0,1,0,0,2.37,0,8749.89,%sSafe
870,26.12,1968.83,107.12,545.5,866.26,10.13,10.76,13.46,0,0,0,0,0,0,1,0,0,2.37,0,8749.91,%sSafe
871,25.57,1968.83,107.12,545.42,865.98,9.87,10.76,13.46,0,0,0,0,0,0,1,0,0,2.37,0,8749.94,%sSafe
872,28.12,1968.83,107.12,545.42,865.98,9.87,10.76,13.46,0,0,0,0,0,0,1,0,0,2.37,0,8749.97,%sSafe
873,21.98,1968.83,107.12,545.42,865.98,9.87,10.76,13.46,0,0,0,0,0,0,1,0,0,2.38,0.02,8749.99,%sSafe
874,29.95,1968.97,107.12,545.35,865.98,9.87,10.76,13.46,0,0,0,0,0,0,1,0,0,2.38,0.02,8750.02,%sSafe
875,26.65,1968.97,107.12,545.35,865.79,9.87,10.76,13.46,0,0,0,0,0,0,1,0,0,2.38,0.02,8750.05,%sSafe
876,25.48,1968.97,107.12,545.35,865.79,9.95,11.26,13.46,0,0,0,0,0,0,1,0,0,2.38,0.02,8750.07,%sSafe
877,24.61,1968.97,107.12,545.35,865.79,9.95,11.26,13.93,0,0,0,0,0,0,1,0,0,2.38,0.02,8750.1,%sSafe
878,25.81,1968.43,107.12,545.35,865.79,9.95,11.26,13.93,0,0,0,0,0,0,1,0,0,2.37,0,8750.12,%sSafe
879,26.65,1968.43,107.13,545.41,866.02,9.95,11.26,13.93,0,0,0,0,0,0,1,0,0,2.37,0,8750.15,%sSafe
880,27.06,1968.43,107.13,545.41,866.02,10.61,11.79,13.93,0,0,0,0,0,0,1,0,0,2.37,0,8750.18,%sSafe
881,24.07,1968.43,107.13,545.41,866.02,10.61,11.79,13.63,0,0,0,0,0,0,1,0,0,2.37,-0.01,8750.2,%sSafe
882,24,1968.89,107.13,545.41,866.02,10.61,11.79,13.63,0,0,0,0,0,0,1,0,0,2.37,-0.01,8750.22,%sSafe
883,31.58,1968.89,107.13,545.39,865.85,10.61,11.79,13.63,0,0,0,0,0,0,1,0,0,2.37,-0.01,8750.26,%sSafe
884,24.2,1968.89,107.13,545.39,865.85,9.94,11.14,13.63,0,0,0,0,0,0,1,0,0,2.37,-0.01,8750.28,%sSafe
885,26.02,1968.89,107.13,545.39,865.85,9.94,11.14,13.5,0,0,0,0,0,0,1,0,0,2.37,-0.02,8750.31,%sSafe
886,26.51,1968.77,107.26,545.39,865.85,9.94,11.14,13.5,0,0,0,0,0,0,1,0,0,2.37,-0.02,8750.33,%sSafe
887,23.22,1968.77,107.26,545.61,865.85,9.94,11.14,13.5,0,0,0,0,0,0,1,0,0,2.37,-0.02,8750.36,%sSafe
888,26.12,1968.77,107.26,545.61,866.05,9.95,11.14,13.5,0,0,0,0,0,0,1,0,0,2.37,-0.02,8750.38,%sSafe
889,23.51,1968.77,107.26,545.61,866.05,9.95,10.78,13,0,0,0,0,0,0,1,0,0,2.37,-0.02,8750.41,%sSafe
890,23.53,1968.16,107.26,545.61,866.05,9.95,10.78,13,0,0,0,0,0,0,1,0,0,2.36,-0.01,8750.43,%sSafe
891,28.24,1968.16,107.22,545.52,866.05,9.95,10.78,13,0,0,0,0,0,0,1,0,0,2.36,-0.01,8750.46,%sSafe
892,22.51,1968.16,107.22,545.52,866.13,9.95,10.78,13,0,0,0,0,0,0,1,0,0,2.36,-0.01,8750.48,%sSafe
893,24.03,1968.16,107.22,545.52,866.13,10.24,10.78,13,0,0,0,0,0,0,1,0,0,2.36,-0.01,8750.5,%sSafe
894,118.19,1968.16,107.22,545.52,866.13,10.24,10.99,12.8,0,0,0,0,0,0,1,0,0,2.36,-0.01,8750.62,%sSafe
895,40.24,1968.14,107.22,545.52,866.13,10.24,10.99,12.8,0,0,0,0,0,0,1,0,0,2.36,-0.01,8750.66,%sSafe
896,29.56,1968.14,107.25,545.64,866.13,10.24,10.99,12.8,0,0,0,0,0,0,1,0,0,2.36,-0.01,8750.69,%sPre-ignition Purge
897,33.89,1968.14,107.25,545.64,866.19,10.24,10.99,12.8,0,0,0,0,0,0,1,100,0,2.36,-0.01,8750.73,%sPre-ignition Purge
898,31.7,1968.14,107.25,545.64,866.19,9.81,10.99,12.8,0,0,0,0,0,0,1,100,0,2.36,-0.01,8750.76,%sPre-ignition Purge
899,30.22,1968.14,107.25,545.64,866.19,9.81,10.37,12.59,0,0,0,0,0,0,1,100,0,2.36,-0.01,8750.79,%sPre-ignition Purge
900,27.79,1968.16,107.25,545.64,866.19,9.81,10.37,12.59,0,0,0,0,0,0,1,100,0,2.36,-0.01,8750.82,%sPre-ignition Purge
901,41.35,1968.16,107.32,545.73,866.19,9.81,10.37,12.59,0,0,0,0,0,0,1,100,100,2.36,-0.01,8750.86,%sPre-ignition Purge
902,24.72,1968.16,107.32,545.73,866.25,9.97,10.37,12.59,0,0,0,0,0,0,1,100,100,2.36,-0.01,8750.88,%sPre-ignition Purge
903,26.09,1968.16,107.32,545.73,866.25,9.97,10.91,12.65,0,0,0,0,0,0,1,100,100,2.36,-0.01,8750.91,%sPre-ignition Purge
904,25.1,1967.77,107.27,545.73,866.25,9.97,10.91,12.65,0,0,0,0,0,0,1,100,100,2.37,0.01,8750.93,%sPre-ignition Purge
905,30.33,1967.77,107.27,545.63,866.17,9.97,10.91,12.65,0,0,0,0,0,0,1,100,100,2.37,0.01,8750.96,%sPre-ignition Purge
906,25.37,1967.77,107.27,545.63,866.17,9.93,11.65,12.65,0,0,0,0,0,0,1,100,100,2.37,0.01,8750.99,%sPre-ignition Purge
907,25.11,1967.77,107.27,545.63,866.17,9.93,11.65,13.27,0,0,0,0,0,0,1,100,100,2.37,0.01,8751.01,%sPre-ignition Purge
908,37.21,1967.15,107.27,545.63,866.17,9.93,11.65,13.27,0,0,0,0,0,0,1,100,100,2.36,0.01,8751.05,%sPre-ignition Purge
909,25.04,1967.15,107.16,545.79,866.17,9.93,11.65,13.27,0,0,0,0,0,0,1,100,100,2.36,0.01,8751.08,%sPre-ignition Purge
910,28.14,1967.15,107.16,545.79,866.39,10.44,11.65,13.27,0,0,0,0,0,0,1,100,100,2.36,0.01,8751.1,%sPre-ignition Purge
911,27.56,1967.15,107.16,545.79,866.39,10.44,11.93,13.27,0,0,0,0,0,0,1,100,100,2.36,0.01,8751.13,%sPre-ignition Purge
912,27.79,1966.65,107.16,545.79,866.39,10.44,11.93,13.22,0,0,0,0,0,0,1,100,100,2.36,0.01,8751.16,%sPre-ignition Purge
913,27.54,1966.65,106.98,545.7,866.39,10.44,11.93,13.22,0,0,0,0,0,0,1,100,100,2.36,0.01,8751.19,%sPre-ignition Purge
914,23.58,1966.65,106.98,545.7,866.52,10.79,11.93,13.22,0,0,0,0,0,0,1,100,100,2.36,0.01,8751.21,%sPre-ignition Purge
915,23.09,1966.65,106.98,545.7,866.52,10.79,11.93,13.19,0,0,0,0,0,0,1,100,100,2.36,0.01,8751.23,%sPre-ignition Purge
916,25.13,1966.86,106.98,545.7,866.52,10.79,11.93,13.19,0,0,0,0,0,0,1,100,100,2.36,0.01,8751.26,%sPre-ignition Purge
917,26.1,1966.86,107.19,545.78,866.61,10.79,11.93,13.19,0,0,0,0,0,0,1,100,100,2.36,0.01,8751.28,%sPre-ignition Purge
918,26.58,1966.86,107.19,545.78,866.61,10.9,11.93,13.19,0,0,0,0,0,0,1,100,100,2.36,0.01,8751.31,%sPre-ignition Purge
919,22.68,1966.86,107.19,545.78,866.61,10.9,11.6,12.85,0,0,0,0,0,0,1,100,100,2.36,0.01,8751.33,%sPre-ignition Purge
920,24.53,1966.86,107.19,545.78,866.61,10.9,11.6,12.85,0,0,0,0,0,0,1,100,100,2.36,0.02,8751.36,%sPre-ignition Purge
921,26.08,1967.16,107.17,545.71,866.38,10.9,11.6,12.85,0,0,0,0,0,0,1,100,100,2.36,0.02,8751.38,%sPre-ignition Purge
922,25.49,1967.16,107.17,545.71,866.38,10.22,10.91,12.85,0,0,0,0,0,0,1,100,100,2.36,0.02,8751.41,%sPre-ignition Purge
923,22.1,1967.16,107.17,545.71,866.38,10.22,10.91,12.92,0,0,0,0,0,0,1,100,100,2.36,0.02,8751.43,%sPre-ignition Purge
924,27.59,1967.16,107.17,545.71,866.38,10.22,10.91,12.92,0,0,0,0,0,0,1,100,100,2.36,0.02,8751.46,%sPre-ignition Purge
925,24.71,1966.76,107.06,545.63,866.38,10.22,10.91,12.92,0,0,0,0,0,0,1,100,100,2.36,0.02,8751.48,%sPre-ignition Purge
926,23.73,1966.76,107.06,545.63,866.35,10.29,10.91,12.92,0,0,0,0,0,0,1,100,100,2.36,0.02,8751.51,%sPre-ignition Purge
927,26.44,1966.76,107.06,545.63,866.35,10.29,10.91,12.92,0,0,0,0,0,0,1,100,100,2.36,0.02,8751.53,%sPre-ignition Purge
928,25.44,1966.76,107.06,545.63,866.35,10.29,10.91,13,0,0,0,0,0,0,1,100,100,2.36,0.02,8751.56,%sPre-ignition Purge
929,24.61,1966.5,107.06,545.63,866.35,10.29,10.91,13,0,0,0,0,0,0,1,100,100,2.36,0.02,8751.58,%sPre-ignition Purge
930,26.2,1966.5,106.95,545.39,866.13,10.29,10.91,13,0,0,0,0,0,0,1,100,100,2.36,0.02,8751.61,%sPre-ignition Purge
931,26.15,1966.5,106.95,545.39,866.13,10.17,10.83,13,0,0,0,0,0,0,1,100,100,2.36,0.02,8751.64,%sPre-ignition Purge
932,22.83,1966.5,106.95,545.39,866.13,10.17,10.83,12.66,0,0,0,0,0,0,1,100,100,2.36,-0.01,8751.66,%sPre-ignition Purge
933,24.77,1966.5,106.95,545.39,866.13,10.17,10.83,12.66,0,0,0,0,0,0,1,100,100,2.36,-0.01,8751.68,%sPre-ignition Purge
934,23.79,1965.95,106.76,545.18,865.76,10.17,10.83,12.66,0,0,0,0,0,0,1,100,100,2.36,-0.01,8751.71,%sPre-ignition Purge
935,27.2,1965.95,106.76,545.18,865.76,8.78,9.54,12.66,0,0,0,0,0,0,1,100,100,2.36,-0.01,8751.74,%sPre-ignition Purge
936,27.71,1965.95,106.76,545.18,865.76,8.78,9.54,11.73,0,0,0,0,0,0,1,100,100,2.36,-0.03,8751.76,%sPre-ignition Purge
937,23.09,1965.95,106.76,545.18,865.76,8.78,9.54,11.73,0,0,0,0,0,0,1,100,100,2.35,-0.03,8751.79,%sPre-ignition Purge
938,25.88,1965.12,106.36,544.86,865.76,8.78,9.54,11.73,0,0,0,0,0,0,1,100,100,2.35,-0.03,8751.81,%sPre-ignition Purge
939,26.76,1965.12,106.36,544.86,865.47,8.22,9.54,11.73,0,0,0,0,0,0,1,100,100,2.35,-0.03,8751.84,%sPre-ignition Purge
940,27.3,1965.12,106.36,544.86,865.47,8.22,9.54,11.73,0,0,0,0,0,0,1,100,100,2.35,-0.03,8751.87,%sPre-ignition Purge
941,22.9,1965.12,106.36,544.86,865.47,8.22,8.99,11.15,0,0,0,0,0,0,1,100,100,2.34,-0.05,8751.89,%sPre-ignition Purge
942,26.52,1964.61,106.06,544.86,865.47,8.22,8.99,11.15,0,0,0,0,0,0,1,100,100,2.34,-0.05,8751.92,%sPre-ignition Purge
943,25.9,1964.61,106.06,544.44,865.47,8.22,8.99,11.15,0,0,0,0,0,0,1,100,100,2.34,-0.05,8751.94,%sPre-ignition Purge
944,26.69,1964.61,106.06,544.44,865.05,6.9,7.7,11.15,0,0,0,0,0,0,1,100,100,2.34,-0.05,8751.97,%sPre-ignition Purge
945,24.77,1964.61,106.06,544.44,865.05,6.9,7.7,10.3,0,0,0,0,0,0,1,100,100,2.33,-0.09,8751.99,%sPre-ignition Purge
946,28.85,1963.78,105.61,544.44,865.05,6.9,7.7,10.3,0,0,0,0,0,0,1,100,100,2.33,-0.09,8752.02,%sPre-ignition Purge
947,21.89,1963.78,105.61,544.22,865.05,6.9,7.7,10.3,0,0,0,0,0,0,1,100,100,2.33,-0.09,8752.04,%sPre-ignition Purge
948,24.59,1963.78,105.61,544.22,864.83,6.44,6.6,10.3,0,0,0,0,0,0,1,100,100,2.33,-0.09,8752.07,%sPre-ignition Purge
949,25.45,1961.64,105.61,544.22,864.83,6.44,6.6,9.22,0,0,0,0,0,0,1,100,100,2.33,-0.11,8752.09,%sPre-ignition Purge
950,25.91,1961.64,104.9,523.92,864.83,6.44,6.6,9.22,0,0,0,0,0,0,1,100,100,2.33,-0.11,8752.12,%sPre-ignition Purge
951,36.85,1961.64,104.9,523.92,864.47,5.44,5.72,9.22,0,0,0,0,0,0,1,100,100,2.33,-0.11,8752.16,%sPre-ignition Purge
952,22.98,1961.64,104.9,523.92,864.47,5.44,5.72,8.67,0,0,0,0,0,0,1,100,100,2.33,-0.12,8752.18,%sPre-ignition Purge
953,28.52,1958.68,104.9,523.92,864.47,5.44,5.72,8.67,0,0,0,0,0,0,1,100,100,2.33,-0.12,8752.21,%sPre-ignition Purge
954,25.3,1958.68,104.23,503.31,864.47,5.44,5.72,8.67,0,0,0,0,0,0,1,100,100,2.33,-0.12,8752.23,%sPre-ignition Purge
955,21.87,1958.68,104.23,503.31,864.17,4.51,5.72,8.67,0,0,0,0,0,0,1,100,100,2.33,-0.12,8752.26,%sPre-ignition Purge
956,25.48,1958.68,104.23,503.31,864.17,4.51,5.32,8.67,0,0,0,0,0,0,1,100,100,2.33,-0.12,8752.28,%sPre-ignition Purge
957,25.19,1958.68,104.23,503.31,864.17,4.51,5.32,8.1,0,0,0,0,0,0,1,100,100,2.33,-0.12,8752.31,%sPre-ignition Purge
958,24.71,1955.19,104.23,503.31,864.17,4.51,5.32,8.1,0,0,0,0,0,0,1,100,100,2.31,-0.16,8752.33,%sPre-ignition Purge
959,27.53,1955.19,103.79,482.81,863.89,4.51,5.32,8.1,0,0,0,0,0,0,1,100,100,2.31,-0.16,8752.36,%sPre-ignition Purge
960,23.74,1955.19,103.79,482.81,863.89,3.77,5.08,7.41,0,0,0,0,0,0,1,100,100,2.31,-0.16,8752.38,%sPre-ignition Purge
961,26.74,1955.19,103.79,482.81,863.89,3.77,5.08,7.41,0,0,0,0,0,0,1,100,100,2.3,-0.18,8752.41,%sPre-ignition Purge
962,27.28,1952.09,103.68,462.27,863.89,3.77,5.08,7.41,0,0,0,0,0,0,1,100,100,2.3,-0.18,8752.44,%sPre-ignition Purge
963,24.67,1952.09,103.68,462.27,863.7,3.77,5.08,7.41,0,0,0,0,0,0,1,100,100,2.3,-0.18,8752.46,%sPre-ignition Purge
964,22.18,1952.09,103.68,462.27,863.7,3.23,4.99,6.72,0,0,0,0,0,0,1,100,100,2.3,-0.18,8752.48,%sPre-ignition Purge
965,27.71,1948.87,103.68,462.27,863.7,3.23,4.99,6.72,0,0,0,0,0,0,1,100,100,2.29,-0.2,8752.51,%sPre-ignition Purge
966,29.98,1948.87,103.57,442.19,863.7,3.23,4.99,6.72,0,0,0,0,0,0,1,100,100,2.29,-0.2,8752.54,%sPre-ignition Purge
967,27.66,1948.87,103.57,442.19,863.48,3,5.29,6.72,0,0,0,0,0,0,1,100,100,2.29,-0.2,8752.57,%sPre-ignition Purge
968,23.39,1948.87,103.57,442.19,863.48,3,5.29,6.16,0,0,0,0,0,0,1,100,100,2.29,-0.2,8752.59,%sPre-ignition Purge
969,27.75,1945.64,103.49,442.19,863.48,3,5.29,6.16,0,0,0,0,0,0,1,100,100,2.29,-0.21,8752.62,%sPre-ignition Purge
970,24.27,1945.64,103.49,421.87,863.48,3,5.29,6.16,0,0,0,0,0,0,1,100,100,2.29,-0.21,8752.64,%sPre-ignition Purge
971,27.64,1945.64,103.49,421.87,863.32,3,5.29,6.16,0,0,0,0,0,0,1,100,100,2.29,-0.21,8752.67,%sPre-ignition Purge
972,21.66,1945.64,103.49,421.87,863.32,3.18,5.73,6.16,0,0,0,0,0,0,1,100,100,2.29,-0.21,8752.69,%sPre-ignition Purge
973,22.12,1945.64,103.49,421.87,863.32,3.18,5.73,5.88,0,0,0,0,0,0,1,100,100,2.29,-0.22,8752.71,%sPre-ignition Purge
974,23.79,1942.62,103.6,421.87,863.32,3.18,5.73,5.88,0,0,0,0,0,0,1,100,100,2.28,-0.22,8752.74,%sPre-ignition Purge
975,28.33,1942.62,103.6,401.8,863.45,3.18,5.73,5.88,0,0,0,0,0,0,1,100,100,2.28,-0.22,8752.77,%sPre-ignition Purge
976,26.15,1942.62,103.6,401.8,863.45,4.24,5.73,5.88,0,0,0,0,0,0,1,100,100,2.28,-0.22,8752.79,%sPre-ignition Purge
977,27.91,1942.62,103.6,401.8,863.45,4.24,7.19,6.17,0,0,0,0,0,0,1,100,100,2.28,-0.21,8752.82,%sPre-ignition Purge
978,25.09,1939.57,103.8,381.6,863.45,4.24,7.19,6.17,0,0,0,0,0,0,1,100,100,2.28,-0.21,8752.85,%sPre-ignition Purge
979,24.85,1939.57,103.8,381.6,863.47,4.24,7.19,6.17,0,0,0,0,0,0,1,100,100,2.28,-0.21,8752.87,%sPre-ignition Purge
980,21.75,1939.57,103.8,381.6,863.47,5.16,8.57,6.17,0,0,0,0,0,0,1,100,100,2.28,-0.21,8752.89,%sPre-ignition Purge
981,24.26,1939.57,103.8,381.6,863.47,5.16,8.57,6.33,0,0,0,0,0,0,1,100,100,2.28,-0.2,8752.92,%sPre-ignition Purge
982,26.29,1935.98,103.85,361.66,863.45,6.28,8.57,6.33,0,0,0,0,0,0,1,100,100,2.28,-0.2,8752.94,%sPre-ignition Purge
983,24.9,1935.98,103.85,361.66,863.45,6.28,10.28,6.33,0,0,0,0,0,0,1,100,100,2.28,-0.2,8752.97,%sPre-ignition Purge
984,25.24,1935.98,103.85,361.66,863.45,6.28,10.28,6.56,0,0,0,0,0,0,1,100,100,2.28,-0.19,8752.99,%sPre-ignition Purge
985,24.59,1932.69,103.85,361.66,863.45,6.28,10.28,6.56,0,0,0,0,0,0,1,100,100,2.28,-0.19,8753.02,%sPre-ignition Purge
986,25.19,1932.69,104.25,341.71,863.55,6.28,10.28,6.56,0,0,0,0,0,0,1,0,0,2.28,-0.19,8753.04,%sPre-ignition Purge
987,34.45,1932.69,104.25,341.71,863.55,6.28,10.28,6.56,0,0,0,0,0,0,1,0,0,2.28,-0.19,8753.08,%sPre-ignition Purge
988,25.73,1932.69,104.25,341.71,863.55,7.55,11.78,6.56,0,0,0,0,0,0,1,0,0,2.28,-0.19,8753.1,%sPre-ignition Purge
989,28.34,1932.69,104.25,341.71,863.55,7.55,11.78,6.52,0,0,0,0,0,0,1,0,0,2.27,-0.19,8753.13,%sPre-ignition Purge
990,28.57,1930.55,104.78,341.52,863.55,7.55,11.78,6.52,0,0,0,0,0,0,1,0,0,2.27,-0.19,8753.16,%sPre-ignition Purge
991,25,1930.55,104.78,341.52,863.55,7.55,11.78,6.52,0,0,0,0,0,0,1,0,0,2.27,-0.19,8753.19,%sPre-ignition Purge
992,24.63,1930.55,104.78,341.52,863.52,8.86,13.72,6.52,0,0,0,0,0,0,1,0,0,2.27,-0.19,8753.21,%sPre-ignition Purge
993,27.18,1930.55,104.78,341.52,863.52,8.86,13.72,6.54,0,0,0,0,0,0,1,0,0,2.27,-0.19,8753.24,%sPre-ignition Purge
994,26.7,1928.97,104.78,341.52,863.52,8.86,13.72,6.54,0,0,0,0,0,0,1,0,0,2.27,-0.19,8753.26,%sPre-ignition Purge
995,24.13,1928.97,105.33,341.76,863.52,8.86,13.72,6.54,0,0,0,0,0,0,1,0,0,2.27,-0.19,8753.29,%sPre-ignition Purge
996,27.76,1928.97,105.33,341.76,863.52,10.41,15.55,6.54,0,0,0,0,0,0,1,0,0,2.27,-0.19,8753.32,%sPre-ignition Purge
997,22.89,1928.97,105.33,341.76,863.52,10.41,15.55,6.58,0,0,0,0,0,0,1,0,0,2.27,-0.19,8753.34,%sPre-ignition Purge
998,21.01,1928.97,105.33,341.76,863.52,10.41,15.55,6.58,0,0,0,0,0,0,1,0,0,2.27,-0.17,8753.36,%sPre-ignition Purge
999,23.97,1927.22,105.54,341.77,863.51,10.41,15.55,6.58,0,0,0,0,0,0,1,0,0,2.27,-0.17,8753.38,%sPre-ignition Purge
1000,27.72,1927.22,105.54,341.77,863.51,12.07,15.55,6.58,0,0,0,0,0,0,1,0,0,2.27,-0.17,8753.41,%sPre-ignition Purge
1001,21.29,1927.22,105.54,341.77,863.51,12.07,17.1,6.58,0,0,0,0,0,0,1,0,0,2.27,-0.17,8753.43,%sPre-ignition Purge
1002,25.65,1927.22,105.54,341.77,863.51,12.07,17.1,6.5,0,0,0,0,0,0,1,0,0,2.26,-0.17,8753.46,%sPre-ignition Purge
1003,24.88,1925.18,105.55,341.86,863.48,12.07,17.1,6.5,0,0,0,0,0,0,1,0,0,2.26,-0.17,8753.48,%sPre-ignition Purge
1004,24.08,1925.18,105.55,341.86,863.48,13.8,18.81,6.58,0,0,0,0,0,0,1,0,0,2.26,-0.17,8753.51,%sPre-ignition Purge
1005,23.64,1925.18,105.55,341.86,863.48,13.8,18.81,6.58,0,0,0,0,0,0,1,0,0,2.27,-0.12,8753.53,%sPre-ignition Purge
1006,25.13,1924.57,105.55,341.86,863.48,13.8,18.81,6.58,0,0,0,0,0,0,1,0,0,2.27,-0.12,8753.56,%sPre-ignition Purge
1007,24.44,1924.57,105.98,341.86,863.48,13.8,18.81,6.58,0,0,0,0,0,0,1,0,0,2.27,-0.12,8753.58,%sPre-ignition Purge
1008,25.1,1924.57,105.98,341.86,863.87,13.8,18.81,6.58,0,0,0,0,0,0,1,0,0,2.27,-0.12,8753.61,%sPre-ignition Purge
1009,24.68,1924.57,105.98,341.86,863.87,16.4,21.4,7.51,0,0,0,0,0,0,1,0,0,2.27,-0.09,8753.63,%sPre-ignition Purge
1010,27.21,1923.11,106.2,341.86,863.87,16.4,21.4,7.51,0,0,0,0,0,0,1,0,0,2.27,-0.09,8753.66,%sPre-ignition Purge
1011,23.67,1923.11,106.2,341.88,863.87,16.4,21.4,7.51,0,0,0,0,0,0,1,0,0,2.27,-0.09,8753.68,%sPre-ignition Purge
1012,27.61,1923.11,106.2,341.88,864.05,18.46,23.49,7.51,0,0,0,0,0,0,1,0,0,2.27,-0.09,8753.71,%sPre-ignition Purge
1013,26.17,1923.11,106.2,341.88,864.05,18.46,23.49,8.14,0,0,0,0,0,0,1,0,0,2.27,-0.09,8753.73,%sPre-ignition Purge
1014,25.71,1923.11,106.2,341.88,864.05,18.46,23.49,8.14,0,0,0,0,0,0,1,0,0,2.28,-0.06,8753.76,%sPre-ignition Purge
1015,28.2,1921.76,106.47,341.88,864.05,18.46,23.49,8.14,0,0,0,0,0,0,1,0,0,2.28,-0.06,8753.79,%sPre-ignition Purge
1016,32.81,1921.76,106.47,342.1,864.05,18.46,23.49,8.14,0,0,0,0,0,0,1,0,0,2.28,-0.06,8753.82,%sPre-ignition Purge
1017,24.1,1921.76,106.47,342.1,864.21,18.46,23.49,8.14,0,0,0,0,0,0,1,0,0,2.28,-0.06,8753.85,%sPre-ignition Purge
1018,25.75,1921.76,106.47,342.1,864.21,20.54,25.52,8.14,0,0,0,0,0,0,1,0,0,2.28,-0.06,8753.87,%sPre-ignition Purge
1019,28.39,1921.76,106.47,342.1,864.21,20.54,25.52,8.7,0,0,0,0,0,0,1,0,0,2.28,-0.06,8753.9,%sPre-ignition Purge
1020,31.83,1921.76,106.47,342.1,864.21,20.54,25.52,8.7,0,0,0,0,0,0,1,0,0,2.28,-0.05,8753.93,%sPre-ignition Purge
1021,26.43,1920.52,106.47,342.1,864.21,20.54,25.52,8.7,0,0,0,0,0,0,1,0,0,2.28,-0.05,8753.96,%sPre-ignition Purge
1022,34.74,1920.52,106.58,342.31,864.21,20.54,25.52,8.7,0,0,0,0,0,0,1,0,0,2.28,-0.05,8753.99,%sPre-ignition Purge
1023,30.48,1920.52,106.58,342.31,864.21,20.54,25.52,8.7,0,0,0,0,0,0,1,0,0,2.28,-0.05,8754.02,%sPre-ignition Purge
1024,30.58,1920.52,106.58,342.31,864.43,20.54,25.52,8.7,0,0,0,0,0,0,1,0,0,2.28,-0.05,8754.05,%sPre-ignition Purge
1025,28.95,1920.52,106.58,342.31,864.43,22.6,27.58,9.24,0,0,0,0,0,0,1,0,0,2.28,-0.05,8754.08,%sPre-ignition Purge
1026,34.53,1920.52,106.58,342.31,864.43,22.6,27.58,9.24,0,0,0,0,0,0,1,0,0,2.28,-0.05,8754.12,%sPre-ignition Purge
1027,36.27,1920.52,106.58,342.31,864.43,22.6,27.58,9.24,0,0,0,0,0,0,1,0,0,2.28,-0.05,8754.15,%sPre-ignition Purge
1028,23.29,1918.53,106.58,342.31,864.43,22.6,27.58,9.24,0,0,0,0,0,0,1,0,0,2.28,-0.05,8754.18,%sPre-ignition Purge
1029,33.22,1918.53,106.66,342.16,864.43,22.6,27.58,9.24,0,0,0,0,0,0,1,0,0,2.28,-0.05,8754.21,%sPre-ignition Purge
1030,43.3,1918.53,106.66,342.16,864.43,24.39,27.58,9.24,0,0,0,0,0,0,1,0,0,2.28,-0.05,8754.25,%sPre-ignition Purge
1031,33.41,1918.53,106.66,342.16,864.43,24.39,27.58,9.24,0,0,0,0,0,0,1,0,0,2.28,-0.05,8754.29,%sPre-ignition Purge
1032,28.56,1918.53,106.66,342.16,864.43,24.39,29.28,9.19,0,0,0,0,0,0,1,0,0,2.28,-0.06,8754.32,%sPre-ignition Purge
1033,58.5,1918.53,106.66,342.16,864.43,24.39,29.28,9.19,0,0,0,0,0,0,1,0,0,2.28,-0.06,8754.37,%sPre-ignition Purge
1034,55.99,1917.23,106.66,342.16,864.43,24.39,29.28,9.19,0,0,0,0,0,0,1,0,0,2.28,-0.06,8754.43,%sPre-ignition Purge
1035,31.37,1917.23,106.97,342.16,864.43,24.39,29.28,9.19,0,0,0,0,0,0,1,0,0,2.28,-0.06,8754.46,%sPre-ignition Purge
1036,33.34,1917.23,106.97,342.05,864.35,24.39,29.28,9.19,0,0,0,0,0,0,1,0,0,2.28,-0.06,8754.49,%sPre-ignition Purge
1037,30.71,1917.23,106.97,342.05,864.35,24.39,29.28,9.19,0,0,0,0,0,0,1,0,0,2.28,-0.06,8754.53,%sPre-ignition Purge
1038,24.75,1917.23,106.97,342.05,864.35,26.34,31.54,9.21,0,0,0,0,0,0,1,0,0,2.28,-0.06,8754.55,%sPre-ignition Purge
1039,56.86,1917.23,106.97,342.05,864.35,26.34,31.54,9.21,0,0,0,0,0,0,1,0,0,2.28,-0.05,8754.61,%sPre-ignition Purge
1040,36.23,1917.23,106.97,342.05,864.35,26.34,31.54,9.21,0,0,0,0,0,0,1,0,0,2.28,-0.05,8754.64,%sPre-ignition Purge
1041,45.45,1914.83,106.97,342.05,864.35,26.34,31.54,9.21,0,0,0,0,0,0,1,0,0,2.28,-0.05,8754.69,%sPre-ignition Purge
1042,35.62,1914.83,106.1,342.05,864.35,26.34,31.54,9.21,0,0,0,0,0,0,1,0,0,2.28,-0.05,8754.72,%sPre-ignition Purge
1043,48.91,1914.83,106.1,341.87,864.35,26.34,31.54,9.21,0,0,0,0,0,0,1,0,0,2.28,-0.05,8754.77,%sPre-ignition Purge
1044,25.08,1914.83,106.1,341.87,864.37,29.63,31.54,9.21,0,0,0,0,0,0,1,0,0,2.28,-0.05,8754.8,%sPre-ignition Purge
1045,32.49,1914.83,106.1,341.87,864.37,29.63,34.75,9.21,0,0,0,0,0,0,1,0,0,2.28,-0.05,8754.83,%sPre-ignition Purge
1046,22.1,1914.83,106.1,341.87,864.37,29.63,34.75,9.21,0,0,0,0,0,0,1,0,0,2.28,-0.05,8754.85,%sPre-ignition Purge
1047,25.72,1911.94,106.1,341.87,864.37,29.63,34.75,10,0,0,0,0,0,0,1,0,0,2.29,-0.03,8754.88,%sPre-ignition Purge
1048,29.54,1911.94,106.1,341.87,864.37,29.63,34.75,10,0,0,0,0,0,0,1,0,0,2.29,-0.03,8754.91,%sPre-ignition Purge
1049,30.1,1911.94,106.21,341.86,864.45,29.63,34.75,10,0,0,0,0,0,0,1,0,0,2.29,-0.03,8754.94,%sPre-ignition Purge
1050,35.94,1911.94,106.21,341.86,864.45,34.1,39.21,10,0,0,0,0,0,0,1,0,0,2.29,-0.03,8754.97,%sPre-ignition Purge
1051,29.71,1911.94,106.21,341.86,864.45,34.1,39.21,10.5,0,0,0,0,0,0,1,0,0,2.29,-0.03,8755,%sPre-ignition Purge
1052,36.26,1911.94,106.21,341.86,864.45,34.1,39.21,10.5,0,0,0,0,0,0,1,0,0,2.29,-0.04,8755.04,%sPre-ignition Purge
1053,30.21,1909.08,106.21,341.86,864.45,34.1,39.21,10.5,0,0,0,0,0,0,1,0,0,2.29,-0.04,8755.07,%sPre-ignition Purge
1054,30.71,1909.08,106.27,341.96,864.74,34.1,39.21,10.5,0,0,0,0,0,0,1,0,0,2.29,-0.04,8755.1,%sPre-ignition Purge
1055,34.72,1909.08,106.27,341.96,864.74,34.1,39.21,10.5,0,0,0,0,0,0,1,0,0,2.29,-0.04,8755.14,%sPre-ignition Purge
1056,27.84,1909.08,106.27,341.96,864.74,39.05,43.69,10.5,0,0,0,0,0,0,1,0,0,2.29,-0.04,8755.16,%sOxidizer Fill
1057,25.47,1909.08,106.27,341.96,864.74,39.05,43.69,10.65,0,0,0,0,0,0,1,0,0,2.29,-0.04,8755.19,%sOxidizer Fill
1058,29.16,1908.73,106.27,341.96,864.74,39.05,43.69,10.65,0,0,0,0,0,0,1,0,0,2.31,-0.04,8755.22,%sOxidizer Fill
1059,50.3,1908.73,105.81,361.25,864.74,39.05,43.69,10.65,0,0,0,0,0,0,1,0,0,2.31,-0.04,8755.27,%sOxidizer Fill
1060,28.8,1908.73,105.81,361.25,864.79,44.1,43.69,10.65,0,0,0,0,0,0,1,0,0,2.31,-0.04,8755.3,%sOxidizer Fill
1061,47.74,1908.73,105.81,361.25,864.79,44.1,48.59,10.65,0,0,0,0,0,0,1,0,0,2.31,-0.04,8755.35,%sOxidizer Fill
1062,24.66,1908.73,105.81,361.25,864.79,44.1,48.59,11,0,0,0,0,0,0,1,0,0,2.31,-0.04,8755.37,%sOxidizer Fill
1063,25.57,1906,105.81,361.25,864.79,44.1,48.59,11,0,0,0,0,0,0,1,0,0,2.3,-0.09,8755.4,%sOxidizer Fill
1064,31.64,1906,105.26,380.79,864.79,44.1,48.59,11,0,0,0,0,0,0,1,0,0,2.3,-0.09,8755.43,%sOxidizer Fill
1065,40.4,1906,105.26,380.79,864.57,44.1,48.59,11,0,0,0,0,0,0,1,0,0,2.3,-0.09,8755.47,%sOxidizer Fill
1066,24.54,1906,105.26,380.79,864.57,47.78,48.59,11,0,0,0,0,0,0,1,0,0,2.3,-0.09,8755.49,%sOxidizer Fill
1067,25.27,1906,105.26,380.79,864.57,47.78,52.28,10.09,0,0,0,0,0,0,1,0,0,2.3,-0.11,8755.52,%sOxidizer Fill
1068,23.35,1904.91,105.26,380.79,864.57,47.78,52.28,10.09,0,0,0,0,0,0,1,0,0,2.3,-0.11,8755.54,%sOxidizer Fill
1069,36.71,1904.91,105.01,400.36,864.57,47.78,52.28,10.09,0,0,0,0,0,0,1,0,0,2.3,-0.11,8755.58,%sOxidizer Fill
1070,27.94,1904.91,105.01,400.36,864.42,47.78,52.28,10.09,0,0,0,0,0,0,1,0,0,2.3,-0.11,8755.61,%sOxidizer Fill
1071,30.4,1904.91,105.01,400.36,864.42,51.65,52.28,10.09,0,0,0,0,0,0,1,0,0,2.3,-0.11,8755.64,%sOxidizer Fill
1072,26.88,1904.91,105.01,400.36,864.42,51.65,56.58,9.8,0,0,0,0,0,0,1,0,0,2.31,-0.11,8755.66,%sOxidizer Fill
1073,24.24,1904.67,105.12,400.36,864.42,51.65,56.58,9.8,0,0,0,0,0,0,1,0,0,2.31,-0.11,8755.69,%sOxidizer Fill
1074,26.53,1904.67,105.12,419.93,864.42,51.65,56.58,9.8,0,0,0,0,0,0,1,0,0,2.31,-0.11,8755.71,%sOxidizer Fill
1075,27.7,1904.67,105.12,419.93,864.46,55.95,56.58,9.8,0,0,0,0,0,0,1,0,0,2.31,-0.11,8755.74,%sOxidizer Fill
1076,27.61,1904.67,105.12,419.93,864.46,55.95,61.15,10.14,0,0,0,0,0,0,1,0,0,2.31,-0.09,8755.77,%sOxidizer Fill
1077,27.9,1904.67,105.12,419.93,864.46,55.95,61.15,10.14,0,0,0,0,0,0,1,0,0,2.32,-0.09,8755.8,%sOxidizer Fill
1078,27.65,1904.28,105.18,439.61,864.46,55.95,61.15,10.14,0,0,0,0,0,0,1,0,0,2.32,-0.09,8755.82,%sOxidizer Fill
1079,28.23,1904.28,105.18,439.61,864.45,60.56,61.15,10.14,0,0,0,0,0,0,1,0,0,2.32,-0.09,8755.85,%sOxidizer Fill
1080,24.72,1904.28,105.18,439.61,864.45,60.56,65.89,10.14,0,0,0,0,0,0,1,0,0,2.32,-0.09,8755.88,%sOxidizer Fill
1081,24.74,1905.42,105.18,439.61,864.45,60.56,65.89,10.61,0,0,0,0,0,0,1,0,0,2.34,-0.07,8755.9,%sOxidizer Fill
1082,23.98,1905.42,105.7,439.61,864.45,60.56,65.89,10.61,0,0,0,0,0,0,1,0,0,2.34,-0.07,8755.93,%sOxidizer Fill
1083,24.7,1905.42,105.7,459.59,864.45,60.56,65.89,10.61,0,0,0,0,0,0,1,0,0,2.34,-0.07,8755.95,%sOxidizer Fill
1084,38.73,1905.42,105.7,459.59,864.7,60.56,65.89,10.61,0,0,0,0,0,0,1,0,0,2.34,-0.07,8755.99,%sOxidizer Fill
1085,24.95,1905.42,105.7,459.59,864.7,64.97,70.46,10.61,0,0,0,0,0,0,1,0,0,2.34,-0.07,8756.01,%sOxidizer Fill Confirmation
1086,30.67,1905.42,105.7,459.59,864.7,64.97,70.46,11.36,0,0,0,0,0,0,1,0,0,2.34,-0.07,8756.04,%sOxidizer Fill Confirmation
1087,27.7,1905.8,105.7,459.59,864.7,64.97,70.46,11.36,0,0,0,0,0,0,1,0,0,2.35,-0.03,8756.07,%sOxidizer Fill Confirmation
1088,25.61,1905.8,105.7,459.59,864.7,64.97,70.46,11.36,0,0,0,0,0,0,1,0,0,2.35,-0.03,8756.1,%sOxidizer Fill Confirmation
1089,32.97,1905.8,105.56,479.45,864.99,64.97,70.46,11.36,0,0,0,0,0,0,1,0,0,2.35,-0.03,8756.13,%sOxidizer Fill Confirmation
1090,27.19,1905.8,105.56,479.45,864.99,64.97,70.46,11.36,0,0,0,0,0,0,1,0,0,2.35,-0.03,8756.16,%sOxidizer Fill Confirmation
1091,25.9,1905.8,105.56,479.45,864.99,69.06,74.65,11.36,0,0,0,0,0,0,1,0,0,2.35,-0.03,8756.18,%sOxidizer Fill Confirmation
1092,23.2,1905.8,105.56,479.45,864.99,69.06,74.65,12.5,0,0,0,0,0,0,1,0,0,2.35,-0.01,8756.21,%sOxidizer Fill Confirmation
1093,28.67,1907.5,105.56,479.45,864.99,69.06,74.65,12.5,0,0,0,0,0,0,1,0,0,2.36,-0.01,8756.24,%sOxidizer Fill Confirmation
1094,23.67,1907.5,106.64,499.39,864.99,69.06,74.65,12.5,0,0,0,0,0,0,1,0,0,2.36,-0.01,8756.26,%sOxidizer Fill Confirmation
1095,40.17,1907.5,106.64,499.39,865.2,71.58,74.65,12.5,0,0,0,0,0,0,1,0,0,2.36,-0.01,8756.3,%sOxidizer Fill Confirmation
1096,28.83,1907.5,106.64,499.39,865.2,71.58,77.3,12.5,0,0,0,0,0,0,1,0,0,2.36,-0.01,8756.33,%sOxidizer Fill Confirmation
1097,27.81,1907.5,106.64,499.39,865.2,71.58,77.3,12.64,0,0,0,0,0,0,1,0,0,2.37,-0.01,8756.36,%sOxidizer Fill Confirmation
1098,31.59,1909.34,106.64,499.39,865.2,71.58,77.3,12.64,0,0,0,0,0,0,1,0,0,2.37,-0.01,8756.39,%sOxidizer Fill Confirmation
1099,25.13,1909.34,106.68,519.19,865.2,71.58,77.3,12.64,0,0,0,0,0,0,1,0,0,2.37,-0.01,8756.41,%sOxidizer Fill Confirmation
1100,24.1,1909.34,106.68,519.19,865.47,73.39,77.3,12.64,0,0,0,0,0,0,1,0,0,2.37,-0.01,8756.44,%sOxidizer Fill Confirmation
1101,35.11,1909.34,106.68,519.19,865.47,73.39,79.07,12.64,0,0,0,0,0,0,1,0,0,2.37,-0.01,8756.47,%sOxidizer Fill Confirmation
1102,24.32,1912.04,106.68,519.19,865.47,73.39,79.07,13.09,0,0,0,0,0,0,1,0,0,2.37,0,8756.5,%sOxidizer Fill Confirmation
1103,35.31,1912.04,107.06,519.19,865.47,73.39,79.07,13.09,0,0,0,0,0,0,1,0,0,2.37,0,8756.53,%sOxidizer Fill Confirmation
1104,29.45,1912.04,107.06,538.97,865.37,73.39,79.07,13.09,0,0,0,0,0,0,1,0,0,2.37,0,8756.56,%sOxidizer Fill Confirmation
1105,31.42,1912.04,107.06,538.97,865.37,73.36,79.51,13.09,0,0,0,0,0,0,1,0,0,2.37,0,8756.59,%sOxidizer Fill Confirmation
1106,25.8,1912.04,107.06,538.97,865.37,73.36,79.51,12.98,0,0,0,0,0,0,1,0,0,2.36,0.01,8756.62,%sOxidizer Fill Confirmation
1107,28.33,1911.25,107.06,538.97,865.37,73.36,79.51,12.98,0,0,0,0,0,0,1,0,0,2.36,0.01,8756.65,%sOxidizer Fill Confirmation
1108,33.97,1911.25,107.4,539.75,865.37,73.36,79.51,12.98,0,0,0,0,0,0,1,0,0,2.36,0.01,8756.68,%sOxidizer Fill Confirmation
1109,37.35,1911.25,107.4,539.75,865.62,73.41,79.51,12.98,0,0,0,0,0,0,1,0,0,2.36,0.01,8756.72,%sOxidizer Fill Confirmation
1110,26.77,1911.25,107.4,539.75,865.62,73.41,79.42,12.98,0,0,0,0,0,0,1,0,0,2.36,0.01,8756.75,%sOxidizer Fill Confirmation
1111,30.92,1911.25,107.4,539.75,865.62,73.41,79.42,12.78,0,0,0,0,0,0,1,0,0,2.37,0.01,8756.78,%sOxidizer Fill Confirmation
1112,28.29,1911.89,107.4,539.75,865.62,73.41,79.42,12.78,0,0,0,0,0,0,1,0,0,2.37,0.01,8756.8,%sOxidizer Fill Confirmation
1113,28.2,1911.89,106.93,539.68,865.62,73.41,79.42,12.78,0,0,0,0,0,0,1,0,0,2.37,0.01,8756.83,%sOxidizer Fill Confirmation
1114,28.78,1911.89,106.93,539.68,822.21,74.09,79.97,12.78,0,0,0,0,0,0,1,0,0,2.37,0.01,8756.86,%sOxidizer Fill Confirmation
1115,28.39,1911.89,106.93,539.68,822.21,74.09,79.97,13.14,0,0,0,0,0,0,1,0,0,2.37,0.01,8756.89,%sOxidizer Fill Confirmation
1116,26.24,1911.89,106.93,539.68,822.21,74.09,79.97,13.14,0,0,0,0,0,0,1,0,0,2.37,0.02,8756.92,%sOxidizer Fill Confirmation
1117,25.43,1911.64,106.9,539.77,780.35,74.09,79.97,13.14,0,0,0,0,0,0,1,0,0,2.37,0.02,8756.94,%sOxidizer Fill Confirmation
1118,32.84,1911.64,106.9,539.77,780.35,74.09,79.97,13.14,0,0,0,0,0,0,1,0,0,2.37,0.02,8756.97,%sOxidizer Fill Confirmation
1119,21.81,1911.64,106.9,539.77,780.35,76.27,81.91,13.14,0,0,0,0,0,0,1,0,0,2.37,0.02,8757,%sOxidizer Fill Confirmation
1120,24.05,1911.64,106.9,539.77,780.35,76.27,81.91,13.27,0,0,0,0,0,0,1,0,0,2.37,0.02,8757.02,%sOxidizer Fill Confirmation
1121,26.96,1910.75,106.85,539.77,780.35,76.27,81.91,13.27,0,0,0,0,0,0,1,0,0,2.37,0,8757.05,%sOxidizer Fill Confirmation
1122,29.87,1910.75,106.85,539.76,780.35,76.27,81.91,13.27,0,0,0,0,0,0,1,0,0,2.37,0,8757.08,%sOxidizer Fill Confirmation
1123,25.22,1910.75,106.85,539.76,740.52,78.66,83.87,13.27,0,0,0,0,0,0,1,0,0,2.37,0,8757.1,%sOxidizer Fill Confirmation
1124,26.79,1910.75,106.85,539.76,740.52,78.66,83.87,12.34,0,0,0,0,0,0,1,0,0,2.37,0,8757.13,%sOxidizer Fill Confirmation
1125,28.21,1910.75,106.85,539.76,740.52,78.66,83.87,12.34,0,0,0,0,0,0,1,0,0,2.37,-0.03,8757.16,%sOxidizer Fill Confirmation
1126,27.56,1910.55,106.88,539.76,740.52,78.66,83.87,12.34,0,0,0,0,0,0,1,0,0,2.37,-0.03,8757.18,%sOxidizer Fill Confirmation
1127,28.73,1910.55,106.88,539.72,700.4,78.66,83.87,12.34,0,0,0,0,0,0,1,0,0,2.37,-0.03,8757.21,%sOxidizer Fill Confirmation
1128,28.84,1910.55,106.88,539.72,700.4,81.73,86.88,11.36,0,0,0,0,0,0,1,0,0,2.37,-0.03,8757.24,%sOxidizer Fill Confirmation
1129,26.88,1910.55,106.88,539.72,700.4,81.73,86.88,11.36,0,0,0,0,0,0,1,0,0,2.38,-0.03,8757.27,%sOxidizer Fill Confirmation
1130,25.64,1909.65,106.88,539.72,700.4,81.73,86.88,11.36,0,0,0,0,0,0,1,0,0,2.38,-0.03,8757.29,%sOxidizer Fill Confirmation
1131,23.97,1909.65,106.5,539.38,700.4,81.73,86.88,11.36,0,0,0,0,0,0,1,0,0,2.38,-0.03,8757.32,%sOxidizer Fill Confirmation
1132,27.17,1909.65,106.5,539.38,659.25,86.76,86.88,11.36,0,0,0,0,0,0,1,0,0,2.38,-0.03,8757.35,%sOxidizer Fill Confirmation
1133,27.73,1909.65,106.5,539.38,659.25,86.76,92.13,11.15,0,0,0,0,0,0,1,0,0,2.38,-0.03,8757.37,%sOxidizer Fill Confirmation
1134,30.43,1908.57,106.25,539.38,659.25,86.76,92.13,11.15,0,0,0,0,0,0,1,0,0,2.39,-0.05,8757.4,%sOxidizer Fill Confirmation
1135,28.35,1908.57,106.25,539.11,659.25,86.76,92.13,11.15,0,0,0,0,0,0,1,0,0,2.39,-0.05,8757.43,%sOxidizer Fill Confirmation
1136,27.84,1908.57,106.25,539.11,616.9,86.76,92.13,11.15,0,0,0,0,0,0,1,0,0,2.39,-0.05,8757.46,%sOxidizer Fill Confirmation
1137,25.97,1908.57,106.25,539.11,616.9,93.41,98.98,10.7,0,0,0,0,0,0,1,0,0,2.39,-0.05,8757.49,%sOxidizer Fill Confirmation
1138,32.19,1908.57,106.25,539.11,616.9,93.41,98.98,10.7,0,0,0,0,0,0,1,0,0,2.41,-0.09,8757.52,%sOxidizer Fill Confirmation
1139,23.07,1907.88,106.25,539.11,616.9,93.41,98.98,10.7,0,0,0,0,0,0,1,0,0,2.41,-0.09,8757.54,%sOxidizer Fill Confirmation
1140,23.3,1907.88,106.05,539.11,616.9,93.41,98.98,10.7,0,0,0,0,0,0,1,0,0,2.41,-0.09,8757.56,%sOxidizer Fill Confirmation
1141,26.01,1907.88,106.05,538.93,572.37,101.73,98.98,10.7,0,0,0,0,0,0,1,0,0,2.41,-0.09,8757.59,%sOxidizer Fill Confirmation
1142,28.79,1907.88,106.05,538.93,572.37,101.73,107.45,10.47,0,0,0,0,0,0,1,0,0,2.41,-0.1,8757.62,%sOxidizer Fill Confirmation
1143,29.83,1907.2,106.05,538.93,572.37,101.73,107.45,10.47,0,0,0,0,0,0,1,0,0,2.42,-0.1,8757.65,%sOxidizer Fill Confirmation
1144,28.8,1907.2,105.81,538.74,572.37,101.73,107.45,10.47,0,0,0,0,0,0,1,0,0,2.42,-0.1,8757.68,%sOxidizer Fill Confirmation
1145,25.34,1907.2,105.81,538.74,526.25,101.73,107.45,10.47,0,0,0,0,0,0,1,0,0,2.42,-0.1,8757.7,%sOxidizer Fill Confirmation
1146,23.83,1907.2,105.81,538.74,526.25,110.34,116.48,10.52,0,0,0,0,0,0,1,0,0,2.42,-0.1,8757.73,%sOxidizer Fill Confirmation
1147,23.81,1906.04,105.81,538.74,526.25,110.34,116.48,10.52,0,0,0,0,0,0,1,0,0,2.45,-0.1,8757.75,%sOxidizer Fill Confirmation
1148,34.09,1906.04,105.27,538.74,526.25,110.34,116.48,10.52,0,0,0,0,0,0,1,0,0,2.45,-0.1,8757.79,%sOxidizer Fill Confirmation
1149,36.1,1906.04,105.27,538.54,478.89,110.34,116.48,10.52,0,0,0,0,0,0,1,0,0,2.45,-0.1,8757.82,%sOxidizer Fill Confirmation
1150,25.27,1906.04,105.27,538.54,478.89,121.84,128.36,10.52,0,0,0,0,0,0,1,0,0,2.45,-0.1,8757.85,%sOxidizer Fill Confirmation
1151,24.68,1906.04,105.27,538.54,478.89,121.84,128.36,11.23,0,0,0,0,0,0,1,0,0,2.45,-0.1,8757.87,%sOxidizer Fill Confirmation
1152,22.84,1906.1,105.42,538.54,478.89,121.84,128.36,11.23,0,0,0,0,0,0,1,0,0,2.49,-0.09,8757.89,%sOxidizer Fill Confirmation
1153,24.81,1906.1,105.42,538.27,478.89,121.84,128.36,11.23,0,0,0,0,0,0,1,0,0,2.49,-0.09,8757.92,%sOxidizer Fill Confirmation
1154,26.29,1906.1,105.42,538.27,430.58,134.18,128.36,11.23,0,0,0,0,0,0,1,0,0,2.49,-0.09,8757.95,%sOxidizer Fill Confirmation
1155,23.79,1906.1,105.42,538.27,430.58,134.18,141.06,11.23,0,0,0,0,0,0,1,0,0,2.49,-0.09,8757.97,%sOxidizer Fill Confirmation
1156,26.5,1905.88,105.42,538.27,430.58,134.18,141.06,11.55,0,0,0,0,0,0,1,0,0,2.52,-0.07,8758,%sOxidizer Fill Confirmation
1157,28.79,1905.88,106.1,538.24,430.58,134.18,141.06,11.55,0,0,0,0,0,0,1,0,0,2.52,-0.07,8758.02,%sOxidizer Fill Confirmation
1158,39.34,1905.88,106.1,538.24,425.37,147.27,154.4,11.55,0,0,0,0,0,0,1,0,0,2.52,-0.07,8758.06,%sOxidizer Fill Confirmation
1159,27.46,1905.88,106.1,538.24,425.37,147.27,154.4,11.55,0,0,0,0,0,0,1,0,0,2.52,-0.07,8758.09,%sOxidizer Fill Confirmation
1160,25.52,1905.85,106.1,538.24,425.37,147.27,154.4,11.7,0,0,0,0,0,0,1,0,0,2.56,-0.09,8758.12,%sOxidizer Fill Confirmation
1161,27.59,1905.85,106.25,538.51,425.37,147.27,154.4,11.7,0,0,0,0,0,0,1,0,0,2.56,-0.09,8758.14,%sOxidizer Fill Confirmation
1162,24.04,1905.85,106.25,538.51,418.6,147.27,154.4,11.7,0,0,0,0,0,0,1,0,0,2.56,-0.09,8758.17,%sOxidizer Fill Confirmation
1163,24.93,1905.85,106.25,538.51,418.6,159.74,166.84,11.7,0,0,0,0,0,0,1,0,0,2.56,-0.09,8758.19,%sOxidizer Fill Confirmation
1164,27.06,1906.39,106.25,538.51,418.6,159.74,166.84,11.46,0,0,0,0,0,0,1,0,0,2.59,-0.09,8758.22,%sOxidizer Fill Confirmation
1165,22.98,1906.39,106.24,538.51,418.6,159.74,166.84,11.46,0,0,0,0,0,0,1,0,0,2.59,-0.09,8758.24,%sOxidizer Fill Confirmation
1166,32.77,1906.39,106.24,538.58,409.28,159.74,166.84,11.46,0,0,0,0,0,0,1,0,0,2.59,-0.09,8758.28,%sOxidizer Fill Confirmation
1167,26.19,1906.39,106.24,538.58,409.28,171.85,179.27,11.46,0,0,0,0,0,0,1,0,0,2.59,-0.09,8758.3,%sOxidizer Fill Confirmation
1168,25.72,1906.39,106.24,538.58,409.28,171.85,179.27,11.55,0,0,0,0,0,0,1,0,0,2.59,-0.09,8758.33,%sOxidizer Fill Confirmation
1169,22.29,1906.26,106.24,538.58,409.28,171.85,179.27,11.55,0,0,0,0,0,0,1,0,0,2.63,-0.09,8758.35,%sOxidizer Fill Confirmation
1170,27.72,1906.26,106.14,538.6,409.28,171.85,179.27,11.55,0,0,0,0,0,0,1,0,0,2.63,-0.09,8758.38,%sOxidizer Fill Confirmation
1171,24.54,1906.26,106.14,538.6,400.25,183.91,191.3,11.48,0,0,0,0,0,0,1,0,0,2.63,-0.09,8758.4,%sOxidizer Fill Confirmation
1172,32.75,1906.26,106.14,538.6,400.25,183.91,191.3,11.48,0,0,0,0,0,0,1,0,0,2.65,-0.11,8758.44,%sOxidizer Fill Confirmation
1173,23.64,1906.33,106.14,538.6,400.25,183.91,191.3,11.48,0,0,0,0,0,0,1,0,0,2.65,-0.11,8758.46,%sOxidizer Fill Confirmation
1174,24.24,1906.33,106.21,538.8,392.36,183.91,191.3,11.48,0,0,0,0,0,0,1,0,0,2.65,-0.11,8758.48,%sOxidizer Fill Confirmation
1175,24.9,1906.33,106.21,538.8,392.36,195.34,191.3,11.48,0,0,0,0,0,0,1,0,0,2.65,-0.11,8758.51,%sOxidizer Fill Confirmation
1176,22.92,1906.33,106.21,538.8,392.36,195.34,202.46,11.13,0,0,0,0,0,0,1,0,0,2.65,-0.11,8758.53,%sOxidizer Fill Confirmation
1177,30.82,1907.02,106.21,538.8,392.36,195.34,202.46,11.13,0,0,0,0,0,0,1,0,0,2.68,-0.11,8758.56,%sOxidizer Fill Confirmation
1178,26.62,1907.02,106.47,539.01,392.36,195.34,202.46,11.13,0,0,0,0,0,0,1,0,0,2.68,-0.11,8758.59,%sOxidizer Fill Confirmation
1179,28.8,1907.02,106.47,539.01,385.68,195.34,202.46,11.13,0,0,0,0,0,0,1,0,0,2.68,-0.11,8758.62,%sOxidizer Fill Confirmation
1180,24.96,1907.02,106.47,539.01,385.68,206.06,212.83,11.13,0,0,0,0,0,0,1,0,0,2.68,-0.11,8758.64,%sOxidizer Fill Confirmation
1181,28.68,1907.29,106.47,539.01,385.68,206.06,212.83,10.66,0,0,0,0,0,0,1,0,0,2.72,-0.1,8758.67,%sOxidizer Fill Confirmation
1182,24.32,1907.29,106.71,539.04,385.68,206.06,212.83,10.66,0,0,0,0,0,0,1,0,0,2.72,-0.1,8758.7,%sOxidizer Fill Confirmation
1183,35.59,1907.29,106.71,539.04,381.51,216.17,222.75,10.66,0,0,0,0,0,0,1,0,0,2.72,-0.1,8758.73,%sOxidizer Fill Confirmation
1184,23.82,1907.29,106.71,539.04,381.51,216.17,222.75,10.06,0,0,0,0,0,0,1,0,0,2.72,-0.09,8758.75,%sOxidizer Fill Confirmation
1185,22.08,1907.29,106.71,539.04,381.51,216.17,222.75,10.06,0,0,0,0,0,0,1,0,0,2.75,-0.09,8758.78,%sOxidizer Fill Confirmation
1186,24.22,1907.83,106.92,539.04,381.51,216.17,222.75,10.06,0,0,0,0,0,0,1,0,0,2.75,-0.09,8758.8,%sOxidizer Fill Confirmation
1187,24.17,1907.83,106.92,539.16,379,216.17,222.75,10.06,0,0,0,0,0,0,1,0,0,2.75,-0.09,8758.83,%sOxidizer Fill Confirmation
1188,29.52,1907.83,106.92,539.16,379,225.91,232.1,9.15,0,0,0,0,0,0,1,0,0,2.75,-0.09,8758.85,%sOxidizer Fill Confirmation
1189,27.13,1908.19,106.92,539.16,379,225.91,232.1,9.15,0,0,0,0,0,0,1,0,0,2.77,-0.11,8758.88,%sOxidizer Fill Confirmation
1190,25.45,1908.19,107.19,539.16,379,225.91,232.1,9.15,0,0,0,0,0,0,1,0,0,2.77,-0.11,8758.91,%sOxidizer Fill Confirmation
1191,26.36,1908.19,107.19,539.37,378.31,234.85,232.1,9.15,0,0,0,0,0,0,1,0,0,2.77,-0.11,8758.93,%sOxidizer Fill Confirmation
1192,25.77,1908.19,107.19,539.37,378.31,234.85,240.65,8.55,0,0,0,0,0,0,1,0,0,2.77,-0.12,8758.96,%sOxidizer Fill Confirmation
1193,28.66,1908.19,107.19,539.37,378.31,234.85,240.65,8.55,0,0,0,0,0,0,1,0,0,2.79,-0.12,8758.99,%sOxidizer Fill Confirmation
1194,27.1,1908.86,107.44,539.42,378.71,234.85,240.65,8.55,0,0,0,0,0,0,1,0,0,2.79,-0.12,8759.02,%sOxidizer Fill Confirmation
1195,23.66,1908.86,107.44,539.42,378.71,243.71,249.39,8.55,0,0,0,0,0,0,1,0,0,2.79,-0.12,8759.04,%sOxidizer Fill Confirmation
1196,26.11,1908.86,107.44,539.42,378.71,243.71,249.39,8.53,0,0,0,0,0,0,1,0,0,2.82,-0.12,8759.06,%sOxidizer Fill Confirmation
1197,25.36,1909.57,107.44,539.42,378.71,243.71,249.39,8.53,0,0,0,0,0,0,1,0,0,2.82,-0.12,8759.09,%sOxidizer Fill Confirmation
1198,23.06,1909.57,107.51,539.42,379.88,252.08,249.39,8.53,0,0,0,0,0,0,1,0,0,2.82,-0.12,8759.11,%sOxidizer Fill Confirmation
1199,26.56,1909.57,107.51,539.42,379.88,252.08,249.39,8.53,0,0,0,0,0,0,1,0,0,2.82,-0.12,8759.14,%sOxidizer Fill Confirmation
1200,26.06,1909.57,107.51,539.42,379.88,252.08,257.54,8.53,0,0,0,0,0,0,1,0,0,2.82,-0.12,8759.17,%sOxidizer Fill Confirmation
1201,26.09,1909.67,107.51,539.42,379.88,252.08,257.54,8.36,0,0,0,0,0,0,1,0,0,2.85,-0.11,8759.19,%sOxidizer Fill Confirmation
1202,30.41,1909.67,107.35,539.18,379.88,252.08,257.54,8.36,0,0,0,0,0,0,1,0,0,2.85,-0.11,8759.22,%sOxidizer Fill Confirmation
1203,36.09,1909.67,107.35,539.18,381.53,260.25,265.66,8.36,0,0,0,0,0,0,1,0,0,2.85,-0.11,8759.26,%sOxidizer Fill Confirmation
1204,25.23,1909.67,107.35,539.18,381.53,260.25,265.66,8.41,0,0,0,0,0,0,1,0,0,2.85,-0.11,8759.28,%sOxidizer Fill Confirmation
1205,28.67,1909.11,107.35,539.18,381.53,260.25,265.66,8.41,0,0,0,0,0,0,1,0,0,2.86,-0.11,8759.31,%sOxidizer Fill Confirmation
1206,25.05,1909.11,107.17,539.1,381.53,260.25,265.66,8.41,0,0,0,0,0,0,1,0,0,2.86,-0.11,8759.34,%sOxidizer Fill Confirmation
1207,25.54,1909.11,107.17,539.1,383.99,268.81,274.16,8.41,0,0,0,0,0,0,1,0,0,2.86,-0.11,8759.36,%sOxidizer Fill Confirmation
1208,25.56,1909.11,107.17,539.1,383.99,268.81,274.16,8.39,0,0,0,0,0,0,1,0,0,2.88,-0.12,8759.39,%sOxidizer Fill Confirmation
1209,22.34,1908.84,107.17,539.1,383.99,268.81,274.16,8.39,0,0,0,0,0,0,1,0,0,2.88,-0.12,8759.41,%sOxidizer Fill Confirmation
1210,24.1,1908.84,107.15,539.1,383.99,268.81,274.16,8.39,0,0,0,0,0,0,1,0,0,2.88,-0.12,8759.43,%sOxidizer Fill Confirmation
1211,24.49,1908.84,107.15,539.03,387.07,277.45,282.28,8.39,0,0,0,0,0,0,1,0,0,2.88,-0.12,8759.46,%sOxidizer Fill Confirmation
1212,24.71,1908.84,107.15,539.03,387.07,277.45,282.28,8.43,0,0,0,0,0,0,1,0,0,2.88,-0.12,8759.48,%sOxidizer Fill Confirmation
1213,24.16,1908.4,106.97,539.03,387.07,277.45,282.28,8.43,0,0,0,0,0,0,1,0,0,2.89,-0.12,8759.51,%sOxidizer Fill Confirmation
1214,29.68,1908.4,106.97,539.04,390.38,277.45,282.28,8.43,0,0,0,0,0,0,1,0,0,2.89,-0.12,8759.54,%sOxidizer Fill Confirmation
1215,27.59,1908.4,106.97,539.04,390.38,285.84,290.87,8.43,0,0,0,0,0,0,1,0,0,2.89,-0.12,8759.57,%sOxidizer Fill Confirmation
1216,24.94,1908.4,106.97,539.04,390.38,285.84,290.87,8.72,0,0,0,0,0,0,1,0,0,2.89,-0.12,8759.59,%sOxidizer Fill Confirmation
1217,22.1,1908.4,106.97,539.04,390.38,285.84,290.87,8.72,0,0,0,0,0,0,1,0,0,2.91,-0.12,8759.61,%sOxidizer Fill Confirmation
1218,23.17,1907.54,106.76,538.87,390.38,285.84,290.87,8.72,0,0,0,0,0,0,1,0,0,2.91,-0.12,8759.64,%sOxidizer Fill Confirmation
1219,23.6,1907.54,106.76,538.87,393.9,294.01,298.86,8.72,0,0,0,0,0,0,1,0,0,2.91,-0.12,8759.66,%sOxidizer Fill Confirmation
1220,24.77,1907.54,106.76,538.87,393.9,294.01,298.86,9.3,0,0,0,0,0,0,1,0,0,2.91,-0.13,8759.68,%sOxidizer Fill Confirmation
1221,26.37,1907.04,106.76,538.87,393.9,294.01,298.86,9.3,0,0,0,0,0,0,1,0,0,2.91,-0.13,8759.71,%sOxidizer Fill Confirmation
1222,25.9,1907.04,106.62,538.87,393.9,294.01,298.86,9.3,0,0,0,0,0,0,1,0,0,2.91,-0.13,8759.74,%sOxidizer Fill Confirmation
1223,26.97,1907.04,106.62,538.83,397.66,301.71,305.88,9.3,0,0,0,0,0,0,1,0,0,2.91,-0.13,8759.76,%sOxidizer Fill Confirmation
1224,30.06,1907.04,106.62,538.83,397.66,301.71,305.88,9.34,0,0,0,0,0,0,1,0,0,2.91,-0.14,8759.79,%sOxidizer Fill Confirmation
1225,21.19,1906.63,106.62,538.83,397.66,301.71,305.88,9.34,0,0,0,0,0,0,1,0,0,2.93,-0.14,8759.81,%sOxidizer Fill Confirmation
1226,27.53,1906.63,106.54,539,401.68,301.71,305.88,9.34,0,0,0,0,0,0,1,0,0,2.93,-0.14,8759.84,%sOxidizer Fill Confirmation
1227,36.25,1906.63,106.54,539,401.68,309.68,305.88,9.34,0,0,0,0,0,0,1,0,0,2.93,-0.14,8759.88,%sOxidizer Fill Confirmation
1228,23.63,1906.63,106.54,539,401.68,309.68,313.1,9.37,0,0,0,0,0,0,1,0,0,2.93,-0.14,8759.9,%sOxidizer Fill Confirmation
1229,27.65,1906.63,106.54,539,401.68,309.68,313.1,9.37,0,0,0,0,0,0,1,0,0,2.95,-0.14,8759.93,%sOxidizer Fill Confirmation
1230,33.72,1906.63,106.39,538.93,401.68,309.68,313.1,9.37,0,0,0,0,0,0,1,0,0,2.95,-0.14,8759.96,%sOxidizer Fill Confirmation
1231,51.59,1906.63,106.39,538.93,405.59,309.68,313.1,9.37,0,0,0,0,0,0,1,0,0,2.95,-0.14,8760.02,%sOxidizer Fill Confirmation
1232,27.52,1906.63,106.39,538.93,405.59,316.55,319.92,9.37,0,0,0,0,0,0,1,0,0,2.95,-0.14,8760.04,%sOxidizer Fill Confirmation
1233,31.81,1906.63,106.39,538.93,405.59,316.55,319.92,9.24,0,0,0,0,0,0,1,0,0,2.95,-0.14,8760.07,%sOxidizer Fill Confirmation
1234,28.16,1906.63,106.39,538.93,405.59,316.55,319.92,9.24,0,0,0,0,0,0,1,0,0,2.95,-0.14,8760.1,%sOxidizer Fill Confirmation
1235,29.67,1905.99,106.39,538.93,405.59,316.55,319.92,9.24,0,0,0,0,0,0,1,0,0,2.96,-0.14,8760.13,%sOxidizer Fill Confirmation
1236,32.73,1905.99,106.29,539,405.59,316.55,319.92,9.24,0,0,0,0,0,0,1,0,0,2.96,-0.14,8760.16,%sOxidizer Fill Confirmation
1237,38.79,1905.99,106.29,539,409.7,323.26,319.92,9.24,0,0,0,0,0,0,1,0,0,2.96,-0.14,8760.2,%sOxidizer Fill Confirmation
1238,36.29,1905.99,106.29,539,409.7,323.26,326.48,9.24,0,0,0,0,0,0,1,0,0,2.96,-0.14,8760.24,%sOxidizer Fill Confirmation
1239,34.79,1905.99,106.29,539,409.7,323.26,326.48,8.91,0,0,0,0,0,0,1,0,0,2.96,-0.14,8760.27,%sOxidizer Fill Confirmation
1240,33.16,1905.99,106.29,539,409.7,323.26,326.48,8.91,0,0,0,0,0,0,1,0,0,2.98,-0.16,8760.31,%sOxidizer Fill Confirmation
1241,35.95,1905.23,106.29,539,409.7,323.26,326.48,8.91,0,0,0,0,0,0,1,0,0,2.98,-0.16,8760.34,%sOxidizer Fill Confirmation
1242,28.65,1905.23,106.2,539.2,409.7,323.26,326.48,8.91,0,0,0,0,0,0,1,0,0,2.98,-0.16,8760.37,%sOxidizer Fill Confirmation
1243,36.97,1905.23,106.2,539.2,414.28,323.26,326.48,8.91,0,0,0,0,0,0,1,0,0,2.98,-0.16,8760.41,%sOxidizer Fill Confirmation
1244,32.48,1905.23,106.2,539.2,414.28,330.49,333.24,8.91,0,0,0,0,0,0,1,0,0,2.98,-0.16,8760.44,%sOxidizer Fill Confirmation
1245,27.7,1905.23,106.2,539.2,414.28,330.49,333.24,8.65,0,0,0,0,0,0,1,0,0,2.98,-0.15,8760.47,%sOxidizer Fill Confirmation
1246,31.3,1905.23,106.2,539.2,414.28,330.49,333.24,8.65,0,0,0,0,0,0,1,0,0,3,-0.15,8760.5,%sOxidizer Fill Confirmation
1247,34.74,1905.1,106.2,539.2,414.28,330.49,333.24,8.65,0,0,0,0,0,0,1,0,0,3,-0.15,8760.54,%sOxidizer Fill Confirmation
1248,35.28,1905.1,106.27,539.22,414.28,330.49,333.24,8.65,0,0,0,0,0,0,1,0,0,3,-0.15,8760.57,%sOxidizer Fill Confirmation
1249,34.35,1905.1,106.27,539.22,419.08,330.49,333.24,8.65,0,0,0,0,0,0,1,0,0,3,-0.15,8760.61,%sOxidizer Fill Confirmation
1250,30.63,1905.1,106.27,539.22,419.08,338.05,340.66,8.65,0,0,0,0,0,0,1,0,0,3,-0.15,8760.64,%sOxidizer Fill Confirmation
1251,39.29,1905.1,106.27,539.22,419.08,338.05,340.66,8.87,0,0,0,0,0,0,1,0,0,3,-0.15,8760.68,%sOxidizer Fill Confirmation
1252,33.78,1905.1,106.27,539.22,419.08,338.05,340.66,8.87,0,0,0,0,0,0,1,0,0,3,-0.14,8760.71,%sOxidizer Fill Confirmation
1253,29.71,1905.14,106.27,539.22,419.08,338.05,340.66,8.87,0,0,0,0,0,0,1,0,0,3.02,-0.14,8760.74,%sOxidizer Fill Confirmation
1254,28.34,1905.14,106.23,539.09,419.08,338.05,340.66,8.87,0,0,0,0,0,0,1,0,0,3.02,-0.14,8760.77,%sOxidizer Fill Confirmation
1255,34.64,1905.14,106.23,539.09,424.27,338.05,340.66,8.87,0,0,0,0,0,0,1,0,0,3.02,-0.14,8760.8,%sOxidizer Fill Confirmation
1256,31.69,1905.14,106.23,539.09,424.27,346.41,340.66,8.87,0,0,0,0,0,0,1,0,0,3.02,-0.14,8760.83,%sOxidizer Fill Confirmation
1257,33.71,1905.14,106.23,539.09,424.27,346.41,348.45,8.87,0,0,0,0,0,0,1,0,0,3.02,-0.14,8760.87,%sOxidizer Fill Confirmation
1258,27.02,1905.14,106.23,539.09,424.27,346.41,348.45,8.81,0,0,0,0,0,0,1,0,0,3.02,-0.14,8760.89,%sOxidizer Fill Confirmation
1259,24.05,1905.14,106.23,539.09,424.27,346.41,348.45,8.81,0,0,0,0,0,0,1,0,0,3.05,-0.13,8760.92,%sOxidizer Fill Confirmation
1260,35.19,1905.13,106.23,539.09,424.27,346.41,348.45,8.81,0,0,0,0,0,0,1,0,0,3.05,-0.13,8760.95,%sOxidizer Fill Confirmation
1261,26.74,1905.13,106.1,539.07,424.27,346.41,348.45,8.81,0,0,0,0,0,0,1,0,0,3.05,-0.13,8760.98,%sOxidizer Fill Confirmation
1262,30.16,1905.13,106.1,539.07,429.96,346.41,348.45,8.81,0,0,0,0,0,0,1,0,0,3.05,-0.13,8761.01,%sOxidizer Fill Confirmation
1263,33.8,1905.13,106.1,539.07,429.96,355.02,356.88,8.78,0,0,0,0,0,0,1,0,0,3.05,-0.13,8761.04,%sOxidizer Fill Confirmation
1264,33.25,1905.13,106.1,539.07,429.96,355.02,356.88,8.78,0,0,0,0,0,0,1,0,0,3.05,-0.13,8761.08,%sOxidizer Fill Confirmation
1265,28.23,1905.13,106.1,539.07,429.96,355.02,356.88,8.78,0,0,0,0,0,0,1,0,0,3.08,-0.11,8761.11,%sOxidizer Fill Confirmation
1266,36.31,1905.36,106.1,539.07,429.96,355.02,356.88,8.78,0,0,0,0,0,0,1,0,0,3.08,-0.11,8761.14,%sOxidizer Fill Confirmation
1267,36.16,1905.36,106.19,539.07,429.96,355.02,356.88,8.78,0,0,0,0,0,0,1,0,0,3.08,-0.11,8761.18,%sOxidizer Fill Confirmation
1268,32.43,1905.36,106.19,538.94,436.1,355.02,356.88,8.78,0,0,0,0,0,0,1,0,0,3.08,-0.11,8761.21,%sOxidizer Fill Confirmation
1269,32.32,1905.36,106.19,538.94,436.1,363.43,365.16,8.78,0,0,0,0,0,0,1,0,0,3.08,-0.11,8761.24,%sOxidizer Fill Confirmation
1270,27.65,1905.36,106.19,538.94,436.1,363.43,365.16,9,0,0,0,0,0,0,1,0,0,3.08,-0.1,8761.27,%sOxidizer Fill Confirmation
1271,32.95,1905.36,106.19,538.94,436.1,363.43,365.16,9,0,0,0,0,0,0,1,0,0,3.11,-0.1,8761.3,%sOxidizer Fill Confirmation
1272,23.75,1905.53,106.13,538.94,436.1,363.43,365.16,9,0,0,0,0,0,0,1,0,0,3.11,-0.1,8761.33,%sOxidizer Fill Confirmation
1273,32.85,1905.53,106.13,538.93,436.1,363.43,365.16,9,0,0,0,0,0,0,1,0,0,3.11,-0.1,8761.36,%sOxidizer Fill Confirmation
1274,24.74,1905.53,106.13,538.93,442.89,372.55,365.16,9,0,0,0,0,0,0,1,0,0,3.11,-0.1,8761.38,%sOxidizer Fill Confirmation
1275,31.95,1905.53,106.13,538.93,442.89,372.55,374.27,9,0,0,0,0,0,0,1,0,0,3.11,-0.1,8761.42,%sOxidizer Fill Confirmation
1276,26.14,1905.53,106.13,538.93,442.89,372.55,374.27,8.74,0,0,0,0,0,0,1,0,0,3.11,-0.09,8761.44,%sOxidizer Fill Confirmation
1277,30.69,1905.55,106.13,538.93,442.89,372.55,374.27,8.74,0,0,0,0,0,0,1,0,0,3.14,-0.09,8761.47,%sOxidizer Fill Confirmation
1278,27.23,1905.55,106,539.03,442.89,372.55,374.27,8.74,0,0,0,0,0,0,1,0,0,3.14,-0.09,8761.5,%sOxidizer Fill Confirmation
1279,25.06,1905.55,106,539.03,449.86,381.74,374.27,8.74,0,0,0,0,0,0,1,0,0,3.14,-0.09,8761.53,%sOxidizer Fill Confirmation
1280,33.2,1905.55,106,539.03,449.86,381.74,384.14,8.74,0,0,0,0,0,0,1,0,0,3.14,-0.09,8761.56,%sOxidizer Fill Confirmation
1281,27.59,1905.55,106,539.03,449.86,381.74,384.14,8.77,0,0,0,0,0,0,1,0,0,3.14,-0.09,8761.59,%sOxidizer Fill Confirmation
1282,26.81,1905.51,106,539.03,449.86,381.74,384.14,8.77,0,0,0,0,0,0,1,0,0,3.17,-0.09,8761.61,%sOxidizer Fill Confirmation
1283,32.67,1905.51,105.87,539.03,449.86,381.74,384.14,8.77,0,0,0,0,0,0,1,0,0,3.17,-0.09,8761.65,%sOxidizer Fill Confirmation
1284,30.63,1905.51,105.87,538.76,457.24,381.74,384.14,8.77,0,0,0,0,0,0,1,0,0,3.17,-0.09,8761.68,%sOxidizer Fill Confirmation
1285,25.19,1905.51,105.87,538.76,457.24,391.27,384.14,8.77,0,0,0,0,0,0,1,0,0,3.17,-0.09,8761.7,%sOxidizer Fill Confirmation
1286,24.13,1905.51,105.87,538.76,457.24,391.27,394.25,8.84,0,0,0,0,0,0,1,0,0,3.17,-0.09,8761.73,%sOxidizer Fill Confirmation
1287,27.49,1905.77,105.87,538.76,457.24,391.27,394.25,8.84,0,0,0,0,0,0,1,0,0,3.2,-0.09,8761.75,%sOxidizer Fill Confirmation
1288,29.66,1905.77,106.03,538.76,457.24,391.27,394.25,8.84,0,0,0,0,0,0,1,0,0,3.2,-0.09,8761.78,%sOxidizer Fill Confirmation
1289,25.41,1905.77,106.03,538.9,457.24,391.27,394.25,8.84,0,0,0,0,0,0,1,0,0,3.2,-0.09,8761.81,%sOxidizer Fill Confirmation
1290,27.93,1905.77,106.03,538.9,464.94,401.22,404.05,8.84,0,0,0,0,0,0,1,0,0,3.2,-0.09,8761.84,%sOxidizer Fill Confirmation
1291,27.7,1905.77,106.03,538.9,464.94,401.22,404.05,8.96,0,0,0,0,0,0,1,0,0,3.23,-0.08,8761.86,%sOxidizer Fill Confirmation
1292,28.16,1906.09,105.9,538.9,464.94,401.22,404.05,8.96,0,0,0,0,0,0,1,0,0,3.23,-0.08,8761.89,%sOxidizer Fill Confirmation
1293,29.68,1906.09,105.9,538.72,464.94,401.22,404.05,8.96,0,0,0,0,0,0,1,0,0,3.23,-0.08,8761.92,%sOxidizer Fill Confirmation
1294,30.52,1906.09,105.9,538.72,472.4,401.22,404.05,8.96,0,0,0,0,0,0,1,0,0,3.23,-0.08,8761.95,%sOxidizer Fill Confirmation
1295,34.13,1906.09,105.9,538.72,472.4,410.65,413.68,8.96,0,0,0,0,0,0,1,0,0,3.23,-0.08,8761.99,%sOxidizer Fill Confirmation
1296,25.8,1906.09,105.9,538.72,472.4,410.65,413.68,9.18,0,0,0,0,0,0,1,0,0,3.27,-0.08,8762.01,%sOxidizer Fill Confirmation
1297,28.69,1906.29,105.9,538.72,472.4,410.65,413.68,9.18,0,0,0,0,0,0,1,0,0,3.27,-0.08,8762.04,%sOxidizer Fill Confirmation
1298,28.18,1906.29,105.96,538.67,472.4,410.65,413.68,9.18,0,0,0,0,0,0,1,0,0,3.27,-0.08,8762.07,%sOxidizer Fill Confirmation
1299,27.11,1906.29,105.96,538.67,479.81,420.19,423.43,9.18,0,0,0,0,0,0,1,0,0,3.27,-0.08,8762.1,%sOxidizer Fill Confirmation
1300,25.6,1906.29,105.96,538.67,479.81,420.19,423.43,9.16,0,0,0,0,0,0,1,0,0,3.27,-0.1,8762.12,%sOxidizer Fill Confirmation
1301,30.24,1906.78,105.96,538.67,479.81,420.19,423.43,9.16,0,0,0,0,0,0,1,0,0,3.29,-0.1,8762.15,%sOxidizer Fill Confirmation
1302,25.1,1906.78,105.95,538.77,479.81,420.19,423.43,9.16,0,0,0,0,0,0,1,0,0,3.29,-0.1,8762.18,%sOxidizer Fill Confirmation
1303,32.21,1906.78,105.95,538.77,486.83,420.19,423.43,9.16,0,0,0,0,0,0,1,0,0,3.29,-0.1,8762.21,%sOxidizer Fill Confirmation
1304,30.66,1906.78,105.95,538.77,486.83,428.61,431.81,9.16,0,0,0,0,0,0,1,0,0,3.29,-0.1,8762.24,%sOxidizer Fill Confirmation
1305,27.76,1906.78,105.95,538.77,486.83,428.61,431.81,8.69,0,0,0,0,0,0,1,0,0,3.33,-0.1,8762.27,%sOxidizer Fill Confirmation
1306,24.69,1907.08,105.94,538.77,486.83,428.61,431.81,8.69,0,0,0,0,0,0,1,0,0,3.33,-0.1,8762.29,%sOxidizer Fill Confirmation
1307,26.58,1907.08,105.94,538.78,493.49,436.09,431.81,8.69,0,0,0,0,0,0,1,0,0,3.33,-0.1,8762.32,%sOxidizer Fill Confirmation
1308,25.01,1907.08,105.94,538.78,493.49,436.09,440,9.07,0,0,0,0,0,0,1,0,0,3.33,-0.1,8762.34,%sOxidizer Fill Confirmation
1309,28.66,1907.08,105.94,538.78,493.49,436.09,440,9.07,0,0,0,0,0,0,1,0,0,3.33,-0.09,8762.37,%sOxidizer Fill Confirmation
1310,25.13,1907.26,105.94,538.77,493.49,436.09,440,9.07,0,0,0,0,0,0,1,0,0,3.35,-0.09,8762.4,%sOxidizer Fill Confirmation
1311,28.31,1907.26,105.94,538.77,499.55,436.09,440,9.07,0,0,0,0,0,0,1,0,0,3.35,-0.09,8762.43,%sOxidizer Fill Confirmation
1312,27.97,1907.26,105.94,538.77,499.55,443.17,447.67,9.07,0,0,0,0,0,0,1,0,0,3.35,-0.09,8762.45,%sOxidizer Fill Confirmation
1313,23.58,1907.26,105.94,538.77,499.55,443.17,447.67,9.5,0,0,0,0,0,0,1,0,0,3.38,-0.09,8762.48,%sOxidizer Fill Confirmation
1314,41.99,1907.24,105.94,538.77,499.55,443.17,447.67,9.5,0,0,0,0,0,0,1,0,0,3.38,-0.09,8762.52,%sOxidizer Fill Confirmation
1315,38.15,1907.24,105.77,538.73,499.55,443.17,447.67,9.5,0,0,0,0,0,0,1,0,0,3.38,-0.09,8762.56,%sOxidizer Fill Confirmation
1316,30.18,1907.24,105.77,538.73,505.07,443.17,447.67,9.5,0,0,0,0,0,0,1,0,0,3.38,-0.09,8762.59,%sOxidizer Fill Confirmation
1317,38.19,1907.24,105.77,538.73,505.07,449.91,454.62,9.5,0,0,0,0,0,0,1,0,0,3.38,-0.09,8762.63,%sOxidizer Fill Confirmation
1318,26.08,1907.24,105.77,538.73,505.07,449.91,454.62,9.64,0,0,0,0,0,0,1,0,0,3.38,-0.1,8762.65,%sOxidizer Fill Confirmation
1319,27.24,1907.29,105.77,538.73,505.07,449.91,454.62,9.64,0,0,0,0,0,0,1,0,0,3.4,-0.1,8762.68,%sOxidizer Fill Confirmation
1320,24.43,1907.29,105.91,538.92,510.35,449.91,454.62,9.64,0,0,0,0,0,0,1,0,0,3.4,-0.1,8762.7,%sOxidizer Fill Confirmation
1321,30.48,1907.29,105.91,538.92,510.35,449.91,454.62,9.64,0,0,0,0,0,0,1,0,0,3.4,-0.1,8762.73,%sOxidizer Fill Confirmation
1322,27.58,1907.29,105.91,538.92,510.35,455.8,460.3,9.64,0,0,0,0,0,0,1,0,0,3.4,-0.1,8762.76,%sOxidizer Fill Confirmation
1323,24.09,1907.29,105.91,538.92,510.35,455.8,460.3,9.38,0,0,0,0,0,0,1,0,0,3.4,-0.1,8762.79,%sOxidizer Fill Confirmation
1324,28.18,1907.29,105.91,538.92,510.35,455.8,460.3,9.38,0,0,0,0,0,0,1,0,0,3.42,-0.11,8762.81,%sOxidizer Fill Confirmation
1325,28.74,1907.56,105.91,538.92,510.35,455.8,460.3,9.38,0,0,0,0,0,0,1,0,0,3.42,-0.11,8762.84,%sOxidizer Fill Confirmation
1326,30.99,1907.56,106.18,539.02,515.4,455.8,460.3,9.38,0,0,0,0,0,0,1,0,0,3.42,-0.11,8762.87,%sOxidizer Fill Confirmation
1327,22.54,1907.56,106.18,539.02,515.4,461.47,465.74,9.38,0,0,0,0,0,0,1,0,0,3.42,-0.11,8762.9,%sOxidizer Fill Confirmation
1328,24.62,1907.56,106.18,539.02,515.4,461.47,465.74,9.39,0,0,0,0,0,0,1,0,0,3.42,-0.12,8762.92,%sOxidizer Fill Confirmation
1329,23.04,1907.56,106.18,539.02,515.4,461.47,465.74,9.39,0,0,0,0,0,0,1,0,0,3.45,-0.12,8762.94,%sOxidizer Fill Confirmation
1330,31.63,1907.9,106.46,539.16,515.4,461.47,465.74,9.39,0,0,0,0,0,0,1,0,0,3.45,-0.12,8762.98,%sOxidizer Fill Confirmation
1331,25.48,1907.9,106.46,539.16,519.87,461.47,465.74,9.39,0,0,0,0,0,0,1,0,0,3.45,-0.12,8763,%sOxidizer Fill Confirmation
1332,29.59,1907.9,106.46,539.16,519.87,466.25,470.72,9.39,0,0,0,0,0,0,1,0,0,3.45,-0.12,8763.03,%sOxidizer Fill Confirmation
1333,25.09,1907.9,106.46,539.16,519.87,466.25,470.72,9.3,0,0,0,0,0,0,1,0,0,3.48,-0.1,8763.06,%sOxidizer Fill Confirmation
1334,27.43,1907.51,106.22,539.16,519.87,466.25,470.72,9.3,0,0,0,0,0,0,1,0,0,3.48,-0.1,8763.08,%sOxidizer Fill Confirmation
1335,28.53,1907.51,106.22,538.96,523.95,466.25,470.72,9.3,0,0,0,0,0,0,1,0,0,3.48,-0.1,8763.11,%sOxidizer Fill Confirmation
1336,24.14,1907.51,106.22,538.96,523.95,471.32,470.72,9.3,0,0,0,0,0,0,1,0,0,3.48,-0.1,8763.14,%sOxidizer Fill Confirmation
1337,24.59,1907.51,106.22,538.96,523.95,471.32,476.32,9.96,0,0,0,0,0,0,1,0,0,3.5,-0.09,8763.16,%sOxidizer Fill Confirmation
1338,28.13,1907.47,106.11,538.97,523.95,471.32,476.32,9.96,0,0,0,0,0,0,1,0,0,3.5,-0.09,8763.19,%sOxidizer Fill Confirmation
1339,24.14,1907.47,106.11,538.97,528.04,476.17,476.32,9.96,0,0,0,0,0,0,1,0,0,3.5,-0.09,8763.21,%sOxidizer Fill Confirmation
1340,24.08,1907.47,106.11,538.97,528.04,476.17,481.01,9.96,0,0,0,0,0,0,1,0,0,3.5,-0.09,8763.24,%sOxidizer Fill Confirmation
1341,31.95,1907.47,106.11,538.97,528.04,476.17,481.01,10.07,0,0,0,0,0,0,1,0,0,3.5,-0.07,8763.27,%sOxidizer Fill Confirmation
1342,24.83,1907.47,106.11,538.97,528.04,476.17,481.01,10.07,0,0,0,0,0,0,1,0,0,3.52,-0.07,8763.29,%sOxidizer Fill Confirmation
1343,30.14,1907.62,106.01,538.97,528.04,476.17,481.01,10.07,0,0,0,0,0,0,1,0,0,3.52,-0.07,8763.32,%sOxidizer Fill Confirmation
1344,26.91,1907.62,106.01,538.86,531.81,476.17,481.01,10.07,0,0,0,0,0,0,1,0,0,3.52,-0.07,8763.35,%sOxidizer Fill Confirmation
1345,36.7,1907.62,106.01,538.86,531.81,480.39,485.57,10.07,0,0,0,0,0,0,1,0,0,3.52,-0.07,8763.39,%sOxidizer Fill Confirmation
1346,26.88,1907.62,106.01,538.86,531.81,480.39,485.57,10.51,0,0,0,0,0,0,1,0,0,3.52,-0.06,8763.41,%sOxidizer Fill Confirmation
1347,27.86,1907.62,106.01,538.86,531.81,480.39,485.57,10.51,0,0,0,0,0,0,1,0,0,3.55,-0.06,8763.44,%sOxidizer Fill Confirmation
1348,45.56,1907.29,105.95,538.77,531.81,480.39,485.57,10.51,0,0,0,0,0,0,1,0,0,3.55,-0.06,8763.49,%sOxidizer Fill Confirmation
1349,59.88,1907.29,105.95,538.77,535.71,480.39,485.57,10.51,0,0,0,0,0,1,1,0,0,3.55,-0.06,8763.55,%sOxidizer Fill Confirmation
1350,25.76,1907.29,105.95,538.77,535.71,480.39,485.57,10.51,0,0,0,0,0,1,1,0,0,3.55,-0.06,8763.57,%sOxidizer Fill Confirmation
1351,24.11,1907.29,105.95,538.77,535.71,485.19,490.36,10.51,0,0,0,0,0,1,1,0,0,3.55,-0.06,8763.6,%sOxidizer Fill Confirmation
1352,27.25,1907.29,105.95,538.77,535.71,485.19,490.36,10.93,0,0,0,0,0,1,1,0,0,3.57,-0.06,8763.63,%sOxidizer Fill Confirmation
1353,33.08,1907.16,105.95,538.77,535.71,485.19,490.36,10.93,0,0,0,0,0,1,1,0,0,3.57,-0.06,8763.66,%sOxidizer Fill Confirmation
1354,26.08,1907.16,105.84,538.8,535.71,485.19,490.36,10.93,0,0,0,0,0,1,1,0,0,3.57,-0.06,8763.68,%sOxidizer Fill Confirmation
1355,30.16,1907.16,105.84,538.8,539.52,490.13,490.36,10.93,0,0,0,0,0,1,1,0,0,3.57,-0.06,8763.71,%sOxidizer Fill Confirmation
1356,21.03,1907.16,105.84,538.8,539.52,490.13,495.24,10.93,0,0,0,0,0,1,1,0,0,3.57,-0.06,8763.74,%sOxidizer Fill Confirmation
1357,27.25,1907.2,105.84,538.8,539.52,490.13,495.24,11.4,0,0,0,0,0,1,1,0,0,3.59,-0.08,8763.76,%sOxidizer Fill Confirmation
1358,25.65,1907.2,105.87,538.87,539.52,490.13,495.24,11.4,0,0,0,0,0,1,1,0,0,3.59,-0.08,8763.79,%sOxidizer Fill Confirmation
1359,26.96,1907.2,105.87,538.87,542.97,490.13,495.24,11.4,0,0,0,0,0,1,1,0,0,3.59,-0.08,8763.82,%sOxidizer Fill Confirmation
1360,23.36,1907.2,105.87,538.87,542.97,493.76,495.24,11.4,0,0,0,0,0,1,1,0,0,3.59,-0.08,8763.84,%sOxidizer Fill Confirmation
1361,24.13,1907.2,105.87,538.87,542.97,493.76,498.59,11.02,0,0,0,0,0,1,1,0,0,3.61,-0.1,8763.86,%sOxidizer Fill Confirmation
1362,24.04,1907.29,105.94,538.87,542.97,493.76,498.59,11.02,0,0,0,0,0,1,1,0,0,3.61,-0.1,8763.89,%sOxidizer Fill Confirmation
1363,29.48,1907.29,105.94,539.01,546.61,493.76,498.59,11.02,0,0,0,0,0,1,1,0,0,3.61,-0.1,8763.92,%sOxidizer Fill Confirmation
1364,25.93,1907.29,105.94,539.01,546.61,498.04,502.21,11.02,0,0,0,0,0,1,1,0,0,3.61,-0.1,8763.94,%sOxidizer Fill Confirmation
1365,27.37,1907.29,105.94,539.01,546.61,498.04,502.21,10.58,0,0,0,0,0,1,1,0,0,3.64,-0.1,8763.97,%sOxidizer Fill Confirmation
1366,25.12,1907.35,105.94,539.01,546.61,498.04,502.21,10.58,0,0,0,0,0,1,1,0,0,3.64,-0.1,8763.99,%sOxidizer Fill Confirmation
1367,24.97,1907.35,105.79,538.95,549.72,498.04,502.21,10.58,0,0,0,0,0,1,1,0,0,3.64,-0.1,8764.02,%sOxidizer Fill Confirmation
1368,25.19,1907.35,105.79,538.95,549.72,501.87,505.47,10.45,0,0,0,0,0,1,1,0,0,3.64,-0.1,8764.05,%sOxidizer Fill Confirmation
1369,30.86,1907.35,105.79,538.95,549.72,501.87,505.47,10.45,0,0,0,0,0,1,1,0,0,3.66,-0.08,8764.08,%sOxidizer Fill Confirmation
1370,23.43,1907.22,105.79,538.95,549.72,501.87,505.47,10.45,0,0,0,0,0,1,1,0,0,3.66,-0.08,8764.1,%sOxidizer Fill Confirmation
1371,24.17,1907.22,105.52,538.81,552.27,501.87,505.47,10.45,0,0,0,0,0,1,1,0,0,3.66,-0.08,8764.12,%sOxidizer Fill Confirmation
1372,34.8,1907.22,105.52,538.81,552.27,504.7,508.63,10.45,0,0,0,0,0,1,1,0,0,3.66,-0.08,8764.16,%sOxidizer Fill Confirmation
1373,27.01,1907.22,105.52,538.81,552.27,504.7,508.63,11.06,0,0,0,0,0,1,1,0,0,3.69,-0.06,8764.19,%sOxidizer Fill Confirmation
1374,42.83,1907.09,105.32,538.81,552.27,504.7,508.63,11.06,0,0,0,0,0,1,1,0,0,3.69,-0.06,8764.23,%sOxidizer Fill Confirmation
1375,31.57,1907.09,105.32,538.72,552.27,504.7,508.63,11.06,0,0,0,0,0,1,1,0,0,3.69,-0.06,8764.26,%sOxidizer Fill Confirmation
1376,26.15,1907.09,105.32,538.72,552.27,504.7,508.63,11.06,0,0,0,0,0,1,1,0,0,3.69,-0.06,8764.29,%sOxidizer Fill Confirmation
1377,25.15,1907.09,105.32,538.72,554.73,507.97,512.27,11.86,0,0,0,0,0,1,1,0,0,3.69,-0.06,8764.31,%sOxidizer Fill Confirmation
1378,27.09,1907.09,105.32,538.72,554.73,507.97,512.27,11.86,0,0,0,0,0,1,1,0,0,3.69,-0.07,8764.34,%sOxidizer Fill Confirmation
1379,34.22,1907.09,105.32,538.72,554.73,507.97,512.27,11.86,0,0,0,0,0,1,1,0,0,3.71,-0.07,8764.37,%sOxidizer Fill Confirmation
1380,33.15,1907.58,105.5,538.72,554.73,507.97,512.27,11.86,0,0,0,0,0,1,1,0,0,3.71,-0.07,8764.41,%sOxidizer Fill Confirmation
1381,31.6,1907.58,105.5,538.86,554.73,507.97,512.27,11.86,0,0,0,0,0,1,1,0,0,3.71,-0.07,8764.44,%sOxidizer Fill Confirmation
1382,26.6,1907.58,105.5,538.86,557.19,510.6,514.49,11.86,0,0,0,0,0,1,1,0,0,3.71,-0.07,8764.46,%sOxidizer Fill Confirmation
1383,24.56,1907.58,105.5,538.86,557.19,510.6,514.49,11.21,0,0,0,0,0,1,1,0,0,3.71,-0.09,8764.49,%sOxidizer Fill Confirmation
1384,38.23,1907.58,105.5,538.86,557.19,510.6,514.49,11.21,0,0,0,0,0,1,1,0,0,3.73,-0.09,8764.53,%sOxidizer Fill Confirmation
1385,31.95,1907.74,105.5,538.86,557.19,510.6,514.49,11.21,0,0,0,0,0,1,1,0,0,3.73,-0.09,8764.56,%sOxidizer Fill Confirmation
1386,27.04,1907.74,105.74,539.03,557.19,510.6,514.49,11.21,0,0,0,0,0,1,1,0,0,3.73,-0.09,8764.59,%sOxidizer Fill Confirmation
1387,49.3,1907.74,105.74,539.03,559.76,513.4,514.49,11.21,0,0,0,0,0,1,1,0,0,3.73,-0.09,8764.63,%sOxidizer Fill Confirmation
1388,30.69,1907.74,105.74,539.03,559.76,513.4,517.26,11.21,0,0,0,0,0,1,1,0,0,3.73,-0.09,8764.67,%sOxidizer Fill Confirmation
1389,24.14,1907.74,105.74,539.03,559.76,513.4,517.26,10.87,0,0,0,0,0,1,1,0,0,3.73,-0.11,8764.69,%sOxidizer Fill Confirmation
1390,28.58,1908.38,105.74,539.03,559.76,513.4,517.26,10.87,0,0,0,0,0,1,1,0,0,3.75,-0.11,8764.72,%sOxidizer Fill Confirmation
1391,24.15,1908.38,106.06,539.25,559.76,513.4,517.26,10.87,0,0,0,0,0,1,1,0,0,3.75,-0.11,8764.74,%sOxidizer Fill Confirmation
1392,29.07,1908.38,106.06,539.25,562.31,515.87,519.56,10.87,0,0,0,0,0,1,1,0,0,3.75,-0.11,8764.77,%sOxidizer Fill Confirmation
1393,25.53,1908.59,106.06,539.25,562.31,515.87,519.56,10.51,0,0,0,0,0,1,1,0,0,3.77,-0.12,8764.8,%sOxidizer Fill Confirmation
1394,22.84,1908.59,106.14,539.25,562.31,515.87,519.56,10.51,0,0,0,0,0,1,1,0,0,3.77,-0.12,8764.82,%sOxidizer Fill Confirmation
1395,27.24,1908.59,106.14,539.26,564.42,515.87,519.56,10.51,0,0,0,0,0,1,1,0,0,3.77,-0.12,8764.85,%sOxidizer Fill Confirmation
1396,27.31,1908.59,106.14,539.26,564.42,517.92,521.72,10.51,0,0,0,0,0,1,1,0,0,3.77,-0.12,8764.87,%sOxidizer Fill Confirmation
1397,48.19,1908.59,106.14,539.26,564.42,517.92,521.72,10.71,0,0,0,0,0,1,1,0,0,3.8,-0.1,8764.92,%sOxidizer Fill Confirmation
1398,23.27,1908.89,106.14,539.26,564.42,517.92,521.72,10.71,0,0,0,0,0,1,1,0,0,3.8,-0.1,8764.95,%sOxidizer Fill Confirmation
1399,21.28,1908.89,106.3,539.26,564.42,517.92,521.72,10.71,0,0,0,0,0,1,1,0,0,3.8,-0.1,8764.97,%sOxidizer Fill Confirmation
1400,26.67,1908.89,106.3,539.23,566.29,519.28,522.92,10.71,0,0,0,0,0,1,1,0,0,3.8,-0.1,8764.99,%sOxidizer Fill Confirmation
1401,25.9,1908.89,106.3,539.23,566.29,519.28,522.92,10.43,0,0,0,0,0,1,1,0,0,3.8,-0.1,8765.02,%sOxidizer Fill Confirmation
1402,24.25,1908.91,106.3,539.23,566.29,519.28,522.92,10.43,0,0,0,0,0,1,1,0,0,3.82,-0.1,8765.04,%sOxidizer Fill Confirmation
1403,25.19,1908.91,106.37,539.34,568.43,519.28,522.92,10.43,0,0,0,0,0,1,1,0,0,3.82,-0.1,8765.07,%sOxidizer Fill Confirmation
1404,26.93,1908.91,106.37,539.34,568.43,521.75,525.3,10.43,0,0,0,0,0,1,1,0,0,3.82,-0.1,8765.1,%sOxidizer Fill Confirmation
1405,26.7,1908.91,106.37,539.34,568.43,521.75,525.3,10.47,0,0,0,0,0,1,1,0,0,3.82,-0.1,8765.12,%sOxidizer Fill Confirmation
1406,29.82,1908.89,106.37,539.34,568.43,521.75,525.3,10.47,0,0,0,0,0,1,1,0,0,3.84,-0.1,8765.15,%sOxidizer Fill Confirmation
1407,27.35,1908.89,106.5,539.43,568.43,521.75,525.3,10.47,0,0,0,0,0,1,1,0,0,3.84,-0.1,8765.18,%sOxidizer Fill Confirmation
1408,38.35,1908.89,106.5,539.43,570.2,523.44,525.3,10.47,0,0,0,0,0,1,1,0,0,3.84,-0.1,8765.22,%sOxidizer Fill Confirmation
1409,26.69,1908.89,106.5,539.43,570.2,523.44,527.07,10.47,0,0,0,0,0,1,1,0,0,3.84,-0.1,8765.24,%sOxidizer Fill Confirmation
1410,25.38,1909.64,106.5,539.43,570.2,523.44,527.07,10.38,0,0,0,0,0,1,1,0,0,3.86,-0.1,8765.27,%sOxidizer Fill Confirmation
1411,29.27,1909.64,106.77,539.43,570.2,523.44,527.07,10.38,0,0,0,0,0,1,1,0,0,3.86,-0.1,8765.3,%sOxidizer Fill Confirmation
1412,25.87,1909.64,106.77,539.37,571.81,523.44,527.07,10.38,0,0,0,0,0,1,1,0,0,3.86,-0.1,8765.33,%sOxidizer Fill Confirmation
1413,30.67,1909.64,106.77,539.37,571.81,524.84,529.24,10.36,0,0,0,0,0,1,1,0,0,3.86,-0.1,8765.36,%sOxidizer Fill Confirmation
1414,25.79,1909.64,106.77,539.37,571.81,524.84,529.24,10.36,0,0,0,0,0,1,1,0,0,3.87,-0.11,8765.38,%sOxidizer Fill Confirmation
1415,23.35,1909.61,106.77,539.37,571.81,524.84,529.24,10.36,0,0,0,0,0,1,1,0,0,3.87,-0.11,8765.41,%sOxidizer Fill Confirmation
1416,27.09,1909.61,106.78,539.36,573.72,524.84,529.24,10.36,0,0,0,0,0,1,1,0,0,3.87,-0.11,8765.43,%sOxidizer Fill Confirmation
1417,31.8,1909.61,106.78,539.36,573.72,527.16,531.43,10.36,0,0,0,0,0,1,1,0,0,3.87,-0.11,8765.46,%sOxidizer Fill Confirmation
1418,22.78,1909.61,106.78,539.36,573.72,527.16,531.43,10.46,0,0,0,0,0,1,1,0,0,3.87,-0.11,8765.49,%sOxidizer Fill Confirmation
1419,23.15,1909.81,106.77,539.36,573.72,527.16,531.43,10.46,0,0,0,0,0,1,1,0,0,3.89,-0.12,8765.51,%sOxidizer Fill Confirmation
1420,30.96,1909.81,106.77,539.4,575.59,527.16,531.43,10.46,0,0,0,0,0,1,1,0,0,3.89,-0.12,8765.54,%sOxidizer Fill Confirmation
1421,26.09,1909.81,106.77,539.4,575.59,528.98,531.43,10.46,0,0,0,0,0,1,1,0,0,3.89,-0.12,8765.57,%sOxidizer Fill Confirmation
1422,24.94,1909.81,106.77,539.4,575.59,528.98,532.57,10.24,0,0,0,0,0,1,1,0,0,3.91,-0.11,8765.59,%sOxidizer Fill Confirmation
1423,27.76,1909.37,106.62,539.4,575.59,528.98,532.57,10.24,0,0,0,0,0,1,1,0,0,3.91,-0.11,8765.62,%sOxidizer Fill Confirmation
1424,26.23,1909.37,106.62,539.3,575.59,528.98,532.57,10.24,0,0,0,0,0,1,1,0,0,3.91,-0.11,8765.65,%sOxidizer Fill Confirmation
1425,25.42,1909.37,106.62,539.3,577.32,531.4,534.88,10.24,0,0,0,0,0,1,1,0,0,3.91,-0.11,8765.67,%sOxidizer Fill Confirmation
1426,28.23,1909.37,106.62,539.3,577.32,531.4,534.88,10.59,0,0,0,0,0,1,1,0,0,3.91,-0.11,8765.7,%sOxidizer Fill Confirmation
1427,29.47,1909.01,106.46,539.3,577.32,531.4,534.88,10.59,0,0,0,0,0,1,1,0,0,3.93,-0.1,8765.73,%sOxidizer Fill Confirmation
1428,25.72,1909.01,106.46,539.2,577.32,531.4,534.88,10.59,0,0,0,0,0,1,1,0,0,3.93,-0.1,8765.75,%sOxidizer Fill Confirmation
1429,31.57,1909.01,106.46,539.2,578.91,531.4,534.88,10.59,0,0,0,0,0,1,1,0,0,3.93,-0.1,8765.79,%sOxidizer Fill Confirmation
1430,23.48,1909.01,106.46,539.2,578.91,533.26,534.88,10.59,0,0,0,0,0,1,1,0,0,3.93,-0.1,8765.81,%sOxidizer Fill Confirmation
1431,25.07,1909.01,106.46,539.2,578.91,533.26,536.93,11.22,0,0,0,0,0,1,1,0,0,3.95,-0.07,8765.84,%sOxidizer Fill Confirmation
1432,29.96,1908.37,106.2,539.2,578.91,533.26,536.93,11.22,0,0,0,0,0,1,1,0,0,3.95,-0.07,8765.86,%sOxidizer Fill Confirmation
1433,24.29,1908.37,106.2,538.98,578.91,533.26,536.93,11.22,0,0,0,0,0,1,1,0,0,3.95,-0.07,8765.89,%sOxidizer Fill Confirmation
1434,22.62,1908.37,106.2,538.98,580.23,535.06,539.31,11.89,0,0,0,0,0,1,1,0,0,3.95,-0.07,8765.91,%sOxidizer Fill Confirmation
1435,25.1,1908.37,106.2,538.98,580.23,535.06,539.31,11.89,0,0,0,0,0,1,1,0,0,3.97,-0.08,8765.94,%sOxidizer Fill Confirmation
1436,23.28,1908.19,106.14,538.98,580.23,535.06,539.31,11.89,0,0,0,0,0,1,1,0,0,3.97,-0.08,8765.96,%sOxidizer Fill Confirmation
1437,29.59,1908.19,106.14,538.99,581.74,535.06,539.31,11.89,0,0,0,0,0,1,1,0,0,3.97,-0.08,8765.99,%sOxidizer Fill Confirmation
1438,23.41,1908.19,106.14,538.99,581.74,537.53,541.83,11.89,0,0,0,0,0,1,1,0,0,3.97,-0.08,8766.01,%sOxidizer Fill Confirmation
1439,26.63,1908.19,106.14,538.99,581.74,537.53,541.83,12.12,0,0,0,0,0,1,1,0,0,3.97,-0.1,8766.04,%sOxidizer Fill Confirmation
1440,27.21,1907.78,106.12,538.99,581.74,537.53,541.83,12.12,0,0,0,0,0,1,1,0,0,3.97,-0.1,8766.07,%sOxidizer Fill Confirmation
1441,23.94,1907.78,106.12,539.15,583.31,537.53,541.83,12.12,0,0,0,0,0,1,1,0,0,3.97,-0.1,8766.09,%sOxidizer Fill Confirmation
1442,25.08,1907.78,106.12,539.15,583.31,539.65,543.68,11.52,0,0,0,0,0,1,1,0,0,3.97,-0.1,8766.12,%sOxidizer Fill Confirmation
1443,30.53,1907.81,106.12,539.15,583.31,539.65,543.68,11.52,0,0,0,0,0,1,1,0,0,3.99,-0.1,8766.15,%sOxidizer Fill Confirmation
1444,24.61,1907.81,106,539.15,583.31,539.65,543.68,11.52,0,0,0,0,0,1,1,0,0,3.99,-0.1,8766.17,%sOxidizer Fill Confirmation
1445,26.75,1907.81,106,539.02,584.62,541.53,545.66,11.52,0,0,0,0,0,1,1,0,0,3.99,-0.1,8766.2,%sOxidizer Fill Confirmation
1446,29.14,1907.81,106,539.02,584.62,541.53,545.66,11.69,0,0,0,0,0,1,1,0,0,3.99,-0.1,8766.23,%sOxidizer Fill Confirmation
1447,34.28,1907.83,106,539.02,584.62,541.53,545.66,11.69,0,0,0,0,0,1,1,0,0,4.01,-0.1,8766.26,%sOxidizer Fill Confirmation
1448,29.64,1907.83,106.11,539.06,584.62,541.53,545.66,11.69,0,0,0,0,0,1,1,0,0,4.01,-0.1,8766.29,%sOxidizer Fill Confirmation
1449,25.67,1907.83,106.11,539.06,586.13,541.53,545.66,11.69,0,0,0,0,0,1,1,0,0,4.01,-0.1,8766.32,%sOxidizer Fill Confirmation
1450,29.68,1907.83,106.11,539.06,586.13,542.81,547.11,11.69,0,0,0,0,0,1,1,0,0,4.01,-0.1,8766.35,%sOxidizer Fill Confirmation
1451,30.72,1907.83,106.11,539.06,586.13,542.81,547.11,11.59,0,0,0,0,0,1,1,0,0,4.03,-0.1,8766.38,%sOxidizer Fill Confirmation
1452,32.77,1907.56,106.11,539.06,586.13,542.81,547.11,11.59,0,0,0,0,0,1,1,0,0,4.03,-0.1,8766.41,%sOxidizer Fill Confirmation
1453,24.17,1907.56,106.03,539.06,586.13,542.81,547.11,11.59,0,0,0,0,0,1,1,0,0,4.03,-0.1,8766.43,%sOxidizer Fill Confirmation
1454,31.79,1907.56,106.03,539.17,587.45,542.81,547.11,11.59,0,0,0,0,0,1,1,0,0,4.03,-0.1,8766.47,%sOxidizer Fill Confirmation
1455,31.14,1907.56,106.03,539.17,587.45,544.34,548.5,11.59,0,0,0,0,0,1,1,0,0,4.03,-0.1,8766.5,%sOxidizer Fill Confirmation
1456,29.56,1907.56,106.03,539.17,587.45,544.34,548.5,11.51,0,0,0,0,0,1,1,0,0,4.03,-0.1,8766.53,%sOxidizer Fill Confirmation
1457,57.34,1907.56,106.03,539.17,587.45,544.34,548.5,11.51,0,0,0,0,0,1,1,0,0,4.05,-0.12,8766.58,%sOxidizer Fill Confirmation
1458,24.27,1907.56,106.03,539.17,587.45,544.34,548.5,11.51,0,0,0,0,0,1,1,0,0,4.05,-0.12,8766.61,%sOxidizer Fill Confirmation
1459,28.68,1908.25,106.2,539.17,587.45,544.34,548.5,11.51,0,0,0,0,0,1,1,0,0,4.05,-0.12,8766.64,%sOxidizer Fill Confirmation
1460,36.32,1908.25,106.2,539.36,587.45,544.34,548.5,11.51,0,0,0,0,0,1,1,0,0,4.05,-0.12,8766.67,%sOxidizer Fill Confirmation
1461,34.23,1908.25,106.2,539.36,588.66,544.34,548.5,11.51,0,0,0,0,0,1,1,0,0,4.05,-0.12,8766.71,%sOxidizer Fill Confirmation
1462,29.61,1908.25,106.2,539.36,588.66,545.69,549.6,11.51,0,0,0,0,0,1,1,0,0,4.05,-0.12,8766.74,%sOxidizer Fill Confirmation
1463,27.76,1908.25,106.2,539.36,588.66,545.69,549.6,10.75,0,0,0,0,0,1,1,0,0,4.05,-0.12,8766.76,%sOxidizer Fill Confirmation
1464,31.13,1908.25,106.2,539.36,588.66,545.69,549.6,10.75,0,0,0,0,0,1,1,0,0,4.07,-0.12,8766.8,%sOxidizer Fill Confirmation
1465,29.77,1908.62,106.2,539.36,588.66,545.69,549.6,10.75,0,0,0,0,0,1,1,0,0,4.07,-0.12,8766.83,%sOxidizer Fill Confirmation
1466,33.22,1908.62,106.35,539.5,588.66,545.69,549.6,10.75,0,0,0,0,0,1,1,0,0,4.07,-0.12,8766.86,%sOxidizer Fill Confirmation
1467,39.35,1908.62,106.35,539.5,589.97,545.69,549.6,10.75,0,0,0,0,0,1,1,0,0,4.07,-0.12,8766.9,%sOxidizer Fill Confirmation
1468,31.24,1908.62,106.35,539.5,589.97,547.07,549.6,10.75,0,0,0,0,0,1,1,0,0,4.07,-0.12,8766.93,%sOxidizer Fill Confirmation
1469,32.6,1908.62,106.35,539.5,589.97,547.07,550.99,10.13,0,0,0,0,0,1,1,0,0,4.07,-0.12,8766.96,%sOxidizer Fill Confirmation
1470,35.25,1908.62,106.35,539.5,589.97,547.07,550.99,10.13,0,0,0,0,0,1,1,0,0,4.09,-0.14,8767,%sOxidizer Fill Confirmation
1471,30.67,1909,106.35,539.5,589.97,547.07,550.99,10.13,0,0,0,0,0,1,1,0,0,4.09,-0.14,8767.03,%sOxidizer Fill Confirmation
1472,25.69,1909,106.37,539.5,589.97,547.07,550.99,10.13,0,0,0,0,0,1,1,0,0,4.09,-0.14,8767.05,%sOxidizer Fill Confirmation
1473,35.92,1909,106.37,539.53,591.58,547.07,550.99,10.13,0,0,0,0,0,1,1,0,0,4.09,-0.14,8767.09,%sOxidizer Fill Confirmation
1474,41.59,1909,106.37,539.53,591.58,548.44,552.28,10.13,0,0,0,0,0,1,1,0,0,4.09,-0.14,8767.13,%sOxidizer Fill Confirmation
1475,33.7,1909,106.37,539.53,591.58,548.44,552.28,9.94,0,0,0,0,0,1,1,0,0,4.09,-0.14,8767.16,%sOxidizer Fill Confirmation
1476,28.95,1909,106.37,539.53,591.58,548.44,552.28,9.94,0,0,0,0,0,1,1,0,0,4.09,-0.14,8767.19,%sOxidizer Fill Confirmation
1477,30.76,1909,106.37,539.53,591.58,548.44,552.28,9.94,0,0,0,0,0,1,1,0,0,4.11,-0.14,8767.22,%sOxidizer Fill Confirmation
1478,27.57,1909.16,106.31,539.53,591.58,548.44,552.28,9.94,0,0,0,0,0,1,1,0,0,4.11,-0.14,8767.25,%sOxidizer Fill Confirmation
1479,33.34,1909.16,106.31,539.54,591.58,548.44,552.28,9.94,0,0,0,0,0,1,1,0,0,4.11,-0.14,8767.29,%sOxidizer Fill Confirmation
1480,24.17,1909.16,106.31,539.54,593.04,550.81,552.28,9.94,0,0,0,0,0,1,1,0,0,4.11,-0.14,8767.31,%sOxidizer Fill Confirmation
1481,32.69,1909.16,106.31,539.54,593.04,550.81,553.98,9.94,0,0,0,0,0,1,1,0,0,4.11,-0.14,8767.34,%sOxidizer Fill Confirmation
1482,26.75,1909.16,106.31,539.54,593.04,550.81,553.98,9.38,0,0,0,0,0,1,1,0,0,4.11,-0.15,8767.37,%sOxidizer Fill Confirmation
1483,34.01,1909.16,106.31,539.54,593.04,550.81,553.98,9.38,0,0,0,0,0,1,1,0,0,4.14,-0.15,8767.4,%sOxidizer Fill Confirmation
1484,24.84,1909.81,106.31,539.54,593.04,550.81,553.98,9.38,0,0,0,0,0,1,1,0,0,4.14,-0.15,8767.43,%sOxidizer Fill Confirmation
1485,27.64,1909.81,106.39,539.5,593.04,550.81,553.98,9.38,0,0,0,0,0,1,1,0,0,4.14,-0.15,8767.46,%sOxidizer Fill Confirmation
1486,26.46,1909.81,106.39,539.5,594.64,550.81,553.98,9.38,0,0,0,0,0,1,1,0,0,4.14,-0.15,8767.48,%sOxidizer Fill Confirmation
1487,27.38,1909.81,106.39,539.5,594.64,552.59,555.33,9.38,0,0,0,0,0,1,1,0,0,4.14,-0.15,8767.51,%sOxidizer Fill Confirmation
1488,27.04,1909.81,106.39,539.5,594.64,552.59,555.33,9.38,0,0,0,0,0,1,1,0,0,4.16,-0.15,8767.54,%sOxidizer Fill Confirmation
1489,29.28,1909.75,106.38,539.5,594.64,552.59,555.33,9.38,0,0,0,0,0,1,1,0,0,4.16,-0.15,8767.57,%sOxidizer Fill Confirmation
1490,27.12,1909.75,106.38,539.57,596.62,552.59,555.33,9.38,0,0,0,0,0,1,1,0,0,4.16,-0.15,8767.59,%sOxidizer Fill Confirmation
1491,37.58,1909.75,106.38,539.57,596.62,554.92,557.39,9.38,0,0,0,0,0,1,1,0,0,4.16,-0.15,8767.63,%sOxidizer Fill Confirmation
1492,29.04,1909.75,106.38,539.57,596.62,554.92,557.39,8.95,0,0,0,0,0,1,1,0,0,4.16,-0.15,8767.66,%sOxidizer Fill Confirmation
1493,33.49,1909.75,106.38,539.57,596.62,554.92,557.39,8.95,0,0,0,0,0,1,1,0,0,4.19,-0.15,8767.69,%sOxidizer Fill Confirmation
1494,30.46,1910.52,106.49,539.57,596.62,554.92,557.39,8.95,0,0,0,0,0,1,1,0,0,4.19,-0.15,8767.72,%sOxidizer Fill Confirmation
1495,29,1910.52,106.49,539.58,598.17,556.6,557.39,8.95,0,0,0,0,0,1,1,0,0,4.19,-0.15,8767.75,%sOxidizer Fill Confirmation
1496,29.72,1910.52,106.49,539.58,598.17,556.6,559.18,8.95,0,0,0,0,0,1,1,0,0,4.19,-0.15,8767.78,%sOxidizer Fill Confirmation
1497,27.58,1910.52,106.49,539.58,598.17,556.6,559.18,9.54,0,0,0,0,0,1,1,0,0,4.19,-0.15,8767.81,%sOxidizer Fill Confirmation
1498,28.36,1910.67,106.49,539.58,598.17,556.6,559.18,9.54,0,0,0,0,0,1,1,0,0,4.21,-0.15,8767.84,%sOxidizer Fill Confirmation
1499,27.31,1910.67,106.81,539.68,598.17,556.6,559.18,9.54,0,0,0,0,0,1,1,0,0,4.21,-0.15,8767.87,%sOxidizer Fill Confirmation
1500,42.9,1910.67,106.81,539.68,599.74,557.95,559.18,9.54,0,0,0,0,0,1,1,0,0,4.21,-0.15,8767.91,%sOxidizer Fill Confirmation
1501,28.72,1910.67,106.81,539.68,599.74,557.95,560.67,9.48,0,0,0,0,0,1,1,0,0,4.21,-0.15,8767.94,%sOxidizer Fill Confirmation
1502,28.9,1910.67,106.81,539.68,599.74,557.95,560.67,9.48,0,0,0,0,0,1,1,0,0,4.24,-0.14,8767.97,%sOxidizer Fill Confirmation
1503,28.37,1910.53,106.49,539.44,599.74,557.95,560.67,9.48,0,0,0,0,0,1,1,0,0,4.24,-0.14,8767.99,%sOxidizer Fill Confirmation
1504,45.13,1910.53,106.49,539.44,601.44,560.63,560.67,9.48,0,0,0,0,0,1,1,0,0,4.24,-0.14,8768.04,%sOxidizer Fill Confirmation
1505,25.28,1910.53,106.49,539.44,601.44,560.63,562.82,9.44,0,0,0,0,0,1,1,0,0,4.24,-0.14,8768.06,%sOxidizer Fill Confirmation
1506,30.35,1910.53,106.49,539.44,601.44,560.63,562.82,9.44,0,0,0,0,0,1,1,0,0,4.24,-0.13,8768.1,%sOxidizer Fill Confirmation
1507,27.81,1910.2,106.28,539.44,601.44,560.63,562.82,9.44,0,0,0,0,0,1,1,0,0,4.26,-0.13,8768.12,%sOxidizer Fill Confirmation
1508,32.82,1910.2,106.28,539.36,601.44,560.63,562.82,9.44,0,0,0,0,0,1,1,0,0,4.26,-0.13,8768.16,%sOxidizer Fill Confirmation
1509,26.73,1910.2,106.28,539.36,603.34,563.07,565.45,9.44,0,0,0,0,0,1,1,0,0,4.26,-0.13,8768.18,%sOxidizer Fill Confirmation
1510,27.07,1910.2,106.28,539.36,603.34,563.07,565.45,9.87,0,0,0,0,0,1,1,0,0,4.26,-0.13,8768.21,%sOxidizer Fill Confirmation
1511,28.82,1910.2,106.28,539.36,603.34,563.07,565.45,9.87,0,0,0,0,0,1,1,0,0,4.29,-0.13,8768.24,%sOxidizer Fill Confirmation
1512,31.79,1909.57,106.15,539.23,603.34,563.07,565.45,9.87,0,0,0,0,0,1,1,0,0,4.29,-0.13,8768.27,%sOxidizer Fill Confirmation
1513,26.83,1909.57,106.15,539.23,605.37,563.07,565.45,9.87,0,0,0,0,0,1,1,0,0,4.29,-0.13,8768.3,%sOxidizer Fill Confirmation
1514,24.79,1909.57,106.15,539.23,605.37,566.08,568.32,9.87,0,0,0,0,0,1,1,0,0,4.29,-0.13,8768.32,%sOxidizer Fill Confirmation
1515,26.73,1909.57,106.15,539.23,605.37,566.08,568.32,9.87,0,0,0,0,0,1,1,0,0,4.32,-0.12,8768.35,%sOxidizer Fill Confirmation
1516,27.17,1909.19,106.15,539.23,605.37,566.08,568.32,9.87,0,0,0,0,0,1,1,0,0,4.32,-0.12,8768.38,%sOxidizer Fill Confirmation
1517,26.06,1909.19,105.94,539.09,607.16,566.08,568.32,9.87,0,0,0,0,0,1,1,0,0,4.32,-0.12,8768.4,%sOxidizer Fill Confirmation
1518,25.27,1909.19,105.94,539.09,607.16,568.71,568.32,9.87,0,0,0,0,0,1,1,0,0,4.32,-0.12,8768.43,%sOxidizer Fill Confirmation
1519,30.48,1909.19,105.94,539.09,607.16,568.71,570.95,9.87,0,0,0,0,0,1,1,0,0,4.32,-0.12,8768.46,%sOxidizer Fill Confirmation
1520,22.2,1909.19,105.94,539.09,607.16,568.71,570.95,10.25,0,0,0,0,0,1,1,0,0,4.34,-0.11,8768.48,%sOxidizer Fill Confirmation
1521,26.83,1908.85,105.94,539.05,607.16,568.71,570.95,10.25,0,0,0,0,0,1,1,0,0,4.34,-0.11,8768.51,%sOxidizer Fill Confirmation
1522,26.86,1908.85,105.94,539.05,608.6,571.13,570.95,10.25,0,0,0,0,0,1,1,0,0,4.34,-0.11,8768.53,%sOxidizer Fill Confirmation
1523,26.46,1908.85,105.94,539.05,608.6,571.13,573.61,10.25,0,0,0,0,0,1,1,0,0,4.34,-0.11,8768.56,%sOxidizer Fill Confirmation
1524,28.66,1908.85,105.94,539.05,608.6,571.13,573.61,10.6,0,0,0,0,0,1,1,0,0,4.34,-0.12,8768.59,%sOxidizer Fill Confirmation
1525,27.89,1908.87,105.94,539.05,608.6,571.13,573.61,10.6,0,0,0,0,0,1,1,0,0,4.36,-0.12,8768.62,%sOxidizer Fill Confirmation
1526,23.46,1908.87,105.99,539.03,608.6,571.13,573.61,10.6,0,0,0,0,0,1,1,0,0,4.36,-0.12,8768.64,%sOxidizer Fill Confirmation
1527,29.77,1908.87,105.99,539.03,610.19,572.93,575.87,10.6,0,0,0,0,0,1,1,0,0,4.36,-0.12,8768.67,%sOxidizer Fill Confirmation
1528,24.76,1908.87,105.99,539.03,610.19,572.93,575.87,11.05,0,0,0,0,0,1,1,0,0,4.36,-0.12,8768.69,%sOxidizer Fill Confirmation
1529,27.69,1908.87,105.99,539.03,610.19,572.93,575.87,11.05,0,0,0,0,0,1,1,0,0,4.37,-0.14,8768.72,%sOxidizer Fill Confirmation
1530,26.51,1908.21,105.96,539.27,611.84,572.93,575.87,11.05,0,0,0,0,0,1,1,0,0,4.37,-0.14,8768.75,%sOxidizer Fill Confirmation
1531,29.73,1908.21,105.96,539.27,611.84,575.29,575.87,11.05,0,0,0,0,0,1,1,0,0,4.37,-0.14,8768.78,%sOxidizer Fill Confirmation
1532,26.82,1908.21,105.96,539.27,611.84,575.29,578.07,10.34,0,0,0,0,0,1,1,0,0,4.37,-0.14,8768.81,%sOxidizer Fill Confirmation
1533,33.23,1908.21,105.96,539.27,611.84,575.29,578.07,10.34,0,0,0,0,0,1,1,0,0,4.39,-0.14,8768.84,%sOxidizer Fill Confirmation
1534,26.79,1908.42,105.96,539.27,611.84,575.29,578.07,10.34,0,0,0,0,0,1,1,0,0,4.39,-0.14,8768.87,%sOxidizer Fill Confirmation
1535,26.47,1908.42,106.13,539.52,611.84,575.29,578.07,10.34,0,0,0,0,0,1,1,0,0,4.39,-0.14,8768.89,%sOxidizer Fill Confirmation
1536,29.37,1908.42,106.13,539.52,613.08,575.29,578.07,10.34,0,0,0,0,0,1,1,0,0,4.39,-0.14,8768.92,%sOxidizer Fill Confirmation
1537,27.16,1908.42,106.13,539.52,613.08,575.91,578.91,10.09,0,0,0,0,0,1,1,0,0,4.39,-0.12,8768.95,%sOxidizer Fill Confirmation
1538,29.93,1908.42,106.13,539.52,613.08,575.91,578.91,10.09,0,0,0,0,0,1,1,0,0,4.42,-0.12,8768.98,%sOxidizer Fill Confirmation
1539,27.63,1908.33,106.13,539.52,613.08,575.91,578.91,10.09,0,0,0,0,0,1,1,0,0,4.42,-0.12,8769.01,%sOxidizer Fill Confirmation
1540,27.74,1908.33,105.99,539.4,614.44,575.91,578.91,10.09,0,0,0,0,0,1,1,0,0,4.42,-0.12,8769.03,%sOxidizer Fill Confirmation
1541,30.93,1908.33,105.99,539.4,614.44,577.46,581.13,10.09,0,0,0,0,0,1,1,0,0,4.42,-0.12,8769.06,%sOxidizer Fill Confirmation
1542,21.76,1908.33,105.99,539.4,614.44,577.46,581.13,10.31,0,0,0,0,0,1,1,0,0,4.42,-0.12,8769.09,%sOxidizer Fill Confirmation
1543,25.53,1909.01,105.98,539.4,614.44,577.46,581.13,10.31,0,0,0,0,0,1,1,0,0,4.45,-0.11,8769.11,%sOxidizer Fill Confirmation
1544,28.86,1909.01,105.98,539.48,614.44,577.46,581.13,10.31,0,0,0,0,0,1,1,0,0,4.45,-0.11,8769.14,%sOxidizer Fill Confirmation
1545,32.69,1909.01,105.98,539.48,615.81,578.91,582.83,10.31,0,0,0,0,0,1,1,0,0,4.45,-0.11,8769.17,%sOxidizer Fill Confirmation
1546,24.93,1909.01,105.98,539.48,615.81,578.91,582.83,10.23,0,0,0,0,0,1,1,0,0,4.45,-0.1,8769.2,%sOxidizer Fill Confirmation
1547,27.79,1909.28,105.98,539.48,615.81,578.91,582.83,10.23,0,0,0,0,0,1,1,0,0,4.47,-0.1,8769.23,%sOxidizer Fill Confirmation
1548,26.78,1909.28,106.01,539.5,616.83,578.91,582.83,10.23,0,0,0,0,0,1,1,0,0,4.47,-0.1,8769.25,%sOxidizer Fill Confirmation
1549,32.69,1909.28,106.01,539.5,616.83,579.87,584.48,10.23,0,0,0,0,0,1,1,0,0,4.47,-0.1,8769.29,%sOxidizer Fill Confirmation
1550,23.53,1909.28,106.01,539.5,616.83,579.87,584.48,10.83,0,0,0,0,0,1,1,0,0,4.47,-0.1,8769.31,%sOxidizer Fill Confirmation
1551,32.73,1909.45,106.01,539.5,616.83,579.87,584.48,10.83,0,0,0,0,0,1,1,0,0,4.48,-0.12,8769.34,%sOxidizer Fill Confirmation
1552,27.67,1909.45,106.22,539.49,616.83,579.87,584.48,10.83,0,0,0,0,0,1,1,0,0,4.48,-0.12,8769.37,%sOxidizer Fill Confirmation
1553,25.78,1909.45,106.22,539.49,617.89,580.91,585.43,10.83,0,0,0,0,0,1,1,0,0,4.48,-0.12,8769.4,%sOxidizer Fill Confirmation
1554,24.86,1909.45,106.22,539.49,617.89,580.91,585.43,10.42,0,0,0,0,0,1,1,0,0,4.48,-0.11,8769.42,%sOxidizer Fill Confirmation
1555,24.9,1909.81,106.22,539.49,617.89,580.91,585.43,10.42,0,0,0,0,0,1,1,0,0,4.49,-0.11,8769.44,%sOxidizer Fill Confirmation
1556,25.92,1909.81,106.28,539.5,617.89,580.91,585.43,10.42,0,0,0,0,0,1,1,0,0,4.49,-0.11,8769.47,%sOxidizer Fill Confirmation
1557,24.19,1909.81,106.28,539.5,618.87,580.91,585.43,10.42,0,0,0,0,0,1,1,0,0,4.49,-0.11,8769.49,%sOxidizer Fill Confirmation
1558,25.26,1909.81,106.28,539.5,618.87,581.44,586.07,10.39,0,0,0,0,0,1,1,0,0,4.49,-0.11,8769.52,%sOxidizer Fill Confirmation
1559,27.88,1909.81,106.28,539.5,618.87,581.44,586.07,10.39,0,0,0,0,0,1,1,0,0,4.51,-0.11,8769.55,%sOxidizer Fill Confirmation
1560,26.29,1909.81,106.36,539.54,618.87,581.44,586.07,10.39,0,0,0,0,0,1,1,0,0,4.51,-0.11,8769.57,%sOxidizer Fill Confirmation
1561,26.14,1909.81,106.36,539.54,619.83,582.56,587.41,10.39,0,0,0,0,0,1,1,0,0,4.51,-0.11,8769.6,%sOxidizer Fill Confirmation
1562,25.71,1909.81,106.36,539.54,619.83,582.56,587.41,10.36,0,0,0,0,0,1,1,0,0,4.51,-0.09,8769.63,%sOxidizer Fill Confirmation
1563,26.9,1909.69,106.36,539.54,619.83,582.56,587.41,10.36,0,0,0,0,0,1,1,0,0,4.53,-0.09,8769.65,%sOxidizer Fill Confirmation
1564,25.32,1909.69,106.36,539.54,619.83,582.56,587.41,10.36,0,0,0,0,0,1,1,0,0,4.53,-0.09,8769.68,%sOxidizer Fill Confirmation
1565,24.7,1909.69,106.36,539.55,620.88,583.95,588.48,10.36,0,0,0,0,0,1,1,0,0,4.53,-0.09,8769.7,%sOxidizer Fill Confirmation
1566,24.78,1909.69,106.36,539.55,620.88,583.95,588.48,9.96,0,0,0,0,0,1,1,0,0,4.53,-0.09,8769.73,%sOxidizer Fill Confirmation
1567,28.8,1909.77,106.36,539.55,620.88,583.95,588.48,9.96,0,0,0,0,0,1,1,0,0,4.55,-0.1,8769.76,%sOxidizer Fill Confirmation
1568,24.72,1909.77,106.49,539.84,622.18,583.95,588.48,9.96,0,0,0,0,0,1,1,0,0,4.55,-0.1,8769.78,%sOxidizer Fill Confirmation
1569,23.53,1909.77,106.49,539.84,622.18,585.1,589.32,9.96,0,0,0,0,0,1,1,0,0,4.55,-0.1,8769.81,%sOxidizer Fill Confirmation
1570,23.31,1909.77,106.49,539.84,622.18,585.1,589.32,9.46,0,0,0,0,0,1,1,0,0,4.55,-0.1,8769.83,%sOxidizer Fill Confirmation
1571,28.39,1909.77,106.49,539.84,622.18,585.1,589.32,9.46,0,0,0,0,0,1,1,0,0,4.57,-0.1,8769.86,%sOxidizer Fill Confirmation
1572,22.72,1910.03,106.65,539.9,622.18,585.1,589.32,9.46,0,0,0,0,0,1,1,0,0,4.57,-0.1,8769.88,%sOxidizer Fill Confirmation
1573,27.82,1910.03,106.65,539.9,623.26,586.24,589.32,9.46,0,0,0,0,0,1,1,0,0,4.57,-0.1,8769.91,%sOxidizer Fill Confirmation
1574,24.77,1910.03,106.65,539.9,623.26,586.24,590.01,9.46,0,0,0,0,0,1,1,0,0,4.57,-0.1,8769.93,%sOxidizer Fill Confirmation
1575,27.57,1910.03,106.65,539.9,623.26,586.24,590.01,9.45,0,0,0,0,0,1,1,0,0,4.59,-0.1,8769.96,%sOxidizer Fill Confirmation
1576,23.19,1909.93,106.6,539.9,623.26,586.24,590.01,9.45,0,0,0,0,0,1,1,0,0,4.59,-0.1,8769.98,%sOxidizer Fill Confirmation
1577,23.75,1909.93,106.6,539.87,624.28,588.18,590.01,9.45,0,0,0,0,0,1,1,0,0,4.59,-0.1,8770.01,%sOxidizer Fill Confirmation
1578,26.77,1909.93,106.6,539.87,624.28,588.18,591.19,9.42,0,0,0,0,0,1,1,0,0,4.59,-0.1,8770.03,%sOxidizer Fill Confirmation
1579,31.9,1909.61,106.6,539.87,624.28,588.18,591.19,9.42,0,0,0,0,0,1,1,0,0,4.6,-0.12,8770.07,%sOxidizer Fill Confirmation
1580,24.38,1909.61,106.81,540.07,625.38,588.18,591.19,9.42,0,0,0,0,0,1,1,0,0,4.6,-0.12,8770.09,%sOxidizer Fill Confirmation
1581,28.4,1909.61,106.81,540.07,625.38,589.42,591.72,9.42,0,0,0,0,0,1,1,0,0,4.6,-0.12,8770.12,%sOxidizer Fill Confirmation
1582,24.29,1909.61,106.81,540.07,625.38,589.42,591.72,8.68,0,0,0,0,0,1,1,0,0,4.6,-0.12,8770.14,%sOxidizer Fill Confirmation
1583,25.77,1909.35,106.72,540.07,625.38,589.42,591.72,8.68,0,0,0,0,0,1,1,0,0,4.61,-0.12,8770.17,%sOxidizer Fill Confirmation
1584,28.91,1909.35,106.72,540.09,625.38,589.42,591.72,8.68,0,0,0,0,0,1,1,0,0,4.61,-0.12,8770.2,%sOxidizer Fill Confirmation
1585,24.91,1909.35,106.72,540.09,626.33,589.42,591.72,8.68,0,0,0,0,0,1,1,0,0,4.61,-0.12,8770.22,%sOxidizer Fill Confirmation
1586,23.16,1909.35,106.72,540.09,626.33,590.57,592.53,8.58,0,0,0,0,0,1,1,0,0,4.61,-0.14,8770.25,%sOxidizer Fill Confirmation
1587,29.79,1909.34,106.91,540.09,626.33,590.57,592.53,8.58,0,0,0,0,0,1,1,0,0,4.62,-0.14,8770.27,%sOxidizer Fill Confirmation
1588,23.26,1909.34,106.91,540.41,626.33,590.57,592.53,8.58,0,0,0,0,0,1,1,0,0,4.62,-0.14,8770.3,%sOxidizer Fill Confirmation
1589,23.54,1909.34,106.91,540.41,627.58,590.57,592.53,8.58,0,0,0,0,0,1,1,0,0,4.62,-0.14,8770.32,%sOxidizer Fill Confirmation
1590,22.2,1909.34,106.91,540.41,627.58,591.64,593.31,8.58,0,0,0,0,0,1,1,0,0,4.62,-0.14,8770.34,%sOxidizer Fill Confirmation
1591,26.62,1909.88,106.96,540.41,627.58,591.64,593.31,8.02,0,0,0,0,0,1,1,0,0,4.63,-0.14,8770.37,%sOxidizer Fill Confirmation
1592,26.47,1909.88,106.96,540.66,627.58,591.64,593.31,8.02,0,0,0,0,0,1,1,0,0,4.63,-0.14,8770.4,%sOxidizer Fill Confirmation
1593,26.24,1909.88,106.96,540.66,628.65,592.71,593.31,8.02,0,0,0,0,0,1,1,0,0,4.63,-0.14,8770.42,%sOxidizer Fill Confirmation
1594,23.97,1909.88,106.96,540.66,628.65,592.71,594.4,8.02,0,0,0,0,0,1,1,0,0,4.63,-0.14,8770.45,%sOxidizer Fill Confirmation
1595,27.82,1910.01,106.96,540.66,628.65,592.71,594.4,8.02,0,0,0,0,0,1,1,0,0,4.65,-0.13,8770.47,%sOxidizer Fill Confirmation
1596,29.3,1910.01,107.07,540.66,629.55,592.71,594.4,8.02,0,0,0,0,0,1,1,0,0,4.65,-0.13,8770.5,%sOxidizer Fill Confirmation
1597,26.73,1910.01,107.07,540.66,629.55,593.99,595.59,8.02,0,0,0,0,0,1,1,0,0,4.65,-0.13,8770.53,%sOxidizer Fill Confirmation
1598,27.27,1910.01,107.07,540.66,629.55,593.99,595.59,8.1,0,0,0,0,0,1,1,0,0,4.67,-0.16,8770.56,%sOxidizer Fill Confirmation
1599,28.33,1910.64,107.07,540.66,629.55,593.99,595.59,8.1,0,0,0,0,0,1,1,0,0,4.67,-0.16,8770.59,%sOxidizer Fill Confirmation
1600,29.25,1910.64,107.26,540.78,630.61,593.99,595.59,8.1,0,0,0,0,0,1,1,0,0,4.67,-0.16,8770.62,%sOxidizer Fill Confirmation
1601,25.73,1910.64,107.26,540.78,630.61,594.97,595.59,8.1,0,0,0,0,0,1,1,0,0,4.67,-0.16,8770.64,%sOxidizer Fill Confirmation
1602,29.95,1910.64,107.26,540.78,630.61,594.97,596.37,8.1,0,0,0,0,0,1,1,0,0,4.67,-0.16,8770.67,%sOxidizer Fill Confirmation
1603,24.48,1911.35,107.26,540.78,630.61,594.97,596.37,7.84,0,0,0,0,0,1,1,0,0,4.7,-0.16,8770.7,%sOxidizer Fill Confirmation
1604,28.89,1911.35,107.24,540.81,630.61,594.97,596.37,7.84,0,0,0,0,0,1,1,0,0,4.7,-0.16,8770.72,%sOxidizer Fill Confirmation
1605,29.66,1911.35,107.24,540.81,631.58,595.49,596.37,7.84,0,0,0,0,0,1,1,0,0,4.7,-0.16,8770.75,%sOxidizer Fill Confirmation
1606,27.71,1911.35,107.24,540.81,631.58,595.49,597.08,8.06,0,0,0,0,0,1,1,0,0,4.7,-0.14,8770.78,%sOxidizer Fill Confirmation
1607,27.4,1911.35,107.24,540.81,631.58,595.49,597.08,8.06,0,0,0,0,0,1,1,0,0,4.73,-0.14,8770.81,%sOxidizer Fill Confirmation
1608,22.99,1912.05,107.37,540.81,631.58,595.49,597.08,8.06,0,0,0,0,0,1,1,0,0,4.73,-0.14,8770.83,%sOxidizer Fill Confirmation
1609,24.17,1912.05,107.37,540.67,632.2,596.07,597.08,8.06,0,0,0,0,0,1,1,0,0,4.73,-0.14,8770.86,%sOxidizer Fill Confirmation
1610,22.95,1912.05,107.37,540.67,632.2,596.07,598.04,8.06,0,0,0,0,0,1,1,0,0,4.73,-0.14,8770.88,%sOxidizer Fill Confirmation
1611,29.37,1912.05,107.37,540.67,632.2,596.07,598.04,8.13,0,0,0,0,0,1,1,0,0,4.75,-0.14,8770.91,%sOxidizer Fill Confirmation
1612,23.16,1912.84,107.38,540.67,632.2,596.07,598.04,8.13,0,0,0,0,0,1,1,0,0,4.75,-0.14,8770.93,%sOxidizer Fill Confirmation
1613,25.82,1912.84,107.38,540.67,632.89,596.71,598.04,8.13,0,0,0,0,0,1,1,0,0,4.75,-0.14,8770.96,%sOxidizer Fill Confirmation
1614,25.06,1912.84,107.38,540.67,632.89,596.71,599.09,8.17,0,0,0,0,0,1,1,0,0,4.75,-0.14,8770.98,%sOxidizer Fill Confirmation
1615,30,1912.84,107.38,540.67,632.89,596.71,599.09,8.17,0,0,0,0,0,1,1,0,0,4.76,-0.11,8771.01,%sOxidizer Fill Confirmation
1616,25.67,1913.26,107.35,540.44,632.89,596.71,599.09,8.17,0,0,0,0,0,1,1,0,0,4.76,-0.11,8771.04,%sOxidizer Fill Confirmation
1617,30.46,1913.26,107.35,540.44,633.59,597.12,599.09,8.17,0,0,0,0,0,1,1,0,0,4.76,-0.11,8771.07,%sOxidizer Fill Confirmation
1618,22.14,1913.26,107.35,540.44,633.59,597.12,600,8.17,0,0,0,0,0,1,1,0,0,4.76,-0.11,8771.09,%sOxidizer Fill Confirmation
1619,22.42,1913.26,107.35,540.44,633.59,597.12,600,8.36,0,0,0,0,0,1,1,0,0,4.76,-0.1,8771.11,%sOxidizer Fill Confirmation
1620,27.29,1913.68,107.2,540.28,633.59,597.12,600,8.36,0,0,0,0,0,1,1,0,0,4.78,-0.1,8771.14,%sOxidizer Fill Confirmation
1621,27.12,1913.68,107.2,540.28,634.35,597.12,600,8.36,0,0,0,0,0,1,1,0,0,4.78,-0.1,8771.17,%sOxidizer Fill Confirmation
1622,27.62,1913.68,107.2,540.28,634.35,598.08,601.09,8.36,0,0,0,0,0,1,1,0,0,4.78,-0.1,8771.2,%sOxidizer Fill Confirmation
1623,20.81,1913.68,107.2,540.28,634.35,598.08,601.09,8.67,0,0,0,0,0,1,1,0,0,4.81,-0.08,8771.22,%sOxidizer Fill Confirmation
1624,26.74,1913.27,107.11,540.28,634.35,598.08,601.09,8.67,0,0,0,0,0,1,1,0,0,4.81,-0.08,8771.24,%sOxidizer Fill Confirmation
1625,28.73,1913.27,107.11,540.13,635.27,598.08,601.09,8.67,0,0,0,0,0,1,1,0,0,4.81,-0.08,8771.27,%sOxidizer Fill Confirmation
1626,26.1,1913.27,107.11,540.13,635.27,599.28,602.6,8.67,0,0,0,0,0,1,1,0,0,4.81,-0.08,8771.3,%sOxidizer Fill Confirmation
1627,20.84,1913.27,107.11,540.13,635.27,599.28,602.6,9.08,0,0,0,0,0,1,1,0,0,4.83,-0.07,8771.32,%sOxidizer Fill Confirmation
1628,25.1,1913.2,106.88,539.83,635.27,599.28,602.6,9.08,0,0,0,0,0,1,1,0,0,4.83,-0.07,8771.34,%sOxidizer Fill Confirmation
1629,24.88,1913.2,106.88,539.83,635.87,600.75,602.6,9.08,0,0,0,0,0,1,1,0,0,4.83,-0.07,8771.37,%sOxidizer Fill Confirmation
1630,26.24,1913.2,106.88,539.83,635.87,600.75,604.36,9.61,0,0,0,0,0,1,1,0,0,4.83,-0.07,8771.4,%sOxidizer Fill Confirmation
1631,26.36,1913.2,106.88,539.83,635.87,600.75,604.36,9.61,0,0,0,0,0,1,1,0,0,4.84,-0.06,8771.42,%sOxidizer Fill Confirmation
1632,26.45,1912.51,106.58,539.54,636.56,600.75,604.36,9.61,0,0,0,0,0,1,1,0,0,4.84,-0.06,8771.45,%sOxidizer Fill Confirmation
1633,27.08,1912.51,106.58,539.54,636.56,602.54,606.32,9.61,0,0,0,0,0,1,1,0,0,4.84,-0.06,8771.48,%sOxidizer Fill Confirmation
1634,27.25,1912.51,106.58,539.54,636.56,602.54,606.32,10.53,0,0,0,0,0,1,1,0,0,4.84,-0.06,8771.5,%sOxidizer Fill Confirmation
1635,27.78,1911.95,106.58,539.54,636.56,602.54,606.32,10.53,0,0,0,0,0,1,1,0,0,4.86,-0.06,8771.53,%sOxidizer Fill Confirmation
1636,31.36,1911.95,106.3,539.51,636.56,602.54,606.32,10.53,0,0,0,0,0,1,1,0,0,4.86,-0.06,8771.56,%sOxidizer Fill Confirmation
1637,33.95,1911.95,106.3,539.51,637.49,603.63,606.32,10.53,0,0,0,0,0,1,1,0,0,4.86,-0.06,8771.6,%sOxidizer Fill Confirmation
1638,28.86,1911.95,106.3,539.51,637.49,603.63,608.08,11.16,0,0,0,0,0,1,1,0,0,4.86,-0.06,8771.62,%sOxidizer Fill Confirmation
1639,25.9,1911.86,106.3,539.51,637.49,603.63,608.08,11.16,0,0,0,0,0,1,1,0,0,4.88,-0.03,8771.65,%sOxidizer Fill Confirmation
1640,27.72,1911.86,106.11,539.4,637.49,603.63,608.08,11.16,0,0,0,0,0,1,1,0,0,4.88,-0.03,8771.68,%sOxidizer Fill Confirmation
1641,26.34,1911.86,106.11,539.4,638.23,603.63,608.08,11.16,0,0,0,0,0,1,1,0,0,4.88,-0.03,8771.7,%sOxidizer Fill Confirmation
1642,23.92,1911.86,106.11,539.4,638.23,604.57,609.08,11.29,0,0,0,0,0,1,1,0,0,4.89,-0.02,8771.73,%sOxidizer Fill Confirmation
1643,28.04,1911.97,106.35,539.4,638.23,604.57,609.08,11.29,0,0,0,0,0,1,1,0,0,4.89,-0.02,8771.76,%sOxidizer Fill Confirmation
1644,28.39,1911.97,106.35,539.43,639.06,604.57,609.08,11.29,0,0,0,0,0,1,1,0,0,4.89,-0.02,8771.78,%sOxidizer Fill Confirmation
1645,23.3,1911.97,106.35,539.43,639.06,605.44,609.08,11.29,0,0,0,0,0,1,1,0,0,4.89,-0.02,8771.81,%sOxidizer Fill Confirmation
1646,26.2,1911.97,106.35,539.43,639.06,605.44,609.97,10.95,0,0,0,0,0,1,1,0,0,4.89,-0.04,8771.83,%sOxidizer Fill Confirmation
1647,31.86,1911.79,106.07,539.43,639.06,605.44,609.97,10.95,0,0,0,0,0,1,1,0,0,4.89,-0.04,8771.87,%sOxidizer Fill Confirmation
1648,22.68,1911.79,106.07,539.32,639.83,605.44,609.97,10.95,0,0,0,0,0,1,1,0,0,4.89,-0.04,8771.89,%sOxidizer Fill Confirmation
1649,25.16,1911.79,106.07,539.32,639.83,606.49,610.87,11.15,0,0,0,0,0,1,1,0,0,4.89,-0.04,8771.91,%sOxidizer Fill Confirmation
1650,25.71,1911.45,106.07,539.32,639.83,606.49,610.87,11.15,0,0,0,0,0,1,1,0,0,4.9,-0.04,8771.94,%sOxidizer Fill Confirmation
1651,27.24,1911.45,106.09,539.3,639.83,606.49,610.87,11.15,0,0,0,0,0,1,1,0,0,4.9,-0.04,8771.97,%sOxidizer Fill Confirmation
1652,24.45,1911.45,106.09,539.3,640.61,607.24,611.71,11.1,0,0,0,0,0,1,1,0,0,4.9,-0.04,8771.99,%sOxidizer Fill Confirmation
1653,27.44,1911.45,106.09,539.3,640.61,607.24,611.71,11.1,0,0,0,0,0,1,1,0,0,4.9,-0.06,8772.02,%sOxidizer Fill Confirmation
1654,23.23,1911.54,106.09,539.3,640.61,607.24,611.71,11.1,0,0,0,0,0,1,1,0,0,4.92,-0.06,8772.04,%sOxidizer Fill Confirmation
1655,22.24,1911.54,106.06,539.32,640.61,607.24,611.71,11.1,0,0,0,0,0,1,1,0,0,4.92,-0.06,8772.06,%sOxidizer Fill Confirmation
1656,23.71,1911.54,106.06,539.32,641.5,607.24,611.71,11.1,0,0,0,0,0,1,1,0,0,4.92,-0.06,8772.09,%sOxidizer Fill Confirmation
1657,24.24,1911.54,106.06,539.32,641.5,608.14,613.21,11.55,0,0,0,0,0,1,1,0,0,4.93,-0.07,8772.11,%sOxidizer Fill Confirmation
1658,25.14,1910.95,106.01,539.32,641.5,608.14,613.21,11.55,0,0,0,0,0,1,1,0,0,4.93,-0.07,8772.14,%sOxidizer Fill Confirmation
1659,30.75,1910.95,106.01,539.28,641.5,608.14,613.21,11.55,0,0,0,0,0,1,1,0,0,4.93,-0.07,8772.17,%sOxidizer Fill Confirmation
1660,25.4,1910.95,106.01,539.28,642.15,609.19,614.69,12.17,0,0,0,0,0,1,1,0,0,4.93,-0.07,8772.19,%sOxidizer Fill Confirmation
1661,28.7,1910.95,106.01,539.28,642.15,609.19,614.69,12.17,0,0,0,0,0,1,1,0,0,4.95,-0.08,8772.22,%sOxidizer Fill Confirmation
1662,24.21,1910.95,106.01,539.28,642.15,609.19,614.69,12.17,0,0,0,0,0,1,1,0,0,4.95,-0.08,8772.25,%sOxidizer Fill Confirmation
1663,22.74,1910.95,106.01,539.28,642.15,609.19,614.69,12.17,0,0,0,0,0,1,1,0,0,4.95,-0.08,8772.27,%sOxidizer Fill Confirmation
1664,25.48,1910.95,106.01,539.28,642.76,610.4,615.78,12.27,0,0,0,0,0,1,1,0,0,4.95,-0.07,8772.29,%sOxidizer Fill Confirmation
1665,25.93,1910.95,106.01,539.28,642.76,610.4,615.78,12.27,0,0,0,0,0,1,1,0,0,4.97,-0.07,8772.32,%sOxidizer Fill Confirmation
1666,26.14,1911.77,106.09,539.3,642.76,610.4,615.78,12.27,0,0,0,0,0,1,1,0,0,4.97,-0.07,8772.35,%sOxidizer Fill Confirmation
1667,29.34,1911.77,106.09,539.3,643.41,610.4,615.78,12.27,0,0,0,0,0,1,1,0,0,4.97,-0.07,8772.38,%sOxidizer Fill Confirmation
1668,27.16,1911.77,106.09,539.3,643.41,610.95,616.02,12.27,0,0,0,0,0,1,1,0,0,4.97,-0.07,8772.4,%sOxidizer Fill Confirmation
1669,26.61,1911.77,106.09,539.3,643.41,610.95,616.02,11.72,0,0,0,0,0,1,1,0,0,4.97,-0.06,8772.43,%sOxidizer Fill Confirmation
1670,27.14,1912.62,106.09,539.3,643.41,610.95,616.02,11.72,0,0,0,0,0,1,1,0,0,5,-0.06,8772.46,%sOxidizer Fill Confirmation
1671,27.67,1912.62,106.35,539.5,643.41,610.95,616.02,11.72,0,0,0,0,0,1,1,0,0,5,-0.06,8772.48,%sOxidizer Fill Confirmation
1672,25.26,1912.62,106.35,539.5,644.18,610.95,616.02,11.72,0,0,0,0,0,1,1,0,0,5,-0.06,8772.51,%sOxidizer Fill Confirmation
1673,26.18,1912.62,106.35,539.5,644.18,611.29,616.09,11.72,0,0,0,0,0,1,1,0,0,5,-0.06,8772.54,%sOxidizer Fill Confirmation
1674,32.24,1912.62,106.35,539.5,644.18,611.29,616.09,10.86,0,0,0,0,0,1,1,0,0,5.01,-0.08,8772.57,%sOxidizer Fill Confirmation
1675,32.71,1913.37,106.35,539.5,644.18,611.29,616.09,10.86,0,0,0,0,0,1,1,0,0,5.01,-0.08,8772.6,%sOxidizer Fill Confirmation
1676,33.83,1913.37,106.58,539.69,644.18,611.29,616.09,10.86,0,0,0,0,0,1,1,0,0,5.01,-0.08,8772.63,%sOxidizer Fill Confirmation
1677,41.26,1913.37,106.58,539.69,644.78,611.29,616.09,10.86,0,0,0,0,0,1,1,0,0,5.01,-0.08,8772.68,%sOxidizer Fill Confirmation
1678,30.68,1913.37,106.58,539.69,644.78,612.17,616.42,10.86,0,0,0,0,0,1,1,0,0,5.01,-0.08,8772.71,%sOxidizer Fill Confirmation
1679,27.68,1913.37,106.58,539.69,644.78,612.17,616.42,10.86,0,0,0,0,0,1,1,0,0,5.01,-0.08,8772.73,%sOxidizer Fill Confirmation
1680,23.96,1913.37,106.58,539.69,644.78,612.17,616.42,10.42,0,0,0,0,0,1,1,0,0,5.01,-0.11,8772.76,%sOxidizer Fill Confirmation
1681,31.32,1913.49,106.58,539.69,644.78,612.17,616.42,10.42,0,0,0,0,0,1,1,0,0,5,-0.11,8772.79,%sOxidizer Fill Confirmation
1682,27.07,1913.49,106.73,539.9,644.78,612.17,616.42,10.42,0,0,0,0,0,1,1,0,0,5,-0.11,8772.82,%sOxidizer Fill Confirmation
1683,32.28,1913.49,106.73,539.9,645.62,612.17,616.42,10.42,0,0,0,0,0,1,1,0,0,5,-0.11,8772.85,%sOxidizer Fill Confirmation
1684,40.36,1913.49,106.73,539.9,645.62,613.05,616.42,10.42,0,0,0,0,0,1,1,0,0,5,-0.11,8772.89,%sOxidizer Fill Confirmation
1685,27.73,1913.49,106.73,539.9,645.62,613.05,617.27,10.42,0,0,0,0,0,1,1,0,0,5,-0.11,8772.92,%sOxidizer Fill Confirmation
1686,25.25,1913.49,106.73,539.9,645.62,613.05,617.27,10.29,0,0,0,0,0,1,1,0,0,5.01,-0.13,8772.94,%sOxidizer Fill Confirmation
1687,33.69,1913.49,106.73,539.9,645.62,613.05,617.27,10.29,0,0,0,0,0,1,1,0,0,5.01,-0.13,8772.98,%sOxidizer Fill Confirmation
1688,29.7,1913.36,106.67,539.9,645.62,613.05,617.27,10.29,0,0,0,0,0,1,1,0,0,5.01,-0.13,8773.01,%sOxidizer Fill Confirmation
1689,32.4,1913.36,106.67,540.07,646.23,613.05,617.27,10.29,0,0,0,0,0,1,1,0,0,5.01,-0.13,8773.04,%sOxidizer Fill Confirmation
1690,28.07,1913.36,106.67,540.07,646.23,614.04,617.27,10.29,0,0,0,0,0,1,1,0,0,5.01,-0.13,8773.07,%sOxidizer Fill Confirmation
1691,27.92,1913.36,106.67,540.07,646.23,614.04,618.37,10.29,0,0,0,0,0,1,1,0,0,5.01,-0.13,8773.09,%sOxidizer Fill Confirmation
1692,32.11,1913.36,106.67,540.07,646.23,614.04,618.37,10.39,0,0,0,0,0,1,1,0,0,5.01,-0.13,8773.13,%sOxidizer Fill Confirmation
1693,30.7,1913.36,106.67,540.07,646.23,614.04,618.37,10.39,0,0,0,0,0,1,1,0,0,5.03,-0.13,8773.16,%sOxidizer Fill Confirmation
1694,37.56,1913.53,106.91,540.07,646.23,614.04,618.37,10.39,0,0,0,0,0,1,1,0,0,5.03,-0.13,8773.19,%sOxidizer Fill Confirmation
1695,31.25,1913.53,106.91,540.27,646.23,614.04,618.37,10.39,0,0,0,0,0,1,1,0,0,5.03,-0.13,8773.23,%sOxidizer Fill Confirmation
1696,30.67,1913.53,106.91,540.27,646.92,614.04,618.37,10.39,0,0,0,0,0,1,1,0,0,5.03,-0.13,8773.26,%sOxidizer Fill Confirmation
1697,39.23,1913.53,106.91,540.27,646.92,614.87,619.97,10.39,0,0,0,0,0,1,1,0,0,5.03,-0.13,8773.3,%sOxidizer Fill Confirmation
1698,28.13,1913.53,106.91,540.27,646.92,614.87,619.97,10.77,0,0,0,0,0,1,1,0,0,5.03,-0.13,8773.32,%sOxidizer Fill Confirmation
1699,32.68,1913.53,106.91,540.27,646.92,614.87,619.97,10.77,0,0,0,0,0,1,1,0,0,5.05,-0.12,8773.36,%sOxidizer Fill Confirmation
1700,37,1913.14,106.91,540.27,646.92,614.87,619.97,10.77,0,0,0,0,0,1,1,0,0,5.05,-0.12,8773.39,%sOxidizer Fill Confirmation
1701,27.29,1913.14,106.71,540.27,646.92,614.87,619.97,10.77,0,0,0,0,0,1,1,0,0,5.05,-0.12,8773.42,%sOxidizer Fill Confirmation
1702,26.06,1913.14,106.71,540.18,646.92,614.87,619.97,10.77,0,0,0,0,0,1,1,0,0,5.05,-0.12,8773.45,%sOxidizer Fill Confirmation
1703,27.67,1913.14,106.71,540.18,647.58,614.87,619.97,10.77,0,0,0,0,0,1,1,0,0,5.05,-0.12,8773.47,%sOxidizer Fill Confirmation
1704,29.83,1913.14,106.71,540.18,647.58,615.86,620.95,10.75,0,0,0,0,0,1,1,0,0,5.05,-0.12,8773.5,%sOxidizer Fill Confirmation
1705,33.79,1913.14,106.71,540.18,647.58,615.86,620.95,10.75,0,0,0,0,0,1,1,0,0,5.05,-0.13,8773.54,%sOxidizer Fill Confirmation
1706,26.2,1913.14,106.71,540.18,647.58,615.86,620.95,10.75,0,0,0,0,0,1,1,0,0,5.07,-0.13,8773.56,%sOxidizer Fill Confirmation
1707,26.32,1913.52,106.71,540.18,647.58,615.86,620.95,10.75,0,0,0,0,0,1,1,0,0,5.07,-0.13,8773.59,%sOxidizer Fill Confirmation
1708,33.23,1913.52,107.01,540.42,647.58,615.86,620.95,10.75,0,0,0,0,0,1,1,0,0,5.07,-0.13,8773.62,%sOxidizer Fill Confirmation
1709,24.16,1913.52,107.01,540.42,648.17,616.94,620.95,10.75,0,0,0,0,0,1,1,0,0,5.07,-0.13,8773.65,%sOxidizer Fill Confirmation
1710,29.14,1913.52,107.01,540.42,648.17,616.94,621.57,10.75,0,0,0,0,0,1,1,0,0,5.07,-0.13,8773.68,%sOxidizer Fill Confirmation
1711,27.38,1913.52,107.01,540.42,648.17,616.94,621.57,10.08,0,0,0,0,0,1,1,0,0,5.07,-0.13,8773.7,%sOxidizer Fill Confirmation
1712,30.8,1914.02,107.01,540.42,648.17,616.94,621.57,10.08,0,0,0,0,0,1,1,0,0,5.09,-0.14,8773.74,%sOxidizer Fill Confirmation
1713,28.86,1914.02,107.17,540.61,648.17,616.94,621.57,10.08,0,0,0,0,0,1,1,0,0,5.09,-0.14,8773.76,%sOxidizer Fill Confirmation
1714,27.31,1914.02,107.17,540.61,649.2,618.33,621.57,10.08,0,0,0,0,0,1,1,0,0,5.09,-0.14,8773.79,%sOxidizer Fill Confirmation
1715,30.41,1914.02,107.17,540.61,649.2,618.33,622.15,10.08,0,0,0,0,0,1,1,0,0,5.09,-0.14,8773.82,%sOxidizer Fill Confirmation
1716,27.85,1914.02,107.17,540.61,649.2,618.33,622.15,9.19,0,0,0,0,0,1,1,0,0,5.09,-0.14,8773.85,%sOxidizer Fill Confirmation
1717,29.76,1913.94,107.17,540.61,649.2,618.33,622.15,9.19,0,0,0,0,0,1,1,0,0,5.1,-0.15,8773.88,%sOxidizer Fill Confirmation
1718,23.78,1913.94,107.26,540.61,649.2,618.33,622.15,9.19,0,0,0,0,0,1,1,0,0,5.1,-0.15,8773.9,%sOxidizer Fill Confirmation
1719,28.68,1913.94,107.26,540.88,650.37,619.15,622.15,9.19,0,0,0,0,0,1,1,0,0,5.1,-0.15,8773.93,%sOxidizer Fill Confirmation
1720,28.02,1913.94,107.26,540.88,650.37,619.15,622.9,9.19,0,0,0,0,0,1,1,0,0,5.1,-0.15,8773.96,%sOxidizer Fill Confirmation
1721,27.91,1913.94,107.26,540.88,650.37,619.15,622.9,8.72,0,0,0,0,0,1,1,0,0,5.1,-0.15,8773.99,%sOxidizer Fill Confirmation
1722,26.35,1913.49,107.26,540.88,650.37,619.15,622.9,8.72,0,0,0,0,0,1,1,0,0,5.12,-0.15,8774.01,%sOxidizer Fill Confirmation
1723,27.81,1913.49,107.21,540.85,650.37,619.15,622.9,8.72,0,0,0,0,0,1,1,0,0,5.12,-0.15,8774.04,%sOxidizer Fill Confirmation
1724,33.87,1913.49,107.21,540.85,651.23,620.54,624.75,8.72,0,0,0,0,0,1,1,0,0,5.12,-0.15,8774.08,%sOxidizer Fill Confirmation
1725,34,1913.49,107.21,540.85,651.23,620.54,624.75,8.72,0,0,0,0,0,1,1,0,0,5.12,-0.15,8774.11,%sOxidizer Fill Confirmation
1726,25.9,1913.49,107.21,540.85,651.23,620.54,624.75,9.36,0,0,0,0,0,1,1,0,0,5.13,-0.16,8774.14,%sOxidizer Fill Confirmation
1727,26.57,1913.22,107.21,540.85,651.23,620.54,624.75,9.36,0,0,0,0,0,1,1,0,0,5.13,-0.16,8774.16,%sOxidizer Fill Confirmation
1728,27.3,1913.22,107.26,540.95,651.23,620.54,624.75,9.36,0,0,0,0,0,1,1,0,0,5.13,-0.16,8774.19,%sOxidizer Fill Confirmation
1729,23.83,1913.22,107.26,540.95,652.37,621.77,625.89,9.36,0,0,0,0,0,1,1,0,0,5.13,-0.16,8774.21,%sOxidizer Fill Confirmation
1730,28.68,1913.22,107.26,540.95,652.37,621.77,625.89,9.43,0,0,0,0,0,1,1,0,0,5.13,-0.16,8774.24,%sOxidizer Fill Confirmation
1731,47.74,1913.22,107.26,540.95,652.37,621.77,625.89,9.43,0,0,0,0,0,1,1,0,0,5.16,-0.13,8774.29,%sOxidizer Fill Confirmation
1732,96.88,1913.12,107.26,540.95,652.37,621.77,625.89,9.43,0,0,0,0,0,1,1,0,0,5.16,-0.13,8774.39,%sOxidizer Fill Confirmation
1733,28.4,1913.12,107.1,540.82,652.37,621.77,625.89,9.43,0,0,0,0,0,1,1,0,0,5.16,-0.13,8774.42,%sOxidizer Fill Confirmation
1734,51.75,1913.12,107.1,540.82,653.26,621.77,625.89,9.43,0,0,0,0,0,1,1,0,0,5.16,-0.13,8774.47,%sOxidizer Fill Confirmation
1735,28.6,1913.12,107.1,540.82,653.26,622.83,627,9.43,0,0,0,0,0,1,1,0,0,5.16,-0.13,8774.5,%sOxidizer Fill Confirmation
1736,30.25,1913.12,107.1,540.82,653.26,622.83,627,9.43,0,0,0,0,0,1,1,0,0,5.16,-0.13,8774.53,%sOxidizer Fill Confirmation
1737,28.66,1913.12,107.1,540.82,653.26,622.83,627,9.82,0,0,0,0,0,1,1,0,0,5.19,-0.13,8774.55,%sOxidizer Fill Confirmation
1738,39.19,1912.52,107.1,540.82,653.26,622.83,627,9.82,0,0,0,0,0,1,1,0,0,5.19,-0.13,8774.59,%sOxidizer Fill Confirmation
1739,26.19,1912.52,107.02,540.9,653.26,622.83,627,9.82,0,0,0,0,0,1,1,0,0,5.19,-0.13,8774.62,%sOxidizer Fill Confirmation
1740,39.98,1912.52,107.02,540.9,653.26,622.83,627,9.82,0,0,0,0,0,1,1,0,0,5.19,-0.13,8774.66,%sOxidizer Fill Confirmation
1741,24.84,1912.52,107.02,540.9,654.53,624.9,627,9.82,0,0,0,0,0,1,1,0,0,5.19,-0.13,8774.68,%sOxidizer Fill Confirmation
1742,33.72,1912.52,107.02,540.9,654.53,624.9,627,9.82,0,0,0,0,0,1,1,0,0,5.19,-0.13,8774.72,%sOxidizer Fill Confirmation
1743,23.68,1912.52,107.02,540.9,654.53,624.9,628.69,9.85,0,0,0,0,0,1,1,0,0,5.19,-0.12,8774.74,%sOxidizer Fill Confirmation
1744,54.9,1912.15,107.02,540.9,654.53,624.9,628.69,9.85,0,0,0,0,0,1,1,0,0,5.22,-0.12,8774.8,%sOxidizer Fill Confirmation
1745,29.23,1912.15,107.02,540.9,654.53,624.9,628.69,9.85,0,0,0,0,0,1,1,0,0,5.22,-0.12,8774.83,%sOxidizer Fill Confirmation
1746,34.98,1912.15,106.78,540.71,654.53,624.9,628.69,9.85,0,0,0,0,0,1,1,0,0,5.22,-0.12,8774.86,%sOxidizer Fill Confirmation
1747,33.81,1912.15,106.78,540.71,655.63,624.9,628.69,9.85,0,0,0,0,0,1,1,0,0,5.22,-0.12,8774.9,%sOxidizer Fill Confirmation
1748,28.12,1912.15,106.78,540.71,655.63,626.48,630.17,9.85,0,0,0,0,0,1,1,0,0,5.22,-0.12,8774.92,%sOxidizer Fill Confirmation
1749,25.71,1912.15,106.78,540.71,655.63,626.48,630.17,10.07,0,0,0,0,0,1,1,0,0,5.22,-0.12,8774.95,%sOxidizer Fill Confirmation
1750,31.36,1912.06,106.78,540.71,655.63,626.48,630.17,10.07,0,0,0,0,0,1,1,0,0,5.24,-0.11,8774.98,%sOxidizer Fill Confirmation
1751,27.99,1912.06,106.83,540.72,655.63,626.48,630.17,10.07,0,0,0,0,0,1,1,0,0,5.24,-0.11,8775.01,%sOxidizer Fill Confirmation
1752,41.45,1912.06,106.83,540.72,656.95,626.48,630.17,10.07,0,0,0,0,0,1,1,0,0,5.24,-0.11,8775.05,%sOxidizer Fill Confirmation
1753,30.87,1912.06,106.83,540.72,656.95,627.89,630.99,10.07,0,0,0,0,0,1,1,0,0,5.24,-0.11,8775.08,%sOxidizer Fill Confirmation
1754,28.54,1912.06,106.83,540.72,656.95,627.89,630.99,9.51,0,0,0,0,0,1,1,0,0,5.24,-0.11,8775.11,%sOxidizer Fill Confirmation
1755,33.65,1912.06,106.83,540.72,656.95,627.89,630.99,9.51,0,0,0,0,0,1,1,0,0,5.24,-0.1,8775.14,%sOxidizer Fill Confirmation
1756,30.66,1911.98,106.83,540.72,656.95,627.89,630.99,9.51,0,0,0,0,0,1,1,0,0,5.27,-0.1,8775.17,%sOxidizer Fill Confirmation
1757,31,1911.98,106.7,540.72,656.95,627.89,630.99,9.51,0,0,0,0,0,1,1,0,0,5.27,-0.1,8775.2,%sOxidizer Fill Confirmation
1758,22.34,1911.98,106.7,540.63,658.17,629.67,630.99,9.51,0,0,0,0,0,1,1,0,0,5.27,-0.1,8775.23,%sOxidizer Fill Confirmation
1759,34.42,1911.98,106.7,540.63,658.17,629.67,632.74,9.51,0,0,0,0,0,1,1,0,0,5.27,-0.1,8775.26,%sOxidizer Fill Confirmation
1760,25.24,1911.31,106.7,540.63,658.17,629.67,632.74,9.86,0,0,0,0,0,1,1,0,0,5.3,-0.09,8775.29,%sOxidizer Fill Confirmation
1761,32.09,1911.31,106.31,540.63,658.17,629.67,632.74,9.86,0,0,0,0,0,1,1,0,0,5.3,-0.09,8775.32,%sOxidizer Fill Confirmation
1762,43.29,1911.31,106.31,540.38,659.38,629.67,632.74,9.86,0,0,0,0,0,1,1,0,0,5.3,-0.09,8775.36,%sOxidizer Fill Confirmation
1763,27.77,1911.31,106.31,540.38,659.38,631.36,634.66,9.86,0,0,0,0,0,1,1,0,0,5.3,-0.09,8775.39,%sOxidizer Fill Confirmation
1764,28.34,1911.31,106.31,540.38,659.38,631.36,634.66,10.48,0,0,0,0,0,1,1,0,0,5.3,-0.09,8775.42,%sOxidizer Fill Confirmation
1765,29.13,1910.87,106.31,540.38,659.38,631.36,634.66,10.48,0,0,0,0,0,1,1,0,0,5.31,-0.09,8775.45,%sOxidizer Fill Confirmation
1766,24.63,1910.87,106.19,540.35,659.38,631.36,634.66,10.48,0,0,0,0,0,1,1,0,0,5.31,-0.09,8775.47,%sOxidizer Fill Confirmation
1767,25.12,1910.87,106.19,540.35,660.45,632.57,634.66,10.48,0,0,0,0,0,1,1,0,0,5.31,-0.09,8775.5,%sOxidizer Fill Confirmation
1768,27.14,1910.87,106.19,540.35,660.45,632.57,636.26,10.46,0,0,0,0,0,1,1,0,0,5.31,-0.09,8775.52,%sOxidizer Fill Confirmation
1769,25.63,1910.87,106.19,540.35,660.45,632.57,636.26,10.46,0,0,0,0,0,1,1,0,0,5.31,-0.09,8775.55,%sOxidizer Fill Confirmation
1770,28.66,1910.99,106.05,540.35,660.45,632.57,636.26,10.46,0,0,0,0,0,1,1,0,0,5.33,-0.09,8775.58,%sOxidizer Fill Confirmation
1771,31.19,1910.99,106.05,540.09,661.42,632.57,636.26,10.46,0,0,0,0,0,1,1,0,0,5.33,-0.09,8775.61,%sOxidizer Fill Confirmation
1772,28.59,1910.99,106.05,540.09,661.42,634.25,637.96,10.46,0,0,0,0,0,1,1,0,0,5.33,-0.09,8775.64,%sOxidizer Fill Confirmation
1773,28.09,1910.99,106.05,540.09,661.42,634.25,637.96,10.56,0,0,0,0,0,1,1,0,0,5.34,-0.12,8775.67,%sOxidizer Fill Confirmation
1774,24.67,1910.74,106.05,540.09,661.42,634.25,637.96,10.56,0,0,0,0,0,1,1,0,0,5.34,-0.12,8775.69,%sOxidizer Fill Confirmation
1775,23.62,1910.74,106.11,540.09,661.42,634.25,637.96,10.56,0,0,0,0,0,1,1,0,0,5.34,-0.12,8775.71,%sOxidizer Fill Confirmation
1776,24.62,1910.74,106.11,540.11,662.58,635.71,638.99,10.56,0,0,0,0,0,1,1,0,0,5.34,-0.12,8775.74,%sOxidizer Fill Confirmation
1777,27.06,1910.74,106.11,540.11,662.58,635.71,638.99,9.98,0,0,0,0,0,1,1,0,0,5.34,-0.12,8775.77,%sOxidizer Fill Confirmation
1778,28.55,1910.74,106.11,540.11,662.58,635.71,638.99,9.98,0,0,0,0,0,1,1,0,0,5.37,-0.12,8775.79,%sOxidizer Fill Confirmation
1779,26.03,1910.3,105.92,539.87,662.58,635.71,638.99,9.98,0,0,0,0,0,1,1,0,0,5.37,-0.12,8775.82,%sOxidizer Fill Confirmation
1780,24.74,1910.3,105.92,539.87,663.58,635.71,638.99,9.98,0,0,0,0,0,1,1,0,0,5.37,-0.12,8775.85,%sOxidizer Fill Confirmation
1781,31.63,1910.3,105.92,539.87,663.58,637.51,640.83,10.21,0,0,0,0,0,1,1,0,0,5.37,-0.12,8775.88,%sOxidizer Fill Confirmation
1782,30.06,1910.3,105.92,539.87,663.58,637.51,640.83,10.21,0,0,0,0,0,1,1,0,0,5.39,-0.14,8775.91,%sOxidizer Fill Confirmation
1783,26.62,1910.01,105.92,539.87,663.58,637.51,640.83,10.21,0,0,0,0,0,1,1,0,0,5.39,-0.14,8775.93,%sOxidizer Fill Confirmation
1784,26.65,1910.01,106.08,540.1,664.86,637.51,640.83,10.21,0,0,0,0,0,1,1,0,0,5.39,-0.14,8775.96,%sOxidizer Fill Confirmation
1785,26.91,1910.01,106.08,540.1,664.86,639.38,640.83,10.21,0,0,0,0,0,1,1,0,0,5.39,-0.14,8775.99,%sOxidizer Fill Confirmation
1786,23.12,1910.01,106.08,540.1,664.86,639.38,642.54,9.57,0,0,0,0,0,1,1,0,0,5.39,-0.14,8776.01,%sOxidizer Fill Confirmation
1787,47.62,1910.56,106.08,540.1,664.86,639.38,642.54,9.57,0,0,0,0,0,1,1,0,0,5.41,-0.13,8776.06,%sOxidizer Fill Confirmation
1788,26.07,1910.56,106.13,539.96,664.86,639.38,642.54,9.57,0,0,0,0,0,1,1,0,0,5.41,-0.13,8776.08,%sOxidizer Fill Confirmation
1789,28.47,1910.56,106.13,539.96,665.34,639.46,642.54,9.57,0,0,0,0,0,1,1,0,0,5.41,-0.13,8776.11,%sOxidizer Fill Confirmation
1790,23.93,1910.56,106.13,539.96,665.34,639.46,643.15,9.57,0,0,0,0,0,1,1,0,0,5.41,-0.13,8776.14,%sOxidizer Fill Confirmation
1791,28.31,1910.68,106.12,539.96,665.34,639.46,643.15,9.44,0,0,0,0,0,1,1,0,0,5.43,-0.13,8776.16,%sOxidizer Fill Confirmation
1792,28.49,1910.68,106.12,539.92,665.34,639.46,643.15,9.44,0,0,0,0,0,1,1,0,0,5.43,-0.13,8776.19,%sOxidizer Fill Confirmation
1793,26.24,1910.68,106.12,539.92,666.15,639.46,643.15,9.44,0,0,0,0,0,1,1,0,0,5.43,-0.13,8776.22,%sOxidizer Fill Confirmation
1794,22.57,1910.68,106.12,539.92,666.15,640.13,644.06,9.39,0,0,0,0,0,1,1,0,0,5.43,-0.13,8776.24,%sOxidizer Fill Confirmation
1795,28.46,1910.4,106.12,539.92,666.15,640.13,644.06,9.39,0,0,0,0,0,1,1,0,0,5.44,-0.13,8776.27,%sOxidizer Fill Confirmation
1796,27.41,1910.4,105.9,539.92,666.15,640.13,644.06,9.39,0,0,0,0,0,1,1,0,0,5.44,-0.13,8776.3,%sOxidizer Fill Confirmation
1797,26.15,1910.4,105.9,539.82,666.82,641.33,644.06,9.39,0,0,0,0,0,1,1,0,0,5.44,-0.13,8776.32,%sOxidizer Fill Confirmation
1798,30.65,1910.4,105.9,539.82,666.82,641.33,645.09,9.29,0,0,0,0,0,1,1,0,0,5.44,-0.13,8776.35,%sOxidizer Fill Confirmation
1799,24.7,1910.4,105.9,539.82,666.82,641.33,645.09,9.29,0,0,0,0,0,1,1,0,0,5.45,-0.15,8776.38,%sOxidizer Fill Confirmation
1800,24.75,1910.72,106.28,539.82,666.82,641.33,645.09,9.29,0,0,0,0,0,1,1,0,0,5.45,-0.15,8776.4,%sOxidizer Fill Confirmation
1801,29.71,1910.72,106.28,540.05,667.52,641.33,645.09,9.29,0,0,0,0,0,1,1,0,0,5.45,-0.15,8776.43,%sOxidizer Fill Confirmation
1802,24.06,1910.72,106.28,540.05,667.52,641.8,645.56,9.29,0,0,0,0,0,1,1,0,0,5.45,-0.15,8776.46,%sOxidizer Fill Confirmation
1803,23.24,1910.72,106.28,540.05,667.52,641.8,645.56,8.99,0,0,0,0,0,1,1,0,0,5.45,-0.15,8776.48,%sOxidizer Fill Confirmation
1804,26.82,1911.4,106.68,540.05,667.52,641.8,645.56,8.99,0,0,0,0,0,1,1,0,0,5.47,-0.16,8776.51,%sOxidizer Fill Confirmation
1805,26.15,1911.4,106.68,540.3,668.28,641.8,645.56,8.99,0,0,0,0,0,1,1,0,0,5.47,-0.16,8776.53,%sOxidizer Fill Confirmation
1806,30.52,1911.4,106.68,540.3,668.28,641.8,645.56,8.99,0,0,0,0,0,1,1,0,0,5.47,-0.16,8776.56,%sOxidizer Fill Confirmation
1807,23.66,1911.4,106.68,540.3,668.28,642.34,645.58,8.34,0,0,0,0,0,1,1,0,0,5.47,-0.16,8776.59,%sOxidizer Fill Confirmation
1808,27.46,1911.4,106.68,540.3,668.28,642.34,645.58,8.34,0,0,0,0,0,1,1,0,0,5.49,-0.16,8776.62,%sOxidizer Fill Confirmation
1809,23.76,1911.91,106.66,540.3,668.28,642.34,645.58,8.34,0,0,0,0,0,1,1,0,0,5.49,-0.16,8776.64,%sOxidizer Fill Confirmation
1810,25.12,1911.91,106.66,540.2,668.7,642.34,645.58,8.34,0,0,0,0,0,1,1,0,0,5.49,-0.16,8776.66,%sOxidizer Fill Confirmation
1811,27.67,1911.91,106.66,540.2,668.7,642.83,645.91,8.32,0,0,0,0,0,1,1,0,0,5.49,-0.14,8776.69,%sOxidizer Fill Confirmation
1812,21.86,1911.91,106.66,540.2,668.7,642.83,645.91,8.32,0,0,0,0,0,1,1,0,0,5.51,-0.14,8776.71,%sOxidizer Fill Confirmation
1813,23.73,1911.92,106.69,540.19,668.7,642.83,645.91,8.32,0,0,0,0,0,1,1,0,0,5.51,-0.14,8776.74,%sOxidizer Fill Confirmation
1814,24.18,1911.92,106.69,540.19,669.07,642.83,645.91,8.32,0,0,0,0,0,1,1,0,0,5.51,-0.14,8776.76,%sOxidizer Fill Confirmation
1815,25.04,1911.92,106.69,540.19,669.07,643.17,645.91,8.32,0,0,0,0,0,1,1,0,0,5.51,-0.14,8776.79,%sOxidizer Fill Confirmation
1816,28.25,1911.94,106.69,540.19,669.07,643.17,646.42,8.51,0,0,0,0,0,1,1,0,0,5.53,-0.13,8776.82,%sOxidizer Fill Confirmation
1817,23.67,1911.94,106.59,540.2,669.07,643.17,646.42,8.51,0,0,0,0,0,1,1,0,0,5.53,-0.13,8776.84,%sOxidizer Fill Confirmation
1818,29.21,1911.94,106.59,540.2,669.52,643.17,646.42,8.51,0,0,0,0,0,1,1,0,0,5.53,-0.13,8776.87,%sOxidizer Fill Confirmation
1819,22.27,1911.94,106.59,540.2,669.52,643.42,647.19,9.06,0,0,0,0,0,1,1,0,0,5.54,-0.13,8776.89,%sOxidizer Fill Confirmation
1820,27.42,1911.94,106.59,540.2,669.52,643.42,647.19,9.06,0,0,0,0,0,1,1,0,0,5.54,-0.13,8776.92,%sOxidizer Fill Confirmation
1821,27.69,1911.94,106.87,540.5,670.13,643.42,647.19,9.06,0,0,0,0,0,1,1,0,0,5.54,-0.13,8776.95,%sOxidizer Fill Confirmation
1822,27.88,1911.94,106.87,540.5,670.13,643.92,647.17,9.06,0,0,0,0,0,1,1,0,0,5.54,-0.13,8776.97,%sOxidizer Fill Confirmation
1823,23.02,1911.94,106.87,540.5,670.13,643.92,647.17,8.68,0,0,0,0,0,1,1,0,0,5.55,-0.11,8777,%sOxidizer Fill Confirmation
1824,24.17,1911.8,106.87,540.5,670.13,643.92,647.17,8.68,0,0,0,0,0,1,1,0,0,5.55,-0.11,8777.02,%sOxidizer Fill Confirmation
1825,22.16,1911.8,106.71,540.23,670.13,643.92,647.17,8.68,0,0,0,0,0,1,1,0,0,5.55,-0.11,8777.04,%sOxidizer Fill Confirmation
1826,27.85,1911.8,106.71,540.23,670.36,644.16,647.98,8.68,0,0,0,0,0,1,1,0,0,5.55,-0.11,8777.07,%sOxidizer Fill Confirmation
1827,24.22,1911.8,106.71,540.23,670.36,644.16,647.98,9.35,0,0,0,0,0,1,1,0,0,5.55,-0.11,8777.1,%sOxidizer Fill Confirmation
1828,25.18,1911.24,106.52,540.23,670.36,644.16,647.98,9.35,0,0,0,0,0,1,1,0,0,5.57,-0.1,8777.12,%sOxidizer Fill Confirmation
1829,22.81,1911.24,106.52,540.12,671.04,644.16,647.98,9.35,0,0,0,0,0,1,1,0,0,5.57,-0.1,8777.14,%sOxidizer Fill Confirmation
1830,28.9,1911.24,106.52,540.12,671.04,645.23,649.09,9.35,0,0,0,0,0,1,1,0,0,5.57,-0.1,8777.17,%sOxidizer Fill Confirmation
1831,22.18,1911.24,106.52,540.12,671.04,645.23,649.09,9.78,0,0,0,0,0,1,1,0,0,5.57,-0.1,8777.19,%sOxidizer Fill Confirmation
1832,29.27,1911.14,106.52,540.12,671.04,645.23,649.09,9.78,0,0,0,0,0,1,1,0,0,5.58,-0.1,8777.22,%sOxidizer Fill Confirmation
1833,24.62,1911.14,106.58,540.2,671.04,645.23,649.09,9.78,0,0,0,0,0,1,1,0,0,5.58,-0.1,8777.25,%sOxidizer Fill Confirmation
1834,26.02,1911.14,106.58,540.2,671.7,646.39,649.09,9.78,0,0,0,0,0,1,1,0,0,5.58,-0.1,8777.27,%sOxidizer Fill Confirmation
1835,27.47,1911.14,106.58,540.2,671.7,646.39,649.81,9.9,0,0,0,0,0,1,1,0,0,5.59,-0.09,8777.3,%sOxidizer Fill Confirmation
1836,26.6,1910.93,106.47,540.2,671.7,646.39,649.81,9.9,0,0,0,0,0,1,1,0,0,5.59,-0.09,8777.33,%sOxidizer Fill Confirmation
1837,39.91,1910.93,106.47,540.07,672.07,646.39,649.81,9.9,0,0,0,0,0,1,1,0,0,5.59,-0.09,8777.37,%sOxidizer Fill Confirmation
1838,26.21,1910.93,106.47,540.07,672.07,646.76,649.81,9.9,0,0,0,0,0,1,1,0,0,5.59,-0.09,8777.39,%sOxidizer Fill Confirmation
1839,25.57,1910.93,106.47,540.07,672.07,646.76,650.79,10.47,0,0,0,0,0,1,1,0,0,5.59,-0.09,8777.42,%sOxidizer Fill Confirmation
1840,23.81,1911.27,106.25,540.03,672.07,646.76,650.79,10.47,0,0,0,0,0,1,1,0,0,5.61,-0.09,8777.44,%sOxidizer Fill Confirmation
1841,26.69,1911.27,106.25,540.03,672.49,646.76,650.79,10.47,0,0,0,0,0,1,1,0,0,5.61,-0.09,8777.47,%sOxidizer Fill Confirmation
1842,24.85,1911.27,106.25,540.03,672.49,647.56,651.51,10.47,0,0,0,0,0,1,1,0,0,5.61,-0.09,8777.5,%sOxidizer Fill Confirmation
1843,23.26,1911.27,106.25,540.03,672.49,647.56,651.51,10.54,0,0,0,0,0,1,1,0,0,5.63,-0.08,8777.52,%sOxidizer Fill Confirmation
1844,26.11,1911.41,106.14,539.81,672.49,647.56,651.51,10.54,0,0,0,0,0,1,1,0,0,5.63,-0.08,8777.54,%sOxidizer Fill Confirmation
1845,34.89,1911.41,106.14,539.81,672.84,647.56,651.51,10.54,0,0,0,0,0,1,1,0,0,5.63,-0.08,8777.58,%sOxidizer Fill Confirmation
1846,25.36,1911.41,106.14,539.81,672.84,648.1,652.24,10.54,0,0,0,0,0,1,1,0,0,5.63,-0.08,8777.6,%sOxidizer Fill Confirmation
1847,27.6,1911.41,106.14,539.81,672.84,648.1,652.24,10.91,0,0,0,0,0,1,1,0,0,5.64,-0.07,8777.63,%sOxidizer Fill Confirmation
1848,23.02,1911.56,106.14,539.81,672.84,648.1,652.24,10.91,0,0,0,0,0,1,1,0,0,5.64,-0.07,8777.66,%sOxidizer Fill Confirmation
1849,25.6,1911.56,106.16,539.8,672.84,648.1,652.24,10.91,0,0,0,0,0,1,1,0,0,5.64,-0.07,8777.68,%sOxidizer Fill Confirmation
1850,22.36,1911.56,106.16,539.8,673.49,648.7,652.24,10.91,0,0,0,0,0,1,1,0,0,5.64,-0.07,8777.7,%sOxidizer Fill Confirmation
1851,26.44,1911.56,106.16,539.8,673.49,648.7,652.86,10.99,0,0,0,0,0,1,1,0,0,5.65,-0.06,8777.73,%sOxidizer Fill Confirmation
1852,28.29,1911.56,106.06,539.79,673.49,648.7,652.86,10.99,0,0,0,0,0,1,1,0,0,5.65,-0.06,8777.76,%sOxidizer Fill Confirmation
1853,24.28,1911.56,106.06,539.79,674.12,648.7,652.86,10.99,0,0,0,0,0,1,1,0,0,5.65,-0.06,8777.78,%sOxidizer Fill Confirmation
1854,23.79,1911.56,106.06,539.79,674.12,649.29,653.4,11.02,0,0,0,0,0,1,1,0,0,5.65,-0.06,8777.81,%sOxidizer Fill Confirmation
1855,24.67,1911.56,106.06,539.79,674.12,649.29,653.4,11.02,0,0,0,0,0,1,1,0,0,5.67,-0.06,8777.83,%sOxidizer Fill Confirmation
1856,27.21,1912.23,106.28,539.81,674.12,649.29,653.4,11.02,0,0,0,0,0,1,1,0,0,5.67,-0.06,8777.86,%sOxidizer Fill Confirmation
1857,27.75,1912.23,106.28,539.81,674.7,649.8,653.4,11.02,0,0,0,0,0,1,1,0,0,5.67,-0.06,8777.89,%sOxidizer Fill Confirmation
1858,22.21,1912.23,106.28,539.81,674.7,649.8,653.82,10.77,0,0,0,0,0,1,1,0,0,5.67,-0.05,8777.91,%sOxidizer Fill Confirmation
1859,29.18,1912.94,106.28,539.81,674.7,649.8,653.82,10.77,0,0,0,0,0,1,1,0,0,5.69,-0.05,8777.94,%sOxidizer Fill Confirmation
1860,24.91,1912.94,106.09,539.54,674.7,649.8,653.82,10.77,0,0,0,0,0,1,1,0,0,5.69,-0.05,8777.96,%sOxidizer Fill Confirmation
1861,26.03,1912.94,106.09,539.54,674.92,649.8,653.82,10.77,0,0,0,0,0,1,1,0,0,5.69,-0.05,8777.99,%sOxidizer Fill Confirmation
1862,26.36,1912.94,106.09,539.54,674.92,649.98,654.47,10.78,0,0,0,0,0,1,1,0,0,5.7,-0.07,8778.01,%sOxidizer Fill Confirmation
1863,23.78,1912.98,106.09,539.54,674.92,649.98,654.47,10.78,0,0,0,0,0,1,1,0,0,5.7,-0.07,8778.04,%sOxidizer Fill Confirmation
1864,21.33,1912.98,106.15,539.58,674.92,649.98,654.47,10.78,0,0,0,0,0,1,1,0,0,5.7,-0.07,8778.06,%sOxidizer Fill Confirmation
1865,24.18,1912.98,106.15,539.58,675.55,649.98,654.47,10.78,0,0,0,0,0,1,1,0,0,5.7,-0.07,8778.08,%sOxidizer Fill Confirmation
1866,24.43,1912.98,106.15,539.58,675.55,651.22,655.22,10.92,0,0,0,0,0,1,1,0,0,5.7,-0.07,8778.11,%sOxidizer Fill Confirmation
1867,25.08,1913.53,106.25,539.58,675.55,651.22,655.22,10.92,0,0,0,0,0,1,1,0,0,5.7,-0.08,8778.13,%sOxidizer Fill Confirmation
1868,29.69,1913.53,106.25,539.69,676.1,651.22,655.22,10.92,0,0,0,0,0,1,1,0,0,5.7,-0.08,8778.16,%sOxidizer Fill Confirmation
1869,24.12,1913.53,106.25,539.69,676.1,651.59,655.34,10.92,0,0,0,0,0,1,1,0,0,5.7,-0.08,8778.19,%sOxidizer Fill Confirmation
1870,24.3,1913.53,106.25,539.69,676.1,651.59,655.34,10.57,0,0,0,0,0,1,1,0,0,5.7,-0.08,8778.21,%sOxidizer Fill Confirmation
1871,28.78,1913.47,106.25,539.69,676.1,651.59,655.34,10.57,0,0,0,0,0,1,1,0,0,5.71,-0.09,8778.24,%sOxidizer Fill Confirmation
1872,28.76,1913.47,106.25,539.86,676.1,651.59,655.34,10.57,0,0,0,0,0,1,1,0,0,5.71,-0.09,8778.27,%sOxidizer Fill Confirmation
1873,25.22,1913.47,106.25,539.86,676.72,651.77,655.58,10.19,0,0,0,0,0,1,1,0,0,5.71,-0.11,8778.29,%sOxidizer Fill Confirmation
1874,27.61,1913.47,106.25,539.86,676.72,651.77,655.58,10.19,0,0,0,0,0,1,1,0,0,5.72,-0.11,8778.32,%sOxidizer Fill Confirmation
1875,22,1913.56,106.43,540.22,676.72,651.77,655.58,10.19,0,0,0,0,0,1,1,0,0,5.72,-0.11,8778.34,%sOxidizer Fill Confirmation
1876,23.16,1913.56,106.43,540.22,677.64,651.77,655.58,10.19,0,0,0,0,0,1,1,0,0,5.72,-0.11,8778.37,%sOxidizer Fill Confirmation
1877,23.71,1913.56,106.43,540.22,677.64,653.04,655.65,10.19,0,0,0,0,0,1,1,0,0,5.72,-0.11,8778.39,%sOxidizer Fill Confirmation
1878,23.75,1913.56,106.43,540.22,677.64,653.04,655.65,9.67,0,0,0,0,0,1,1,0,0,5.72,-0.11,8778.41,%sOxidizer Fill Confirmation
1879,24.81,1913.31,106.39,540.17,677.64,653.04,655.65,9.67,0,0,0,0,0,1,1,0,0,5.73,-0.11,8778.44,%sOxidizer Fill Confirmation
1880,27.12,1913.31,106.39,540.17,678.26,653.53,656,9.67,0,0,0,0,0,1,1,0,0,5.73,-0.11,8778.47,%sOxidizer Fill Confirmation
1881,23.74,1913.31,106.39,540.17,678.26,653.53,656,9.52,0,0,0,0,0,1,1,0,0,5.73,-0.11,8778.49,%sOxidizer Fill Confirmation
1882,30.31,1912.58,106.21,540.17,678.26,653.53,656,9.52,0,0,0,0,0,1,1,0,0,5.74,-0.11,8778.52,%sOxidizer Fill Confirmation
1883,27.55,1912.58,106.21,540.39,678.26,653.53,656,9.52,0,0,0,0,0,1,1,0,0,5.74,-0.11,8778.55,%sOxidizer Fill Confirmation
1884,26.23,1912.58,106.21,540.39,678.89,654.55,656.66,9.52,0,0,0,0,0,1,1,0,0,5.74,-0.11,8778.57,%sOxidizer Fill Confirmation
1885,25.47,1912.58,106.21,540.39,678.89,654.55,656.66,9.21,0,0,0,0,0,1,1,0,0,5.75,-0.13,8778.6,%sOxidizer Fill Confirmation
1886,32.81,1912.35,106.21,540.39,678.89,654.55,656.66,9.21,0,0,0,0,0,1,1,0,0,5.75,-0.13,8778.63,%sOxidizer Fill Confirmation
1887,23.76,1912.35,106.39,540.39,678.89,654.55,656.66,9.21,0,0,0,0,0,1,1,0,0,5.75,-0.13,8778.66,%sOxidizer Fill Confirmation
1888,22.37,1912.35,106.39,540.68,679.55,654.55,656.66,9.21,0,0,0,0,0,1,1,0,0,5.75,-0.13,8778.68,%sOxidizer Fill Confirmation
1889,25.11,1912.35,106.39,540.68,679.55,655.46,657.33,9.17,0,0,0,0,0,1,1,0,0,5.75,-0.13,8778.7,%sOxidizer Fill Confirmation
1890,33.26,1912.35,106.39,540.68,679.55,655.46,657.33,9.17,0,0,0,0,0,1,1,0,0,5.76,-0.15,8778.74,%sOxidizer Fill Confirmation
1891,25.71,1912.37,106.55,540.68,679.55,655.46,657.33,9.17,0,0,0,0,0,1,1,0,0,5.76,-0.15,8778.76,%sOxidizer Fill Confirmation
1892,50.38,1912.37,106.55,540.9,680.21,655.46,657.33,9.17,0,0,0,0,0,1,1,0,0,5.76,-0.15,8778.81,%sOxidizer Fill Confirmation
1893,30.79,1912.37,106.55,540.9,680.21,655.46,657.33,9.17,0,0,0,0,0,1,1,0,0,5.76,-0.15,8778.84,%sOxidizer Fill Confirmation
1894,27.67,1912.37,106.55,540.9,680.21,656.43,657.58,9.17,0,0,0,0,0,1,1,0,0,5.76,-0.15,8778.87,%sOxidizer Fill Confirmation
1895,31.73,1912.37,106.55,540.9,680.21,656.43,657.58,8.83,0,0,0,0,0,1,1,0,0,5.76,-0.15,8778.9,%sOxidizer Fill Confirmation
1896,29.16,1912.37,106.55,540.9,680.21,656.43,657.58,8.83,0,0,0,0,0,1,1,0,0,5.76,-0.16,8778.93,%sOxidizer Fill Confirmation
1897,25.65,1911.88,106.35,540.9,680.21,656.43,657.58,8.83,0,0,0,0,0,1,1,0,0,5.76,-0.16,8778.96,%sOxidizer Fill Confirmation
1898,50.37,1911.88,106.35,541.05,680.21,656.43,657.58,8.83,0,0,0,0,0,1,1,0,0,5.76,-0.16,8779.01,%sOxidizer Fill Confirmation
1899,30.87,1911.88,106.35,541.05,680.93,657.65,657.58,8.83,0,0,0,0,0,1,1,0,0,5.76,-0.16,8779.04,%sOxidizer Fill Confirmation
1900,29.07,1911.88,106.35,541.05,680.93,657.65,657.58,8.83,0,0,0,0,0,1,1,0,0,5.76,-0.16,8779.07,%sOxidizer Fill Confirmation
1901,32.32,1911.88,106.35,541.05,680.93,657.65,658.23,8.45,0,0,0,0,0,1,1,0,0,5.76,-0.16,8779.1,%sOxidizer Fill Confirmation
1902,31.7,1911.88,106.35,541.05,680.93,657.65,658.23,8.45,0,0,0,0,0,1,1,0,0,5.76,-0.18,8779.13,%sOxidizer Fill Confirmation
1903,29.43,1911.3,106.35,541.05,680.93,657.65,658.23,8.45,0,0,0,0,0,1,1,0,0,5.76,-0.18,8779.16,%sOxidizer Fill Confirmation
1904,41.29,1911.3,106.27,541.05,680.93,657.65,658.23,8.45,0,0,0,0,0,1,1,0,0,5.76,-0.18,8779.2,%sOxidizer Fill Confirmation
1905,36.67,1911.3,106.27,541.05,681.63,658.88,658.23,8.45,0,0,0,0,0,1,1,0,0,5.76,-0.18,8779.24,%sOxidizer Fill Confirmation
1906,27.22,1911.3,106.27,541.05,681.63,658.88,659.04,8.45,0,0,0,0,0,1,1,0,0,5.76,-0.18,8779.27,%sOxidizer Fill Confirmation
1907,38.16,1911.3,106.27,541.05,681.63,658.88,659.04,8.45,0,0,0,0,0,1,1,0,0,5.76,-0.18,8779.31,%sOxidizer Fill Confirmation
1908,39.6,1911.3,106.27,541.05,681.63,658.88,659.04,8.45,0,0,0,0,0,1,1,0,0,5.78,-0.17,8779.34,%sOxidizer Fill Confirmation
1909,36.28,1911.65,106.24,541.05,681.63,658.88,659.04,8.45,0,0,0,0,0,1,1,0,0,5.78,-0.17,8779.38,%sOxidizer Fill Confirmation
1910,36.36,1911.65,106.24,541.05,681.63,658.88,659.04,8.45,0,0,0,0,0,1,1,0,0,5.78,-0.17,8779.42,%sOxidizer Fill Confirmation
1911,30.73,1911.65,106.24,541.03,682.07,658.88,659.04,8.45,0,0,0,0,0,1,1,0,0,5.78,-0.17,8779.45,%sOxidizer Fill Confirmation
1912,36.89,1911.65,106.24,541.03,682.07,658.6,658.64,8.45,0,0,0,0,0,1,1,0,0,5.78,-0.17,8779.48,%sOxidizer Fill Confirmation
1913,31.27,1911.65,106.24,541.03,682.07,658.6,658.64,7.88,0,0,0,0,0,1,1,0,0,5.78,-0.17,8779.52,%sOxidizer Fill Confirmation
1914,23.49,1911.65,106.24,541.03,682.07,658.6,658.64,7.88,0,0,0,0,0,1,1,0,0,5.78,-0.17,8779.54,%sOxidizer Fill Confirmation
1915,31.4,1911.32,106.24,541.03,682.07,658.6,658.64,7.88,0,0,0,0,0,1,1,0,0,5.79,-0.17,8779.57,%sOxidizer Fill Confirmation
1916,25.19,1911.32,106.24,541.03,682.07,658.6,658.64,7.88,0,0,0,0,0,1,1,0,0,5.79,-0.17,8779.6,%sOxidizer Fill Confirmation
1917,26.37,1911.32,106.36,541,682.63,658.6,658.64,7.88,0,0,0,0,0,1,1,0,0,5.79,-0.17,8779.62,%sOxidizer Fill Confirmation
1918,38.41,1911.32,106.36,541,682.63,658.6,658.64,7.88,0,0,0,0,0,1,1,0,0,5.79,-0.17,8779.66,%sOxidizer Fill Confirmation
1919,26.93,1911.32,106.36,541,682.63,659.29,659.43,7.88,0,0,0,0,0,1,1,0,0,5.79,-0.17,8779.69,%sOxidizer Fill Confirmation
1920,30.26,1911.32,106.36,541,682.63,659.29,659.43,8,0,0,0,0,0,1,1,0,0,5.79,-0.17,8779.72,%sOxidizer Fill Confirmation
1921,28.56,1911.32,106.36,541,682.63,659.29,659.43,8,0,0,0,0,0,1,1,0,0,5.82,-0.15,8779.75,%sOxidizer Fill Confirmation
1922,28.31,1911.88,106.36,541,682.63,659.29,659.43,8,0,0,0,0,0,1,1,0,0,5.82,-0.15,8779.78,%sOxidizer Fill Confirmation
1923,30.66,1911.88,106.24,540.85,682.63,659.29,659.43,8,0,0,0,0,0,1,1,0,0,5.82,-0.15,8779.81,%sOxidizer Fill Confirmation
1924,32.24,1911.88,106.24,540.85,683.05,659.95,659.43,8,0,0,0,0,0,1,1,0,0,5.82,-0.15,8779.84,%sOxidizer Fill Confirmation
1925,22.1,1911.88,106.24,540.85,683.05,659.95,660.14,8,0,0,0,0,0,1,1,0,0,5.82,-0.15,8779.86,%sOxidizer Fill Confirmation
1926,24.03,1911.88,106.24,540.85,683.05,659.95,660.14,8.52,0,0,0,0,0,1,1,0,0,5.82,-0.14,8779.88,%sOxidizer Fill Confirmation
1927,30.85,1911.88,106.24,540.85,683.05,659.95,660.14,8.52,0,0,0,0,0,1,1,0,0,5.84,-0.14,8779.92,%sOxidizer Fill Confirmation
1928,28.71,1912.35,106.22,540.85,683.05,659.95,660.14,8.52,0,0,0,0,0,1,1,0,0,5.84,-0.14,8779.94,%sOxidizer Fill Confirmation
1929,25.73,1912.35,106.22,540.52,683.4,659.88,660.14,8.52,0,0,0,0,0,1,1,0,0,5.84,-0.14,8779.97,%sOxidizer Fill Confirmation
1930,34.08,1912.35,106.22,540.52,683.4,659.88,660.9,8.52,0,0,0,0,0,1,1,0,0,5.84,-0.14,8780,%sOxidizer Fill Confirmation
1931,29.77,1912.35,106.22,540.52,683.4,659.88,660.9,8.75,0,0,0,0,0,1,1,0,0,5.84,-0.12,8780.03,%sOxidizer Fill Confirmation
1932,24.92,1912.45,106.22,540.52,683.4,659.88,660.9,8.75,0,0,0,0,0,1,1,0,0,5.86,-0.12,8780.06,%sOxidizer Fill Confirmation
1933,28.31,1912.45,106.17,540.39,683.4,659.88,660.9,8.75,0,0,0,0,0,1,1,0,0,5.86,-0.12,8780.09,%sOxidizer Fill Confirmation
1934,26.06,1912.45,106.17,540.39,684.01,660.83,660.9,8.75,0,0,0,0,0,1,1,0,0,5.86,-0.12,8780.11,%sOxidizer Fill Confirmation
1935,25.61,1912.45,106.17,540.39,684.01,660.83,661.83,9.53,0,0,0,0,0,1,1,0,0,5.86,-0.12,8780.14,%sOxidizer Fill Confirmation
1936,28.1,1912.45,106.17,540.39,684.01,660.83,661.83,9.53,0,0,0,0,0,1,1,0,0,5.87,-0.12,8780.17,%sOxidizer Fill Confirmation
1937,27.63,1912.82,106.45,540.44,684.01,660.83,661.83,9.53,0,0,0,0,0,1,1,0,0,5.87,-0.12,8780.19,%sOxidizer Fill Confirmation
1938,31.26,1912.82,106.45,540.44,684.85,660.83,661.83,9.53,0,0,0,0,0,1,1,0,0,5.87,-0.12,8780.23,%sOxidizer Fill Confirmation
1939,24.54,1912.82,106.45,540.44,684.85,661.2,662.5,9.53,0,0,0,0,0,1,1,0,0,5.87,-0.12,8780.25,%sOxidizer Fill Confirmation
1940,27.17,1912.82,106.45,540.44,684.85,661.2,662.5,9.47,0,0,0,0,0,1,1,0,0,5.87,-0.12,8780.28,%sOxidizer Fill Confirmation
1941,31.6,1912.82,106.45,540.44,684.85,661.2,662.5,9.47,0,0,0,0,0,1,1,0,0,5.89,-0.12,8780.31,%sOxidizer Fill Confirmation
1942,28.08,1912.95,106.24,540.14,684.85,661.2,662.5,9.47,0,0,0,0,0,1,1,0,0,5.89,-0.12,8780.34,%sOxidizer Fill Confirmation
1943,30.55,1912.95,106.24,540.14,685.39,661.2,662.5,9.47,0,0,0,0,0,1,1,0,0,5.89,-0.12,8780.37,%sOxidizer Fill Confirmation
1944,23.69,1912.95,106.24,540.14,685.39,661.51,663.15,9.49,0,0,0,0,0,1,1,0,0,5.89,-0.11,8780.39,%sOxidizer Fill Confirmation
1945,24.79,1912.9,106.24,540.14,685.39,661.51,663.15,9.49,0,0,0,0,0,1,1,0,0,5.91,-0.11,8780.42,%sOxidizer Fill Confirmation
1946,31.54,1912.9,106.08,540.14,685.39,661.51,663.15,9.49,0,0,0,0,0,1,1,0,0,5.91,-0.11,8780.45,%sOxidizer Fill Confirmation
1947,27.44,1912.9,106.08,539.92,685.84,661.51,663.15,9.49,0,0,0,0,0,1,1,0,0,5.91,-0.11,8780.47,%sOxidizer Fill Confirmation
1948,28.71,1912.9,106.08,539.92,685.84,662.34,664.65,9.49,0,0,0,0,0,1,1,0,0,5.91,-0.11,8780.5,%sOxidizer Fill Confirmation
1949,23.73,1912.9,106.08,539.92,685.84,662.34,664.65,10.16,0,0,0,0,0,1,1,0,0,5.91,-0.11,8780.53,%sOxidizer Fill Confirmation
1950,23.63,1912.9,106.08,539.92,685.84,662.34,664.65,10.16,0,0,0,0,0,1,1,0,0,5.95,-0.09,8780.55,%sOxidizer Fill Confirmation
1951,31.66,1913.05,106.13,539.76,685.84,662.34,664.65,10.16,0,0,0,0,0,1,1,0,0,5.95,-0.09,8780.58,%sOxidizer Fill Confirmation
1952,27.33,1913.05,106.13,539.76,685.84,662.34,664.65,10.16,0,0,0,0,0,1,1,0,0,5.95,-0.09,8780.61,%sOxidizer Fill Confirmation
1953,25.99,1913.05,106.13,539.76,686.34,662.87,665.38,10.16,0,0,0,0,0,1,1,0,0,5.95,-0.09,8780.64,%sOxidizer Fill Confirmation
1954,28.67,1913.05,106.13,539.76,686.34,662.87,665.38,10.49,0,0,0,0,0,1,1,0,0,5.96,-0.08,8780.66,%sOxidizer Fill Confirmation
1955,22.85,1913.1,106.13,539.76,686.34,662.87,665.38,10.49,0,0,0,0,0,1,1,0,0,5.96,-0.08,8780.69,%sOxidizer Fill Confirmation
1956,27.27,1913.1,106.05,539.75,686.93,662.87,665.38,10.49,0,0,0,0,0,1,1,0,0,5.96,-0.08,8780.71,%sOxidizer Fill Confirmation
1957,24.59,1913.1,106.05,539.75,686.93,663.6,665.38,10.49,0,0,0,0,0,1,1,0,0,5.96,-0.08,8780.74,%sOxidizer Fill Confirmation
1958,32.58,1913.1,106.05,539.75,686.93,663.6,666.75,10.49,0,0,0,0,0,1,1,0,0,5.96,-0.08,8780.77,%sOxidizer Fill Confirmation
1959,26.68,1912.8,106.05,539.75,686.93,663.6,666.75,10.79,0,0,0,0,0,1,1,0,0,5.98,-0.09,8780.8,%sOxidizer Fill Confirmation
1960,29.71,1912.8,106.07,539.89,686.93,663.6,666.75,10.79,0,0,0,0,0,1,1,0,0,5.98,-0.09,8780.83,%sOxidizer Fill Confirmation
1961,26.39,1912.8,106.07,539.89,686.93,663.6,666.75,10.79,0,0,0,0,0,1,1,0,0,5.98,-0.09,8780.85,%sOxidizer Fill Confirmation
1962,24.67,1912.8,106.07,539.89,687.93,665.05,668.43,10.79,0,0,0,0,0,1,1,0,0,5.98,-0.09,8780.88,%sOxidizer Fill Confirmation
1963,31.55,1912.8,106.07,539.89,687.93,665.05,668.43,10.66,0,0,0,0,0,1,1,0,0,5.98,-0.09,8780.91,%sOxidizer Fill Confirmation
1964,24.11,1912.8,106.07,539.89,687.93,665.05,668.43,10.66,0,0,0,0,0,1,1,0,0,6,-0.09,8780.93,%sOxidizer Fill Confirmation
1965,23.46,1912.8,106.07,540.06,687.93,665.05,668.43,10.66,0,0,0,0,0,1,1,0,0,6,-0.09,8780.96,%sOxidizer Fill Confirmation
1966,29.78,1912.8,106.07,540.06,688.67,666.23,668.43,10.66,0,0,0,0,0,1,1,0,0,6,-0.09,8780.99,%sOxidizer Fill Confirmation
1967,28.78,1912.8,106.07,540.06,688.67,666.23,669.11,10.66,0,0,0,0,0,1,1,0,0,6,-0.09,8781.02,%sOxidizer Fill Confirmation
1968,25.19,1912.8,106.07,540.06,688.67,666.23,669.11,10.55,0,0,0,0,0,1,1,0,0,6.01,-0.11,8781.04,%sOxidizer Fill Confirmation
1969,29.58,1912.6,106.2,540.06,688.67,666.23,669.11,10.55,0,0,0,0,0,1,1,0,0,6.01,-0.11,8781.07,%sOxidizer Fill Confirmation
1970,28.58,1912.6,106.2,540.04,688.67,666.23,669.11,10.55,0,0,0,0,0,1,1,0,0,6.01,-0.11,8781.1,%sOxidizer Fill Confirmation
1971,27.08,1912.6,106.2,540.04,689.24,666.92,669.11,10.55,0,0,0,0,0,1,1,0,0,6.01,-0.11,8781.13,%sOxidizer Fill Confirmation
1972,25.31,1912.6,106.2,540.04,689.24,666.92,669.78,10.55,0,0,0,0,0,1,1,0,0,6.01,-0.11,8781.15,%sOxidizer Fill Confirmation
1973,24.09,1912.6,106.2,540.04,689.24,666.92,669.78,10.03,0,0,0,0,0,1,1,0,0,6.01,-0.11,8781.18,%sOxidizer Fill Confirmation
1974,24.33,1912.11,106.14,540.3,689.24,666.92,669.78,10.03,0,0,0,0,0,1,1,0,0,6.01,-0.12,8781.2,%sOxidizer Fill Confirmation
1975,25.65,1912.11,106.14,540.3,690.07,666.92,669.78,10.03,0,0,0,0,0,1,1,0,0,6.01,-0.12,8781.23,%sOxidizer Fill Confirmation
1976,28.37,1912.11,106.14,540.3,690.07,668.41,669.78,10.03,0,0,0,0,0,1,1,0,0,6.01,-0.12,8781.25,%sOxidizer Fill Confirmation
1977,24.14,1912.11,106.14,540.3,690.07,668.41,670.76,9.81,0,0,0,0,0,1,1,0,0,6.02,-0.13,8781.28,%sOxidizer Fill Confirmation
1978,30.22,1911.75,106.14,540.3,690.07,668.41,670.76,9.81,0,0,0,0,0,1,1,0,0,6.02,-0.13,8781.31,%sOxidizer Fill Confirmation
1979,23.6,1911.75,106.28,540.3,690.07,668.41,670.76,9.81,0,0,0,0,0,1,1,0,0,6.02,-0.13,8781.33,%sOxidizer Fill Confirmation
1980,23.08,1911.75,106.28,540.43,690.07,668.41,670.76,9.81,0,0,0,0,0,1,1,0,0,6.02,-0.13,8781.36,%sOxidizer Fill Confirmation
1981,23.18,1911.75,106.28,540.43,690.69,669.13,671.48,9.07,0,0,0,0,0,1,1,0,0,6.02,-0.13,8781.38,%sOxidizer Fill Confirmation
1982,27.05,1911.75,106.28,540.43,690.69,669.13,671.48,9.07,0,0,0,0,0,1,1,0,0,6.05,-0.12,8781.41,%sOxidizer Fill Confirmation
1983,25.25,1911.84,106.28,540.43,690.69,669.13,671.48,9.07,0,0,0,0,0,1,1,0,0,6.05,-0.12,8781.43,%sOxidizer Fill Confirmation
1984,29.59,1911.84,106.08,540.17,691.09,669.13,671.48,9.07,0,0,0,0,0,1,1,0,0,6.05,-0.12,8781.46,%sOxidizer Fill Confirmation
1985,27.63,1911.84,106.08,540.17,691.09,669.71,672.53,9.07,0,0,0,0,0,1,1,0,0,6.05,-0.12,8781.49,%sOxidizer Fill Confirmation
1986,27.89,1911.84,106.08,540.17,691.09,669.71,672.53,9.39,0,0,0,0,0,1,1,0,0,6.05,-0.12,8781.52,%sOxidizer Fill Confirmation
1987,27.29,1911.69,106.08,540.17,691.09,669.71,672.53,9.39,0,0,0,0,0,1,1,0,0,6.06,-0.12,8781.54,%sOxidizer Fill Confirmation
1988,29.59,1911.69,106.03,540.3,691.09,669.71,672.53,9.39,0,0,0,0,0,1,1,0,0,6.06,-0.12,8781.57,%sOxidizer Fill Confirmation
1989,28.67,1911.69,106.03,540.3,691.84,670.94,673.78,9.39,0,0,0,0,0,1,1,0,0,6.06,-0.12,8781.6,%sOxidizer Fill Confirmation
1990,25.8,1911.69,106.03,540.3,691.84,670.94,673.78,9.85,0,0,0,0,0,1,1,0,0,6.06,-0.12,8781.63,%sOxidizer Fill Confirmation
1991,27.06,1911.81,106.03,540.3,691.84,670.94,673.78,9.85,0,0,0,0,0,1,1,0,0,6.07,-0.12,8781.66,%sOxidizer Fill Confirmation
1992,23.33,1911.81,106.03,540.3,691.84,670.94,673.78,9.85,0,0,0,0,0,1,1,0,0,6.07,-0.12,8781.68,%sOxidizer Fill Confirmation
1993,27.98,1911.81,106.03,540.32,692.46,671.44,674.37,9.85,0,0,0,0,0,1,1,0,0,6.07,-0.12,8781.71,%sOxidizer Fill Confirmation
1994,26.1,1911.81,106.03,540.32,692.46,671.44,674.37,9.76,0,0,0,0,0,1,1,0,0,6.07,-0.12,8781.73,%sOxidizer Fill Confirmation
1995,28.84,1911.52,106.03,540.32,692.46,671.44,674.37,9.76,0,0,0,0,0,1,1,0,0,6.08,-0.14,8781.76,%sOxidizer Fill Confirmation
1996,26.92,1911.52,105.91,540.33,692.46,671.44,674.37,9.76,0,0,0,0,0,1,1,0,0,6.08,-0.14,8781.79,%sOxidizer Fill Confirmation
1997,29.08,1911.52,105.91,540.33,693.06,671.44,674.37,9.76,0,0,0,0,0,1,1,0,0,6.08,-0.14,8781.82,%sOxidizer Fill Confirmation
1998,22.59,1911.52,105.91,540.33,693.06,672.38,675.52,10.27,0,0,0,0,0,1,1,0,0,6.09,-0.13,8781.84,%sOxidizer Fill Confirmation
1999,28.52,1911.44,105.91,540.33,693.06,672.38,675.52,10.27,0,0,0,0,0,1,1,0,0,6.09,-0.13,8781.87,%sOxidizer Fill Confirmation
2000,27.94,1911.44,105.85,540.32,693.06,672.38,675.52,10.27,0,0,0,0,0,1,1,0,0,6.09,-0.13,8781.9,%sOxidizer Fill Confirmation
2001,27.45,1911.44,105.85,540.32,693.54,672.9,676.02,10.27,0,0,0,0,0,1,1,0,0,6.09,-0.13,8781.92,%sOxidizer Fill Confirmation
2002,27.84,1911.44,105.85,540.32,693.54,672.9,676.02,10.69,0,0,0,0,0,1,1,0,0,6.11,-0.12,8781.95,%sOxidizer Fill Confirmation
2003,26.72,1911.6,105.85,540.32,693.54,672.9,676.02,10.69,0,0,0,0,0,1,1,0,0,6.11,-0.12,8781.98,%sOxidizer Fill Confirmation
2004,24.19,1911.6,105.78,540.24,693.54,672.9,676.02,10.69,0,0,0,0,0,1,1,0,0,6.11,-0.12,8782,%sOxidizer Fill Confirmation
2005,22.11,1911.6,105.78,540.24,693.92,673.26,676.35,10.98,0,0,0,0,0,1,1,0,0,6.11,-0.12,8782.02,%sOxidizer Fill Confirmation
2006,29.78,1911.6,105.78,540.24,693.92,673.26,676.35,10.98,0,0,0,0,0,1,1,0,0,6.12,-0.12,8782.05,%sOxidizer Fill Confirmation
2007,24.74,1911.53,105.78,540.24,693.92,673.26,676.35,10.98,0,0,0,0,0,1,1,0,0,6.12,-0.12,8782.08,%sOxidizer Fill Confirmation
2008,24.3,1911.53,105.6,540.2,694.49,673.26,676.35,10.98,0,0,0,0,0,1,1,0,0,6.12,-0.12,8782.1,%sOxidizer Fill Confirmation
2009,22.58,1911.53,105.6,540.2,694.49,673.24,676.85,10.98,0,0,0,0,0,1,1,0,0,6.12,-0.12,8782.13,%sOxidizer Fill Confirmation
2010,25.65,1911.53,105.6,540.2,694.49,673.24,676.85,10.91,0,0,0,0,0,1,1,0,0,6.13,-0.13,8782.15,%sOxidizer Fill Confirmation
2011,26.18,1911.61,105.64,540.2,694.49,673.24,676.85,10.91,0,0,0,0,0,1,1,0,0,6.13,-0.13,8782.18,%sOxidizer Fill Confirmation
2012,27.54,1911.61,105.64,540.33,694.49,673.24,676.85,10.91,0,0,0,0,0,1,1,0,0,6.13,-0.13,8782.21,%sOxidizer Fill Confirmation
2013,21.92,1911.61,105.64,540.33,695,673.75,677.37,10.84,0,0,0,0,0,1,1,0,0,6.13,-0.13,8782.23,%sOxidizer Fill Confirmation
2014,25.73,1911.61,105.64,540.33,695,673.75,677.37,10.84,0,0,0,0,0,1,1,0,0,6.15,-0.13,8782.25,%sOxidizer Fill Confirmation
2015,25.11,1911.71,105.64,540.33,695,673.75,677.37,10.84,0,0,0,0,0,1,1,0,0,6.15,-0.13,8782.28,%sOxidizer Fill Confirmation
2016,24.85,1911.71,105.67,540.26,695.3,673.75,677.37,10.84,0,0,0,0,0,1,1,0,0,6.15,-0.13,8782.3,%sOxidizer Fill Confirmation
2017,25.38,1911.71,105.67,540.26,695.3,673.87,677.47,10.75,0,0,0,0,0,1,1,0,0,6.15,-0.13,8782.33,%sOxidizer Fill Confirmation
2018,33.76,1911.65,105.67,540.26,695.3,673.87,677.47,10.75,0,0,0,0,0,1,1,0,0,6.15,-0.13,8782.36,%sOxidizer Fill Confirmation
2019,25.93,1911.65,105.51,540.39,695.3,673.87,677.47,10.75,0,0,0,0,0,1,1,0,0,6.15,-0.13,8782.39,%sOxidizer Fill Confirmation
2020,23.11,1911.65,105.51,540.39,695.83,674.15,677.88,10.75,0,0,0,0,0,1,1,0,0,6.15,-0.13,8782.41,%sOxidizer Fill Confirmation
2021,25.08,1911.65,105.51,540.39,695.83,674.15,677.88,10.76,0,0,0,0,0,1,1,0,0,6.16,-0.13,8782.44,%sOxidizer Fill Confirmation
2022,24.68,1912.11,105.51,540.39,695.83,674.15,677.88,10.76,0,0,0,0,0,1,1,0,0,6.16,-0.13,8782.46,%sOxidizer Fill Confirmation
2023,30.61,1912.11,105.74,540.37,695.83,674.15,677.88,10.76,0,0,0,0,0,1,1,0,0,6.16,-0.13,8782.49,%sOxidizer Fill Confirmation
2024,26.44,1912.11,105.74,540.37,696.16,674.55,677.97,10.76,0,0,0,0,0,1,1,0,0,6.16,-0.13,8782.52,%sOxidizer Fill Confirmation
2025,22.16,1912.11,105.74,540.37,696.16,674.55,677.97,10.55,0,0,0,0,0,1,1,0,0,6.16,-0.12,8782.54,%sOxidizer Fill Confirmation
2026,25.25,1912.11,105.74,540.37,696.16,674.55,677.97,10.55,0,0,0,0,0,1,1,0,0,6.18,-0.12,8782.57,%sOxidizer Fill Confirmation
2027,26.82,1912.42,105.71,540.26,696.36,674.55,677.97,10.55,0,0,0,0,0,1,1,0,0,6.18,-0.12,8782.59,%sOxidizer Fill Confirmation
2028,48,1912.42,105.71,540.26,696.36,674.55,677.97,10.55,0,0,0,0,0,1,1,0,0,6.18,-0.12,8782.64,%sOxidizer Fill Confirmation
2029,25.06,1912.42,105.71,540.26,696.36,674.51,677.94,10.55,0,0,0,0,0,1,1,0,0,6.18,-0.12,8782.67,%sOxidizer Fill Confirmation
2030,22.69,1912.42,105.71,540.26,696.36,674.51,677.94,10.48,0,0,0,0,0,1,1,0,0,6.19,-0.13,8782.69,%sOxidizer Fill Confirmation
2031,27.28,1912.76,105.71,540.26,696.36,674.51,677.94,10.48,0,0,0,0,0,1,1,0,0,6.19,-0.13,8782.72,%sOxidizer Fill Confirmation
2032,22.66,1912.76,105.88,540.37,696.36,674.51,677.94,10.48,0,0,0,0,0,1,1,0,0,6.19,-0.13,8782.74,%sOxidizer Fill Confirmation
2033,25.26,1912.76,105.88,540.37,696.76,674.56,677.94,10.48,0,0,0,0,0,1,1,0,0,6.19,-0.13,8782.76,%sOxidizer Fill Confirmation
2034,24.13,1912.76,105.88,540.37,696.76,674.56,677.85,10.48,0,0,0,0,0,1,1,0,0,6.19,-0.13,8782.79,%sOxidizer Fill Confirmation
2035,25.67,1912.76,105.88,540.37,696.76,674.56,677.85,9.93,0,0,0,0,0,1,1,0,0,6.21,-0.13,8782.81,%sOxidizer Fill Confirmation
2036,31.35,1913.56,105.88,540.37,696.76,674.56,677.85,9.93,0,0,0,0,0,1,1,0,0,6.21,-0.13,8782.84,%sOxidizer Fill Confirmation
2037,26.62,1913.56,106.15,540.45,696.76,674.56,677.85,9.93,0,0,0,0,0,1,1,0,0,6.21,-0.13,8782.87,%sOxidizer Fill Confirmation
2038,30.71,1913.56,106.15,540.45,697.12,674.56,677.85,9.93,0,0,0,0,0,1,1,0,0,6.21,-0.13,8782.9,%sOxidizer Fill Confirmation
2039,30.77,1913.56,106.15,540.45,697.12,674.41,677.57,9.93,0,0,0,0,0,1,1,0,0,6.21,-0.13,8782.93,%sOxidizer Fill Confirmation
2040,23.99,1913.56,106.15,540.45,697.12,674.41,677.57,9.26,0,0,0,0,0,1,1,0,0,6.21,-0.14,8782.96,%sOxidizer Fill Confirmation
2041,28.54,1913.56,106.15,540.45,697.12,674.41,677.57,9.26,0,0,0,0,0,1,1,0,0,6.22,-0.14,8782.98,%sOxidizer Fill Confirmation
2042,25.23,1914.09,106.53,540.7,697.12,674.41,677.57,9.26,0,0,0,0,0,1,1,0,0,6.22,-0.14,8783.01,%sOxidizer Fill Confirmation
2043,27.72,1914.09,106.53,540.7,697.65,674.44,677.57,9.26,0,0,0,0,0,1,1,0,0,6.22,-0.14,8783.04,%sOxidizer Fill Confirmation
2044,37.55,1914.09,106.53,540.7,697.65,674.44,677.4,8.67,0,0,0,0,0,1,1,0,0,6.22,-0.14,8783.08,%sOxidizer Fill Confirmation
2045,23.88,1914.09,106.53,540.7,697.65,674.44,677.4,8.67,0,0,0,0,0,1,1,0,0,6.23,-0.15,8783.1,%sOxidizer Fill Confirmation
2046,25.25,1914.69,106.74,540.7,697.65,674.44,677.4,8.67,0,0,0,0,0,1,1,0,0,6.23,-0.15,8783.12,%sOxidizer Fill Confirmation
2047,27.57,1914.69,106.74,540.88,698.11,674.51,677.38,8.67,0,0,0,0,0,1,1,0,0,6.23,-0.15,8783.15,%sOxidizer Fill Confirmation
2048,28.67,1914.69,106.74,540.88,698.11,674.51,677.38,8.26,0,0,0,0,0,1,1,0,0,6.23,-0.15,8783.18,%sOxidizer Fill Confirmation
2049,25.14,1914.69,106.74,540.88,698.11,674.51,677.38,8.26,0,0,0,0,0,1,1,0,0,6.24,-0.15,8783.21,%sOxidizer Fill Confirmation
2050,22.69,1915.36,106.74,540.88,698.11,674.51,677.38,8.26,0,0,0,0,0,1,1,0,0,6.24,-0.15,8783.23,%sOxidizer Fill Confirmation
2051,24.13,1915.36,106.97,540.72,698.35,675.18,677.96,8.26,0,0,0,0,0,1,1,0,0,6.24,-0.15,8783.25,%sOxidizer Fill Confirmation
2052,26.68,1915.36,106.97,540.72,698.35,675.18,677.96,8.26,0,0,0,0,0,1,1,0,0,6.24,-0.15,8783.28,%sOxidizer Fill Confirmation
2053,22.27,1915.36,106.97,540.72,698.35,675.18,677.96,8.26,0,0,0,0,0,1,1,0,0,6.25,-0.15,8783.3,%sOxidizer Fill Confirmation
2054,24.13,1915.08,106.95,540.72,698.35,675.18,677.96,8.26,0,0,0,0,0,1,1,0,0,6.25,-0.15,8783.33,%sOxidizer Fill Confirmation
2055,25.39,1915.08,106.95,540.58,698.8,675.18,677.96,8.26,0,0,0,0,0,1,1,0,0,6.25,-0.15,8783.35,%sOxidizer Fill Confirmation
2056,26,1915.08,106.95,540.58,698.8,675.96,679.24,8.93,0,0,0,0,0,1,1,0,0,6.25,-0.15,8783.38,%sOxidizer Fill Confirmation
2057,29.8,1915.12,106.95,540.58,698.8,675.96,679.24,8.93,0,0,0,0,0,1,1,0,0,6.27,-0.15,8783.41,%sOxidizer Fill Confirmation
2058,24.76,1915.12,106.85,540.58,698.8,675.96,679.24,8.93,0,0,0,0,0,1,1,0,0,6.27,-0.15,8783.43,%sOxidizer Fill Confirmation
2059,26.23,1915.12,106.85,540.48,699.27,676.62,680.16,8.93,0,0,0,0,0,1,1,0,0,6.27,-0.15,8783.46,%sOxidizer Fill Confirmation
2060,25.33,1915.12,106.85,540.48,699.27,676.62,680.16,9.35,0,0,0,0,0,1,1,0,0,6.27,-0.13,8783.48,%sOxidizer Fill Confirmation
2061,22.18,1915.14,106.85,540.48,699.27,676.62,680.16,9.35,0,0,0,0,0,1,1,0,0,6.29,-0.13,8783.51,%sOxidizer Fill Confirmation
2062,25.4,1915.14,106.85,540.23,699.27,676.62,680.16,9.35,0,0,0,0,0,1,1,0,0,6.29,-0.13,8783.53,%sOxidizer Fill Confirmation
2063,26.17,1915.14,106.85,540.23,699.62,676.62,680.16,9.35,0,0,0,0,0,1,1,0,0,6.29,-0.13,8783.56,%sOxidizer Fill Confirmation
2064,25.42,1915.14,106.85,540.23,699.62,677.17,681.21,10.08,0,0,0,0,0,1,1,0,0,6.29,-0.12,8783.58,%sOxidizer Fill Confirmation
2065,23.19,1914.3,106.49,540.23,699.62,677.17,681.21,10.08,0,0,0,0,0,1,1,0,0,6.29,-0.12,8783.61,%sOxidizer Fill Confirmation
2066,24.51,1914.3,106.49,540.28,699.62,677.17,681.21,10.08,0,0,0,0,0,1,1,0,0,6.29,-0.12,8783.63,%sOxidizer Fill Confirmation
2067,24.87,1914.3,106.49,540.28,700.08,677.17,681.21,10.08,0,0,0,0,0,1,1,0,0,6.29,-0.12,8783.66,%sOxidizer Fill Confirmation
2068,22.8,1914.3,106.49,540.28,700.08,678.02,681.21,10.08,0,0,0,0,0,1,1,0,0,6.29,-0.12,8783.68,%sOxidizer Fill Confirmation
2069,23.8,1914.3,106.49,540.28,700.08,678.02,681.98,10.32,0,0,0,0,0,1,1,0,0,6.29,-0.13,8783.7,%sOxidizer Fill Confirmation
2070,24.66,1913.99,106.63,540.28,700.08,678.02,681.98,10.32,0,0,0,0,0,1,1,0,0,6.29,-0.13,8783.73,%sOxidizer Fill Confirmation
2071,40.41,1913.99,106.63,540.41,700.69,678.02,681.98,10.32,0,0,0,0,0,1,1,0,0,6.29,-0.13,8783.77,%sOxidizer Fill Confirmation
2072,25.37,1913.99,106.63,540.41,700.69,679.02,682.42,9.77,0,0,0,0,0,1,1,0,0,6.29,-0.13,8783.79,%sOxidizer Fill Confirmation
2073,26.33,1913.99,106.63,540.41,700.69,679.02,682.42,9.77,0,0,0,0,0,1,1,0,0,6.29,-0.13,8783.82,%sOxidizer Fill Confirmation
2074,21.31,1913.82,106.63,540.41,700.69,679.02,682.42,9.77,0,0,0,0,0,1,1,0,0,6.3,-0.13,8783.84,%sOxidizer Fill Confirmation
2075,23.3,1913.82,106.65,540.51,701.28,680,682.42,9.77,0,0,0,0,0,1,1,0,0,6.3,-0.13,8783.86,%sOxidizer Fill Confirmation
2076,30.71,1913.82,106.65,540.51,701.28,680,683.34,9.77,0,0,0,0,0,1,1,0,0,6.3,-0.13,8783.89,%sOxidizer Fill Confirmation
2077,29.57,1913.82,106.65,540.51,701.28,680,683.34,9.74,0,0,0,0,0,1,1,0,0,6.31,-0.14,8783.92,%sOxidizer Fill Confirmation
2078,24.88,1913.11,106.49,540.67,701.28,680,683.34,9.74,0,0,0,0,0,1,1,0,0,6.31,-0.14,8783.95,%sOxidizer Fill Confirmation
2079,27.39,1913.11,106.49,540.67,701.82,680,683.34,9.74,0,0,0,0,0,1,1,0,0,6.31,-0.14,8783.98,%sOxidizer Fill Confirmation
2080,24.54,1913.11,106.49,540.67,701.82,680.45,683.65,9.74,0,0,0,0,0,1,1,0,0,6.31,-0.14,8784,%sOxidizer Fill Confirmation
2081,26.31,1913.11,106.49,540.67,701.82,680.45,683.65,9.57,0,0,0,0,0,1,1,0,0,6.31,-0.14,8784.03,%sOxidizer Fill Confirmation
2082,23.88,1912.9,106.5,540.73,701.82,680.45,683.65,9.57,0,0,0,0,0,1,1,0,0,6.33,-0.14,8784.05,%sOxidizer Fill Confirmation
2083,41.69,1912.9,106.5,540.73,702.37,681.57,683.65,9.57,0,0,0,0,0,1,1,0,0,6.33,-0.14,8784.09,%sOxidizer Fill Confirmation
2084,26.56,1912.9,106.5,540.73,702.37,681.57,684.15,9.53,0,0,0,0,0,1,1,0,0,6.33,-0.15,8784.12,%sOxidizer Fill Confirmation
2085,26.83,1912.9,106.5,540.73,702.37,681.57,684.15,9.53,0,0,0,0,0,1,1,0,0,6.33,-0.15,8784.15,%sOxidizer Fill Confirmation
2086,25.92,1912.48,106.58,540.76,702.9,681.57,684.15,9.53,0,0,0,0,0,1,1,0,0,6.33,-0.15,8784.17,%sOxidizer Fill Confirmation
2087,26.72,1912.48,106.58,540.76,702.9,682.74,684.87,9.54,0,0,0,0,0,1,1,0,0,6.33,-0.15,8784.2,%sOxidizer Fill Confirmation
2088,28.21,1912.48,106.58,540.76,702.9,682.74,684.87,9.54,0,0,0,0,0,1,1,0,0,6.33,-0.15,8784.23,%sOxidizer Fill Confirmation
2089,25.67,1912.03,106.41,540.77,702.9,682.74,684.87,9.54,0,0,0,0,0,1,1,0,0,6.34,-0.15,8784.25,%sOxidizer Fill Confirmation
2090,26.23,1912.03,106.41,540.77,703.52,683.9,684.87,9.54,0,0,0,0,0,1,1,0,0,6.34,-0.15,8784.28,%sOxidizer Fill Confirmation
2091,26.4,1912.03,106.41,540.77,703.52,683.9,685.9,9.54,0,0,0,0,0,1,1,0,0,6.34,-0.15,8784.3,%sOxidizer Fill Confirmation
2092,25.16,1912.03,106.41,540.77,703.52,683.9,685.9,9.91,0,0,0,0,0,1,1,0,0,6.35,-0.15,8784.33,%sOxidizer Fill Confirmation
2093,33.6,1912.09,106.38,540.77,703.52,683.9,685.9,9.91,0,0,0,0,0,1,1,0,0,6.35,-0.15,8784.36,%sOxidizer Fill Confirmation
2094,26.6,1912.09,106.38,540.95,704.21,684.82,685.9,9.91,0,0,0,0,0,1,1,0,0,6.35,-0.15,8784.39,%sOxidizer Fill Confirmation
2095,26.61,1912.09,106.38,540.95,704.21,684.82,685.74,9.3,0,0,0,0,0,1,1,0,0,6.35,-0.15,8784.42,%sOxidizer Fill Confirmation
2096,23.59,1912.09,106.59,540.95,704.21,684.82,685.74,9.3,0,0,0,0,0,1,1,0,0,6.36,-0.15,8784.44,%sOxidizer Fill Confirmation
2097,39.18,1912.09,106.59,541.1,704.63,684.82,685.74,9.3,0,0,0,0,0,1,1,0,0,6.36,-0.15,8784.48,%sOxidizer Fill Confirmation
2098,26.1,1912.09,106.59,541.1,704.63,685.38,685.74,9.3,0,0,0,0,0,1,1,0,0,6.36,-0.15,8784.51,%sOxidizer Fill Confirmation
2099,22.58,1912.09,106.59,541.1,704.63,685.38,686.02,8.91,0,0,0,0,0,1,1,0,0,6.36,-0.17,8784.53,%sOxidizer Fill Confirmation
2100,24.69,1912.59,106.59,541.1,704.63,685.38,686.02,8.91,0,0,0,0,0,1,1,0,0,6.37,-0.17,8784.55,%sOxidizer Fill Confirmation
2101,25.59,1912.59,106.65,541.26,704.63,685.38,686.02,8.91,0,0,0,0,0,1,1,0,0,6.37,-0.17,8784.58,%sOxidizer Fill Confirmation
2102,24.9,1912.59,106.65,541.26,704.97,685.38,686.02,8.91,0,0,0,0,0,1,1,0,0,6.37,-0.17,8784.6,%sOxidizer Fill Confirmation
2103,24.78,1912.59,106.65,541.26,704.97,685.8,685.98,8.91,0,0,0,0,0,1,1,0,0,6.37,-0.17,8784.63,%sOxidizer Fill Confirmation
2104,21.37,1912.59,106.65,541.26,704.97,685.8,685.98,8.21,0,0,0,0,0,1,1,0,0,6.38,-0.19,8784.65,%sOxidizer Fill Confirmation
2105,25.19,1912.56,106.65,541.26,704.97,685.8,685.98,8.21,0,0,0,0,0,1,1,0,0,6.38,-0.19,8784.67,%sOxidizer Fill Confirmation
2106,23.62,1912.56,106.72,541.46,705.5,686.27,685.98,8.21,0,0,0,0,0,1,1,0,0,6.38,-0.19,8784.7,%sOxidizer Fill Confirmation
2107,24.28,1912.56,106.72,541.46,705.5,686.27,686.11,8.21,0,0,0,0,0,1,1,0,0,6.38,-0.19,8784.72,%sOxidizer Fill Confirmation
2108,23.13,1912.56,106.72,541.46,705.5,686.27,686.11,7.94,0,0,0,0,0,1,1,0,0,6.39,-0.19,8784.75,%sOxidizer Fill Confirmation
2109,26.49,1912.65,106.72,541.46,705.5,686.27,686.11,7.94,0,0,0,0,0,1,1,0,0,6.39,-0.19,8784.77,%sOxidizer Fill Confirmation
2110,26.67,1912.65,106.65,541.42,705.73,686.27,686.11,7.94,0,0,0,0,0,1,1,0,0,6.39,-0.19,8784.8,%sOxidizer Fill Confirmation
2111,26.65,1912.65,106.65,541.42,705.73,686.52,686.11,7.94,0,0,0,0,0,1,1,0,0,6.39,-0.19,8784.83,%sOxidizer Fill Confirmation
2112,29.68,1912.65,106.65,541.42,705.73,686.52,687.19,7.94,0,0,0,0,0,1,1,0,0,6.39,-0.19,8784.86,%sOxidizer Fill Confirmation
2113,28.68,1912.65,106.65,541.42,705.73,686.52,687.19,8.56,0,0,0,0,0,1,1,0,0,6.4,-0.18,8784.88,%sOxidizer Fill Confirmation
2114,32.28,1912.85,106.65,541.42,705.73,686.52,687.19,8.56,0,0,0,0,0,1,1,0,0,6.4,-0.18,8784.92,%sOxidizer Fill Confirmation
2115,23.59,1912.85,106.48,541.21,705.73,686.52,687.19,8.56,0,0,0,0,0,1,1,0,0,6.4,-0.18,8784.94,%sOxidizer Fill Confirmation
2116,34.75,1912.85,106.48,541.21,705.93,686.52,687.19,8.56,0,0,0,0,0,1,1,0,0,6.4,-0.18,8784.97,%sOxidizer Fill Confirmation
2117,29.74,1912.85,106.48,541.21,705.93,686.43,687.19,8.56,0,0,0,0,0,1,1,0,0,6.4,-0.18,8785,%sOxidizer Fill Confirmation
2118,33.16,1912.85,106.48,541.21,705.93,686.43,687.19,8.87,0,0,0,0,0,1,1,0,0,6.4,-0.18,8785.04,%sOxidizer Fill Confirmation
2119,34.11,1913.47,106.48,541.21,705.93,686.43,687.19,8.87,0,0,0,0,0,1,1,0,0,6.41,-0.16,8785.07,%sOxidizer Fill Confirmation
2120,28.59,1913.47,106.48,541.21,705.93,686.43,687.19,8.87,0,0,0,0,0,1,1,0,0,6.41,-0.16,8785.1,%sOxidizer Fill Confirmation
2121,26.73,1913.47,106.64,541.03,705.93,686.43,687.19,8.87,0,0,0,0,0,1,1,0,0,6.41,-0.16,8785.13,%sOxidizer Fill Confirmation
2122,35.28,1913.47,106.64,541.03,706.11,686.8,687.19,8.87,0,0,0,0,0,1,1,0,0,6.41,-0.16,8785.16,%sOxidizer Fill Confirmation
2123,27.92,1913.47,106.64,541.03,706.11,686.8,687.65,8.87,0,0,0,0,0,1,1,0,0,6.41,-0.16,8785.19,%sOxidizer Fill Confirmation
2124,38.22,1913.47,106.64,541.03,706.11,686.8,687.65,9.08,0,0,0,0,0,1,1,0,0,6.41,-0.16,8785.23,%sOxidizer Fill Confirmation
2125,29.14,1913.47,106.64,541.03,706.11,686.8,687.65,9.08,0,0,0,0,0,1,1,0,0,6.41,-0.14,8785.26,%sOxidizer Fill Confirmation
2126,37.37,1913.32,106.64,541.03,706.11,686.8,687.65,9.08,0,0,0,0,0,1,1,0,0,6.42,-0.14,8785.29,%sOxidizer Fill Confirmation
2127,34.6,1913.32,106.36,541.03,706.11,686.8,687.65,9.08,0,0,0,0,0,1,1,0,0,6.42,-0.14,8785.33,%sOxidizer Fill Confirmation
2128,58.77,1913.32,106.36,540.81,706.11,686.8,687.65,9.08,0,0,0,0,0,1,1,0,0,6.42,-0.14,8785.39,%sOxidizer Fill Confirmation
2129,25.17,1913.32,106.36,540.81,706.38,686.8,687.65,9.08,0,0,0,0,0,1,1,0,0,6.42,-0.14,8785.41,%sOxidizer Fill Confirmation
2130,33.72,1913.32,106.36,540.81,706.38,687.01,688.39,9.08,0,0,0,0,0,1,1,0,0,6.42,-0.14,8785.45,%sOxidizer Fill Confirmation
2131,31.16,1913.32,106.36,540.81,706.38,687.01,688.39,9.47,0,0,0,0,0,1,1,0,0,6.42,-0.14,8785.48,%sOxidizer Fill Confirmation
2132,29.2,1913.32,106.36,540.81,706.38,687.01,688.39,9.47,0,0,0,0,0,1,1,0,0,6.44,-0.12,8785.51,%sOxidizer Fill Confirmation
2133,32.78,1913.08,106.36,540.81,706.38,687.01,688.39,9.47,0,0,0,0,0,1,1,0,0,6.44,-0.12,8785.54,%sOxidizer Fill Confirmation
2134,28.7,1913.08,106.13,540.82,706.38,687.01,688.39,9.47,0,0,0,0,0,1,1,0,0,6.44,-0.12,8785.57,%sOxidizer Fill Confirmation
2135,41.31,1913.08,106.13,540.82,706.81,686.92,688.39,9.47,0,0,0,0,0,1,1,0,0,6.44,-0.12,8785.61,%sOxidizer Fill Confirmation
2136,30.28,1913.08,106.13,540.82,706.81,686.92,688.74,9.47,0,0,0,0,0,1,1,0,0,6.44,-0.12,8785.64,%sOxidizer Fill Confirmation
2137,31.67,1913.08,106.13,540.82,706.81,686.92,688.74,9.95,0,0,0,0,0,1,1,0,0,6.44,-0.12,8785.67,%sOxidizer Fill Confirmation
2138,34.66,1913.08,106.13,540.82,706.81,686.92,688.74,9.95,0,0,0,0,0,1,1,0,0,6.46,-0.12,8785.71,%sOxidizer Fill Confirmation
2139,26.01,1913.57,106.09,540.82,706.81,686.92,688.74,9.95,0,0,0,0,0,1,1,0,0,6.46,-0.12,8785.73,%sOxidizer Fill Confirmation
2140,29.65,1913.57,106.09,540.77,706.81,686.92,688.74,9.95,0,0,0,0,0,1,1,0,0,6.46,-0.12,8785.76,%sOxidizer Fill Confirmation
2141,34.98,1913.57,106.09,540.77,707.07,686.92,688.74,9.95,0,0,0,0,0,1,1,0,0,6.46,-0.12,8785.8,%sOxidizer Fill Confirmation
2142,28.99,1913.57,106.09,540.77,707.07,687.33,688.74,9.95,0,0,0,0,0,1,1,0,0,6.46,-0.12,8785.83,%sOxidizer Fill Confirmation
2143,29.33,1913.57,106.09,540.77,707.07,687.33,689.37,9.63,0,0,0,0,0,1,1,0,0,6.46,-0.11,8785.86,%sOxidizer Fill Confirmation
2144,35.71,1913.57,106.09,540.77,707.07,687.33,689.37,9.63,0,0,0,0,0,1,1,0,0,6.48,-0.11,8785.89,%sOxidizer Fill Confirmation
2145,24.98,1913.78,105.99,540.77,707.07,687.33,689.37,9.63,0,0,0,0,0,1,1,0,0,6.48,-0.11,8785.92,%sOxidizer Fill Confirmation
2146,38.22,1913.78,105.99,540.62,707.31,687.33,689.37,9.63,0,0,0,0,0,1,1,0,0,6.48,-0.11,8785.95,%sOxidizer Fill Confirmation
2147,33.79,1913.78,105.99,540.62,707.31,687.13,689.37,9.63,0,0,0,0,0,1,1,0,0,6.48,-0.11,8785.99,%sOxidizer Fill Confirmation
2148,23.13,1913.78,105.99,540.62,707.31,687.13,690.01,9.63,0,0,0,0,0,1,1,0,0,6.48,-0.11,8786.01,%sOxidizer Fill Confirmation
2149,25.38,1913.78,105.99,540.62,707.31,687.13,690.01,10.33,0,0,0,0,0,1,1,0,0,6.49,-0.11,8786.04,%sOxidizer Fill Confirmation
2150,34.31,1914.29,105.99,540.62,707.31,687.13,690.01,10.33,0,0,0,0,0,1,1,0,0,6.49,-0.11,8786.07,%sOxidizer Fill Confirmation
2151,28.88,1914.29,106.12,540.7,707.31,687.13,690.01,10.33,0,0,0,0,0,1,1,0,0,6.49,-0.11,8786.1,%sOxidizer Fill Confirmation
2152,25.83,1914.29,106.12,540.7,707.72,687.13,690.01,10.33,0,0,0,0,0,1,1,0,0,6.49,-0.11,8786.13,%sOxidizer Fill Confirmation
2153,30.39,1914.29,106.12,540.7,707.72,687.28,690.44,10.33,0,0,0,0,0,1,1,0,0,6.49,-0.11,8786.16,%sOxidizer Fill Confirmation
2154,26.5,1914.29,106.12,540.7,707.72,687.28,690.44,10.33,0,0,0,0,0,1,1,0,0,6.51,-0.11,8786.18,%sOxidizer Fill Confirmation
2155,38.83,1913.84,106.12,540.59,707.72,687.28,690.44,10.33,0,0,0,0,0,1,1,0,0,6.51,-0.11,8786.22,%sOxidizer Fill Confirmation
2156,31.7,1913.84,106.12,540.59,708.38,687.28,690.44,10.33,0,0,0,0,0,1,1,0,0,6.51,-0.11,8786.25,%sOxidizer Fill Confirmation
2157,25.31,1913.84,106.12,540.59,708.38,688.43,691.54,10.33,0,0,0,0,0,1,1,0,0,6.51,-0.11,8786.28,%sOxidizer Fill Confirmation
2158,28.26,1913.84,106.12,540.59,708.38,688.43,691.54,10.85,0,0,0,0,0,1,1,0,0,6.53,-0.09,8786.31,%sOxidizer Fill Confirmation
2159,29.27,1913.94,106.12,540.59,708.38,688.43,691.54,10.85,0,0,0,0,0,1,1,0,0,6.53,-0.09,8786.34,%sOxidizer Fill Confirmation
2160,29.67,1913.94,106.1,540.42,708.38,688.43,691.54,10.85,0,0,0,0,0,1,1,0,0,6.53,-0.09,8786.37,%sOxidizer Fill Confirmation
2161,26.41,1913.94,106.1,540.42,708.81,688.43,691.54,10.85,0,0,0,0,0,1,1,0,0,6.53,-0.09,8786.39,%sOxidizer Fill Confirmation
2162,30.35,1913.94,106.1,540.42,708.81,689.05,691.54,10.85,0,0,0,0,0,1,1,0,0,6.53,-0.09,8786.42,%sOxidizer Fill Confirmation
2163,28.83,1913.94,106.1,540.42,708.81,689.05,692.52,11.12,0,0,0,0,0,1,1,0,0,6.55,-0.08,8786.45,%sOxidizer Fill Confirmation
2164,23.25,1913.67,106.1,540.42,708.81,689.05,692.52,11.12,0,0,0,0,0,1,1,0,0,6.55,-0.08,8786.47,%sOxidizer Fill Confirmation
2165,26.73,1913.67,106.1,540.36,708.81,689.05,692.52,11.12,0,0,0,0,0,1,1,0,0,6.55,-0.08,8786.5,%sOxidizer Fill Confirmation
2166,25.69,1913.67,106.1,540.36,709.45,689.83,692.52,11.12,0,0,0,0,0,1,1,0,0,6.55,-0.08,8786.53,%sOxidizer Fill Confirmation
2167,25.88,1913.67,106.1,540.36,709.45,689.83,692.83,11.12,0,0,0,0,0,1,1,0,0,6.55,-0.08,8786.55,%sOxidizer Fill Confirmation
2168,26.68,1913.67,106.1,540.36,709.45,689.83,692.83,10.97,0,0,0,0,0,1,1,0,0,6.55,-0.06,8786.58,%sOxidizer Fill Confirmation
2169,28.77,1913.49,106.21,540.36,709.45,689.83,692.83,10.97,0,0,0,0,0,1,1,0,0,6.56,-0.06,8786.61,%sOxidizer Fill Confirmation
2170,27.88,1913.49,106.21,540.43,709.45,689.83,692.83,10.97,0,0,0,0,0,1,1,0,0,6.56,-0.06,8786.64,%sOxidizer Fill Confirmation
2171,26.71,1913.49,106.21,540.43,710.02,689.83,692.83,10.97,0,0,0,0,0,1,1,0,0,6.56,-0.06,8786.66,%sOxidizer Fill Confirmation
2172,23.73,1913.49,106.21,540.43,710.02,690.84,693.95,11.4,0,0,0,0,0,1,1,0,0,6.56,-0.08,8786.69,%sOxidizer Fill Confirmation
2173,26.89,1913.49,106.21,540.43,710.02,690.84,693.95,11.4,0,0,0,0,0,1,1,0,0,6.57,-0.08,8786.71,%sOxidizer Fill Confirmation
2174,25.37,1912.87,106.21,540.43,710.02,690.84,693.95,11.4,0,0,0,0,0,1,1,0,0,6.57,-0.08,8786.74,%sOxidizer Fill Confirmation
2175,29.57,1912.87,106.01,540.57,711,690.84,693.95,11.4,0,0,0,0,0,1,1,0,0,6.57,-0.08,8786.77,%sOxidizer Fill Confirmation
2176,26.07,1912.87,106.01,540.57,711,692.24,695.39,11.4,0,0,0,0,0,1,1,0,0,6.57,-0.08,8786.79,%sOxidizer Fill Confirmation
2177,23.44,1912.87,106.01,540.57,711,692.24,695.39,11.41,0,0,0,0,0,1,1,0,0,6.57,-0.1,8786.82,%sOxidizer Fill Confirmation
2178,29.23,1913.27,106.01,540.57,711,692.24,695.39,11.41,0,0,0,0,0,1,1,0,0,6.59,-0.1,8786.85,%sOxidizer Fill Confirmation
2179,26.64,1913.27,106.25,540.77,711,692.24,695.39,11.41,0,0,0,0,0,1,1,0,0,6.59,-0.1,8786.87,%sOxidizer Fill Confirmation
2180,28.94,1913.27,106.25,540.77,711.67,692.24,695.39,11.41,0,0,0,0,0,1,1,0,0,6.59,-0.1,8786.9,%sOxidizer Fill Confirmation
2181,25.24,1913.27,106.25,540.77,711.67,692.9,695.82,11.41,0,0,0,0,0,1,1,0,0,6.59,-0.1,8786.93,%sOxidizer Fill Confirmation
2182,23.19,1913.76,106.25,540.77,711.67,692.9,695.82,11.05,0,0,0,0,0,1,1,0,0,6.6,-0.12,8786.95,%sOxidizer Fill Confirmation
2183,26.76,1913.76,106.26,540.54,711.67,692.9,695.82,11.05,0,0,0,0,0,1,1,0,0,6.6,-0.12,8786.98,%sOxidizer Fill Confirmation
2184,26.25,1913.76,106.26,540.54,711.91,692.9,695.82,11.05,0,0,0,0,0,1,1,0,0,6.6,-0.12,8787,%sOxidizer Fill Confirmation
2185,21.71,1913.76,106.26,540.54,711.91,693.23,695.82,11.05,0,0,0,0,0,1,1,0,0,6.6,-0.12,8787.03,%sOxidizer Fill Confirmation
2186,26.77,1913.76,106.26,540.54,711.91,693.23,696.26,10.81,0,0,0,0,0,1,1,0,0,6.61,-0.1,8787.05,%sOxidizer Fill Confirmation
2187,25.16,1913.21,106.26,540.54,711.91,693.23,696.26,10.81,0,0,0,0,0,1,1,0,0,6.61,-0.1,8787.08,%sOxidizer Fill Confirmation
2188,26.38,1913.21,106.24,540.62,711.91,693.23,696.26,10.81,0,0,0,0,0,1,1,0,0,6.61,-0.1,8787.1,%sOxidizer Fill Confirmation
2189,27.04,1913.21,106.24,540.62,712.53,693.48,696.3,10.81,0,0,0,0,0,1,1,0,0,6.61,-0.1,8787.13,%sOxidizer Fill Confirmation
2190,26.73,1913.21,106.24,540.62,712.53,693.48,696.3,11.05,0,0,0,0,0,1,1,0,0,6.62,-0.11,8787.16,%sOxidizer Fill Confirmation
2191,27.26,1913.1,106.32,540.62,712.53,693.48,696.3,11.05,0,0,0,0,0,1,1,0,0,6.62,-0.11,8787.19,%sOxidizer Fill Confirmation
2192,26.78,1913.1,106.32,540.63,712.53,693.48,696.3,11.05,0,0,0,0,0,1,1,0,0,6.62,-0.11,8787.21,%sOxidizer Fill Confirmation
2193,26.05,1913.1,106.32,540.63,713.14,694.66,696.69,10.39,0,0,0,0,0,1,1,0,0,6.62,-0.11,8787.24,%sOxidizer Fill Confirmation
2194,26.12,1913.1,106.32,540.63,713.14,694.66,696.69,10.39,0,0,0,0,0,1,1,0,0,6.62,-0.11,8787.26,%sOxidizer Fill Confirmation
2195,23.72,1912.68,106.32,540.63,713.14,694.66,696.69,10.39,0,0,0,0,0,1,1,0,0,6.63,-0.11,8787.29,%sOxidizer Fill Confirmation
2196,28.12,1912.68,106.21,540.63,713.8,694.66,696.69,10.39,0,0,0,0,0,1,1,0,0,6.63,-0.11,8787.32,%sOxidizer Fill Confirmation
2197,27.31,1912.68,106.21,540.63,713.8,695.39,697.05,10.39,0,0,0,0,0,1,1,0,0,6.63,-0.11,8787.34,%sOxidizer Fill Confirmation
2198,25.59,1912.68,106.21,540.63,713.8,695.39,697.05,10.4,0,0,0,0,0,1,1,0,0,6.63,-0.11,8787.37,%sOxidizer Fill Confirmation
2199,23.06,1912.86,106.21,540.63,713.8,695.39,697.05,10.4,0,0,0,0,0,1,1,0,0,6.65,-0.12,8787.39,%sOxidizer Fill Confirmation
2200,22.09,1912.86,106.45,540.63,713.8,695.39,697.05,10.4,0,0,0,0,0,1,1,0,0,6.65,-0.12,8787.41,%sOxidizer Fill Confirmation
2201,26.95,1912.86,106.45,540.9,714.36,695.63,697.05,10.4,0,0,0,0,0,1,1,0,0,6.65,-0.12,8787.44,%sOxidizer Fill Confirmation
2202,25.02,1912.86,106.45,540.9,714.36,695.63,696.97,9.92,0,0,0,0,0,1,1,0,0,6.65,-0.13,8787.47,%sOxidizer Fill Confirmation
2203,28.36,1912.86,106.45,540.9,714.36,695.63,696.97,9.92,0,0,0,0,0,1,1,0,0,6.65,-0.13,8787.49,%sOxidizer Fill Confirmation
2204,24.92,1913.34,106.46,540.99,714.76,695.6,696.97,9.92,0,0,0,0,0,1,1,0,0,6.65,-0.13,8787.52,%sOxidizer Fill Confirmation
2205,29.81,1913.34,106.46,540.99,714.76,695.6,696.86,9.92,0,0,0,0,0,1,1,0,0,6.65,-0.13,8787.55,%sOxidizer Fill Confirmation
2206,26.13,1913.34,106.46,540.99,714.76,695.6,696.86,9.45,0,0,0,0,0,1,1,0,0,6.65,-0.15,8787.58,%sOxidizer Fill Confirmation
2207,28.09,1914.18,106.64,540.99,714.76,695.6,696.86,9.45,0,0,0,0,0,1,1,0,0,6.67,-0.15,8787.6,%sOxidizer Fill Confirmation
2208,40.41,1914.18,106.64,541.05,715.05,695.6,696.86,9.45,0,0,0,0,0,1,1,0,0,6.67,-0.15,8787.64,%sOxidizer Fill Confirmation
2209,28.65,1914.18,106.64,541.05,715.05,695.74,697.06,9.45,0,0,0,0,0,1,1,0,0,6.67,-0.15,8787.67,%sOxidizer Fill Confirmation
2210,22.97,1914.18,106.64,541.05,715.05,695.74,697.06,9.22,0,0,0,0,0,1,1,0,0,6.67,-0.15,8787.7,%sOxidizer Fill Confirmation
2211,24.62,1914.79,106.75,541.05,715.05,695.74,697.06,9.22,0,0,0,0,0,1,1,0,0,6.68,-0.17,8787.72,%sOxidizer Fill Confirmation
2212,28.09,1914.79,106.75,541.25,715.52,695.74,697.06,9.22,0,0,0,0,0,1,1,0,0,6.68,-0.17,8787.75,%sOxidizer Fill Confirmation
2213,24.55,1914.79,106.75,541.25,715.52,695.91,697.11,9.22,0,0,0,0,0,1,1,0,0,6.68,-0.17,8787.77,%sOxidizer Fill Confirmation
2214,25.69,1914.79,106.75,541.25,715.52,695.91,697.11,8.6,0,0,0,0,0,1,1,0,0,6.68,-0.16,8787.8,%sOxidizer Fill Confirmation
2215,24.48,1915.68,106.99,541.33,715.52,695.91,697.11,8.6,0,0,0,0,0,1,1,0,0,6.69,-0.16,8787.82,%sOxidizer Fill Confirmation
2216,25.35,1915.68,106.99,541.33,715.61,695.63,697.11,8.6,0,0,0,0,0,1,1,0,0,6.69,-0.16,8787.85,%sOxidizer Fill Confirmation
2217,25.05,1915.68,106.99,541.33,715.61,695.63,696.76,8.6,0,0,0,0,0,1,1,0,0,6.69,-0.16,8787.87,%sOxidizer Fill Confirmation
2218,25.68,1915.68,106.99,541.33,715.61,695.63,696.76,8.42,0,0,0,0,0,1,1,0,0,6.69,-0.16,8787.9,%sOxidizer Fill Confirmation
2219,23.58,1916.22,106.99,541.33,715.61,695.63,696.76,8.42,0,0,0,0,0,1,1,0,0,6.7,-0.16,8787.92,%sOxidizer Fill Confirmation
2220,30.57,1916.22,106.95,541.34,715.97,695.56,696.76,8.42,0,0,0,0,0,1,1,0,0,6.7,-0.16,8787.95,%sOxidizer Fill Confirmation
2221,22.03,1916.22,106.95,541.34,715.97,695.56,697.01,8.46,0,0,0,0,0,1,1,0,0,6.7,-0.16,8787.98,%sOxidizer Fill Confirmation
2222,27.65,1916.22,106.95,541.34,715.97,695.56,697.01,8.46,0,0,0,0,0,1,1,0,0,6.71,-0.16,8788,%sOxidizer Fill Confirmation
2223,23.2,1915.68,106.83,541.36,716.34,696.15,697.01,8.46,0,0,0,0,0,1,1,0,0,6.71,-0.16,8788.03,%sOxidizer Fill Confirmation
2224,28.41,1915.68,106.83,541.36,716.34,696.15,698.08,8.46,0,0,0,0,0,1,1,0,0,6.71,-0.16,8788.05,%sOxidizer Fill Confirmation
2225,23.6,1915.68,106.83,541.36,716.34,696.15,698.08,9.16,0,0,0,0,0,1,1,0,0,6.71,-0.16,8788.08,%sOxidizer Fill Confirmation
2226,27.87,1915.73,106.83,541.36,716.34,696.15,698.08,9.16,0,0,0,0,0,1,1,0,0,6.72,-0.17,8788.11,%sOxidizer Fill Confirmation
2227,31.11,1915.73,106.89,541.42,716.34,696.15,698.08,9.16,0,0,0,0,0,1,1,0,0,6.72,-0.17,8788.14,%sOxidizer Fill Confirmation
2228,24.61,1915.73,106.89,541.42,716.57,696.15,698.08,9.16,0,0,0,0,0,1,1,0,0,6.72,-0.17,8788.16,%sOxidizer Fill Confirmation
2229,22.07,1915.73,106.89,541.42,716.57,696.42,698.52,8.91,0,0,0,0,0,1,1,0,0,6.73,-0.17,8788.18,%sOxidizer Fill Confirmation
2230,30.18,1915.83,106.89,541.42,716.57,696.42,698.52,8.91,0,0,0,0,0,1,1,0,0,6.73,-0.17,8788.21,%sOxidizer Fill Confirmation
2231,25.5,1915.83,106.96,541.42,716.57,696.42,698.52,8.91,0,0,0,0,0,1,1,0,0,6.73,-0.17,8788.24,%sOxidizer Fill Confirmation
2232,26.12,1915.83,106.96,541.45,716.84,696.49,698.97,8.91,0,0,0,0,0,1,1,0,0,6.73,-0.17,8788.27,%sOxidizer Fill Confirmation
2233,24.1,1915.83,106.96,541.45,716.84,696.49,698.97,9.13,0,0,0,0,0,1,1,0,0,6.73,-0.16,8788.29,%sOxidizer Fill Confirmation
2234,24.16,1915.8,106.77,541.45,716.84,696.49,698.97,9.13,0,0,0,0,0,1,1,0,0,6.74,-0.16,8788.31,%sOxidizer Fill Confirmation
2235,24.29,1915.8,106.77,541.22,716.84,696.49,698.97,9.13,0,0,0,0,0,1,1,0,0,6.74,-0.16,8788.34,%sOxidizer Fill Confirmation
2236,26.36,1915.8,106.77,541.22,717.02,696.49,698.97,9.13,0,0,0,0,0,1,1,0,0,6.74,-0.16,8788.36,%sOxidizer Fill Confirmation
2237,21.95,1915.8,106.77,541.22,717.02,697.24,700.22,9.13,0,0,0,0,0,1,1,0,0,6.74,-0.16,8788.39,%sOxidizer Fill Confirmation
2238,26.36,1915.67,106.77,541.22,717.02,697.24,700.22,9.81,0,0,0,0,0,1,1,0,0,6.75,-0.14,8788.41,%sOxidizer Fill Confirmation
2239,25.59,1915.67,106.49,541.22,717.02,697.24,700.22,9.81,0,0,0,0,0,1,1,0,0,6.75,-0.14,8788.44,%sOxidizer Fill Confirmation
2240,39.64,1915.67,106.49,540.95,717.06,697.31,700.22,9.81,0,0,0,0,0,1,1,0,0,6.75,-0.14,8788.48,%sOxidizer Fill Confirmation
2241,23.06,1915.67,106.49,540.95,717.06,697.31,701.16,9.81,0,0,0,0,0,1,1,0,0,6.75,-0.14,8788.5,%sOxidizer Fill Confirmation
2242,26.16,1915.67,106.49,540.95,717.06,697.31,701.16,10.59,0,0,0,0,0,1,1,0,0,6.76,-0.13,8788.53,%sOxidizer Fill Confirmation
2243,25.59,1915.31,106.41,540.87,717.06,697.31,701.16,10.59,0,0,0,0,0,1,1,0,0,6.76,-0.13,8788.55,%sOxidizer Fill Confirmation
2244,29.65,1915.31,106.41,540.87,717.36,698.33,702.55,10.59,0,0,0,0,0,1,1,0,0,6.76,-0.13,8788.58,%sOxidizer Fill Confirmation
2245,23.07,1915.31,106.41,540.87,717.36,698.33,702.55,11.43,0,0,0,0,0,1,1,0,0,6.76,-0.13,8788.61,%sOxidizer Fill Confirmation
2246,27.19,1914.9,106.41,540.87,717.36,698.33,702.55,11.43,0,0,0,0,0,1,1,0,0,6.77,-0.11,8788.63,%sOxidizer Fill Confirmation
2247,26.69,1914.9,106.11,540.82,717.36,698.33,702.55,11.43,0,0,0,0,0,1,1,0,0,6.77,-0.11,8788.66,%sOxidizer Fill Confirmation
2248,25.04,1914.9,106.11,540.82,717.7,698.48,702.92,11.43,0,0,0,0,0,1,1,0,0,6.77,-0.11,8788.68,%sOxidizer Fill Confirmation
2249,22.06,1914.9,106.11,540.82,717.7,698.48,702.92,11.68,0,0,0,0,0,1,1,0,0,6.77,-0.11,8788.71,%sOxidizer Fill Confirmation
2250,25.2,1914.49,105.83,540.82,717.7,698.48,702.92,11.68,0,0,0,0,0,1,1,0,0,6.79,-0.1,8788.73,%sOxidizer Fill Confirmation
2251,26.57,1914.49,105.83,540.62,717.94,698.48,702.92,11.68,0,0,0,0,0,1,1,0,0,6.79,-0.1,8788.76,%sOxidizer Fill Confirmation
2252,27.04,1914.49,105.83,540.62,717.94,698.86,703.38,11.68,0,0,0,0,0,1,1,0,0,6.79,-0.1,8788.79,%sOxidizer Fill Confirmation
2253,25.69,1914.49,105.83,540.62,717.94,698.86,703.38,12.26,0,0,0,0,0,1,1,0,0,6.79,-0.1,8788.81,%sOxidizer Fill Confirmation
2254,23.07,1913.92,105.52,540.62,717.94,698.86,703.38,12.26,0,0,0,0,0,1,1,0,0,6.8,-0.1,8788.83,%sOxidizer Fill Confirmation
2255,34.04,1913.92,105.52,540.39,718.18,698.86,703.38,12.26,0,0,0,0,0,1,1,0,0,6.8,-0.1,8788.87,%sOxidizer Fill Confirmation
2256,25.17,1913.92,105.52,540.39,718.18,699.23,703.81,12.83,0,0,0,0,0,1,1,0,0,6.8,-0.1,8788.89,%sOxidizer Fill Confirmation
2257,31.03,1913.92,105.52,540.39,718.18,699.23,703.81,12.83,0,0,0,0,0,1,1,0,0,6.81,-0.08,8788.92,%sOxidizer Fill Confirmation
2258,24.64,1913.31,105.26,540.39,718.18,699.23,703.81,12.83,0,0,0,0,0,1,1,0,0,6.81,-0.08,8788.95,%sOxidizer Fill Confirmation
2259,31.62,1913.31,105.26,540.18,718.31,699.23,703.81,12.83,0,0,0,0,0,1,1,0,0,6.81,-0.08,8788.98,%sOxidizer Fill Confirmation
2260,24.01,1913.31,105.26,540.18,718.31,699.6,704.07,12.83,0,0,0,0,0,1,1,0,0,6.81,-0.08,8789,%sOxidizer Fill Confirmation
2261,25.14,1913.31,105.26,540.18,718.31,699.6,704.07,13.09,0,0,0,0,0,1,1,0,0,6.81,-0.08,8789.03,%sOxidizer Fill Confirmation
2262,27.11,1913.4,105.41,540.2,718.31,699.6,704.07,13.09,0,0,0,0,0,1,1,0,0,6.82,-0.08,8789.06,%sOxidizer Fill Confirmation
2263,26.52,1913.4,105.41,540.2,718.71,700.41,704.07,13.09,0,0,0,0,0,1,1,0,0,6.82,-0.08,8789.08,%sOxidizer Fill Confirmation
2264,24.57,1913.4,105.41,540.2,718.71,700.41,704.58,12.86,0,0,0,0,0,1,1,0,0,6.82,-0.08,8789.11,%sOxidizer Fill Confirmation
2265,22.45,1913.4,105.41,540.2,718.71,700.41,704.58,12.86,0,0,0,0,0,1,1,0,0,6.83,-0.07,8789.13,%sOxidizer Fill Confirmation
2266,24.77,1913.48,105.38,540.2,718.71,700.41,704.58,12.86,0,0,0,0,0,1,1,0,0,6.83,-0.07,8789.16,%sOxidizer Fill Confirmation
2267,28.53,1913.48,105.38,540.18,719.14,700.93,704.93,12.86,0,0,0,0,0,1,1,0,0,6.83,-0.07,8789.18,%sOxidizer Fill Confirmation
2268,24.69,1913.48,105.38,540.18,719.14,700.93,704.93,13.24,0,0,0,0,0,1,1,0,0,6.83,-0.07,8789.21,%sOxidizer Fill Confirmation
2269,24.47,1913.47,105.38,540.18,719.14,700.93,704.93,13.24,0,0,0,0,0,1,1,0,0,6.84,-0.08,8789.23,%sOxidizer Fill Confirmation
2270,25.28,1913.47,105.41,540.19,719.14,700.93,704.93,13.24,0,0,0,0,0,1,1,0,0,6.84,-0.08,8789.26,%sOxidizer Fill Confirmation
2271,25.21,1913.47,105.41,540.19,719.46,701.34,705.45,13.24,0,0,0,0,0,1,1,0,0,6.84,-0.08,8789.28,%sOxidizer Fill Confirmation
2272,24.74,1913.47,105.41,540.19,719.46,701.34,705.45,13.34,0,0,0,0,0,1,1,0,0,6.85,-0.09,8789.31,%sOxidizer Fill Confirmation
2273,27.76,1914.19,105.67,540.19,719.46,701.34,705.45,13.34,0,0,0,0,0,1,1,0,0,6.85,-0.09,8789.34,%sOxidizer Fill Confirmation
2274,32.91,1914.19,105.67,540.43,719.73,701.34,705.45,13.34,0,0,0,0,0,1,1,0,0,6.85,-0.09,8789.37,%sOxidizer Fill Confirmation
2275,24.14,1914.19,105.67,540.43,719.73,700.87,705.45,13.34,0,0,0,0,0,1,1,0,0,6.85,-0.09,8789.39,%sOxidizer Fill Confirmation
2276,23.03,1914.19,105.67,540.43,719.73,700.87,704.99,12.68,0,0,0,0,0,1,1,0,0,6.85,-0.09,8789.42,%sOxidizer Fill Confirmation
2277,25.71,1914.76,105.62,540.43,719.73,700.87,704.99,12.68,0,0,0,0,0,1,1,0,0,6.85,-0.09,8789.44,%sOxidizer Fill Confirmation
2278,31.83,1914.76,105.62,540.4,719.73,700.87,704.99,12.68,0,0,0,0,0,1,1,0,0,6.85,-0.09,8789.47,%sOxidizer Fill Confirmation
2279,23.14,1914.76,105.62,540.4,720.13,701.2,704.92,12.68,0,0,0,0,0,1,1,0,0,6.85,-0.09,8789.5,%sOxidizer Fill Confirmation
2280,26.25,1915.34,105.62,540.4,720.13,701.2,704.92,12.65,0,0,0,0,0,1,1,0,0,6.87,-0.09,8789.52,%sOxidizer Fill Confirmation
2281,30.68,1915.34,105.72,540.4,720.13,701.2,704.92,12.65,0,0,0,0,0,1,1,0,0,6.87,-0.09,8789.55,%sOxidizer Fill Confirmation
2282,23.23,1915.34,105.72,540.37,720.47,701.2,704.92,12.65,0,0,0,0,0,1,1,0,0,6.87,-0.09,8789.58,%sOxidizer Fill Confirmation
2283,24.59,1915.34,105.72,540.37,720.47,701.12,705.11,12.77,0,0,0,0,0,1,1,0,0,6.87,-0.09,8789.6,%sOxidizer Fill Confirmation
2284,22.91,1915.29,105.72,540.37,720.47,701.12,705.11,12.77,0,0,0,0,0,1,1,0,0,6.87,-0.09,8789.62,%sOxidizer Fill Confirmation
2285,29.76,1915.29,105.79,540.41,720.47,701.12,705.11,12.77,0,0,0,0,0,1,1,0,0,6.87,-0.09,8789.65,%sOxidizer Fill Confirmation
2286,24.15,1915.29,105.79,540.41,720.81,701.12,705.11,12.77,0,0,0,0,0,1,1,0,0,6.87,-0.09,8789.68,%sOxidizer Fill Confirmation
2287,23.28,1915.29,105.79,540.41,720.81,701.68,705.39,12.54,0,0,0,0,0,1,1,0,0,6.87,-0.09,8789.7,%sOxidizer Fill Confirmation
2288,23.82,1915.19,105.8,540.41,720.81,701.68,705.39,12.54,0,0,0,0,0,1,1,0,0,6.88,-0.1,8789.73,%sOxidizer Fill Confirmation
2289,24.77,1915.19,105.8,540.39,720.81,701.68,705.39,12.54,0,0,0,0,0,1,1,0,0,6.88,-0.1,8789.75,%sOxidizer Fill Confirmation
2290,27.24,1915.19,105.8,540.39,721.11,701.88,705.6,12.54,0,0,0,0,0,1,1,0,0,6.88,-0.1,8789.78,%sOxidizer Fill Confirmation
2291,26.93,1915.19,105.8,540.39,721.11,701.88,705.6,12.62,0,0,0,0,0,1,1,0,0,6.88,-0.1,8789.8,%sOxidizer Fill Confirmation
2292,29.71,1915.26,105.8,540.39,721.11,701.88,705.6,12.62,0,0,0,0,0,1,1,0,0,6.89,-0.09,8789.83,%sOxidizer Fill Confirmation
2293,24.07,1915.26,105.93,540.4,721.11,701.88,705.6,12.62,0,0,0,0,0,1,1,0,0,6.89,-0.09,8789.86,%sOxidizer Fill Confirmation
2294,25.66,1915.26,105.93,540.4,721.51,702.52,705.6,12.62,0,0,0,0,0,1,1,0,0,6.89,-0.09,8789.88,%sOxidizer Fill Confirmation
2295,23.23,1915.26,105.93,540.4,721.51,702.52,706.22,12.33,0,0,0,0,0,1,1,0,0,6.89,-0.08,8789.91,%sOxidizer Fill Confirmation
2296,29.06,1914.99,105.93,540.4,721.51,702.52,706.22,12.33,0,0,0,0,0,1,1,0,0,6.9,-0.08,8789.94,%sOxidizer Fill Confirmation
2297,30.37,1914.99,106.04,540.4,721.51,702.52,706.22,12.33,0,0,0,0,0,1,1,0,0,6.9,-0.08,8789.97,%sOxidizer Fill Confirmation
2298,27.8,1914.99,106.04,540.4,721.74,702.72,707.01,12.33,0,0,0,0,0,1,1,0,0,6.9,-0.08,8789.99,%sOxidizer Fill Confirmation
2299,31.31,1914.99,106.04,540.4,721.74,702.72,707.01,12.62,0,0,0,0,0,1,1,0,0,6.9,-0.09,8790.03,%sOxidizer Fill Confirmation
2300,24.73,1915.37,106.19,540.66,721.74,702.72,707.01,12.62,0,0,0,0,0,1,1,0,0,6.9,-0.09,8790.05,%sOxidizer Fill Confirmation
2301,24.08,1915.37,106.19,540.66,722.04,702.72,707.01,12.62,0,0,0,0,0,1,1,0,0,6.9,-0.09,8790.07,%sOxidizer Fill Confirmation
2302,27.8,1915.37,106.19,540.66,722.04,702.45,706.48,11.87,0,0,0,0,0,1,1,0,0,6.9,-0.09,8790.1,%sOxidizer Fill Confirmation
2303,23.59,1915.37,106.19,540.66,722.04,702.45,706.48,11.87,0,0,0,0,0,1,1,0,0,6.9,-0.09,8790.13,%sOxidizer Fill Confirmation
2304,24.74,1916.07,106.35,540.62,722.04,702.45,706.48,11.87,0,0,0,0,0,1,1,0,0,6.92,-0.09,8790.15,%sOxidizer Fill Confirmation
2305,26.84,1916.07,106.35,540.62,722.25,702.5,706.48,11.87,0,0,0,0,0,1,1,0,0,6.92,-0.09,8790.18,%sOxidizer Fill Confirmation
2306,22.62,1916.07,106.35,540.62,722.25,702.5,706.59,11.51,0,0,0,0,0,1,1,0,0,6.92,-0.09,8790.2,%sOxidizer Fill Confirmation
2307,28.36,1916.51,106.35,540.62,722.25,702.5,706.59,11.51,0,0,0,0,0,1,1,0,0,6.93,-0.09,8790.23,%sOxidizer Fill Confirmation
2308,27.87,1916.51,106.33,540.66,722.45,702.5,706.59,11.51,0,0,0,0,0,1,1,0,0,6.93,-0.09,8790.26,%sOxidizer Fill Confirmation
2309,24.78,1916.51,106.33,540.66,722.45,702.58,706.67,11.51,0,0,0,0,0,1,1,0,0,6.93,-0.09,8790.28,%sOxidizer Fill Confirmation
2310,25.04,1916.51,106.33,540.66,722.45,702.58,706.67,11.18,0,0,0,0,0,1,1,0,0,6.93,-0.09,8790.31,%sOxidizer Fill Confirmation
2311,25.55,1916.22,106.15,540.66,722.45,702.58,706.67,11.18,0,0,0,0,0,1,1,0,0,6.94,-0.09,8790.33,%sOxidizer Fill Confirmation
2312,28.78,1916.22,106.15,540.56,722.72,702.58,706.67,11.18,0,0,0,0,0,1,1,0,0,6.94,-0.09,8790.36,%sOxidizer Fill Confirmation
2313,24.93,1916.22,106.15,540.56,722.72,703.17,707.19,11.18,0,0,0,0,0,1,1,0,0,6.94,-0.09,8790.39,%sOxidizer Fill Confirmation
2314,22.04,1916.22,106.15,540.56,722.72,703.17,707.19,11.44,0,0,0,0,0,1,1,0,0,6.94,-0.1,8790.41,%sOxidizer Fill Confirmation
2315,24.97,1916.67,106.32,540.84,722.72,703.17,707.19,11.44,0,0,0,0,0,1,1,0,0,6.95,-0.1,8790.43,%sOxidizer Fill Confirmation
2316,31.3,1916.67,106.32,540.84,723.1,703.51,707.19,11.44,0,0,0,0,0,1,1,0,0,6.95,-0.1,8790.46,%sOxidizer Fill Confirmation
2317,24.94,1916.67,106.32,540.84,723.1,703.51,707.41,10.65,0,0,0,0,0,1,1,0,0,6.95,-0.1,8790.49,%sOxidizer Fill Confirmation
2318,25.86,1916.54,106.4,540.84,723.1,703.51,707.41,10.65,0,0,0,0,0,1,1,0,0,6.96,-0.1,8790.51,%sOxidizer Fill Confirmation
2319,26.83,1916.54,106.4,540.89,723.1,703.51,707.41,10.65,0,0,0,0,0,1,1,0,0,6.96,-0.1,8790.54,%sOxidizer Pressure Confirmation
2320,28.29,1916.54,106.4,540.89,723.41,703.51,707.41,10.65,0,0,0,0,0,1,1,0,0,6.96,-0.1,8790.57,%sOxidizer Pressure Confirmation
2321,23.12,1916.54,106.4,540.89,723.41,703.76,707.41,10.65,0,0,0,0,0,1,1,0,0,6.96,-0.1,8790.59,%sOxidizer Pressure Confirmation
2322,22.91,1916.54,106.4,540.89,723.41,703.76,707.04,9.83,0,0,0,0,0,1,1,0,0,6.96,-0.12,8790.62,%sOxidizer Pressure Confirmation
2323,24.64,1916.56,106.62,540.89,723.41,703.76,707.04,9.83,0,0,0,0,0,1,1,0,0,6.96,-0.12,8790.64,%sOxidizer Pressure Confirmation
2324,26.26,1916.56,106.62,541.16,723.94,703.76,707.04,9.83,0,0,0,0,0,1,1,0,0,6.96,-0.12,8790.67,%sOxidizer Pressure Confirmation
2325,23.5,1916.56,106.62,541.16,723.94,704.09,707.04,9.83,0,0,0,0,0,1,1,0,0,6.96,-0.12,8790.69,%sOxidizer Pressure Confirmation
2326,21.2,1916.56,106.62,541.16,723.94,704.09,707.25,9.83,0,0,0,0,0,1,1,0,0,6.96,-0.12,8790.71,%sOxidizer Pressure Confirmation
2327,23.97,1916.56,106.62,541.16,723.94,704.09,707.25,9.68,0,0,0,0,0,1,1,0,0,6.96,-0.13,8790.73,%sOxidizer Pressure Confirmation
2328,24.6,1916.73,106.9,541.48,724.59,704.09,707.25,9.68,0,0,0,0,0,1,1,0,0,6.96,-0.13,8790.76,%sOxidizer Pressure Confirmation
2329,28.58,1916.73,106.9,541.48,724.59,704.68,707.44,9.68,0,0,0,0,0,1,1,0,0,6.96,-0.13,8790.79,%sOxidizer Pressure Confirmation
2330,24.04,1916.73,106.9,541.48,724.59,704.68,707.44,8.87,0,0,0,0,0,1,1,0,0,6.96,-0.13,8790.81,%sOxidizer Pressure Confirmation
2331,26.11,1917.19,106.9,541.48,724.59,704.68,707.44,8.87,0,0,0,0,0,1,1,0,0,6.97,-0.15,8790.84,%sOxidizer Pressure Confirmation
2332,31.73,1917.19,107.1,541.56,724.59,704.68,707.44,8.87,0,0,0,0,0,1,1,0,0,6.97,-0.15,8790.87,%sOxidizer Pressure Confirmation
2333,28.1,1917.19,107.1,541.56,724.83,704.66,707.35,8.64,0,0,0,0,0,1,1,0,0,6.97,-0.15,8790.9,%sOxidizer Pressure Confirmation
2334,38.76,1917.19,107.1,541.56,724.83,704.66,707.35,8.64,0,0,0,0,0,1,1,0,0,6.97,-0.15,8790.94,%sOxidizer Pressure Confirmation
2335,25.62,1917.19,107.08,541.56,724.83,704.66,707.35,8.64,0,0,0,0,0,1,1,0,0,6.98,-0.18,8790.96,%sOxidizer Pressure Confirmation
2336,33.77,1917.19,107.08,541.59,724.83,704.66,707.35,8.64,0,0,0,0,0,1,1,0,0,6.98,-0.18,8791,%sOxidizer Pressure Confirmation
2337,30.17,1917.19,107.08,541.59,725.44,706.1,707.35,8.64,0,0,0,0,0,1,1,0,0,6.98,-0.18,8791.03,%sOxidizer Pressure Confirmation
2338,29.74,1917.19,107.08,541.59,725.44,706.1,708.46,8.56,0,0,0,0,0,1,1,0,0,6.98,-0.18,8791.06,%sOxidizer Pressure Confirmation
2339,32.21,1917.19,107.08,541.59,725.44,706.1,708.46,8.56,0,0,0,0,0,1,1,0,0,6.99,-0.16,8791.09,%sOxidizer Pressure Confirmation
2340,60.11,1917.41,106.04,541.59,725.44,706.1,708.46,8.56,0,0,0,0,0,1,1,0,0,6.99,-0.16,8791.15,%sOxidizer Pressure Confirmation
2341,46.19,1917.41,106.04,541.51,725.44,706.1,708.46,8.56,0,0,0,0,0,1,1,0,0,6.99,-0.16,8791.19,%sOxidizer Pressure Confirmation
2342,54.75,1917.41,106.04,541.51,726.08,706.1,708.46,8.56,0,0,0,0,0,1,1,0,0,6.99,-0.16,8791.25,%sOxidizer Pressure Confirmation
2343,29.9,1917.41,106.04,541.51,726.08,707.54,709.8,8.56,0,0,0,0,0,1,1,0,0,6.99,-0.16,8791.28,%sOxidizer Pressure Confirmation
2344,27.01,1917.41,106.04,541.51,726.08,707.54,709.8,8.56,0,0,0,0,0,1,1,0,0,6.99,-0.16,8791.31,%sOxidizer Pressure Confirmation
2345,72.75,1917.41,106.04,541.51,726.08,707.54,709.8,9.25,0,0,0,0,0,1,1,0,0,6.99,-0.13,8791.38,%sOxidizer Pressure Confirmation
2346,33.24,1917.41,106.04,541.51,726.08,707.54,709.8,9.25,0,0,0,0,0,1,1,0,0,6.99,-0.13,8791.41,%sOxidizer Pressure Confirmation
2347,37.07,1917.14,106.04,541.51,726.08,707.54,709.8,9.25,0,0,0,0,0,1,1,0,0,6.99,-0.13,8791.45,%sOxidizer Pressure Confirmation
2348,71.56,1917.14,104.97,541.68,726.08,707.54,709.8,9.25,0,0,0,0,0,1,1,0,0,6.99,-0.13,8791.52,%sOxidizer Pressure Confirmation
2349,32.79,1917.14,104.97,541.68,733.47,707.54,709.8,9.25,0,0,0,0,0,1,1,0,0,6.99,-0.13,8791.55,%sOxidizer Pressure Confirmation
2350,40.31,1917.14,104.97,541.68,733.47,707.54,709.8,9.25,0,0,0,0,0,1,1,0,0,6.99,-0.13,8791.59,%sOxidizer Pressure Confirmation
2351,38.86,1917.14,104.97,541.68,733.47,708.57,710.89,9.25,0,0,0,0,0,1,1,0,0,6.99,-0.13,8791.63,%sOxidizer Pressure Confirmation
2352,33.68,1917.14,104.97,541.68,733.47,708.57,710.89,9.25,0,0,0,0,0,1,1,0,0,6.99,-0.13,8791.67,%sOxidizer Pressure Confirmation
2353,24.67,1917.14,104.97,541.68,733.47,708.57,710.89,10.07,0,0,0,0,0,1,1,0,0,6.99,-0.1,8791.69,%sOxidizer Pressure Confirmation
2354,30.45,1917.12,104.97,541.68,733.47,708.57,710.89,10.07,0,0,0,0,0,1,1,0,0,7,-0.1,8791.72,%sOxidizer Pressure Confirmation
2355,30.78,1917.12,105.18,541.68,733.47,708.57,710.89,10.07,0,0,0,0,0,1,1,0,0,7,-0.1,8791.75,%sOxidizer Pressure Confirmation
2356,31.44,1917.12,105.18,541.9,733.47,708.57,710.89,10.07,0,0,0,0,0,1,1,0,0,7,-0.1,8791.78,%sOxidizer Pressure Confirmation
2357,28.33,1917.12,105.18,541.9,741.67,708.57,710.89,10.07,0,0,0,0,0,1,1,0,0,7,-0.1,8791.81,%sOxidizer Pressure Confirmation
2358,31.55,1917.12,105.18,541.9,741.67,709.3,711.58,10.07,0,0,0,0,0,1,1,0,0,7,-0.1,8791.84,%sOxidizer Pressure Confirmation
2359,28.72,1917.12,105.18,541.9,741.67,709.3,711.58,11.29,0,0,0,0,0,1,1,0,0,7,-0.07,8791.87,%sOxidizer Pressure Confirmation
2360,35.77,1917.12,105.18,541.9,741.67,709.3,711.58,11.29,0,0,0,0,0,1,1,0,0,7.02,-0.07,8791.91,%sOxidizer Pressure Confirmation
2361,36.29,1917.53,105.18,541.9,741.67,709.3,711.58,11.29,0,0,0,0,0,1,1,0,0,7.02,-0.07,8791.94,%sOxidizer Pressure Confirmation
2362,29.7,1917.53,105.27,541.92,741.67,709.3,711.58,11.29,0,0,0,0,0,1,1,0,0,7.02,-0.07,8791.97,%sOxidizer Pressure Confirmation
2363,31.41,1917.53,105.27,541.92,749.95,710.63,711.58,11.29,0,0,0,0,0,1,1,0,0,7.02,-0.07,8792.01,%sOxidizer Pressure Confirmation
2364,32.23,1917.53,105.27,541.92,749.95,710.63,712.97,11.29,0,0,0,0,0,1,1,0,0,7.02,-0.07,8792.04,%sOxidizer Pressure Confirmation
2365,23.67,1917.53,105.27,541.92,749.95,710.63,712.97,11.81,0,0,0,0,0,1,1,0,0,7.02,-0.07,8792.06,%sOxidizer Pressure Confirmation
2366,29.67,1917.1,105.27,541.92,749.95,710.63,712.97,11.81,0,0,0,0,0,1,1,0,0,7.02,-0.06,8792.09,%sOxidizer Pressure Confirmation
2367,28.53,1917.1,105.27,541.92,749.95,710.63,712.97,11.81,0,0,0,0,0,1,1,0,0,7.02,-0.06,8792.12,%sOxidizer Pressure Confirmation
2368,26.14,1917.1,105.42,541.9,749.95,710.63,712.97,11.81,0,0,0,0,0,1,1,0,0,7.02,-0.06,8792.15,%sOxidizer Pressure Confirmation
2369,22.13,1917.1,105.42,541.9,758.06,711.57,712.97,11.81,0,0,0,0,0,1,1,0,0,7.02,-0.06,8792.17,%sOxidizer Pressure Confirmation
2370,26.22,1917.1,105.42,541.9,758.06,711.57,713.88,11.81,0,0,0,0,0,1,1,0,0,7.02,-0.06,8792.19,%sOxidizer Pressure Confirmation
2371,33.89,1917.1,105.42,541.9,758.06,711.57,713.88,12.43,0,0,0,0,0,1,1,0,0,7.02,-0.04,8792.23,%sOxidizer Pressure Confirmation
2372,31.48,1917.09,105.42,541.9,758.06,711.57,713.88,12.43,0,0,0,0,0,1,1,0,0,7.03,-0.04,8792.26,%sOxidizer Pressure Confirmation
2373,25.68,1917.09,105.49,541.9,758.06,711.57,713.88,12.43,0,0,0,0,0,1,1,0,0,7.03,-0.04,8792.29,%sOxidizer Pressure Confirmation
2374,25.83,1917.09,105.49,542.04,766.18,711.57,713.88,12.43,0,0,0,0,0,1,1,0,0,7.03,-0.04,8792.31,%sOxidizer Pressure Confirmation
2375,30.9,1917.09,105.49,542.04,766.18,712.74,715.1,12.43,0,0,0,0,0,1,1,0,0,7.03,-0.04,8792.34,%sOxidizer Pressure Confirmation
2376,31.05,1917.09,105.49,542.04,766.18,712.74,715.1,13.55,0,0,0,0,0,1,1,0,0,7.03,0,8792.37,%sOxidizer Pressure Confirmation
2377,27.59,1917.57,105.49,542.04,766.18,712.74,715.1,13.55,0,0,0,0,0,1,1,0,0,7.03,0,8792.4,%sOxidizer Pressure Confirmation
2378,30.18,1917.57,105.43,541.93,766.18,712.74,715.1,13.55,0,0,0,0,0,1,1,0,0,7.03,0,8792.43,%sOxidizer Pressure Confirmation
2379,24.31,1917.57,105.43,541.93,774.2,712.74,715.1,13.55,0,0,0,0,0,1,1,0,0,7.03,0,8792.46,%sOxidizer Pressure Confirmation
2380,32.95,1917.57,105.43,541.93,774.2,713.73,715.98,13.55,0,0,0,0,0,1,1,0,0,7.03,0,8792.49,%sOxidizer Pressure Confirmation
2381,22.28,1917.57,105.43,541.93,774.2,713.73,715.98,14.12,0,0,0,0,0,1,1,0,0,7.04,0.02,8792.51,%sOxidizer Pressure Confirmation
2382,24.21,1917.57,105.43,541.93,774.2,713.73,715.98,14.12,0,0,0,0,0,1,1,0,0,7.04,0.02,8792.53,%sOxidizer Pressure Confirmation
2383,33.53,1917.89,105.4,541.93,774.2,713.73,715.98,14.12,0,0,0,0,0,1,1,0,0,7.04,0.02,8792.57,%sOxidizer Pressure Confirmation
2384,29.86,1917.89,105.4,541.85,782.1,713.73,715.98,14.12,0,0,0,0,0,1,1,0,0,7.04,0.02,8792.6,%sOxidizer Pressure Confirmation
2385,29.27,1917.89,105.4,541.85,782.1,714.44,716.79,14.12,0,0,0,0,0,1,1,0,0,7.04,0.02,8792.63,%sOxidizer Pressure Confirmation
2386,25.84,1917.89,105.4,541.85,782.1,714.44,716.79,15.1,0,0,0,0,0,1,1,0,0,7.04,0.04,8792.65,%sOxidizer Pressure Confirmation
2387,24.84,1917.82,105.37,541.85,782.1,714.44,716.79,15.1,0,0,0,0,0,1,1,0,0,7.04,0.04,8792.68,%sOxidizer Pressure Confirmation
2388,30.12,1917.82,105.37,541.98,790.31,714.44,716.79,15.1,0,0,0,0,0,1,1,0,0,7.04,0.04,8792.71,%sOxidizer Pressure Confirmation
2389,25.78,1917.82,105.37,541.98,790.31,715.48,717.76,15.97,0,0,0,0,0,1,1,0,0,7.04,0.04,8792.73,%sOxidizer Pressure Confirmation
2390,27.74,1917.82,105.37,541.98,790.31,715.48,717.76,15.97,0,0,0,0,0,1,1,0,0,7.04,0.04,8792.76,%sOxidizer Pressure Confirmation
2391,25.34,1917.82,105.37,541.98,790.31,715.48,717.76,15.97,0,0,0,0,0,1,1,0,0,7.05,0.06,8792.79,%sOxidizer Pressure Confirmation
2392,23.83,1918.49,105.37,541.98,790.31,715.48,717.76,15.97,0,0,0,0,0,1,1,0,0,7.05,0.06,8792.81,%sOxidizer Pressure Confirmation
2393,23.26,1918.49,105.57,541.98,790.31,715.48,717.76,15.97,0,0,0,0,0,1,1,0,0,7.05,0.06,8792.83,%sOxidizer Pressure Confirmation
2394,25.72,1918.49,105.57,542.13,798.18,715.48,717.76,15.97,0,0,0,0,0,1,1,0,0,7.05,0.06,8792.86,%sOxidizer Pressure Confirmation
2395,28.24,1918.49,105.57,542.13,798.18,715.38,717.56,15.97,0,0,0,0,0,1,1,0,0,7.05,0.06,8792.89,%sOxidizer Pressure Confirmation
2396,24.67,1918.49,105.57,542.13,798.18,715.38,717.56,16.64,0,0,0,0,0,1,1,0,0,7.05,0.06,8792.91,%sOxidizer Pressure Confirmation
2397,28.8,1918.37,105.57,542.13,798.18,715.38,717.56,16.64,0,0,0,0,0,1,1,0,0,7.05,0.06,8792.94,%sOxidizer Pressure Confirmation
2398,31.78,1918.37,106.62,542.24,798.18,715.38,717.56,16.64,0,0,0,0,0,1,1,0,0,7.05,0.06,8792.97,%sOxidizer Pressure Confirmation
2399,34.78,1918.37,106.62,542.24,806.08,715.26,717.56,16.64,0,0,0,0,0,1,1,0,0,7.05,0.06,8793.01,%sOxidizer Pressure Confirmation
2400,32.11,1918.37,106.62,542.24,806.08,715.26,717.56,17.02,0,0,0,0,0,1,1,0,0,7.05,0.06,8793.04,%sOxidizer Pressure Confirmation
2401,27.03,1918.37,106.62,542.24,806.08,715.26,717.56,17.02,0,0,0,0,0,1,1,0,0,7.05,0.05,8793.07,%sOxidizer Pressure Confirmation
2402,26.62,1918.39,106.62,542.24,806.08,715.26,717.56,17.02,0,0,0,0,0,1,1,0,0,7.05,0.05,8793.09,%sOxidizer Pressure Confirmation
2403,26.82,1918.39,107.71,542.45,806.08,715.26,717.56,17.02,0,0,0,0,0,1,1,0,0,7.05,0.05,8793.12,%sOxidizer Pressure Confirmation
2404,34.84,1918.39,107.71,542.45,807.19,715.42,717.56,17.02,0,0,0,0,0,1,1,0,0,7.05,0.05,8793.16,%sOxidizer Pressure Confirmation
2405,24.65,1918.39,107.71,542.45,807.19,715.42,717.41,17.02,0,0,0,0,0,1,1,0,0,7.05,0.05,8793.18,%sOxidizer Pressure Confirmation
2406,23.09,1918.39,107.71,542.45,807.19,715.42,717.41,16.85,0,0,0,0,0,1,1,0,0,7.05,0.03,8793.2,%sOxidizer Pressure Confirmation
2407,24.86,1918.74,107.8,542.45,807.19,715.42,717.41,16.85,0,0,0,0,0,1,1,0,0,7.05,0.03,8793.23,%sOxidizer Pressure Confirmation
2408,34.67,1918.74,107.8,542.52,807.5,715.42,717.41,16.85,0,0,0,0,0,1,1,0,0,7.05,0.03,8793.26,%sOxidizer Pressure Confirmation
2409,25.22,1918.74,107.8,542.52,807.5,715.64,717.26,16.85,0,0,0,0,0,1,1,0,0,7.05,0.03,8793.29,%sOxidizer Pressure Confirmation
2410,31.21,1918.74,107.8,542.52,807.5,715.64,717.26,16.18,0,0,0,0,0,1,1,0,0,7.05,0.03,8793.32,%sOxidizer Pressure Confirmation
2411,32.66,1918.74,107.8,542.52,807.5,715.64,717.26,16.18,0,0,0,0,0,1,1,0,0,7.05,0.02,8793.35,%sOxidizer Pressure Confirmation
2412,27.71,1918.83,107.8,542.52,807.5,715.64,717.26,16.18,0,0,0,0,0,1,1,0,0,7.05,0.02,8793.38,%sOxidizer Pressure Confirmation
2413,27.04,1918.83,107.99,542.52,807.5,715.64,717.26,16.18,0,0,0,0,0,1,1,0,0,7.05,0.02,8793.41,%sOxidizer Pressure Confirmation
2414,26.43,1918.83,107.99,542.72,807.59,714.48,717.26,16.18,0,0,0,0,0,1,1,0,0,7.05,0.02,8793.43,%sOxidizer Pressure Confirmation
2415,29.75,1918.83,107.99,542.72,807.59,714.48,716.1,16.18,0,0,0,0,0,1,1,0,0,7.05,0.02,8793.46,%sOxidizer Pressure Confirmation
2416,25.75,1918.83,107.99,542.72,807.59,714.48,716.1,15.9,0,0,0,0,0,1,1,0,0,7.05,0.02,8793.49,%sOxidizer Pressure Confirmation
2417,28.06,1918.83,107.99,542.72,807.59,714.48,716.1,15.9,0,0,0,0,0,1,1,0,0,7.05,0.02,8793.52,%sOxidizer Pressure Confirmation
2418,31.74,1919.47,107.99,542.72,807.59,714.48,716.1,15.9,0,0,0,0,0,1,1,0,0,7.05,0.02,8793.55,%sOxidizer Pressure Confirmation
2419,32.28,1919.47,108.07,542.67,807.6,714.48,716.1,15.9,0,0,0,0,0,1,1,0,0,7.05,0.02,8793.58,%sOxidizer Pressure Confirmation
2420,34.72,1919.47,108.07,542.67,807.6,713.93,715.83,15.9,0,0,0,0,0,1,1,0,0,7.05,0.02,8793.62,%sOxidizer Pressure Confirmation
2421,29.73,1919.47,108.07,542.67,807.6,713.93,715.83,15.9,0,0,0,0,0,1,1,0,0,7.05,0.02,8793.65,%sOxidizer Pressure Confirmation
2422,21.28,1919.47,108.07,542.67,807.6,713.93,715.83,16.18,0,0,0,0,0,1,1,0,0,7.05,0.02,8793.67,%sOxidizer Pressure Confirmation
2423,30.58,1919.47,108.07,542.67,807.6,713.93,715.83,16.18,0,0,0,0,0,1,1,0,0,7.06,0.03,8793.7,%sOxidizer Pressure Confirmation
2424,35.31,1919.81,108.07,542.67,807.6,713.93,715.83,16.18,0,0,0,0,0,1,1,0,0,7.06,0.03,8793.73,%sOxidizer Pressure Confirmation
2425,27.68,1919.81,108.17,542.77,807.6,713.93,715.83,16.18,0,0,0,0,0,1,1,0,0,7.06,0.03,8793.76,%sOxidizer Pressure Confirmation
2426,34.61,1919.81,108.17,542.77,807.72,713.93,715.83,16.18,0,0,0,0,0,1,1,0,0,7.06,0.03,8793.79,%sOxidizer Pressure Confirmation
2427,29.34,1919.81,108.17,542.77,807.72,713.43,715.5,16.18,0,0,0,0,0,1,1,0,0,7.06,0.03,8793.82,%sOxidizer Pressure Confirmation
2428,28.69,1919.81,108.17,542.77,807.72,713.43,715.5,16.09,0,0,0,0,0,1,1,0,0,7.06,0.03,8793.85,%sOxidizer Pressure Confirmation
2429,25.67,1919.81,108.17,542.77,807.72,713.43,715.5,16.09,0,0,0,0,0,1,1,0,0,7.06,0.03,8793.88,%sOxidizer Pressure Confirmation
2430,33.72,1919.67,108.17,542.77,807.72,713.43,715.5,16.09,0,0,0,0,0,1,1,0,0,7.06,0.03,8793.91,%sOxidizer Pressure Confirmation
2431,30.31,1919.67,108.32,542.9,807.72,713.43,715.5,16.09,0,0,0,0,0,1,1,0,0,7.06,0.03,8793.94,%sOxidizer Pressure Confirmation
2432,34.65,1919.67,108.32,542.9,807.74,713.43,715.5,16.09,0,0,0,0,0,1,1,0,0,7.06,0.03,8793.98,%sOxidizer Pressure Confirmation
2433,31.18,1919.67,108.32,542.9,807.74,713.06,715.13,16.09,0,0,0,0,0,1,1,0,0,7.06,0.03,8794.01,%sOxidizer Pressure Confirmation
2434,25.7,1919.67,108.32,542.9,807.74,713.06,715.13,16.06,0,0,0,0,0,1,1,0,0,7.06,0.03,8794.03,%sOxidizer Pressure Confirmation
2435,24.67,1919.67,108.32,542.9,807.74,713.06,715.13,16.06,0,0,0,0,0,1,1,0,0,7.06,0.03,8794.06,%sOxidizer Pressure Confirmation
2436,33.6,1919.74,108.32,542.9,807.74,713.06,715.13,16.06,0,0,0,0,0,1,1,0,0,7.06,0.03,8794.09,%sOxidizer Pressure Confirmation
2437,28.85,1919.74,108.41,542.95,807.83,713.06,715.13,16.06,0,0,0,0,0,1,1,0,0,7.06,0.03,8794.12,%sOxidizer Pressure Confirmation
2438,26.4,1919.74,108.41,542.95,807.83,713.06,715.13,16.06,0,0,0,0,0,1,1,0,0,7.06,0.03,8794.15,%sOxidizer Pressure Confirmation
2439,27.22,1919.74,108.41,542.95,807.83,712.71,714.95,16.06,0,0,0,0,0,1,1,0,0,7.06,0.03,8794.17,%sOxidizer Pressure Confirmation
2440,23.66,1919.74,108.41,542.95,807.83,712.71,714.95,15.58,0,0,0,0,0,1,1,0,0,7.06,0.03,8794.2,%sOxidizer Pressure Confirmation
2441,25.68,1919.86,108.41,542.95,807.83,712.71,714.95,15.58,0,0,0,0,0,1,1,0,0,7.06,0.04,8794.22,%sOxidizer Pressure Confirmation
2442,26.17,1919.86,108.48,542.95,807.83,712.71,714.95,15.58,0,0,0,0,0,1,1,0,0,7.06,0.04,8794.25,%sOxidizer Pressure Confirmation
2443,30.39,1919.86,108.48,542.95,807.95,712.71,714.95,15.58,0,0,0,0,0,1,1,0,0,7.06,0.04,8794.28,%sOxidizer Pressure Confirmation
2444,27.97,1919.86,108.48,542.95,807.95,712.5,714.25,15.58,0,0,0,0,0,1,1,0,0,7.06,0.04,8794.31,%sOxidizer Pressure Confirmation
2445,29.81,1919.86,108.48,542.95,807.95,712.5,714.25,15.17,0,0,0,0,0,1,1,0,0,7.06,0.04,8794.34,%sOxidizer Pressure Confirmation
2446,29.82,1919.77,108.48,542.95,807.95,712.5,714.25,15.17,0,0,0,0,0,1,1,0,0,7.06,0.04,8794.37,%sOxidizer Pressure Confirmation
2447,28.14,1919.77,108.48,542.95,807.95,712.5,714.25,15.17,0,0,0,0,0,1,1,0,0,7.06,0.04,8794.4,%sOxidizer Pressure Confirmation
2448,27.08,1919.77,108.48,542.94,807.88,711.62,714.25,15.17,0,0,0,0,0,1,1,0,0,7.06,0.04,8794.42,%sOxidizer Pressure Confirmation
2449,26.62,1919.77,108.48,542.94,807.88,711.62,713.81,15.17,0,0,0,0,0,1,1,0,0,7.06,0.04,8794.45,%sOxidizer Pressure Confirmation
2450,23.29,1919.77,108.48,542.94,807.88,711.62,713.81,15.14,0,0,0,0,0,1,1,0,0,7.06,0.04,8794.47,%sOxidizer Pressure Confirmation
2451,26.87,1919.93,108.48,542.94,807.88,711.62,713.81,15.14,0,0,0,0,0,1,1,0,0,7.07,0.05,8794.5,%sOxidizer Pressure Confirmation
2452,29.95,1919.93,108.56,542.89,807.88,711.62,713.81,15.14,0,0,0,0,0,1,1,0,0,7.07,0.05,8794.53,%sOxidizer Pressure Confirmation
2453,46.26,1919.93,108.56,542.89,807.82,711.19,713.81,15.14,0,0,0,0,0,1,1,0,0,7.07,0.05,8794.58,%sOxidizer Pressure Confirmation
2454,25.53,1919.93,108.56,542.89,807.82,711.19,713.35,15.14,0,0,0,0,0,1,1,0,0,7.07,0.05,8794.6,%sOxidizer Pressure Confirmation
2455,23.75,1920.64,108.56,542.89,807.82,711.19,713.35,15.06,0,0,0,0,0,1,1,0,0,7.07,0.06,8794.63,%sOxidizer Pressure Confirmation
2456,33.29,1920.64,108.85,542.81,807.82,711.19,713.35,15.06,0,0,0,0,0,1,1,0,0,7.07,0.06,8794.66,%sOxidizer Pressure Confirmation
2457,27.08,1920.64,108.85,542.81,807.68,710.3,713.35,15.06,0,0,0,0,0,1,1,0,0,7.07,0.06,8794.69,%sOxidizer Pressure Confirmation
2458,23.85,1920.64,108.85,542.81,807.68,710.3,712.62,15.06,0,0,0,0,0,1,1,0,0,7.07,0.06,8794.71,%sOxidizer Pressure Confirmation
2459,29.18,1920.64,108.85,542.81,807.68,710.3,712.62,15,0,0,0,0,0,1,1,0,0,7.07,0.07,8794.74,%sOxidizer Pressure Confirmation
2460,30.61,1920.23,108.85,542.81,807.68,710.3,712.62,15,0,0,0,0,0,1,1,0,0,7.07,0.07,8794.77,%sOxidizer Pressure Confirmation
2461,26.09,1920.23,108.71,542.64,807.68,710.3,712.62,15,0,0,0,0,0,1,1,0,0,7.07,0.07,8794.8,%sOxidizer Pressure Confirmation
2462,30.07,1920.23,108.71,542.64,807.47,710.3,712.62,15,0,0,0,0,0,1,1,0,0,7.07,0.07,8794.83,%sOxidizer Pressure Confirmation
2463,23.23,1920.23,108.71,542.64,807.47,710.05,713.18,15.69,0,0,0,0,0,1,1,0,0,7.07,0.08,8794.85,%sOxidizer Pressure Confirmation
2464,26.07,1919.84,108.71,542.64,807.47,710.05,713.18,15.69,0,0,0,0,0,1,1,0,0,7.07,0.08,8794.87,%sOxidizer Pressure Confirmation
2465,26.88,1919.84,108.65,542.5,807.47,710.05,713.18,15.69,0,0,0,0,0,1,1,0,0,7.07,0.08,8794.9,%sOxidizer Pressure Confirmation
2466,26.66,1919.84,108.65,542.5,807.42,710.05,713.18,15.69,0,0,0,0,0,1,1,0,0,7.07,0.08,8794.93,%sOxidizer Pressure Confirmation
2467,28.49,1919.84,108.65,542.5,807.42,710.28,713.4,16,0,0,0,0,0,1,1,0,0,7.07,0.08,8794.96,%sOxidizer Pressure Confirmation
2468,27.32,1919.84,108.65,542.5,807.42,710.28,713.4,16,0,0,0,0,0,1,1,0,0,7.07,0.09,8794.98,%sOxidizer Pressure Confirmation
2469,26.64,1919.39,108.63,542.56,807.42,710.28,713.4,16,0,0,0,0,0,1,1,0,0,7.07,0.09,8795.01,%sOxidizer Pressure Confirmation
2470,26.2,1919.39,108.63,542.56,807.6,710.62,713.4,16,0,0,0,0,0,1,1,0,0,7.07,0.09,8795.04,%sOxidizer Pressure Confirmation
2471,37.65,1919.39,108.63,542.56,807.6,710.62,713.31,15.77,0,0,0,0,0,1,1,0,0,7.07,0.09,8795.07,%sOxidizer Pressure Confirmation
2472,26.54,1919.39,108.63,542.56,807.6,710.62,713.31,15.77,0,0,0,0,0,1,1,0,0,7.06,0.08,8795.1,%sOxidizer Pressure Confirmation
2473,30.23,1918.99,108.63,542.56,807.6,710.62,713.31,15.77,0,0,0,0,0,1,1,0,0,7.06,0.08,8795.13,%sOxidizer Pressure Confirmation
2474,28.84,1918.99,108.5,542.74,807.76,710.62,713.31,15.77,0,0,0,0,0,1,1,0,0,7.06,0.08,8795.16,%sOxidizer Pressure Confirmation
2475,24.25,1918.99,108.5,542.74,807.76,710.52,712.65,15.77,0,0,0,0,0,1,1,0,0,7.06,0.08,8795.18,%sOxidizer Pressure Confirmation
2476,26.53,1918.99,108.5,542.74,807.76,710.52,712.65,15.29,0,0,0,0,0,1,1,0,0,7.06,0.08,8795.21,%sOxidizer Pressure Confirmation
2477,27.17,1919.76,108.5,542.74,807.76,710.52,712.65,15.29,0,0,0,0,0,1,1,0,0,7.07,0.06,8795.24,%sOxidizer Pressure Confirmation
2478,24.29,1919.76,108.59,542.83,807.76,710.52,712.65,15.29,0,0,0,0,0,1,1,0,0,7.07,0.06,8795.26,%sOxidizer Pressure Confirmation
2479,21.08,1919.76,108.59,542.83,807.69,710.52,712.65,15.29,0,0,0,0,0,1,1,0,0,7.07,0.06,8795.28,%sOxidizer Pressure Confirmation
2480,24.73,1919.76,108.59,542.83,807.69,709.99,712.43,15.29,0,0,0,0,0,1,1,0,0,7.07,0.06,8795.31,%sOxidizer Pressure Confirmation
2481,26.72,1920.14,108.59,542.83,807.69,709.99,712.43,15.33,0,0,0,0,0,1,1,0,0,7.07,0.07,8795.34,%sOxidizer Pressure Confirmation
2482,31.57,1920.14,108.64,542.78,807.69,709.99,712.43,15.33,0,0,0,0,0,1,1,0,0,7.07,0.07,8795.37,%sOxidizer Pressure Confirmation
2483,25.65,1920.14,108.64,542.78,807.6,709.99,712.43,15.33,0,0,0,0,0,1,1,0,0,7.07,0.07,8795.39,%sOxidizer Pressure Confirmation
2484,24.08,1920.14,108.64,542.78,807.6,709.61,711.86,15.51,0,0,0,0,0,1,1,0,0,7.07,0.07,8795.42,%sOxidizer Pressure Confirmation
2485,26.19,1920.14,108.64,542.78,807.6,709.61,711.86,15.51,0,0,0,0,0,1,1,0,0,7.08,0.08,8795.44,%sOxidizer Pressure Confirmation
2486,28.52,1920.61,108.73,542.78,807.6,709.61,711.86,15.51,0,0,0,0,0,1,1,0,0,7.08,0.08,8795.47,%sOxidizer Pressure Confirmation
2487,25.1,1920.61,108.73,542.77,807.5,709,711.73,15.51,0,0,0,0,0,1,1,0,0,7.08,0.08,8795.5,%sOxidizer Pressure Confirmation
2488,30.18,1920.61,108.73,542.77,807.5,709,711.73,15.62,0,0,0,0,0,1,1,0,0,7.08,0.08,8795.53,%sOxidizer Pressure Confirmation
2489,25.6,1920.61,108.73,542.77,807.5,709,711.73,15.62,0,0,0,0,0,1,1,0,0,7.08,0.1,8795.55,%sOxidizer Pressure Confirmation
2490,23.13,1921.28,108.73,542.77,807.5,709,711.73,15.62,0,0,0,0,0,1,1,0,0,7.08,0.1,8795.58,%sOxidizer Pressure Confirmation
2491,26.54,1921.28,108.82,542.76,807.61,709,711.73,15.62,0,0,0,0,0,1,1,0,0,7.08,0.1,8795.6,%sOxidizer Pressure Confirmation
2492,29.16,1921.28,108.82,542.76,807.61,709.07,711.21,15.62,0,0,0,0,0,1,1,0,0,7.08,0.1,8795.63,%sOxidizer Pressure Confirmation
2493,24.01,1921.28,108.82,542.76,807.61,709.07,711.21,15.04,0,0,0,0,0,1,1,0,0,7.08,0.09,8795.65,%sOxidizer Pressure Confirmation
2494,22.33,1921.51,108.78,542.76,807.61,709.07,711.21,15.04,0,0,0,0,0,1,1,0,0,7.08,0.09,8795.68,%sOxidizer Pressure Confirmation
2495,30.74,1921.51,108.78,542.75,807.49,709.07,711.21,15.04,0,0,0,0,0,1,1,0,0,7.08,0.09,8795.71,%sOxidizer Pressure Confirmation
2496,25.17,1921.51,108.78,542.75,807.49,708.59,711.21,15.04,0,0,0,0,0,1,1,0,0,7.08,0.09,8795.73,%sOxidizer Pressure Confirmation
2497,24.84,1921.51,108.78,542.75,807.49,708.59,710.97,15.16,0,0,0,0,0,1,1,0,0,7.08,0.1,8795.76,%sOxidizer Pressure Confirmation
2498,22.64,1920.87,108.45,542.75,807.49,708.59,710.97,15.16,0,0,0,0,0,1,1,0,0,7.07,0.1,8795.78,%sOxidizer Pressure Confirmation
2499,28.93,1920.87,108.45,542.61,807.47,708.59,710.97,15.16,0,0,0,0,0,1,1,0,0,7.07,0.1,8795.81,%sOxidizer Pressure Confirmation
2500,29.49,1920.87,108.45,542.61,807.47,708.75,710.97,15.16,0,0,0,0,0,1,1,0,0,7.07,0.1,8795.84,%sOxidizer Pressure Confirmation
2501,26.44,1920.87,108.45,542.61,807.47,708.75,711.22,15.44,0,0,0,0,0,1,1,0,0,7.07,0.09,8795.87,%sOxidizer Pressure Confirmation
2502,34.15,1920.87,108.45,542.61,807.47,708.75,711.22,15.44,0,0,0,0,0,1,1,0,0,7.07,0.09,8795.9,%sOxidizer Pressure Confirmation
2503,25.54,1920.99,108.46,542.77,807.67,708.75,711.22,15.44,0,0,0,0,0,1,1,0,0,7.07,0.09,8795.93,%sOxidizer Pressure Confirmation
2504,29.73,1920.99,108.46,542.77,807.67,708.15,711.22,15.44,0,0,0,0,0,1,1,0,0,7.07,0.09,8795.95,%sOxidizer Pressure Confirmation
2505,23.68,1920.99,108.46,542.77,807.67,708.15,710.26,14.74,0,0,0,0,0,1,1,0,0,7.07,0.09,8795.98,%sOxidizer Pressure Confirmation
2506,26.15,1921.59,108.46,542.77,807.67,708.15,710.26,14.74,0,0,0,0,0,1,1,0,0,7.08,0.1,8796,%sOxidizer Pressure Confirmation
2507,25.94,1921.59,108.35,542.79,807.67,708.15,710.26,14.74,0,0,0,0,0,1,1,0,0,7.08,0.1,8796.03,%sOxidizer Pressure Confirmation
2508,28.9,1921.59,108.35,542.79,807.65,708.15,710.26,14.74,0,0,0,0,0,1,1,0,0,7.08,0.1,8796.06,%sOxidizer Pressure Confirmation
2509,23.23,1921.59,108.35,542.79,807.65,707.79,709.97,14.98,0,0,0,0,0,1,1,0,0,7.08,0.09,8796.08,%sOxidizer Pressure Confirmation
2510,28.82,1921.54,108.35,542.79,807.65,707.79,709.97,14.98,0,0,0,0,0,1,1,0,0,7.08,0.09,8796.11,%sOxidizer Pressure Confirmation
2511,22.34,1921.54,108.32,542.79,807.65,707.79,709.97,14.98,0,0,0,0,0,1,1,0,0,7.08,0.09,8796.13,%sOxidizer Pressure Confirmation
2512,26.44,1921.54,108.32,542.91,807.71,707.37,709.97,14.98,0,0,0,0,0,1,1,0,0,7.08,0.09,8796.16,%sOxidizer Pressure Confirmation
2513,21.13,1921.54,108.32,542.91,807.71,707.37,709.53,14.9,0,0,0,0,0,1,1,0,0,7.08,0.09,8796.18,%sOxidizer Pressure Confirmation
2514,25.25,1922.18,108.59,542.91,807.71,707.37,709.53,14.9,0,0,0,0,0,1,1,0,0,7.08,0.08,8796.21,%sOxidizer Pressure Confirmation
2515,26.34,1922.18,108.59,542.92,807.68,707.37,709.53,14.9,0,0,0,0,0,1,1,0,0,7.08,0.08,8796.23,%sOxidizer Pressure Confirmation
2516,25.19,1922.18,108.59,542.92,807.68,707.37,709.53,14.9,0,0,0,0,0,1,1,0,0,7.08,0.08,8796.26,%sOxidizer Pressure Confirmation
2517,23.22,1922.18,108.59,542.92,807.68,706.92,709.49,14.91,0,0,0,0,0,1,1,0,0,7.08,0.08,8796.28,%sOxidizer Pressure Confirmation
2518,24.91,1921.64,108.47,542.92,807.68,706.92,709.49,14.91,0,0,0,0,0,1,1,0,0,7.08,0.09,8796.31,%sOxidizer Pressure Confirmation
2519,23.39,1921.64,108.47,542.7,807.73,706.92,709.49,14.91,0,0,0,0,0,1,1,0,0,7.08,0.09,8796.33,%sOxidizer Pressure Confirmation
2520,27.17,1921.64,108.47,542.7,807.73,706.92,709.49,14.91,0,0,0,0,0,1,1,0,0,7.08,0.09,8796.36,%sOxidizer Pressure Confirmation
2521,26.35,1921.64,108.47,542.7,807.73,706.79,709.44,14.91,0,0,0,0,0,1,1,0,0,7.08,0.09,8796.38,%sOxidizer Pressure Confirmation
2522,23.71,1921.64,108.47,542.7,807.73,706.79,709.44,15.04,0,0,0,0,0,1,1,0,0,7.08,0.09,8796.41,%sOxidizer Pressure Confirmation
2523,26.36,1921.22,108.42,542.71,807.73,706.79,709.44,15.04,0,0,0,0,0,1,1,0,0,7.07,0.09,8796.43,%sOxidizer Pressure Confirmation
2524,26.54,1921.22,108.42,542.71,807.77,707.14,709.44,15.04,0,0,0,0,0,1,1,0,0,7.07,0.09,8796.46,%sOxidizer Pressure Confirmation
2525,23.1,1921.22,108.42,542.71,807.77,707.14,709.8,15.31,0,0,0,0,0,1,1,0,0,7.07,0.09,8796.48,%sOxidizer Pressure Confirmation
2526,26.49,1921.22,108.42,542.71,807.77,707.14,709.8,15.31,0,0,0,0,0,1,1,0,0,7.07,0.09,8796.51,%sOxidizer Pressure Confirmation
2527,23.56,1920.65,108.23,542.74,807.77,707.14,709.8,15.31,0,0,0,0,0,1,1,0,0,7.07,0.09,8796.53,%sOxidizer Pressure Confirmation
2528,29.94,1920.65,108.23,542.74,807.92,707.41,710.14,15.31,0,0,0,0,0,1,1,0,0,7.07,0.09,8796.56,%sOxidizer Pressure Confirmation
2529,22.24,1920.65,108.23,542.74,807.92,707.41,710.14,15.5,0,0,0,0,0,1,1,0,0,7.07,0.09,8796.59,%sOxidizer Pressure Confirmation
2530,26.7,1920.04,108.1,542.74,807.92,707.41,710.14,15.5,0,0,0,0,0,1,1,0,0,7.06,0.07,8796.61,%sOxidizer Pressure Confirmation
2531,26.3,1920.04,108.1,542.89,807.92,707.41,710.14,15.5,0,0,0,0,0,1,1,0,0,7.06,0.07,8796.64,%sOxidizer Pressure Confirmation
2532,26.94,1920.04,108.1,542.89,808.2,707.93,710.14,15.5,0,0,0,0,0,1,1,0,0,7.06,0.07,8796.67,%sOxidizer Pressure Confirmation
2533,23.08,1920.04,108.1,542.89,808.2,707.93,710.81,15.5,0,0,0,0,0,1,1,0,0,7.06,0.07,8796.69,%sOxidizer Pressure Confirmation
2534,23.75,1919.98,108.09,542.89,808.2,707.93,710.81,15.76,0,0,0,0,0,1,1,0,0,7.06,0.06,8796.71,%sOxidizer Pressure Confirmation
2535,23.7,1919.98,108.09,543,808.2,707.93,710.81,15.76,0,0,0,0,0,1,1,0,0,7.06,0.06,8796.74,%sOxidizer Pressure Confirmation
2536,27.62,1919.98,108.09,543,808.39,708.29,710.76,15.76,0,0,0,0,0,1,1,0,0,7.06,0.06,8796.76,%sOxidizer Pressure Confirmation
2537,26.72,1919.98,108.09,543,808.39,708.29,710.76,15.24,0,0,0,0,0,1,1,0,0,7.06,0.05,8796.79,%sOxidizer Pressure Confirmation
2538,29.46,1920.07,108.17,543,808.39,708.29,710.76,15.24,0,0,0,0,0,1,1,0,0,7.05,0.05,8796.82,%sOxidizer Pressure Confirmation
2539,24.77,1920.07,108.17,543.03,808.39,708.29,710.76,15.24,0,0,0,0,0,1,1,0,0,7.05,0.05,8796.84,%sOxidizer Pressure Confirmation
2540,26.82,1920.07,108.17,543.03,808.6,708.57,710.99,15.24,0,0,0,0,0,1,1,0,0,7.05,0.05,8796.87,%sOxidizer Pressure Confirmation
2541,26.88,1920.07,108.17,543.03,808.6,708.57,710.99,15.06,0,0,0,0,0,1,1,0,0,7.05,0.04,8796.9,%sOxidizer Pressure Confirmation
2542,30.02,1920.14,108.34,543.03,808.6,708.57,710.99,15.06,0,0,0,0,0,1,1,0,0,7.05,0.04,8796.93,%sOxidizer Pressure Confirmation
2543,27.23,1920.14,108.34,543.13,808.74,709.19,710.99,15.06,0,0,0,0,0,1,1,0,0,7.05,0.04,8796.96,%sOxidizer Pressure Confirmation
2544,22.99,1920.14,108.34,543.13,808.74,709.19,711.09,15.06,0,0,0,0,0,1,1,0,0,7.05,0.04,8796.98,%sOxidizer Pressure Confirmation
2545,27.96,1920.14,108.34,543.13,808.74,709.19,711.09,15.06,0,0,0,0,0,1,1,0,0,7.05,0.03,8797.01,%sOxidizer Pressure Confirmation
2546,29.16,1919.73,108.56,543.28,808.74,709.19,711.09,15.06,0,0,0,0,0,1,1,0,0,7.05,0.03,8797.04,%sOxidizer Pressure Confirmation
2547,27.69,1919.73,108.56,543.28,808.74,709.19,711.09,15.06,0,0,0,0,0,1,1,0,0,7.05,0.03,8797.06,%sOxidizer Pressure Confirmation
2548,28.6,1919.73,108.56,543.28,808.9,709.54,711.09,15.06,0,0,0,0,0,1,1,0,0,7.05,0.03,8797.09,%sOxidizer Pressure Confirmation
2549,26.65,1919.73,108.56,543.28,808.9,709.54,710.92,14.52,0,0,0,0,0,1,1,0,0,7.05,0.03,8797.12,%sOxidizer Pressure Confirmation
2550,31.19,1919.71,108.56,543.28,808.9,709.54,710.92,14.52,0,0,0,0,0,1,1,0,0,7.05,0.03,8797.15,%sOxidizer Pressure Confirmation
2551,22.08,1919.71,108.53,543.31,808.9,709.54,710.92,14.52,0,0,0,0,0,1,1,0,0,7.05,0.03,8797.17,%sOxidizer Pressure Confirmation
2552,22.36,1919.71,108.53,543.31,808.94,709.54,710.92,14.52,0,0,0,0,0,1,1,0,0,7.05,0.03,8797.19,%sOxidizer Pressure Confirmation
2553,30.01,1919.71,108.53,543.31,808.94,709.57,710.89,14.47,0,0,0,0,0,1,1,0,0,7.05,0.03,8797.22,%sOxidizer Pressure Confirmation
2554,31.74,1919.71,108.53,543.31,808.94,709.57,710.89,14.47,0,0,0,0,0,1,1,0,0,7.05,0.04,8797.26,%sOxidizer Pressure Confirmation
2555,30.7,1919.57,108.53,543.31,808.94,709.57,710.89,14.47,0,0,0,0,0,1,1,0,0,7.05,0.04,8797.29,%sOxidizer Pressure Confirmation
2556,26.71,1919.57,108.5,543.31,808.94,709.57,710.89,14.47,0,0,0,0,0,1,1,0,0,7.05,0.04,8797.31,%sOxidizer Pressure Confirmation
2557,35.93,1919.57,108.5,543.1,808.81,709.57,710.89,14.47,0,0,0,0,0,1,1,0,0,7.05,0.04,8797.35,%sOxidizer Pressure Confirmation
2558,28.06,1919.57,108.5,543.1,808.81,709.46,710.89,14.47,0,0,0,0,0,1,1,0,0,7.05,0.04,8797.38,%sOxidizer Pressure Confirmation
2559,29.61,1919.57,108.5,543.1,808.81,709.46,710.74,14.47,0,0,0,0,0,1,1,0,0,7.05,0.04,8797.41,%sOxidizer Pressure Confirmation
2560,27.73,1919.57,108.5,543.1,808.81,709.46,710.74,14.35,0,0,0,0,0,1,1,0,0,7.05,0.05,8797.43,%sOxidizer Pressure Confirmation
2561,32.73,1919.57,108.5,543.1,808.81,709.46,710.74,14.35,0,0,0,0,0,1,1,0,0,7.06,0.05,8797.47,%sOxidizer Pressure Confirmation
2562,32.27,1919.93,108.5,543.1,808.81,709.46,710.74,14.35,0,0,0,0,0,1,1,0,0,7.06,0.05,8797.5,%sOxidizer Pressure Confirmation
2563,41.97,1919.93,108.5,543.21,808.94,709.46,710.74,14.35,0,0,0,0,0,1,1,0,0,7.06,0.05,8797.54,%sOxidizer Pressure Confirmation
2564,37.18,1919.93,108.5,543.21,808.94,709.75,711.12,14.35,0,0,0,0,0,1,1,0,0,7.06,0.05,8797.58,%sOxidizer Pressure Confirmation
2565,34.79,1919.93,108.5,543.21,808.94,709.75,711.12,14.74,0,0,0,0,0,1,1,0,0,7.06,0.05,8797.61,%sOxidizer Pressure Confirmation
2566,31.79,1919.93,108.5,543.21,808.94,709.75,711.12,14.74,0,0,0,0,0,1,1,0,0,7.06,0.05,8797.65,%sOxidizer Pressure Confirmation
2567,27.72,1919.95,108.5,543.21,808.94,709.75,711.12,14.74,0,0,0,0,0,1,1,0,0,7.06,0.05,8797.67,%sOxidizer Pressure Confirmation
2568,30.45,1919.95,108.51,543.17,808.94,709.75,711.12,14.74,0,0,0,0,0,1,1,0,0,7.06,0.05,8797.7,%sOxidizer Pressure Confirmation
2569,44.88,1919.95,108.51,543.17,808.95,709.4,711.12,14.74,0,0,0,0,0,1,1,0,0,7.06,0.05,8797.75,%sOxidizer Pressure Confirmation
2570,29.69,1919.95,108.51,543.17,808.95,709.4,711.12,14.74,0,0,0,0,0,1,1,0,0,7.06,0.05,8797.78,%sOxidizer Pressure Confirmation
2571,30.23,1919.95,108.51,543.17,808.95,709.4,711.41,15.01,0,0,0,0,0,1,1,0,0,7.06,0.05,8797.81,%sOxidizer Pressure Confirmation
2572,29.71,1919.95,108.51,543.17,808.95,709.4,711.41,15.01,0,0,0,0,0,1,1,0,0,7.06,0.03,8797.84,%sOxidizer Pressure Confirmation
2573,32.21,1920.05,108.51,543.17,808.95,709.4,711.41,15.01,0,0,0,0,0,1,1,0,0,7.06,0.03,8797.87,%sOxidizer Pressure Confirmation
2574,36.63,1920.05,108.7,543.28,808.95,709.4,711.41,15.01,0,0,0,0,0,1,1,0,0,7.06,0.03,8797.91,%sOxidizer Pressure Confirmation
2575,37.84,1920.05,108.7,543.28,808.94,709.4,711.41,15.01,0,0,0,0,0,1,1,0,0,7.06,0.03,8797.94,%sOxidizer Pressure Confirmation
2576,28.58,1920.05,108.7,543.28,808.94,708.96,710.88,15.01,0,0,0,0,0,1,1,0,0,7.06,0.03,8797.97,%sOxidizer Pressure Confirmation
2577,32.66,1920.05,108.7,543.28,808.94,708.96,710.88,14.68,0,0,0,0,0,1,1,0,0,7.06,0.03,8798.01,%sOxidizer Pressure Confirmation
2578,36.75,1920.05,108.7,543.28,808.94,708.96,710.88,14.68,0,0,0,0,0,1,1,0,0,7.06,0.03,8798.04,%sOxidizer Pressure Confirmation
2579,23.18,1920,108.84,543.28,808.94,708.96,710.88,14.68,0,0,0,0,0,1,1,0,0,7.06,0.03,8798.07,%sOxidizer Pressure Confirmation
2580,30.17,1920,108.84,543.21,808.94,708.96,710.88,14.68,0,0,0,0,0,1,1,0,0,7.06,0.03,8798.1,%sOxidizer Pressure Confirmation
2581,32.7,1920,108.84,543.21,808.8,708.49,710.88,14.68,0,0,0,0,0,1,1,0,0,7.06,0.03,8798.13,%sOxidizer Pressure Confirmation
2582,30.64,1920,108.84,543.21,808.8,708.49,710.88,14.68,0,0,0,0,0,1,1,0,0,7.06,0.03,8798.16,%sOxidizer Pressure Confirmation
2583,29.62,1920,108.84,543.21,808.8,708.49,710.39,14.36,0,0,0,0,0,1,1,0,0,7.06,0.03,8798.19,%sOxidizer Pressure Confirmation
2584,29.17,1920,108.84,543.21,808.8,708.49,710.39,14.36,0,0,0,0,0,1,1,0,0,7.06,0.03,8798.22,%sOxidizer Pressure Confirmation
2585,30.27,1919.84,108.84,543.21,808.8,708.49,710.39,14.36,0,0,0,0,0,1,1,0,0,7.06,0.03,8798.25,%sOxidizer Pressure Confirmation
2586,24.7,1919.84,108.76,543.14,808.83,708.49,710.39,14.36,0,0,0,0,0,1,1,0,0,7.06,0.03,8798.27,%sOxidizer Pressure Confirmation
2587,36.21,1919.84,108.76,543.14,808.83,708.23,710.39,14.36,0,0,0,0,0,1,1,0,0,7.06,0.03,8798.31,%sOxidizer Pressure Confirmation
2588,35.06,1919.84,108.76,543.14,808.83,708.23,710,14.36,0,0,0,0,0,1,1,0,0,7.06,0.03,8798.34,%sOxidizer Pressure Confirmation
2589,25.74,1919.84,108.76,543.14,808.83,708.23,710,14.36,0,0,0,0,0,1,1,0,0,7.06,0.03,8798.37,%sOxidizer Pressure Confirmation
2590,24.04,1919.79,108.76,543.14,808.83,708.23,710,14.35,0,0,0,0,0,1,1,0,0,7.06,0.03,8798.39,%sOxidizer Pressure Confirmation
2591,32.22,1919.79,108.76,543.14,808.83,708.23,710,14.35,0,0,0,0,0,1,1,0,0,7.06,0.03,8798.43,%sOxidizer Pressure Confirmation
2592,23.63,1919.79,108.74,543.12,808.83,708.23,710,14.35,0,0,0,0,0,1,1,0,0,7.06,0.03,8798.45,%sOxidizer Pressure Confirmation
2593,24.05,1919.79,108.74,543.12,808.77,708.23,710,14.35,0,0,0,0,0,1,1,0,0,7.06,0.03,8798.47,%sOxidizer Pressure Confirmation
2594,26.71,1919.79,108.74,543.12,808.77,708.4,710.11,14.35,0,0,0,0,0,1,1,0,0,7.06,0.03,8798.5,%sOxidizer Pressure Confirmation
2595,33.27,1919.79,108.74,543.12,808.77,708.4,710.11,14.73,0,0,0,0,0,1,1,0,0,7.06,0.03,8798.53,%sOxidizer Pressure Confirmation
2596,27.73,1919.79,108.74,543.12,808.77,708.4,710.11,14.73,0,0,0,0,0,1,1,0,0,7.06,0.03,8798.56,%sOxidizer Pressure Confirmation
2597,32.7,1919.79,108.74,543.12,808.77,708.4,710.11,14.73,0,0,0,0,0,1,1,0,0,7.07,0.03,8798.59,%sOxidizer Pressure Confirmation
2598,35.84,1920.5,108.74,543.12,808.77,708.4,710.11,14.73,0,0,0,0,0,1,1,0,0,7.07,0.03,8798.63,%sOxidizer Pressure Confirmation
2599,29.6,1920.5,108.74,543.06,808.77,708.4,710.11,14.73,0,0,0,0,0,1,1,0,0,7.07,0.03,8798.66,%sOxidizer Pressure Confirmation
2600,36.7,1920.5,108.74,543.06,808.56,708.4,710.11,14.73,0,0,0,0,0,1,1,0,0,7.07,0.03,8798.7,%sOxidizer Pressure Confirmation
2601,36.71,1920.5,108.74,543.06,808.56,707.83,709.92,14.73,0,0,0,0,0,1,1,0,0,7.07,0.03,8798.73,%sOxidizer Pressure Confirmation
2602,28.11,1920.5,108.74,543.06,808.56,707.83,709.92,14.98,0,0,0,0,0,1,1,0,0,7.07,0.03,8798.76,%sOxidizer Pressure Confirmation
2603,30.73,1920.68,108.74,543.06,808.56,707.83,709.92,14.98,0,0,0,0,0,1,1,0,0,7.07,0.03,8798.79,%sOxidizer Pressure Confirmation
2604,28.51,1920.68,108.71,542.98,808.56,707.83,709.92,14.98,0,0,0,0,0,1,1,0,0,7.07,0.03,8798.82,%sOxidizer Pressure Confirmation
2605,28.95,1920.68,108.71,542.98,808.6,707.83,709.92,14.98,0,0,0,0,0,1,1,0,0,7.07,0.03,8798.85,%sOxidizer Pressure Confirmation
2606,24.92,1920.68,108.71,542.98,808.6,707.23,709.89,14.98,0,0,0,0,0,1,1,0,0,7.07,0.03,8798.87,%sOxidizer Pressure Confirmation
2607,28.66,1920.68,108.71,542.98,808.6,707.23,709.89,15.6,0,0,0,0,0,1,1,0,0,7.07,0.03,8798.9,%sOxidizer Pressure Confirmation
2608,26.37,1920.68,108.71,542.98,808.6,707.23,709.89,15.6,0,0,0,0,0,1,1,0,0,7.07,0.03,8798.93,%sOxidizer Pressure Confirmation
2609,22.32,1920.72,108.73,542.98,808.6,707.23,709.89,15.6,0,0,0,0,0,1,1,0,0,7.07,0.03,8798.95,%sOxidizer Pressure Confirmation
2610,23.4,1920.72,108.73,542.99,808.64,707.44,709.9,15.6,0,0,0,0,0,1,1,0,0,7.07,0.03,8798.98,%sOxidizer Pressure Confirmation
2611,25.55,1920.72,108.73,542.99,808.64,707.44,709.9,15.63,0,0,0,0,0,1,1,0,0,7.07,0.03,8799,%sOxidizer Pressure Confirmation
2612,29.06,1920.72,108.73,542.99,808.64,707.44,709.9,15.63,0,0,0,0,0,1,1,0,0,7.06,0.02,8799.03,%sOxidizer Pressure Confirmation
2613,24.16,1920.7,108.65,542.99,808.64,707.44,709.9,15.63,0,0,0,0,0,1,1,0,0,7.06,0.02,8799.05,%sOxidizer Pressure Confirmation
2614,28.62,1920.7,108.65,543.04,808.75,707.44,709.9,15.63,0,0,0,0,0,1,1,0,0,7.06,0.02,8799.08,%sOxidizer Pressure Confirmation
2615,26.74,1920.7,108.65,543.04,808.75,707.49,709.9,15.63,0,0,0,0,0,1,1,0,0,7.06,0.02,8799.11,%sOxidizer Pressure Confirmation
2616,23.47,1920.7,108.65,543.04,808.75,707.49,709.91,15.74,0,0,0,0,0,1,1,0,0,7.06,0.02,8799.13,%sOxidizer Pressure Confirmation
2617,25.61,1920.7,108.65,543.04,808.75,707.49,709.91,15.74,0,0,0,0,0,1,1,0,0,7.06,0.02,8799.16,%sOxidizer Pressure Confirmation
2618,26.7,1920.15,108.58,543.04,808.75,707.49,709.91,15.74,0,0,0,0,0,1,1,0,0,7.06,0.02,8799.19,%sOxidizer Pressure Confirmation
2619,27.91,1920.15,108.58,543.04,808.75,707.49,709.91,15.74,0,0,0,0,0,1,1,0,0,7.06,0.02,8799.21,%sOxidizer Pressure Confirmation
2620,25.47,1920.15,108.58,543.04,808.96,707.95,710.05,15.74,0,0,0,0,0,1,1,0,0,7.06,0.02,8799.24,%sOxidizer Pressure Confirmation
2621,22.81,1920.15,108.58,543.04,808.96,707.95,710.05,15.48,0,0,0,0,0,1,1,0,0,7.06,0.02,8799.26,%sOxidizer Pressure Confirmation
2622,26.07,1920.15,108.58,543.04,808.96,707.95,710.05,15.48,0,0,0,0,0,1,1,0,0,7.05,0,8799.29,%sOxidizer Pressure Confirmation
2623,26.8,1920.44,108.58,543.04,808.96,707.95,710.05,15.48,0,0,0,0,0,1,1,0,0,7.05,0,8799.31,%sOxidizer Pressure Confirmation
2624,27.27,1920.44,108.65,543.12,809.14,707.95,710.05,15.48,0,0,0,0,0,1,1,0,0,7.05,0,8799.34,%sOxidizer Pressure Confirmation
2625,26.83,1920.44,108.65,543.12,809.14,707.73,709.23,15.48,0,0,0,0,0,1,1,0,0,7.05,0,8799.37,%sOxidizer Pressure Confirmation
2626,27.15,1920.44,108.65,543.12,809.14,707.73,709.23,14.81,0,0,0,0,0,1,1,0,0,7.05,0,8799.4,%sOxidizer Pressure Confirmation
2627,27.89,1920.66,108.58,543.12,809.14,707.73,709.23,14.81,0,0,0,0,0,1,1,0,0,7.06,0,8799.42,%sOxidizer Pressure Confirmation
2628,28.29,1920.66,108.58,543.12,809.14,707.73,709.23,14.81,0,0,0,0,0,1,1,0,0,7.06,0,8799.45,%sOxidizer Pressure Confirmation
2629,21.22,1920.66,108.58,543.12,809.15,707.56,709.23,14.81,0,0,0,0,0,1,1,0,0,7.06,0,8799.47,%sOxidizer Pressure Confirmation
2630,25.18,1920.66,108.58,543.12,809.15,707.56,709.24,14.83,0,0,0,0,0,1,1,0,0,7.06,0.01,8799.5,%sOxidizer Pressure Confirmation
2631,23.72,1920.74,108.52,543.12,809.15,707.56,709.24,14.83,0,0,0,0,0,1,1,0,0,7.06,0.01,8799.52,%sOxidizer Pressure Confirmation
2632,28.22,1920.74,108.52,543.08,809.18,707.56,709.24,14.83,0,0,0,0,0,1,1,0,0,7.06,0.01,8799.55,%sOxidizer Pressure Confirmation
2633,27.23,1920.74,108.52,543.08,809.18,707.6,709.24,14.83,0,0,0,0,0,1,1,0,0,7.06,0.01,8799.58,%sOxidizer Pressure Confirmation
2634,23.75,1920.74,108.52,543.08,809.18,707.6,709.26,15.18,0,0,0,0,0,1,1,0,0,7.06,0.03,8799.6,%sOxidizer Pressure Confirmation
2635,31.21,1920.74,108.52,543.08,809.18,707.6,709.26,15.18,0,0,0,0,0,1,1,0,0,7.06,0.03,8799.63,%sOxidizer Pressure Confirmation
2636,24.25,1920.74,108.52,543.04,809.07,707.6,709.26,15.18,0,0,0,0,0,1,1,0,0,7.06,0.03,8799.66,%sOxidizer Pressure Confirmation
2637,22.99,1920.74,108.52,543.04,809.07,707.6,709.88,15.18,0,0,0,0,0,1,1,0,0,7.06,0.03,8799.68,%sOxidizer Pressure Confirmation
2638,25.95,1920.74,108.52,543.04,809.07,707.6,709.88,15.72,0,0,0,0,0,1,1,0,0,7.06,0.03,8799.71,%sOxidizer Pressure Confirmation
2639,26.03,1920.63,108.42,543.04,809.07,707.6,709.88,15.72,0,0,0,0,0,1,1,0,0,7.06,0.03,8799.73,%sOxidizer Pressure Confirmation
2640,38.23,1920.63,108.42,543.04,809.04,707.6,709.88,15.72,0,0,0,0,0,1,1,0,0,7.06,0.03,8799.77,%sOxidizer Pressure Confirmation
2641,24.16,1920.63,108.42,543.04,809.04,707.36,709.89,15.72,0,0,0,0,0,1,1,0,0,7.06,0.03,8799.79,%sOxidizer Pressure Confirmation
2642,25.35,1920.63,108.42,543.04,809.04,707.36,709.89,15.95,0,0,0,0,0,1,1,0,0,7.06,0.04,8799.82,%sOxidizer Pressure Confirmation
2643,24.72,1919.99,108.33,543.08,809.04,707.36,709.89,15.95,0,0,0,0,0,1,1,0,0,7.06,0.04,8799.84,%sOxidizer Pressure Confirmation
2644,32.66,1919.99,108.33,543.08,809.32,707.36,709.89,15.95,0,0,0,0,0,1,1,0,0,7.06,0.04,8799.88,%sOxidizer Pressure Confirmation
2645,28.83,1919.99,108.33,543.08,809.32,707.75,709.87,15.66,0,0,0,0,0,1,1,0,0,7.06,0.04,8799.91,%sOxidizer Pressure Confirmation
2646,24.29,1919.91,108.33,543.08,809.32,707.75,709.87,15.66,0,0,0,0,0,1,1,0,0,7.06,0.06,8799.93,%sOxidizer Pressure Confirmation
2647,28.81,1919.91,108.12,542.99,809.32,707.75,709.87,15.66,0,0,0,0,0,1,1,0,0,7.06,0.06,8799.96,%sOxidizer Pressure Confirmation
2648,28.21,1919.91,108.12,542.99,809.25,707.82,709.79,15.66,0,0,0,0,0,1,1,0,0,7.06,0.06,8799.99,%sOxidizer Pressure Confirmation
2649,25.81,1919.91,108.12,542.99,809.25,707.82,709.79,15.3,0,0,0,0,0,1,1,0,0,7.06,0.06,8800.01,%sOxidizer Pressure Confirmation
2650,27.15,1919.97,108.12,542.99,809.25,707.82,709.79,15.3,0,0,0,0,0,1,1,0,0,7.07,0.06,8800.04,%sOxidizer Pressure Confirmation
2651,28.71,1919.97,108.17,543.04,809.38,707.82,709.79,15.3,0,0,0,0,0,1,1,0,0,7.07,0.06,8800.07,%sOxidizer Pressure Confirmation
2652,24.26,1919.97,108.17,543.04,809.38,707.71,709.76,15.27,0,0,0,0,0,1,1,0,0,7.07,0.06,8800.09,%sOxidizer Pressure Confirmation
2653,29.76,1920.09,108.17,543.04,809.38,707.71,709.76,15.27,0,0,0,0,0,1,1,0,0,7.07,0.06,8800.12,%sOxidizer Pressure Confirmation
2654,26.27,1920.09,108.25,543.11,809.47,707.71,709.76,15.27,0,0,0,0,0,1,1,0,0,7.07,0.06,8800.15,%sOxidizer Pressure Confirmation
2655,25.27,1920.09,108.25,543.11,809.47,707.62,709.74,15.27,0,0,0,0,0,1,1,0,0,7.07,0.06,8800.17,%sOxidizer Pressure Confirmation
2656,24.21,1920.09,108.25,543.11,809.47,707.62,709.74,15.19,0,0,0,0,0,1,1,0,0,7.07,0.05,8800.2,%sOxidizer Pressure Confirmation
2657,27.89,1920.22,108.36,543.11,809.47,707.62,709.74,15.19,0,0,0,0,0,1,1,0,0,7.07,0.05,8800.23,%sOxidizer Pressure Confirmation
2658,24.78,1920.22,108.36,543.22,809.42,707.35,709.74,15.19,0,0,0,0,0,1,1,0,0,7.07,0.05,8800.25,%sOxidizer Pressure Confirmation
2659,26,1920.22,108.36,543.22,809.42,707.35,709.14,15.19,0,0,0,0,0,1,1,0,0,7.07,0.05,8800.28,%sOxidizer Pressure Confirmation
2660,27.64,1920.22,108.36,543.22,809.42,707.35,709.14,14.89,0,0,0,0,0,1,1,0,0,7.07,0.05,8800.3,%sOxidizer Pressure Confirmation
2661,27.14,1920.22,108.36,543.22,809.42,707.35,709.14,14.89,0,0,0,0,0,1,1,0,0,7.07,0.05,8800.33,%sOxidizer Pressure Confirmation
2662,23.27,1920.05,108.24,543.31,809.57,707.35,709.14,14.89,0,0,0,0,0,1,1,0,0,7.07,0.05,8800.35,%sOxidizer Pressure Confirmation
2663,24.77,1920.05,108.24,543.31,809.57,707.85,709.14,14.89,0,0,0,0,0,1,1,0,0,7.07,0.05,8800.38,%sOxidizer Pressure Confirmation
2664,26.26,1920.05,108.24,543.31,809.57,707.85,709.54,15.01,0,0,0,0,0,1,1,0,0,7.07,0.05,8800.41,%sOxidizer Pressure Confirmation
2665,28.2,1920.05,108.24,543.31,809.57,707.85,709.54,15.01,0,0,0,0,0,1,1,0,0,7.06,0.05,8800.43,%sOxidizer Pressure Confirmation
2666,26.35,1919.89,108.27,543.31,809.57,707.85,709.54,15.01,0,0,0,0,0,1,1,0,0,7.06,0.05,8800.46,%sOxidizer Pressure Confirmation
2667,24.16,1919.89,108.27,543.31,809.71,708.21,709.54,15.01,0,0,0,0,0,1,1,0,0,7.06,0.05,8800.48,%sOxidizer Pressure Confirmation
2668,24.81,1919.89,108.27,543.31,809.71,708.21,709.83,15.01,0,0,0,0,0,1,1,0,0,7.06,0.05,8800.51,%sOxidizer Pressure Confirmation
2669,24.62,1919.95,108.27,543.31,809.71,708.21,709.83,15.1,0,0,0,0,0,1,1,0,0,7.06,0.04,8800.53,%sOxidizer Pressure Confirmation
2670,35.74,1919.95,108.38,543.31,809.71,708.21,709.83,15.1,0,0,0,0,0,1,1,0,0,7.06,0.04,8800.57,%sOxidizer Pressure Confirmation
2671,21.11,1919.95,108.38,543.42,809.84,708.21,709.83,15.1,0,0,0,0,0,1,1,0,0,7.06,0.04,8800.59,%sOxidizer Pressure Confirmation
2672,26.28,1919.95,108.38,543.42,809.84,708.12,709.81,14.77,0,0,0,0,0,1,1,0,0,7.06,0.04,8800.62,%sOxidizer Pressure Confirmation
2673,25.27,1919.97,108.38,543.42,809.84,708.12,709.81,14.77,0,0,0,0,0,1,1,0,0,7.06,0.02,8800.64,%sOxidizer Pressure Confirmation
2674,29.81,1919.97,108.46,543.46,809.84,708.12,709.81,14.77,0,0,0,0,0,1,1,0,0,7.06,0.02,8800.67,%sOxidizer Pressure Confirmation
2675,21.68,1919.97,108.46,543.46,810.08,708.12,709.81,14.77,0,0,0,0,0,1,1,0,0,7.06,0.02,8800.69,%sOxidizer Pressure Confirmation
2676,24.27,1919.97,108.46,543.46,810.08,708.42,709.73,14.39,0,0,0,0,0,1,1,0,0,7.06,0.02,8800.72,%sOxidizer Pressure Confirmation
2677,24.33,1919.97,108.46,543.46,810.08,708.42,709.73,14.39,0,0,0,0,0,1,1,0,0,7.06,0.01,8800.74,%sOxidizer Pressure Confirmation
2678,23.24,1919.98,108.59,543.47,810.08,708.42,709.73,14.39,0,0,0,0,0,1,1,0,0,7.06,0.01,8800.77,%sOxidizer Pressure Confirmation
2679,26.63,1919.98,108.59,543.47,810.31,708.42,709.73,14.39,0,0,0,0,0,1,1,0,0,7.06,0.01,8800.79,%sOxidizer Pressure Confirmation
2680,29.35,1919.98,108.59,543.47,810.31,708.48,709.46,14.39,0,0,0,0,0,1,1,0,0,7.06,0.01,8800.82,%sOxidizer Pressure Confirmation
2681,27.42,1919.98,108.59,543.47,810.31,708.48,709.46,14.31,0,0,0,0,0,1,1,0,0,7.06,0.01,8800.85,%sOxidizer Pressure Confirmation
2682,27.75,1919.86,108.59,543.47,810.31,708.48,709.46,14.31,0,0,0,0,0,1,1,0,0,7.06,0.01,8800.88,%sOxidizer Pressure Confirmation
2683,23.4,1919.86,108.5,543.46,810.32,708.56,709.46,14.31,0,0,0,0,0,1,1,0,0,7.06,0.01,8800.9,%sOxidizer Pressure Confirmation
2684,23.62,1919.86,108.5,543.46,810.32,708.56,710.14,14.58,0,0,0,0,0,1,1,0,0,7.06,0.01,8800.92,%sOxidizer Pressure Confirmation
2685,31.3,1919.86,108.5,543.46,810.32,708.56,710.14,14.58,0,0,0,0,0,1,1,0,0,7.05,-0.01,8800.96,%sOxidizer Pressure Confirmation
2686,24.75,1919.71,108.5,543.46,810.32,708.56,710.14,14.58,0,0,0,0,0,1,1,0,0,7.05,-0.01,8800.98,%sOxidizer Pressure Confirmation
2687,23.13,1919.71,108.63,543.58,810.32,708.56,710.14,14.58,0,0,0,0,0,1,1,0,0,7.05,-0.01,8801,%sOxidizer Pressure Confirmation
2688,26.43,1919.71,108.63,543.58,810.48,708.91,710.12,14.22,0,0,0,0,0,1,1,0,0,7.05,-0.02,8801.03,%sOxidizer Pressure Confirmation
2689,27.15,1919.68,108.63,543.58,810.48,708.91,710.12,14.22,0,0,0,0,0,1,1,0,0,7.05,-0.02,8801.06,%sOxidizer Pressure Confirmation
2690,21.69,1919.68,108.5,543.55,810.48,708.91,710.12,14.22,0,0,0,0,0,1,1,0,0,7.05,-0.02,8801.08,%sOxidizer Pressure Confirmation
2691,29.69,1919.68,108.5,543.55,810.42,709.08,710.23,14.22,0,0,0,0,0,1,1,0,0,7.05,-0.02,8801.11,%sOxidizer Pressure Confirmation
2692,27.81,1919.68,108.5,543.55,810.42,709.08,710.23,14.38,0,0,0,0,0,1,1,0,0,7.05,-0.02,8801.14,%sOxidizer Pressure Confirmation
2693,21.27,1919.68,108.5,543.55,810.42,709.08,710.23,14.38,0,0,0,0,0,1,1,0,0,7.05,-0.02,8801.16,%sOxidizer Pressure Confirmation
2694,23.7,1919.18,108.3,543.55,810.42,709.08,710.23,14.38,0,0,0,0,0,1,1,0,0,7.05,-0.02,8801.18,%sOxidizer Pressure Confirmation
2695,24.1,1919.18,108.3,543.48,810.5,709.08,710.23,14.38,0,0,0,0,0,1,1,0,0,7.05,-0.02,8801.2,%sOxidizer Pressure Confirmation
2696,25.3,1919.18,108.3,543.48,810.5,709.35,710.53,14.5,0,0,0,0,0,1,1,0,0,7.05,-0.02,8801.23,%sOxidizer Pressure Confirmation
2697,32.77,1919.18,108.3,543.48,810.5,709.35,710.53,14.5,0,0,0,0,0,1,1,0,0,7.05,-0.02,8801.26,%sOxidizer Pressure Confirmation
2698,26.79,1919.21,108.28,543.34,810.51,709.35,710.53,14.5,0,0,0,0,0,1,1,0,0,7.05,-0.02,8801.29,%sOxidizer Pressure Confirmation
2699,26.22,1919.21,108.28,543.34,810.51,709.22,710.92,14.95,0,0,0,0,0,1,1,0,0,7.05,-0.02,8801.32,%sOxidizer Pressure Confirmation
2700,23.17,1919.19,108.28,543.34,810.51,709.22,710.92,14.95,0,0,0,0,0,1,1,0,0,7.05,0,8801.34,%sOxidizer Pressure Confirmation
2701,28.83,1919.19,108.32,543.34,810.51,709.22,710.92,14.95,0,0,0,0,0,1,1,0,0,7.05,0,8801.37,%sOxidizer Pressure Confirmation
2702,25.03,1919.19,108.32,543.16,810.31,708.94,711.23,14.95,0,0,0,0,0,1,1,0,0,7.05,0,8801.39,%sOxidizer Pressure Confirmation
2703,26.83,1919.19,108.32,543.16,810.31,708.94,711.23,15.45,0,0,0,0,0,1,1,0,0,7.05,-0.01,8801.42,%sOxidizer Pressure Confirmation
2704,27.57,1919.19,108.32,543.16,810.31,708.94,711.23,15.45,0,0,0,0,0,1,1,0,0,7.05,-0.01,8801.45,%sOxidizer Pressure Confirmation
2705,25.82,1919,108.19,543.16,810.31,708.94,711.23,15.45,0,0,0,0,0,1,1,0,0,7.05,-0.01,8801.47,%sOxidizer Pressure Confirmation
2706,25.64,1919,108.19,543.11,810.37,709.1,711.34,15.45,0,0,0,0,0,1,1,0,0,7.05,-0.01,8801.5,%sOxidizer Pressure Confirmation
2707,23.14,1919,108.19,543.11,810.37,709.1,711.34,15.9,0,0,0,0,0,1,1,0,0,7.05,-0.01,8801.52,%sOxidizer Pressure Confirmation
2708,26.3,1918.97,108.19,543.11,810.37,709.1,711.34,15.9,0,0,0,0,0,1,1,0,0,7.05,-0.01,8801.55,%sOxidizer Pressure Confirmation
2709,21.97,1918.97,108.03,543.11,810.37,709.1,711.34,15.9,0,0,0,0,0,1,1,0,0,7.05,-0.01,8801.57,%sOxidizer Pressure Confirmation
2710,25.2,1918.97,108.03,543.16,810.43,709.1,711.34,15.9,0,0,0,0,0,1,1,0,0,7.05,-0.01,8801.6,%sOxidizer Pressure Confirmation
2711,25.69,1918.97,108.03,543.16,810.43,709.21,711.02,15.91,0,0,0,0,0,1,1,0,0,7.05,-0.01,8801.62,%sOxidizer Pressure Confirmation
2712,28.37,1919.03,108.03,543.16,810.43,709.21,711.02,15.91,0,0,0,0,0,1,1,0,0,7.05,-0.01,8801.65,%sOxidizer Pressure Confirmation
2713,26.26,1919.03,108.18,543.39,810.43,709.21,711.02,15.91,0,0,0,0,0,1,1,0,0,7.05,-0.01,8801.68,%sOxidizer Pressure Confirmation
2714,23.71,1919.03,108.18,543.39,810.6,709.32,710.86,15.72,0,0,0,0,0,1,1,0,0,7.05,0,8801.7,%sOxidizer Pressure Confirmation
2715,27.49,1919.03,108.18,543.39,810.6,709.32,710.86,15.72,0,0,0,0,0,1,1,0,0,7.05,0,8801.73,%sOxidizer Pressure Confirmation
2716,28.37,1919.28,108.36,543.39,810.6,709.32,710.86,15.72,0,0,0,0,0,1,1,0,0,7.05,0,8801.76,%sOxidizer Pressure Confirmation
2717,26.71,1919.28,108.36,543.54,810.63,708.99,710.56,15.72,0,0,0,0,0,1,1,0,0,7.05,0,8801.78,%sOxidizer Pressure Confirmation
2718,25.13,1919.28,108.36,543.54,810.63,708.99,710.56,15.05,0,0,0,0,0,1,1,0,0,7.05,0,8801.81,%sOxidizer Pressure Confirmation
2719,27.25,1919.4,108.36,543.54,810.63,708.99,710.56,15.05,0,0,0,0,0,1,1,0,0,7.05,0,8801.83,%sOxidizer Pressure Confirmation
2720,27.65,1919.4,108.42,543.34,810.64,709.02,710.56,15.05,0,0,0,0,0,1,1,0,0,7.05,0,8801.86,%sOxidizer Pressure Confirmation
2721,25.8,1919.4,108.42,543.34,810.64,709.02,710.44,15.12,0,0,0,0,0,1,1,0,0,7.05,0,8801.89,%sOxidizer Pressure Confirmation
2722,26.22,1919.4,108.42,543.34,810.64,709.02,710.44,15.12,0,0,0,0,0,1,1,0,0,7.05,0,8801.91,%sOxidizer Pressure Confirmation
2723,24.64,1919.36,108.42,543.34,810.64,709.02,710.44,15.12,0,0,0,0,0,1,1,0,0,7.05,0,8801.94,%sOxidizer Pressure Confirmation
2724,27.26,1919.36,108.49,543.44,810.74,709.08,710.55,15.12,0,0,0,0,0,1,1,0,0,7.05,0,8801.97,%sOxidizer Pressure Confirmation
2725,22.15,1919.36,108.49,543.44,810.74,709.08,710.55,15.22,0,0,0,0,0,1,1,0,0,7.05,0,8801.99,%sOxidizer Pressure Confirmation
2726,29.72,1919.65,108.49,543.44,810.74,709.08,710.55,15.22,0,0,0,0,0,1,1,0,0,7.06,0,8802.02,%sOxidizer Pressure Confirmation
2727,24.99,1919.65,108.7,543.26,810.74,709.08,710.55,15.22,0,0,0,0,0,1,1,0,0,7.06,0,8802.04,%sOxidizer Pressure Confirmation
2728,26.78,1919.65,108.7,543.26,810.74,709.08,710.55,15.22,0,0,0,0,0,1,1,0,0,7.06,0,8802.07,%sOxidizer Pressure Confirmation
2729,23.99,1919.65,108.7,543.26,810.65,709.08,710.55,15.22,0,0,0,0,0,1,1,0,0,7.06,0,8802.09,%sOxidizer Pressure Confirmation
2730,24.28,1919.65,108.7,543.26,810.65,708.55,710.47,15.39,0,0,0,0,0,1,1,0,0,7.06,0,8802.12,%sOxidizer Pressure Confirmation
2731,23.71,1919.99,108.7,543.26,810.65,708.55,710.47,15.39,0,0,0,0,0,1,1,0,0,7.06,0.02,8802.14,%sOxidizer Pressure Confirmation
2732,24.05,1919.99,108.72,543.23,810.65,708.55,710.47,15.39,0,0,0,0,0,1,1,0,0,7.06,0.02,8802.17,%sOxidizer Pressure Confirmation
2733,26.37,1919.99,108.72,543.23,810.72,708.51,710.64,15.39,0,0,0,0,0,1,1,0,0,7.06,0.02,8802.19,%sOxidizer Pressure Confirmation
2734,26.22,1919.99,108.72,543.23,810.72,708.51,710.64,15.8,0,0,0,0,0,1,1,0,0,7.06,0.02,8802.22,%sOxidizer Pressure Confirmation
2735,25.03,1919.99,108.72,543.23,810.72,708.51,710.64,15.8,0,0,0,0,0,1,1,0,0,7.06,0.02,8802.24,%sOxidizer Pressure Confirmation
2736,25.49,1920.4,108.79,543.35,810.72,708.51,710.64,15.8,0,0,0,0,0,1,1,0,0,7.06,0.02,8802.27,%sOxidizer Pressure Confirmation
2737,28.23,1920.4,108.79,543.35,810.78,708.08,710.17,15.8,0,0,0,0,0,1,1,0,0,7.06,0.02,8802.3,%sOxidizer Pressure Confirmation
2738,21.14,1920.4,108.79,543.35,810.78,708.08,710.17,15.38,0,0,0,0,0,1,1,0,0,7.06,0.02,8802.32,%sOxidizer Pressure Confirmation
2739,27.12,1920.4,108.79,543.35,810.78,708.08,710.17,15.38,0,0,0,0,0,1,1,0,0,7.06,0.01,8802.35,%sOxidizer Pressure Confirmation
2740,23.81,1920.87,109.04,543.61,810.78,708.08,710.17,15.38,0,0,0,0,0,1,1,0,0,7.06,0.01,8802.37,%sOxidizer Pressure Confirmation
2741,27.16,1920.87,109.04,543.61,811.06,707.92,709.44,15.38,0,0,0,0,0,1,1,0,0,7.06,0.01,8802.4,%sOxidizer Pressure Confirmation
2742,21.74,1920.87,109.04,543.61,811.06,707.92,709.44,14.76,0,0,0,0,0,1,1,0,0,7.06,0.01,8802.42,%sOxidizer Pressure Confirmation
2743,25.81,1921.27,109.04,543.61,811.06,707.92,709.44,14.76,0,0,0,0,0,1,1,0,0,7.06,0.01,8802.44,%sOxidizer Pressure Confirmation
2744,23.21,1921.27,109.22,543.61,811.06,707.92,709.44,14.76,0,0,0,0,0,1,1,0,0,7.06,0.01,8802.47,%sOxidizer Pressure Confirmation
2745,24.39,1921.27,109.22,543.64,810.93,707.43,708.94,14.76,0,0,0,0,0,1,1,0,0,7.06,0.01,8802.49,%sOxidizer Pressure Confirmation
2746,29.64,1921.27,109.22,543.64,810.93,707.43,708.94,14.17,0,0,0,0,0,1,1,0,0,7.06,0.01,8802.52,%sOxidizer Pressure Confirmation
2747,29.33,1921.7,109.39,543.66,810.93,707.43,708.94,14.17,0,0,0,0,0,1,1,0,0,7.06,0.01,8802.55,%sOxidizer Pressure Confirmation
2748,26.73,1921.7,109.39,543.66,810.77,707.43,708.94,14.17,0,0,0,0,0,1,1,0,0,7.06,0.01,8802.58,%sOxidizer Pressure Confirmation
2749,23.33,1921.7,109.39,543.66,810.77,707.03,708.93,14.46,0,0,0,0,0,1,1,0,0,7.06,0.01,8802.6,%sOxidizer Pressure Confirmation
2750,22.95,1921.7,109.39,543.66,810.77,707.03,708.93,14.46,0,0,0,0,0,1,1,0,0,7.07,0.04,8802.62,%sOxidizer Pressure Confirmation
2751,25.02,1921.55,109.39,543.66,810.77,707.03,708.93,14.46,0,0,0,0,0,1,1,0,0,7.07,0.04,8802.65,%sOxidizer Pressure Confirmation
2752,22.5,1921.55,109.15,543.39,810.49,706.8,708.93,14.46,0,0,0,0,0,1,1,0,0,7.07,0.04,8802.67,%sOxidizer Pressure Confirmation
2753,28.76,1921.55,109.15,543.39,810.49,706.8,709.13,15.11,0,0,0,0,0,1,1,0,0,7.07,0.04,8802.7,%sOxidizer Pressure Confirmation
2754,27.23,1921.55,109.15,543.39,810.49,706.8,709.13,15.11,0,0,0,0,0,1,1,0,0,7.07,0.04,8802.73,%sOxidizer Pressure Confirmation
2755,27.33,1921.47,108.86,543.35,810.54,706.8,709.13,15.11,0,0,0,0,0,1,1,0,0,7.07,0.04,8802.75,%sOxidizer Pressure Confirmation
2756,25.47,1921.47,108.86,543.35,810.54,707,709.13,15.11,0,0,0,0,0,1,1,0,0,7.07,0.04,8802.78,%sOxidizer Pressure Confirmation
2757,26.29,1921.47,108.86,543.35,810.54,707,709.51,15.31,0,0,0,0,0,1,1,0,0,7.07,0.04,8802.81,%sOxidizer Pressure Confirmation
2758,24.47,1921.43,108.81,543.35,810.54,707,709.51,15.31,0,0,0,0,0,1,1,0,0,7.07,0.04,8802.83,%sOxidizer Pressure Confirmation
2759,29.84,1921.43,108.81,543.35,810.51,707.06,709.48,15.31,0,0,0,0,0,1,1,0,0,7.07,0.04,8802.86,%sOxidizer Pressure Confirmation
2760,23.32,1921.43,108.81,543.35,810.51,707.06,709.48,15.19,0,0,0,0,0,1,1,0,0,7.07,0.04,8802.88,%sOxidizer Pressure Confirmation
2761,24.51,1921.43,108.81,543.35,810.51,707.06,709.48,15.19,0,0,0,0,0,1,1,0,0,7.07,0.04,8802.91,%sOxidizer Pressure Confirmation
2762,26.26,1921.43,108.62,543.25,810.54,707.35,709.96,15.19,0,0,0,0,0,1,1,0,0,7.07,0.04,8802.93,%sOxidizer Pressure Confirmation
2763,29.64,1921.43,108.62,543.25,810.54,707.35,709.96,15.4,0,0,0,0,0,1,1,0,0,7.06,0.04,8802.96,%sOxidizer Pressure Confirmation
2764,24.69,1921.17,108.62,543.25,810.54,707.35,709.96,15.4,0,0,0,0,0,1,1,0,0,7.06,0.04,8802.99,%sOxidizer Pressure Confirmation
2765,22.17,1921.17,108.4,543.34,810.73,707.35,709.96,15.4,0,0,0,0,0,1,1,0,0,7.06,0.04,8803.01,%sOxidizer Pressure Confirmation
2766,29.26,1921.17,108.4,543.34,810.73,707.84,709.87,15.4,0,0,0,0,0,1,1,0,0,7.06,0.04,8803.04,%sOxidizer Pressure Confirmation
2767,23.24,1921.17,108.4,543.34,810.73,707.84,709.87,15.12,0,0,0,0,0,1,1,0,0,7.06,0.02,8803.06,%sOxidizer Pressure Confirmation
2768,21.83,1921.59,108.4,543.34,810.73,707.84,709.87,15.12,0,0,0,0,0,1,1,0,0,7.06,0.02,8803.09,%sOxidizer Pressure Confirmation
2769,24.78,1921.59,108.69,543.41,810.73,707.84,709.87,15.12,0,0,0,0,0,1,1,0,0,7.06,0.02,8803.11,%sOxidizer Pressure Confirmation
2770,24.66,1921.59,108.69,543.41,810.65,707.51,709.37,15.12,0,0,0,0,0,1,1,0,0,7.06,0.02,8803.13,%sOxidizer Pressure Confirmation
2771,25.72,1921.59,108.69,543.41,810.65,707.51,709.37,14.67,0,0,0,0,0,1,1,0,0,7.06,0.02,8803.16,%sOxidizer Pressure Confirmation
2772,22.1,1921.42,108.69,543.41,810.65,707.51,709.37,14.67,0,0,0,0,0,1,1,0,0,7.07,0.02,8803.18,%sOxidizer Pressure Confirmation
2773,22.16,1921.42,108.71,543.35,810.65,707.51,709.37,14.67,0,0,0,0,0,1,1,0,0,7.07,0.02,8803.2,%sOxidizer Pressure Confirmation
2774,25.08,1921.42,108.71,543.35,810.53,707.51,709.37,14.67,0,0,0,0,0,1,1,0,0,7.07,0.02,8803.23,%sOxidizer Pressure Confirmation
2775,24.14,1921.42,108.71,543.35,810.53,707.36,709.28,14.57,0,0,0,0,0,1,1,0,0,7.07,0.02,8803.25,%sOxidizer Pressure Confirmation
2776,28.65,1921.42,108.71,543.35,810.53,707.36,709.28,14.57,0,0,0,0,0,1,1,0,0,7.07,0.02,8803.28,%sOxidizer Pressure Confirmation
2777,25.58,1920.97,108.71,543.35,810.53,707.36,709.28,14.57,0,0,0,0,0,1,1,0,0,7.07,0.02,8803.31,%sOxidizer Pressure Confirmation
2778,23.72,1920.97,108.58,543.32,810.48,707.36,709.28,14.57,0,0,0,0,0,1,1,0,0,7.07,0.02,8803.33,%sOxidizer Pressure Confirmation
2779,25.1,1920.97,108.58,543.32,810.48,707.6,709.42,14.66,0,0,0,0,0,1,1,0,0,7.07,0.02,8803.36,%sOxidizer Pressure Confirmation
2780,27.72,1920.97,108.58,543.32,810.48,707.6,709.42,14.66,0,0,0,0,0,1,1,0,0,7.07,0.01,8803.38,%sOxidizer Pressure Confirmation
2781,23.8,1920.97,108.58,543.32,810.48,707.6,709.42,14.66,0,0,0,0,0,1,1,0,0,7.06,0.01,8803.41,%sOxidizer Pressure Confirmation
2782,23.58,1920.56,108.58,543.32,810.48,707.6,709.42,14.66,0,0,0,0,0,1,1,0,0,7.06,0.01,8803.43,%sOxidizer Pressure Confirmation
2783,26.12,1920.56,108.37,543.49,810.81,707.6,709.42,14.66,0,0,0,0,0,1,1,0,0,7.06,0.01,8803.46,%sOxidizer Pressure Confirmation
2784,39.91,1920.56,108.37,543.49,810.81,707.6,709.42,14.66,0,0,0,0,0,1,1,0,0,7.06,0.01,8803.5,%sOxidizer Pressure Confirmation
2785,33.45,1920.56,108.37,543.49,810.81,708.31,709.95,14.66,0,0,0,0,0,1,1,0,0,7.06,0.01,8803.53,%sOxidizer Pressure Confirmation
2786,25.06,1920.56,108.37,543.49,810.81,708.31,709.95,14.81,0,0,0,0,0,1,1,0,0,7.06,0.01,8803.56,%sOxidizer Pressure Confirmation
2787,28.71,1920.37,108.37,543.49,810.81,708.31,709.95,14.81,0,0,0,0,0,1,1,0,0,7.06,0.01,8803.59,%sOxidizer Pressure Confirmation
2788,34.28,1920.37,108.27,543.49,810.81,708.31,709.95,14.81,0,0,0,0,0,1,1,0,0,7.06,0.01,8803.62,%sOxidizer Pressure Confirmation
2789,26.17,1920.37,108.27,543.39,810.81,708.31,709.95,14.81,0,0,0,0,0,1,1,0,0,7.06,0.01,8803.65,%sOxidizer Pressure Confirmation
2790,30.68,1920.37,108.27,543.39,810.95,708.32,709.95,14.81,0,0,0,0,0,1,1,0,0,7.06,0.01,8803.68,%sOxidizer Pressure Confirmation
2791,27.83,1920.37,108.27,543.39,810.95,708.32,709.94,14.47,0,0,0,0,0,1,1,0,0,7.06,0.01,8803.7,%sOxidizer Pressure Confirmation
2792,34.85,1920.37,108.27,543.39,810.95,708.32,709.94,14.47,0,0,0,0,0,1,1,0,0,7.06,-0.01,8803.74,%sOxidizer Pressure Confirmation
2793,34.64,1920.99,108.27,543.39,810.95,708.32,709.94,14.47,0,0,0,0,0,1,1,0,0,7.06,-0.01,8803.77,%sOxidizer Pressure Confirmation
2794,31.7,1920.99,108.62,543.39,810.95,708.32,709.94,14.47,0,0,0,0,0,1,1,0,0,7.06,-0.01,8803.81,%sOxidizer Pressure Confirmation
2795,45.85,1920.99,108.62,543.61,810.95,708.32,709.94,14.47,0,0,0,0,0,1,1,0,0,7.06,-0.01,8803.85,%sOxidizer Pressure Confirmation
2796,32.64,1920.99,108.62,543.61,811.12,707.88,709.94,14.47,0,0,0,0,0,1,1,0,0,7.06,-0.01,8803.88,%sOxidizer Pressure Confirmation
2797,27.62,1920.99,108.62,543.61,811.12,707.88,709.43,14.47,0,0,0,0,0,1,1,0,0,7.06,-0.01,8803.91,%sOxidizer Pressure Confirmation
2798,31.62,1920.99,108.62,543.61,811.12,707.88,709.43,14.03,0,0,0,0,0,1,1,0,0,7.06,-0.01,8803.94,%sOxidizer Pressure Confirmation
2799,24.82,1920.99,108.62,543.61,811.12,707.88,709.43,14.03,0,0,0,0,0,1,1,0,0,7.06,0,8803.97,%sOxidizer Pressure Confirmation
2800,27.78,1920.99,108.62,543.61,811.12,707.88,709.43,14.03,0,0,0,0,0,1,1,0,0,7.06,0,8804,%sOxidizer Pressure Confirmation
2801,23.63,1920.88,108.62,543.61,811.12,707.88,709.43,14.03,0,0,0,0,0,1,1,0,0,7.06,0,8804.02,%sOxidizer Pressure Confirmation
2802,29.7,1920.88,108.64,543.64,811.12,707.88,709.43,14.03,0,0,0,0,0,1,1,0,0,7.06,0,8804.05,%sOxidizer Pressure Confirmation
2803,34.7,1920.88,108.64,543.64,811.06,707.6,709.43,14.03,0,0,0,0,0,1,1,0,0,7.06,0,8804.08,%sOxidizer Pressure Confirmation
2804,33.64,1920.88,108.64,543.64,811.06,707.6,708.81,14.03,0,0,0,0,0,1,1,0,0,7.06,0,8804.12,%sOxidizer Pressure Confirmation
2805,28.65,1920.88,108.64,543.64,811.06,707.6,708.81,13.81,0,0,0,0,0,1,1,0,0,7.06,0.01,8804.15,%sOxidizer Pressure Confirmation
2806,25.53,1921.15,108.64,543.64,811.06,707.6,708.81,13.81,0,0,0,0,0,1,1,0,0,7.07,0.01,8804.17,%sOxidizer Pressure Confirmation
2807,26.79,1921.15,108.64,543.64,811.06,707.6,708.81,13.81,0,0,0,0,0,1,1,0,0,7.07,0.01,8804.2,%sOxidizer Pressure Confirmation
2808,25.97,1921.15,108.58,543.63,811.18,707.6,708.81,13.81,0,0,0,0,0,1,1,0,0,7.07,0.01,8804.22,%sOxidizer Pressure Confirmation
2809,35.31,1921.15,108.58,543.63,811.18,707.6,708.81,13.81,0,0,0,0,0,1,1,0,0,7.07,0.01,8804.26,%sOxidizer Pressure Confirmation
2810,27.12,1921.15,108.58,543.63,811.18,707.22,708.31,13.81,0,0,0,0,0,1,1,0,0,7.07,0.01,8804.29,%sOxidizer Pressure Confirmation
2811,34.07,1921.15,108.58,543.63,811.18,707.22,708.31,13.72,0,0,0,0,0,1,1,0,0,7.07,0.01,8804.32,%sOxidizer Pressure Confirmation
2812,30.29,1921.15,108.58,543.63,811.18,707.22,708.31,13.72,0,0,0,0,0,1,1,0,0,7.08,0.02,8804.35,%sOxidizer Pressure Confirmation
2813,24.98,1921.44,108.59,543.63,811.18,707.22,708.31,13.72,0,0,0,0,0,1,1,0,0,7.08,0.02,8804.38,%sOxidizer Pressure Confirmation
2814,27.69,1921.44,108.59,543.54,811.04,707.22,708.31,13.72,0,0,0,0,0,1,1,0,0,7.08,0.02,8804.4,%sOxidizer Pressure Confirmation
2815,26.55,1921.44,108.59,543.54,811.04,706.77,708.31,13.72,0,0,0,0,0,1,1,0,0,7.08,0.02,8804.43,%sOxidizer Pressure Confirmation
2816,29.7,1921.44,108.59,543.54,811.04,706.77,708.14,13.72,0,0,0,0,0,1,1,0,0,7.08,0.02,8804.46,%sOxidizer Pressure Confirmation
2817,27.06,1921.44,108.59,543.54,811.04,706.77,708.14,13.51,0,0,0,0,0,1,1,0,0,7.08,0.03,8804.49,%sOxidizer Pressure Confirmation
2818,34.11,1921.41,108.64,543.54,811.04,706.77,708.14,13.51,0,0,0,0,0,1,1,0,0,7.08,0.03,8804.52,%sOxidizer Pressure Confirmation
2819,29.75,1921.41,108.64,543.54,811.02,706.77,708.14,13.51,0,0,0,0,0,1,1,0,0,7.08,0.03,8804.55,%sOxidizer Pressure Confirmation
2820,31.62,1921.41,108.64,543.54,811.02,706.46,708.29,13.51,0,0,0,0,0,1,1,0,0,7.08,0.03,8804.58,%sOxidizer Pressure Confirmation
2821,22.14,1921.41,108.64,543.54,811.02,706.46,708.29,13.51,0,0,0,0,0,1,1,0,0,7.08,0.03,8804.6,%sOxidizer Pressure Confirmation
2822,26.58,1920.81,108.64,543.54,811.02,706.46,708.29,13.43,0,0,0,0,0,1,1,0,0,7.08,0.04,8804.63,%sOxidizer Pressure Confirmation
2823,27.04,1920.81,108.36,543.54,811.02,706.46,708.29,13.43,0,0,0,0,0,1,1,0,0,7.08,0.04,8804.66,%sOxidizer Pressure Confirmation
2824,43.67,1920.81,108.36,543.49,811.16,706.46,708.29,13.43,0,0,0,0,0,1,1,0,0,7.08,0.04,8804.7,%sOxidizer Pressure Confirmation
2825,24.2,1920.81,108.36,543.49,811.16,706.81,708.29,13.43,0,0,0,0,0,1,1,0,0,7.08,0.04,8804.73,%sOxidizer Pressure Confirmation
2826,23.48,1920.81,108.36,543.49,811.16,706.81,708.56,13.44,0,0,0,0,0,1,1,0,0,7.07,0.03,8804.75,%sOxidizer Pressure Confirmation
2827,28.64,1920.58,108.36,543.49,811.16,706.81,708.56,13.44,0,0,0,0,0,1,1,0,0,7.07,0.03,8804.78,%sOxidizer Pressure Confirmation
2828,26.12,1920.58,108.36,543.49,811.16,706.81,708.56,13.44,0,0,0,0,0,1,1,0,0,7.07,0.03,8804.8,%sOxidizer Pressure Confirmation
2829,27.61,1920.58,108.21,543.49,811.29,707.28,708.56,13.44,0,0,0,0,0,1,1,0,0,7.07,0.03,8804.83,%sOxidizer Pressure Confirmation
2830,30.62,1920.58,108.21,543.49,811.29,707.28,708.8,13.44,0,0,0,0,0,1,1,0,0,7.07,0.03,8804.86,%sOxidizer Pressure Confirmation
2831,25.42,1920.58,108.21,543.49,811.29,707.28,708.8,13.52,0,0,0,0,0,1,1,0,0,7.07,0.03,8804.89,%sOxidizer Pressure Confirmation
2832,23.12,1920.58,108.21,543.49,811.29,707.28,708.8,13.52,0,0,0,0,0,1,1,0,0,7.08,0.03,8804.91,%sOxidizer Pressure Confirmation
2833,22.24,1921.03,108.18,543.43,811.29,707.28,708.8,13.52,0,0,0,0,0,1,1,0,0,7.08,0.03,8804.93,%sOxidizer Pressure Confirmation
2834,27.66,1921.03,108.18,543.43,811.21,706.89,708.71,13.52,0,0,0,0,0,1,1,0,0,7.08,0.03,8804.96,%sOxidizer Pressure Confirmation
2835,25.31,1921.03,108.18,543.43,811.21,706.89,708.71,13.48,0,0,0,0,0,1,1,0,0,7.08,0.03,8804.99,%sOxidizer Pressure Confirmation
2836,21.52,1921.03,108.18,543.43,811.21,706.89,708.71,13.48,0,0,0,0,0,1,1,0,0,7.08,0.06,8805.01,%sOxidizer Pressure Confirmation
2837,27.79,1921.4,108.32,543.23,811.21,706.89,708.71,13.48,0,0,0,0,0,1,1,0,0,7.08,0.06,8805.04,%sOxidizer Pressure Confirmation
2838,33.32,1921.4,108.32,543.23,811.03,706.89,708.71,13.48,0,0,0,0,0,1,1,0,0,7.08,0.06,8805.07,%sOxidizer Pressure Confirmation
2839,25.3,1921.4,108.32,543.23,811.03,706.57,708.64,13.48,0,0,0,0,0,1,1,0,0,7.08,0.06,8805.09,%sOxidizer Pressure Confirmation
2840,26.7,1921.4,108.32,543.23,811.03,706.57,708.64,13.82,0,0,0,0,0,1,1,0,0,7.08,0.06,8805.12,%sOxidizer Pressure Confirmation
2841,24.17,1921.23,108.24,543.23,811.03,706.57,708.64,13.82,0,0,0,0,0,1,1,0,0,7.08,0.06,8805.15,%sOxidizer Pressure Confirmation
2842,22.78,1921.23,108.24,543.16,811.03,706.57,708.64,13.82,0,0,0,0,0,1,1,0,0,7.08,0.06,8805.17,%sOxidizer Pressure Confirmation
2843,25.08,1921.23,108.24,543.16,811.08,706.57,708.64,13.82,0,0,0,0,0,1,1,0,0,7.08,0.06,8805.19,%sOxidizer Pressure Confirmation
2844,24.24,1921.23,108.24,543.16,811.08,707.24,709.15,14.31,0,0,0,0,0,1,1,0,0,7.08,0.07,8805.22,%sOxidizer Pressure Confirmation
2845,25,1920.76,107.97,543.16,811.08,707.24,709.15,14.31,0,0,0,0,0,1,1,0,0,7.08,0.07,8805.24,%sOxidizer Pressure Confirmation
2846,25.9,1920.76,107.97,542.97,811.08,707.24,709.15,14.31,0,0,0,0,0,1,1,0,0,7.08,0.07,8805.27,%sOxidizer Pressure Confirmation
2847,27.27,1920.76,107.97,542.97,811.12,707.24,709.15,14.31,0,0,0,0,0,1,1,0,0,7.08,0.07,8805.3,%sOxidizer Pressure Confirmation
2848,23.87,1920.76,107.97,542.97,811.12,707.95,709.6,14.25,0,0,0,0,0,1,1,0,0,7.08,0.05,8805.32,%sOxidizer Pressure Confirmation
2849,30.27,1921.26,107.97,542.97,811.12,707.95,709.6,14.25,0,0,0,0,0,1,1,0,0,7.08,0.05,8805.35,%sOxidizer Pressure Confirmation
2850,25.85,1921.26,108.06,542.94,811.12,707.95,709.6,14.25,0,0,0,0,0,1,1,0,0,7.08,0.05,8805.38,%sOxidizer Pressure Confirmation
2851,24.82,1921.26,108.06,542.94,811.12,707.72,709.56,14.25,0,0,0,0,0,1,1,0,0,7.08,0.05,8805.4,%sOxidizer Pressure Confirmation
2852,25.09,1921.26,108.06,542.94,811.12,707.72,709.56,14.3,0,0,0,0,0,1,1,0,0,7.08,0.05,8805.43,%sOxidizer Pressure Confirmation
2853,24.41,1921.05,108.11,542.94,811.12,707.72,709.56,14.3,0,0,0,0,0,1,1,0,0,7.07,0.05,8805.45,%sOxidizer Pressure Confirmation
2854,24.22,1921.05,108.11,543.1,811.12,707.72,709.56,14.3,0,0,0,0,0,1,1,0,0,7.07,0.05,8805.47,%sOxidizer Pressure Confirmation
2855,23.11,1921.05,108.11,543.1,811.12,707.64,709.56,14.3,0,0,0,0,0,1,1,0,0,7.07,0.05,8805.5,%sOxidizer Pressure Confirmation
2856,26.85,1921.05,108.11,543.1,811.12,707.64,709.6,14.38,0,0,0,0,0,1,1,0,0,7.07,0.03,8805.52,%sOxidizer Pressure Confirmation
2857,33.2,1921.05,108.11,543.1,811.12,707.64,709.6,14.38,0,0,0,0,0,1,1,0,0,7.07,0.03,8805.56,%sOxidizer Pressure Confirmation
2858,30.82,1921.04,108.33,543.36,811.12,707.64,709.6,14.38,0,0,0,0,0,1,1,0,0,7.07,0.03,8805.59,%sOxidizer Pressure Confirmation
2859,23.8,1921.04,108.33,543.36,811.4,707.64,709.6,14.38,0,0,0,0,0,1,1,0,0,7.07,0.03,8805.61,%sOxidizer Pressure Confirmation
2860,22.72,1921.04,108.33,543.36,811.4,707.75,709.21,14.38,0,0,0,0,0,1,1,0,0,7.07,0.03,8805.63,%sOxidizer Pressure Confirmation
2861,26.67,1921.04,108.33,543.36,811.4,707.75,709.21,14.42,0,0,0,0,0,1,1,0,0,7.07,0.02,8805.66,%sOxidizer Pressure Confirmation
2862,26.64,1921.01,108.33,543.36,811.4,707.75,709.21,14.42,0,0,0,0,0,1,1,0,0,7.07,0.02,8805.69,%sOxidizer Pressure Confirmation
2863,25.07,1921.01,108.33,543.43,811.45,707.75,709.21,14.42,0,0,0,0,0,1,1,0,0,7.07,0.02,8805.71,%sOxidizer Pressure Confirmation
2864,25.07,1921.01,108.33,543.43,811.45,707.89,709.21,14.42,0,0,0,0,0,1,1,0,0,7.07,0.02,8805.74,%sOxidizer Pressure Confirmation
2865,26.7,1921.01,108.33,543.43,811.45,707.89,709.25,14.49,0,0,0,0,0,1,1,0,0,7.06,0.02,8805.76,%sOxidizer Pressure Confirmation
2866,27.59,1921.11,108.33,543.43,811.45,707.89,709.25,14.49,0,0,0,0,0,1,1,0,0,7.06,0.02,8805.79,%sOxidizer Pressure Confirmation
2867,29.62,1921.11,108.48,543.56,811.57,707.7,709.25,14.49,0,0,0,0,0,1,1,0,0,7.06,0.02,8805.82,%sOxidizer Pressure Confirmation
2868,30.7,1921.11,108.48,543.56,811.57,707.7,709,14.49,0,0,0,0,0,1,1,0,0,7.06,0.02,8805.85,%sOxidizer Pressure Confirmation
2869,30.55,1921.51,108.74,543.56,811.57,707.7,709,14.49,0,0,0,0,0,1,1,0,0,7.06,0.02,8805.88,%sOxidizer Pressure Confirmation
2870,24.95,1921.51,108.74,543.67,811.7,707.7,709,14.49,0,0,0,0,0,1,1,0,0,7.06,0.02,8805.91,%sOxidizer Pressure Confirmation
2871,31.3,1921.51,108.74,543.67,811.7,707.7,709,14.49,0,0,0,0,0,1,1,0,0,7.06,0.02,8805.94,%sOxidizer Pressure Confirmation
2872,28.72,1921.51,108.74,543.67,811.7,707.24,708.79,14.56,0,0,0,0,0,1,1,0,0,7.06,0.02,8805.97,%sOxidizer Pressure Confirmation
2873,25.32,1921.51,108.74,543.67,811.7,707.24,708.79,14.56,0,0,0,0,0,1,1,0,0,7.07,0.02,8805.99,%sOxidizer Pressure Confirmation
2874,26.74,1921.78,108.75,543.67,811.7,707.24,708.79,14.56,0,0,0,0,0,1,1,0,0,7.07,0.02,8806.02,%sOxidizer Pressure Confirmation
2875,21.89,1921.78,108.75,543.77,811.7,707.24,708.79,14.56,0,0,0,0,0,1,1,0,0,7.07,0.02,8806.04,%sOxidizer Pressure Confirmation
2876,26.06,1921.78,108.75,543.77,811.71,707.3,708.87,14.51,0,0,0,0,0,1,1,0,0,7.07,0.02,8806.07,%sOxidizer Pressure Confirmation
2877,22.72,1921.78,108.75,543.77,811.71,707.3,708.87,14.51,0,0,0,0,0,1,1,0,0,7.06,0.01,8806.09,%sOxidizer Pressure Confirmation
2878,30.67,1921.81,108.69,543.73,811.71,707.3,708.87,14.51,0,0,0,0,0,1,1,0,0,7.06,0.01,8806.12,%sOxidizer Pressure Confirmation
2879,22.87,1921.81,108.69,543.73,811.65,706.75,708.87,14.51,0,0,0,0,0,1,1,0,0,7.06,0.01,8806.14,%sOxidizer Pressure Confirmation
2880,22.05,1921.81,108.69,543.73,811.65,706.75,708.44,14.23,0,0,0,0,0,1,1,0,0,7.06,0.02,8806.17,%sOxidizer Pressure Confirmation
2881,27.85,1921.85,108.67,543.73,811.65,706.75,708.44,14.23,0,0,0,0,0,1,1,0,0,7.06,0.02,8806.19,%sOxidizer Pressure Confirmation
2882,26.82,1921.85,108.67,543.76,811.65,706.75,708.44,14.23,0,0,0,0,0,1,1,0,0,7.06,0.02,8806.22,%sOxidizer Pressure Confirmation
2883,22.67,1921.85,108.67,543.76,811.73,706.39,708.44,14.23,0,0,0,0,0,1,1,0,0,7.06,0.02,8806.24,%sOxidizer Pressure Confirmation
2884,21.95,1921.85,108.67,543.76,811.73,706.39,708.27,13.83,0,0,0,0,0,1,1,0,0,7.06,0.02,8806.27,%sOxidizer Pressure Confirmation
2885,22.3,1922,108.66,543.76,811.73,706.39,708.27,13.83,0,0,0,0,0,1,1,0,0,7.06,0.02,8806.29,%sOxidizer Pressure Confirmation
2886,21.84,1922,108.66,543.89,811.82,706.39,708.27,13.83,0,0,0,0,0,1,1,0,0,7.06,0.02,8806.31,%sOxidizer Pressure Confirmation
2887,25.72,1922,108.66,543.89,811.82,706.04,708.13,13.83,0,0,0,0,0,1,1,0,0,7.06,0.02,8806.34,%sOxidizer Pressure Confirmation
2888,28.82,1922,108.66,543.89,811.82,706.04,708.13,13.77,0,0,0,0,0,1,1,0,0,7.06,0.01,8806.36,%sOxidizer Pressure Confirmation
2889,23.71,1921.58,108.66,543.89,811.82,706.04,708.13,13.77,0,0,0,0,0,1,1,0,0,7.06,0.01,8806.39,%sOxidizer Pressure Confirmation
2890,25.31,1921.58,108.68,543.96,812,706.49,708.13,13.77,0,0,0,0,0,1,1,0,0,7.06,0.01,8806.41,%sOxidizer Pressure Confirmation
2891,24.81,1921.58,108.68,543.96,812,706.49,708.7,13.8,0,0,0,0,0,1,1,0,0,7.06,0.01,8806.44,%sOxidizer Pressure Confirmation
2892,25.36,1921.53,108.68,543.96,812,706.49,708.7,13.8,0,0,0,0,0,1,1,0,0,7.06,0.01,8806.46,%sOxidizer Pressure Confirmation
2893,21.07,1921.53,108.71,543.96,812,706.49,708.7,13.8,0,0,0,0,0,1,1,0,0,7.06,0.01,8806.48,%sOxidizer Pressure Confirmation
2894,23.65,1921.53,108.71,543.84,812.01,706.49,708.7,13.8,0,0,0,0,0,1,1,0,0,7.06,0.01,8806.51,%sOxidizer Pressure Confirmation
2895,24.44,1921.53,108.71,543.84,812.01,706.66,708.93,13.73,0,0,0,0,0,1,1,0,0,7.06,0.01,8806.53,%sOxidizer Pressure Confirmation
2896,29.77,1921.43,108.71,543.84,812.01,706.66,708.93,13.73,0,0,0,0,0,1,1,0,0,7.06,0.01,8806.56,%sOxidizer Pressure Confirmation
2897,26.53,1921.43,108.67,543.84,812.03,706.66,708.93,13.73,0,0,0,0,0,1,1,0,0,7.06,0.01,8806.59,%sOxidizer Pressure Confirmation
2898,24.21,1921.43,108.67,543.84,812.03,707.07,709.19,13.73,0,0,0,0,0,1,1,0,0,7.06,0.01,8806.61,%sOxidizer Pressure Confirmation
2899,22.6,1921.54,108.67,543.84,812.03,707.07,709.19,13.72,0,0,0,0,0,1,1,0,0,7.06,0.01,8806.64,%sOxidizer Pressure Confirmation
2900,28.64,1921.54,108.58,543.83,812.03,707.07,709.19,13.72,0,0,0,0,0,1,1,0,0,7.06,0.01,8806.66,%sOxidizer Pressure Confirmation
2901,22.19,1921.54,108.58,543.83,812.05,706.88,709.19,13.72,0,0,0,0,0,1,1,0,0,7.06,0.01,8806.69,%sOxidizer Pressure Confirmation
2902,22.68,1921.54,108.58,543.83,812.05,706.88,708.93,13.72,0,0,0,0,0,1,1,0,0,7.06,0.01,8806.71,%sOxidizer Pressure Confirmation
2903,26.77,1921.52,108.58,543.83,812.05,706.88,708.93,13.71,0,0,0,0,0,1,1,0,0,7.06,0,8806.74,%sOxidizer Pressure Confirmation
2904,27.69,1921.52,108.48,543.92,812.05,706.88,708.93,13.71,0,0,0,0,0,1,1,0,0,7.06,0,8806.76,%sOxidizer Pressure Confirmation
2905,37.11,1921.52,108.48,543.92,812.15,707.5,709.16,13.71,0,0,0,0,0,1,1,0,0,7.06,0,8806.8,%sOxidizer Pressure Confirmation
2906,24.03,1921.52,108.48,543.92,812.15,707.5,709.16,13.67,0,0,0,0,0,1,1,0,0,7.06,0,8806.82,%sOxidizer Pressure Confirmation
2907,24.52,1921.14,108.48,543.92,812.15,707.5,709.16,13.67,0,0,0,0,0,1,1,0,0,7.06,0,8806.85,%sOxidizer Pressure Confirmation
2908,22.99,1921.14,108.29,543.91,812.15,707.5,709.16,13.67,0,0,0,0,0,1,1,0,0,7.06,0,8806.87,%sOxidizer Pressure Confirmation
2909,23.07,1921.14,108.29,543.91,812.16,708.06,709.16,13.67,0,0,0,0,0,1,1,0,0,7.06,0,8806.9,%sOxidizer Pressure Confirmation
2910,24.68,1921.14,108.29,543.91,812.16,708.06,709.29,13.68,0,0,0,0,0,1,1,0,0,7.05,-0.01,8806.92,%sOxidizer Pressure Confirmation
2911,23.45,1920.35,108.17,543.91,812.16,708.06,709.29,13.68,0,0,0,0,0,1,1,0,0,7.05,-0.01,8806.94,%sOxidizer Pressure Confirmation
2912,28.62,1920.35,108.17,543.95,812.45,708.06,709.29,13.68,0,0,0,0,0,1,1,0,0,7.05,-0.01,8806.97,%sOxidizer Pressure Confirmation
2913,25.62,1920.35,108.17,543.95,812.45,708.64,709.51,13.68,0,0,0,0,0,1,1,0,0,7.05,-0.01,8807,%sOxidizer Pressure Confirmation
2914,24.02,1920.35,108.17,543.95,812.45,708.64,709.51,13.75,0,0,0,0,0,1,1,0,0,7.05,-0.01,8807.02,%sOxidizer Pressure Confirmation
2915,24.45,1920.41,108.08,543.91,812.45,708.64,709.51,13.75,0,0,0,0,0,1,1,0,0,7.05,-0.01,8807.05,%sOxidizer Pressure Confirmation
2916,28.11,1920.41,108.08,543.91,812.52,708.64,709.51,13.75,0,0,0,0,0,1,1,0,0,7.05,-0.01,8807.07,%sOxidizer Pressure Confirmation
2917,21.07,1920.41,108.08,543.91,812.52,708.69,709.86,13.75,0,0,0,0,0,1,1,0,0,7.05,-0.01,8807.1,%sOxidizer Pressure Confirmation
2918,24.67,1920.39,108.09,543.91,812.52,708.69,709.86,14.26,0,0,0,0,0,1,1,0,0,7.06,0,8807.12,%sOxidizer Pressure Confirmation
2919,27.67,1920.39,108.09,543.86,812.52,708.69,709.86,14.26,0,0,0,0,0,1,1,0,0,7.06,0,8807.15,%sOxidizer Pressure Confirmation
2920,25.92,1920.39,108.09,543.86,812.37,708.25,710.02,14.26,0,0,0,0,0,1,1,0,0,7.06,0,8807.17,%sOxidizer Pressure Confirmation
2921,24.12,1920.39,108.09,543.86,812.37,708.25,710.02,14.66,0,0,0,0,0,1,1,0,0,7.06,0.01,8807.2,%sOxidizer Pressure Confirmation
2922,28.59,1920.28,108.01,543.86,812.37,708.25,710.02,14.66,0,0,0,0,0,1,1,0,0,7.06,0.01,8807.23,%sOxidizer Pressure Confirmation
2923,25.17,1920.28,108.01,543.81,812.45,708.58,710.02,14.66,0,0,0,0,0,1,1,0,0,7.06,0.01,8807.25,%sOxidizer Pressure Confirmation
2924,26.17,1920.28,108.01,543.81,812.45,708.58,709.8,14.66,0,0,0,0,0,1,1,0,0,7.06,0.01,8807.28,%sOxidizer Pressure Confirmation
2925,24.38,1920.28,108.01,543.81,812.45,708.58,709.8,14.58,0,0,0,0,0,1,1,0,0,7.06,0.02,8807.3,%sOxidizer Pressure Confirmation
2926,29.48,1920.76,108.05,543.81,812.45,708.58,709.8,14.58,0,0,0,0,0,1,1,0,0,7.06,0.02,8807.33,%sOxidizer Pressure Confirmation
2927,22.33,1920.76,108.05,543.66,812.45,708.58,709.8,14.58,0,0,0,0,0,1,1,0,0,7.06,0.02,8807.35,%sOxidizer Pressure Confirmation
2928,22.12,1920.76,108.05,543.66,812.22,708.58,709.8,14.58,0,0,0,0,0,1,1,0,0,7.06,0.02,8807.38,%sOxidizer Pressure Confirmation
2929,24.85,1920.76,108.05,543.66,812.22,708,709.26,14.78,0,0,0,0,0,1,1,0,0,7.07,0.04,8807.4,%sOxidizer Pressure Confirmation
2930,24.1,1920.86,108.02,543.66,812.22,708,709.26,14.78,0,0,0,0,0,1,1,0,0,7.07,0.04,8807.43,%sOxidizer Pressure Confirmation
2931,26.33,1920.86,108.02,543.66,812.13,707.57,709.26,14.78,0,0,0,0,0,1,1,0,0,7.07,0.04,8807.45,%sOxidizer Pressure Confirmation
2932,26.71,1920.86,108.02,543.66,812.13,707.57,709.35,14.78,0,0,0,0,0,1,1,0,0,7.07,0.04,8807.48,%sOxidizer Pressure Confirmation
2933,23.19,1920.68,108.02,543.66,812.13,707.57,709.35,15.16,0,0,0,0,0,1,1,0,0,7.07,0.06,8807.5,%sOxidizer Pressure Confirmation
2934,32.25,1920.68,107.8,543.41,812.13,707.57,709.35,15.16,0,0,0,0,0,1,1,0,0,7.07,0.06,8807.53,%sOxidizer Pressure Confirmation
2935,31.71,1920.68,107.8,543.41,811.94,706.84,709.57,15.16,0,0,0,0,0,1,1,0,0,7.07,0.06,8807.57,%sOxidizer Pressure Confirmation
2936,27.63,1920.68,107.8,543.41,811.94,706.84,709.57,15.68,0,0,0,0,0,1,1,0,0,7.07,0.08,8807.59,%sOxidizer Pressure Confirmation
2937,25.06,1920.68,107.8,543.41,811.94,706.84,709.57,15.68,0,0,0,0,0,1,1,0,0,7.08,0.08,8807.62,%sOxidizer Pressure Confirmation
2938,23.64,1920.81,107.83,543.29,811.89,706.77,709.57,15.68,0,0,0,0,0,1,1,0,0,7.08,0.08,8807.64,%sOxidizer Pressure Confirmation
2939,25.07,1920.81,107.83,543.29,811.89,706.77,709.95,15.68,0,0,0,0,0,1,1,0,0,7.08,0.08,8807.67,%sOxidizer Pressure Confirmation
2940,25.31,1920.81,107.83,543.29,811.89,706.77,709.95,16.04,0,0,0,0,0,1,1,0,0,7.08,0.09,8807.69,%sOxidizer Pressure Confirmation
2941,24.11,1920.68,107.72,543.29,811.89,706.77,709.95,16.04,0,0,0,0,0,1,1,0,0,7.08,0.09,8807.72,%sOxidizer Pressure Confirmation
2942,21.95,1920.68,107.72,543.02,811.65,706.77,709.95,16.04,0,0,0,0,0,1,1,0,0,7.08,0.09,8807.74,%sOxidizer Pressure Confirmation
2943,24.19,1920.68,107.72,543.02,811.65,706.19,709.95,16.04,0,0,0,0,0,1,1,0,0,7.08,0.09,8807.76,%sOxidizer Pressure Confirmation
2944,24.75,1920.68,107.72,543.02,811.65,706.19,710.43,16.78,0,0,0,0,0,1,1,0,0,7.08,0.1,8807.79,%sOxidizer Pressure Confirmation
2945,31.06,1920.59,107.64,543.02,811.65,706.19,710.43,16.78,0,0,0,0,0,1,1,0,0,7.08,0.1,8807.82,%sOxidizer Pressure Confirmation
2946,22.16,1920.59,107.64,542.83,811.65,706.19,710.43,16.78,0,0,0,0,0,1,1,0,0,7.08,0.1,8807.84,%sOxidizer Pressure Confirmation
2947,26.04,1920.59,107.64,542.83,811.52,706.26,710.96,17.3,0,0,0,0,0,1,1,0,0,7.08,0.1,8807.87,%sOxidizer Pressure Confirmation
2948,23.93,1920.66,107.64,542.83,811.52,706.26,710.96,17.3,0,0,0,0,0,1,1,0,0,7.08,0.1,8807.89,%sOxidizer Pressure Confirmation
2949,28.73,1920.66,107.66,542.75,811.52,706.26,710.96,17.3,0,0,0,0,0,1,1,0,0,7.08,0.1,8807.92,%sOxidizer Pressure Confirmation
2950,25.39,1920.66,107.66,542.75,811.41,706.26,710.96,17.3,0,0,0,0,0,1,1,0,0,7.08,0.1,8807.94,%sOxidizer Pressure Confirmation
2951,23.73,1920.66,107.66,542.75,811.41,705.79,710.7,17.34,0,0,0,0,0,1,1,0,0,7.08,0.1,8807.97,%sOxidizer Pressure Confirmation
2952,26.16,1920.61,107.79,542.75,811.41,705.79,710.7,17.34,0,0,0,0,0,1,1,0,0,7.07,0.09,8807.99,%sOxidizer Pressure Confirmation
2953,25.71,1920.61,107.79,543,811.61,705.79,710.7,17.34,0,0,0,0,0,1,1,0,0,7.07,0.09,8808.02,%sOxidizer Pressure Confirmation
2954,25.3,1920.61,107.79,543,811.61,706.35,710.7,17.34,0,0,0,0,0,1,1,0,0,7.07,0.09,8808.05,%sOxidizer Pressure Confirmation
2955,27.8,1920.61,107.79,543,811.61,706.35,710.45,16.6,0,0,0,0,0,1,1,0,0,7.07,0.08,8808.07,%sOxidizer Pressure Confirmation
2956,28.69,1920.47,107.78,543,811.61,706.35,710.45,16.6,0,0,0,0,0,1,1,0,0,7.07,0.08,8808.1,%sOxidizer Pressure Confirmation
2957,23.26,1920.47,107.78,543.01,811.64,706.66,710.45,16.6,0,0,0,0,0,1,1,0,0,7.07,0.08,8808.12,%sOxidizer Pressure Confirmation
2958,24.01,1920.47,107.78,543.01,811.64,706.66,710.46,16.72,0,0,0,0,0,1,1,0,0,7.08,0.08,8808.15,%sOxidizer Pressure Confirmation
2959,25.21,1920.91,107.78,543.01,811.64,706.66,710.46,16.72,0,0,0,0,0,1,1,0,0,7.08,0.08,8808.17,%sOxidizer Pressure Confirmation
2960,24.74,1920.91,107.78,542.92,811.64,706.66,710.46,16.72,0,0,0,0,0,1,1,0,0,7.08,0.08,8808.2,%sOxidizer Pressure Confirmation
2961,25.23,1920.91,107.78,542.92,811.44,705.76,710.46,16.72,0,0,0,0,0,1,1,0,0,7.08,0.08,8808.22,%sOxidizer Pressure Confirmation
2962,25.82,1920.91,107.78,542.92,811.44,705.76,710.36,17.25,0,0,0,0,0,1,1,0,0,7.08,0.09,8808.25,%sOxidizer Pressure Confirmation
2963,28.7,1920.55,107.72,542.92,811.44,705.76,710.36,17.25,0,0,0,0,0,1,1,0,0,7.08,0.09,8808.28,%sOxidizer Pressure Confirmation
2964,25.18,1920.55,107.72,542.91,811.44,705.76,710.36,17.25,0,0,0,0,0,1,1,0,0,7.08,0.09,8808.3,%sOxidizer Pressure Confirmation
2965,24.26,1920.55,107.72,542.91,811.47,705.76,710.82,17.25,0,0,0,0,0,1,1,0,0,7.08,0.09,8808.33,%sOxidizer Pressure Confirmation
2966,22.03,1920.55,107.72,542.91,811.47,705.76,710.82,17.63,0,0,0,0,0,1,1,0,0,7.07,0.09,8808.35,%sOxidizer Pressure Confirmation
2967,27.93,1920.55,107.78,542.89,811.47,705.76,710.82,17.63,0,0,0,0,0,1,1,0,0,7.07,0.09,8808.38,%sOxidizer Pressure Confirmation
2968,26.07,1920.55,107.78,542.89,811.5,705.76,710.82,17.63,0,0,0,0,0,1,1,0,0,7.07,0.09,8808.4,%sOxidizer Pressure Confirmation
2969,23.98,1920.55,107.78,542.89,811.5,706.09,710.95,17.63,0,0,0,0,0,1,1,0,0,7.07,0.09,8808.43,%sOxidizer Pressure Confirmation
2970,25.17,1920.93,107.89,542.89,811.5,706.09,710.95,17.72,0,0,0,0,0,1,1,0,0,7.08,0.09,8808.45,%sOxidizer Pressure Confirmation
2971,23,1920.93,107.89,542.91,811.49,706.14,710.95,17.72,0,0,0,0,0,1,1,0,0,7.08,0.09,8808.48,%sOxidizer Pressure Confirmation
2972,28.6,1920.93,107.89,542.91,811.49,706.14,710.46,17.72,0,0,0,0,0,1,1,0,0,7.08,0.09,8808.5,%sOxidizer Pressure Confirmation
2973,23.16,1920.93,107.89,542.91,811.49,706.14,710.46,17.45,0,0,0,0,0,1,1,0,0,7.07,0.08,8808.53,%sOxidizer Pressure Confirmation
2974,25.2,1921.15,107.91,542.86,811.44,706.14,710.46,17.45,0,0,0,0,0,1,1,0,0,7.07,0.08,8808.55,%sOxidizer Pressure Confirmation
2975,28.55,1921.15,107.91,542.86,811.44,705.88,710.31,17.45,0,0,0,0,0,1,1,0,0,7.07,0.08,8808.58,%sOxidizer Pressure Confirmation
2976,22.13,1921.15,107.91,542.86,811.44,705.88,710.31,17.83,0,0,0,0,0,1,1,0,0,7.07,0.08,8808.6,%sOxidizer Pressure Confirmation
2977,25.27,1921.15,107.91,542.86,811.44,705.88,710.31,17.83,0,0,0,0,0,1,1,0,0,7.08,0.08,8808.63,%sOxidizer Pressure Confirmation
2978,30.16,1921.89,108.01,542.87,811.47,705.88,710.31,17.83,0,0,0,0,0,1,1,0,0,7.08,0.08,8808.66,%sOxidizer Pressure Confirmation
2979,22.66,1921.89,108.01,542.87,811.47,705.58,710.31,17.83,0,0,0,0,0,1,1,0,0,7.08,0.08,8808.68,%sOxidizer Pressure Confirmation
2980,24.99,1921.89,108.01,542.87,811.47,705.58,709.55,17.53,0,0,0,0,0,1,1,0,0,7.08,0.08,8808.71,%sOxidizer Pressure Confirmation
2981,22.51,1922.57,108.01,542.87,811.47,705.58,709.55,17.53,0,0,0,0,0,1,1,0,0,7.09,0.1,8808.73,%sOxidizer Pressure Confirmation
2982,23.54,1922.57,108.09,542.86,811.5,705.58,709.55,17.53,0,0,0,0,0,1,1,0,0,7.09,0.1,8808.75,%sOxidizer Pressure Confirmation
2983,26.39,1922.57,108.09,542.86,811.5,705.02,708.94,17.07,0,0,0,0,0,1,1,0,0,7.09,0.1,8808.78,%sOxidizer Pressure Confirmation
2984,26.11,1922.57,108.09,542.86,811.5,705.02,708.94,17.07,0,0,0,0,0,1,1,0,0,7.09,0.11,8808.81,%sOxidizer Pressure Confirmation
2985,20.83,1922.57,108.01,542.67,811.5,705.02,708.94,17.07,0,0,0,0,0,1,1,0,0,7.09,0.11,8808.83,%sOxidizer Pressure Confirmation
2986,26.09,1922.57,108.01,542.67,811.33,704.76,708.94,17.07,0,0,0,0,0,1,1,0,0,7.09,0.11,8808.85,%sOxidizer Pressure Confirmation
2987,23.12,1922.57,108.01,542.67,811.33,704.76,708.98,17.68,0,0,0,0,0,1,1,0,0,7.09,0.13,8808.88,%sOxidizer Pressure Confirmation
2988,26.55,1922.61,108.01,542.67,811.33,704.76,708.98,17.68,0,0,0,0,0,1,1,0,0,7.09,0.13,8808.9,%sOxidizer Pressure Confirmation
2989,24.12,1922.61,107.9,542.5,811.33,704.76,708.98,17.68,0,0,0,0,0,1,1,0,0,7.09,0.13,8808.93,%sOxidizer Pressure Confirmation
2990,26.16,1922.61,107.9,542.5,811.2,704.76,708.98,17.68,0,0,0,0,0,1,1,0,0,7.09,0.13,8808.95,%sOxidizer Pressure Confirmation
2991,23.11,1922.61,107.9,542.5,811.2,704.4,709.24,18.18,0,0,0,0,0,1,1,0,0,7.09,0.13,8808.98,%sOxidizer Pressure Confirmation
2992,28.68,1922.76,107.83,542.5,811.2,704.4,709.24,18.18,0,0,0,0,0,1,1,0,0,7.09,0.13,8809,%sOxidizer Pressure Confirmation
2993,26.65,1922.76,107.83,542.48,811.2,704.4,709.24,18.18,0,0,0,0,0,1,1,0,0,7.09,0.13,8809.03,%sOxidizer Pressure Confirmation
2994,30.25,1922.76,107.83,542.48,811.21,704.13,709.25,18.1,0,0,0,0,0,1,1,0,0,7.09,0.13,8809.06,%sOxidizer Pressure Confirmation
2995,25.12,1922.76,107.83,542.48,811.21,704.13,709.25,18.1,0,0,0,0,0,1,1,0,0,7.09,0.12,8809.09,%sOxidizer Pressure Confirmation
2996,25.6,1922.5,107.83,542.48,811.21,704.13,709.25,18.1,0,0,0,0,0,1,1,0,0,7.09,0.12,8809.11,%sOxidizer Pressure Confirmation
2997,27.94,1922.5,107.98,542.6,811.32,704.13,709.25,18.1,0,0,0,0,0,1,1,0,0,7.09,0.12,8809.14,%sOxidizer Pressure Confirmation
2998,27.03,1922.5,107.98,542.6,811.32,704.45,709.49,18.1,0,0,0,0,0,1,1,0,0,7.09,0.12,8809.17,%sOxidizer Pressure Confirmation
2999,21.2,1922.5,107.98,542.6,811.32,704.45,709.49,17.78,0,0,0,0,0,1,1,0,0,7.09,0.11,8809.19,%sOxidizer Pressure Confirmation
3000,25.46,1922.54,107.96,542.59,811.32,704.45,709.49,17.78,0,0,0,0,0,1,1,0,0,7.09,0.11,8809.21,%sOxidizer Pressure Confirmation
3001,24.73,1922.54,107.96,542.59,811.41,704.79,709.31,17.78,0,0,0,0,0,1,1,0,0,7.09,0.11,8809.24,%sOxidizer Pressure Confirmation
3002,27.99,1922.54,107.96,542.59,811.41,704.79,709.31,17.41,0,0,0,0,0,1,1,0,0,7.09,0.11,8809.27,%sOxidizer Pressure Confirmation
3003,28.46,1922.54,107.96,542.59,811.41,704.79,709.31,17.41,0,0,0,0,0,1,1,0,0,7.09,0.12,8809.29,%sOxidizer Pressure Confirmation
3004,22.1,1922.58,107.82,542.58,811.4,704.79,709.31,17.41,0,0,0,0,0,1,1,0,0,7.09,0.12,8809.32,%sOxidizer Pressure Confirmation
3005,29.15,1922.58,107.82,542.58,811.4,704.42,709.43,17.41,0,0,0,0,0,1,1,0,0,7.09,0.12,8809.35,%sOxidizer Pressure Confirmation
3006,24.66,1922.58,107.82,542.58,811.4,704.42,709.43,17.55,0,0,0,0,0,1,1,0,0,7.09,0.12,8809.37,%sOxidizer Pressure Confirmation
3007,23.11,1922.58,107.82,542.58,811.4,704.42,709.43,17.55,0,0,0,0,0,1,1,0,0,7.08,0.09,8809.39,%sOxidizer Pressure Confirmation
3008,28.65,1922.46,107.82,542.66,811.4,704.42,709.43,17.55,0,0,0,0,0,1,1,0,0,7.08,0.09,8809.42,%sOxidizer Pressure Confirmation
3009,25.63,1922.46,107.82,542.66,811.51,704.42,709.43,17.55,0,0,0,0,0,1,1,0,0,7.08,0.09,8809.45,%sOxidizer Pressure Confirmation
3010,26.76,1922.46,107.82,542.66,811.51,704.61,709.6,17.55,0,0,0,0,0,1,1,0,0,7.08,0.09,8809.47,%sOxidizer Pressure Confirmation
3011,27.59,1922.46,107.82,542.66,811.51,704.61,709.6,17.25,0,0,0,0,0,1,1,0,0,7.08,0.08,8809.5,%sOxidizer Pressure Confirmation
3012,33.28,1922.07,107.79,542.66,811.51,704.61,709.6,17.25,0,0,0,0,0,1,1,0,0,7.08,0.08,8809.54,%sOxidizer Pressure Confirmation
3013,26.71,1922.07,107.79,542.87,811.74,704.61,709.6,17.25,0,0,0,0,0,1,1,0,0,7.08,0.08,8809.56,%sOxidizer Pressure Confirmation
3014,26.85,1922.07,107.79,542.87,811.74,704.61,709.6,17.25,0,0,0,0,0,1,1,0,0,7.08,0.08,8809.59,%sOxidizer Pressure Confirmation
3015,29.13,1922.07,107.79,542.87,811.74,705.19,709.48,17.25,0,0,0,0,0,1,1,0,0,7.08,0.08,8809.62,%sOxidizer Pressure Confirmation
3016,24.18,1922.07,107.79,542.87,811.74,705.19,709.48,16.56,0,0,0,0,0,1,1,0,0,7.08,0.07,8809.64,%sOxidizer Pressure Confirmation
3017,31.71,1921.47,107.79,542.87,811.74,705.19,709.48,16.56,0,0,0,0,0,1,1,0,0,7.07,0.07,8809.67,%sOxidizer Pressure Confirmation
3018,31.99,1921.47,107.84,542.87,811.74,705.19,709.48,16.56,0,0,0,0,0,1,1,0,0,7.07,0.07,8809.71,%sOxidizer Pressure Confirmation
3019,29.99,1921.47,107.84,543.06,811.95,705.19,709.48,16.56,0,0,0,0,0,1,1,0,0,7.07,0.07,8809.74,%sOxidizer Pressure Confirmation
3020,32,1921.47,107.84,543.06,811.95,705.95,709.61,16.56,0,0,0,0,0,1,1,0,0,7.07,0.07,8809.77,%sOxidizer Pressure Confirmation
3021,37.71,1921.47,107.84,543.06,811.95,705.95,709.61,16.09,0,0,0,0,0,1,1,0,0,7.07,0.07,8809.81,%sOxidizer Pressure Confirmation
3022,32.36,1921.47,107.84,543.06,811.95,705.95,709.61,16.09,0,0,0,0,0,1,1,0,0,7.06,0.05,8809.84,%sOxidizer Pressure Confirmation
3023,31.2,1920.92,107.84,543.06,811.95,705.95,709.61,16.09,0,0,0,0,0,1,1,0,0,7.06,0.05,8809.87,%sOxidizer Pressure Confirmation
3024,27.19,1920.92,107.71,543.12,811.95,705.95,709.61,16.09,0,0,0,0,0,1,1,0,0,7.06,0.05,8809.9,%sOxidizer Pressure Confirmation
3025,31.91,1920.92,107.71,543.12,812.12,705.95,709.61,16.09,0,0,0,0,0,1,1,0,0,7.06,0.05,8809.93,%sOxidizer Pressure Confirmation
3026,27.71,1920.92,107.71,543.12,812.12,706.48,710.09,16.09,0,0,0,0,0,1,1,0,0,7.06,0.05,8809.96,%sOxidizer Pressure Confirmation
3027,30.7,1920.92,107.71,543.12,812.12,706.48,710.09,16.12,0,0,0,0,0,1,1,0,0,7.06,0.05,8809.99,%sOxidizer Pressure Confirmation
3028,28.47,1920.92,107.71,543.12,812.12,706.48,710.09,16.12,0,0,0,0,0,1,1,0,0,7.06,0.04,8810.02,%sOxidizer Pressure Confirmation
3029,37.77,1921.2,107.81,543.12,812.12,706.48,710.09,16.12,0,0,0,0,0,1,1,0,0,7.06,0.04,8810.05,%sOxidizer Pressure Confirmation
3030,28.74,1921.2,107.81,543.27,812.12,706.48,710.09,16.12,0,0,0,0,0,1,1,0,0,7.06,0.04,8810.08,%sOxidizer Pressure Confirmation
3031,32.64,1921.2,107.81,543.27,812.33,706.48,710.09,16.12,0,0,0,0,0,1,1,0,0,7.06,0.04,8810.11,%sOxidizer Pressure Confirmation
3032,29.27,1921.2,107.81,543.27,812.33,707,709.97,16.12,0,0,0,0,0,1,1,0,0,7.06,0.04,8810.14,%sOxidizer Pressure Confirmation
3033,29.41,1921.2,107.81,543.27,812.33,707,709.97,15.41,0,0,0,0,0,1,1,0,0,7.06,0.04,8810.17,%sOxidizer Pressure Confirmation
3034,33.71,1921.2,107.81,543.27,812.33,707,709.97,15.41,0,0,0,0,0,1,1,0,0,7.06,0.03,8810.21,%sOxidizer Pressure Confirmation
3035,33.31,1920.99,107.81,543.27,812.33,707,709.97,15.41,0,0,0,0,0,1,1,0,0,7.06,0.03,8810.24,%sOxidizer Pressure Confirmation
3036,25.18,1920.99,108,543.42,812.33,707,709.97,15.41,0,0,0,0,0,1,1,0,0,7.06,0.03,8810.27,%sOxidizer Pressure Confirmation
3037,29.66,1920.99,108,543.42,812.29,707,709.97,15.41,0,0,0,0,0,1,1,0,0,7.06,0.03,8810.3,%sOxidizer Pressure Confirmation
3038,30.65,1920.99,108,543.42,812.29,706.77,709.89,15.41,0,0,0,0,0,1,1,0,0,7.06,0.03,8810.33,%sOxidizer Pressure Confirmation
3039,30.22,1920.99,108,543.42,812.29,706.77,709.89,15.23,0,0,0,0,0,1,1,0,0,7.06,0.03,8810.36,%sOxidizer Pressure Confirmation
3040,35.33,1920.99,108,543.42,812.29,706.77,709.89,15.23,0,0,0,0,0,1,1,0,0,7.06,0,8810.39,%sOxidizer Pressure Confirmation
3041,30.74,1921.52,108,543.42,812.29,706.77,709.89,15.23,0,0,0,0,0,1,1,0,0,7.06,0,8810.42,%sOxidizer Pressure Confirmation
3042,29.2,1921.52,108.16,543.44,812.29,706.77,709.89,15.23,0,0,0,0,0,1,1,0,0,7.06,0,8810.45,%sOxidizer Pressure Confirmation
3043,42.32,1921.52,108.16,543.44,812.34,707.02,709.89,15.23,0,0,0,0,0,1,1,0,0,7.06,0,8810.49,%sOxidizer Pressure Confirmation
3044,41.15,1921.52,108.16,543.44,812.34,707.02,709.53,15.23,0,0,0,0,0,1,1,0,0,7.06,0,8810.53,%sOxidizer Pressure Confirmation
3045,25.26,1921.52,108.16,543.44,812.34,707.02,709.53,14.74,0,0,0,0,0,1,1,0,0,7.06,0.01,8810.56,%sOxidizer Pressure Confirmation
3046,35.67,1921.52,108.16,543.44,812.34,707.02,709.53,14.74,0,0,0,0,0,1,1,0,0,7.06,0.01,8810.6,%sOxidizer Pressure Confirmation
3047,30.67,1921.68,108.16,543.44,812.34,707.02,709.53,14.74,0,0,0,0,0,1,1,0,0,7.06,0.01,8810.63,%sOxidizer Pressure Confirmation
3048,29.19,1921.68,108,543.28,812.34,707.02,709.53,14.74,0,0,0,0,0,1,1,0,0,7.06,0.01,8810.66,%sOxidizer Pressure Confirmation
3049,34.17,1921.68,108,543.28,812.34,707.35,709.53,14.74,0,0,0,0,0,1,1,0,0,7.06,0.01,8810.69,%sOxidizer Pressure Confirmation
3050,24.1,1921.68,108,543.28,812.34,707.35,709.77,15.15,0,0,0,0,0,1,1,0,0,7.07,0.02,8810.71,%sOxidizer Pressure Confirmation
3051,28.09,1922.3,108,543.28,812.34,707.35,709.77,15.15,0,0,0,0,0,1,1,0,0,7.07,0.02,8810.74,%sOxidizer Pressure Confirmation
3052,26.04,1922.3,108,543.28,812.34,707.35,709.77,15.15,0,0,0,0,0,1,1,0,0,7.07,0.02,8810.77,%sOxidizer Pressure Confirmation
3053,28.5,1922.3,107.93,543.3,812.31,707,709.77,15.15,0,0,0,0,0,1,1,0,0,7.07,0.02,8810.8,%sOxidizer Pressure Confirmation
3054,38.39,1922.3,107.93,543.3,812.31,707,709.54,15.15,0,0,0,0,0,1,1,0,0,7.07,0.02,8810.83,%sOxidizer Pressure Confirmation
3055,28.81,1922.3,107.93,543.3,812.31,707,709.54,15.37,0,0,0,0,0,1,1,0,0,7.07,0.02,8810.86,%sOxidizer Pressure Confirmation
3056,34.41,1922.3,107.93,543.3,812.31,707,709.54,15.37,0,0,0,0,0,1,1,0,0,7.07,0.01,8810.9,%sOxidizer Pressure Confirmation
3057,28.17,1922.9,108.19,543.3,812.31,707,709.54,15.37,0,0,0,0,0,1,1,0,0,7.07,0.01,8810.93,%sOxidizer Pressure Confirmation
3058,31.8,1922.9,108.19,543.3,812.3,706.91,709.54,15.37,0,0,0,0,0,1,1,0,0,7.07,0.01,8810.96,%sOxidizer Pressure Confirmation
3059,30.02,1922.9,108.19,543.3,812.3,706.91,708.84,15.37,0,0,0,0,0,1,1,0,0,7.07,0.01,8810.99,%sOxidizer Pressure Confirmation
3060,28.09,1922.9,108.19,543.3,812.3,706.91,708.84,14.8,0,0,0,0,0,1,1,0,0,7.07,0.01,8811.02,%sOxidizer Pressure Confirmation
3061,27.08,1923.29,108.22,543.3,812.3,706.91,708.84,14.8,0,0,0,0,0,1,1,0,0,7.07,0.01,8811.04,%sOxidizer Pressure Confirmation
3062,29.65,1923.29,108.22,543.3,812.3,706.91,708.84,14.8,0,0,0,0,0,1,1,0,0,7.07,0.01,8811.07,%sOxidizer Pressure Confirmation
3063,22.07,1923.29,108.22,543.3,812.3,706.45,708.55,14.8,0,0,0,0,0,1,1,0,0,7.07,0.01,8811.09,%sOxidizer Pressure Confirmation
3064,25.72,1923.29,108.22,543.3,812.3,706.45,708.55,14.7,0,0,0,0,0,1,1,0,0,7.08,0.02,8811.12,%sOxidizer Pressure Confirmation
3065,29.12,1923.97,108.32,543.3,812.3,706.45,708.55,14.7,0,0,0,0,0,1,1,0,0,7.08,0.02,8811.15,%sOxidizer Pressure Confirmation
3066,29.58,1923.97,108.32,543.3,812.3,706.45,708.55,14.7,0,0,0,0,0,1,1,0,0,7.08,0.02,8811.18,%sOxidizer Pressure Confirmation
3067,27.07,1923.97,108.32,543.12,812.16,705.93,708.56,14.7,0,0,0,0,0,1,1,0,0,7.08,0.02,8811.21,%sOxidizer Pressure Confirmation
3068,28.61,1923.97,108.32,543.12,812.16,705.93,708.56,15.07,0,0,0,0,0,1,1,0,0,7.08,0.02,8811.24,%sOxidizer Pressure Confirmation
3069,30.19,1923.97,108.32,543.12,812.16,705.93,708.56,15.07,0,0,0,0,0,1,1,0,0,7.08,0.04,8811.27,%sOxidizer Pressure Confirmation
3070,29.62,1923.97,108.17,543.12,812.16,705.93,708.56,15.07,0,0,0,0,0,1,1,0,0,7.08,0.04,8811.29,%sOxidizer Pressure Confirmation
3071,28.63,1923.97,108.17,542.93,812.03,705.62,708.56,15.07,0,0,0,0,0,1,1,0,0,7.08,0.04,8811.32,%sOxidizer Pressure Confirmation
3072,26.33,1923.97,108.17,542.93,812.03,705.62,709.08,15.69,0,0,0,0,0,1,1,0,0,7.08,0.04,8811.35,%sOxidizer Pressure Confirmation
3073,27.09,1923.97,108.17,542.93,812.03,705.62,709.08,15.69,0,0,0,0,0,1,1,0,0,7.08,0.04,8811.38,%sOxidizer Pressure Confirmation
3074,22.72,1923.97,108.17,542.93,812.03,705.62,709.08,15.69,0,0,0,0,0,1,1,0,0,7.08,0.04,8811.4,%sOxidizer Pressure Confirmation
3075,23.35,1924.05,108.18,543.07,812.11,705.62,709.08,15.69,0,0,0,0,0,1,1,0,0,7.08,0.04,8811.42,%sOxidizer Pressure Confirmation
3076,25.26,1924.05,108.18,543.07,812.11,705.68,708.61,15.69,0,0,0,0,0,1,1,0,0,7.08,0.04,8811.45,%sOxidizer Pressure Confirmation
3077,23.68,1924.05,108.18,543.07,812.11,705.68,708.61,15.48,0,0,0,0,0,1,1,0,0,7.08,0.04,8811.47,%sOxidizer Pressure Confirmation
3078,27.95,1924.05,108.18,543.07,812.11,705.68,708.61,15.48,0,0,0,0,0,1,1,0,0,7.08,0.04,8811.5,%sOxidizer Pressure Confirmation
3079,24.1,1924.23,108.37,543.19,812.14,705.68,708.61,15.48,0,0,0,0,0,1,1,0,0,7.08,0.04,8811.52,%sOxidizer Pressure Confirmation
3080,31.37,1924.23,108.37,543.19,812.14,705.32,708.61,15.48,0,0,0,0,0,1,1,0,0,7.08,0.04,8811.56,%sOxidizer Pressure Confirmation
3081,28.73,1924.23,108.37,543.19,812.14,705.32,708.62,15.5,0,0,0,0,0,1,1,0,0,7.08,0.05,8811.58,%sOxidizer Pressure Confirmation
3082,28.76,1924.52,108.24,543.19,812.14,705.32,708.62,15.5,0,0,0,0,0,1,1,0,0,7.08,0.05,8811.61,%sOxidizer Pressure Confirmation
3083,26.23,1924.52,108.24,542.96,812.11,705.32,708.62,15.5,0,0,0,0,0,1,1,0,0,7.08,0.05,8811.64,%sOxidizer Pressure Confirmation
3084,25.09,1924.52,108.24,542.96,812.11,705.15,708.18,15.24,0,0,0,0,0,1,1,0,0,7.08,0.05,8811.66,%sOxidizer Pressure Confirmation
3085,26.9,1924.52,108.24,542.96,812.11,705.15,708.18,15.24,0,0,0,0,0,1,1,0,0,7.08,0.07,8811.69,%sOxidizer Pressure Confirmation
3086,25.07,1924.25,108.15,542.96,812.11,705.15,708.18,15.24,0,0,0,0,0,1,1,0,0,7.08,0.07,8811.72,%sOxidizer Pressure Confirmation
3087,27.82,1924.25,108.15,543,812.11,705.15,708.18,15.24,0,0,0,0,0,1,1,0,0,7.08,0.07,8811.74,%sOxidizer Pressure Confirmation
3088,25.42,1924.25,108.15,543,812.13,705.05,708.41,15.24,0,0,0,0,0,1,1,0,0,7.08,0.07,8811.77,%sOxidizer Pressure Confirmation
3089,28.48,1924.25,108.15,543,812.13,705.05,708.41,15.7,0,0,0,0,0,1,1,0,0,7.08,0.07,8811.8,%sOxidizer Pressure Confirmation
3090,26.13,1923.85,108.15,543,812.13,705.05,708.41,15.7,0,0,0,0,0,1,1,0,0,7.08,0.07,8811.82,%sOxidizer Pressure Confirmation
3091,24.06,1923.85,108.28,543.02,812.13,705.05,708.41,15.7,0,0,0,0,0,1,1,0,0,7.08,0.07,8811.85,%sOxidizer Pressure Confirmation
3092,25.15,1923.85,108.28,543.02,812.09,704.77,708.48,15.7,0,0,0,0,0,1,1,0,0,7.08,0.07,8811.87,%sOxidizer Pressure Confirmation
3093,28.58,1923.85,108.28,543.02,812.09,704.77,708.48,15.77,0,0,0,0,0,1,1,0,0,7.07,0.06,8811.9,%sOxidizer Pressure Confirmation
3094,25.03,1923.15,108.28,543.02,812.09,704.77,708.48,15.77,0,0,0,0,0,1,1,0,0,7.07,0.06,8811.93,%sOxidizer Pressure Confirmation
3095,23.19,1923.15,108.34,543.01,812.11,704.87,708.48,15.77,0,0,0,0,0,1,1,0,0,7.07,0.06,8811.95,%sOxidizer Pressure Confirmation
3096,23.01,1923.15,108.34,543.01,812.11,704.87,708.97,15.77,0,0,0,0,0,1,1,0,0,7.07,0.06,8811.97,%sOxidizer Pressure Confirmation
3097,28.72,1923.15,108.34,543.01,812.11,704.87,708.97,15.84,0,0,0,0,0,1,1,0,0,7.08,0.07,8812,%sOxidizer Pressure Confirmation
3098,23.03,1922.48,108.34,543.01,812.11,704.87,708.97,15.84,0,0,0,0,0,1,1,0,0,7.08,0.07,8812.02,%sOxidizer Pressure Confirmation
3099,25.02,1922.48,108.2,543,812.11,704.87,708.97,15.84,0,0,0,0,0,1,1,0,0,7.08,0.07,8812.05,%sOxidizer Pressure Confirmation
3100,24.19,1922.48,108.2,543,812.16,704.83,709.5,15.84,0,0,0,0,0,1,1,0,0,7.08,0.07,8812.07,%sOxidizer Pressure Confirmation
3101,28.56,1922.48,108.2,543,812.16,704.83,709.5,16.24,0,0,0,0,0,1,1,0,0,7.07,0.08,8812.1,%sOxidizer Pressure Confirmation
3102,24.08,1921.97,108.2,543,812.16,704.83,709.5,16.24,0,0,0,0,0,1,1,0,0,7.07,0.08,8812.13,%sOxidizer Pressure Confirmation
3103,24.14,1921.97,108.07,542.86,812.08,705.34,709.5,16.24,0,0,0,0,0,1,1,0,0,7.07,0.08,8812.15,%sOxidizer Pressure Confirmation
3104,24.21,1921.97,108.07,542.86,812.08,705.34,710.27,16.93,0,0,0,0,0,1,1,0,0,7.07,0.08,8812.17,%sOxidizer Pressure Confirmation
3105,28.76,1921.69,108.07,542.86,812.08,705.34,710.27,16.93,0,0,0,0,0,1,1,0,0,7.07,0.07,8812.2,%sOxidizer Pressure Confirmation
3106,22.12,1921.69,108.09,542.93,812.08,705.34,710.27,16.93,0,0,0,0,0,1,1,0,0,7.07,0.07,8812.23,%sOxidizer Pressure Confirmation
3107,23.42,1921.69,108.09,542.93,812.17,705.34,710.27,16.93,0,0,0,0,0,1,1,0,0,7.07,0.07,8812.25,%sOxidizer Pressure Confirmation
3108,23.89,1921.69,108.09,542.93,812.17,705.26,710.07,16.37,0,0,0,0,0,1,1,0,0,7.07,0.05,8812.27,%sOxidizer Pressure Confirmation
3109,30.6,1922.14,108.09,542.93,812.17,705.26,710.07,16.37,0,0,0,0,0,1,1,0,0,7.07,0.05,8812.3,%sOxidizer Pressure Confirmation
3110,23,1922.14,108.28,543.15,812.17,705.26,710.07,16.37,0,0,0,0,0,1,1,0,0,7.07,0.05,8812.33,%sOxidizer Pressure Confirmation
3111,26.15,1922.14,108.28,543.15,812.18,705.03,709.54,16.37,0,0,0,0,0,1,1,0,0,7.07,0.05,8812.35,%sOxidizer Pressure Confirmation
3112,24.01,1922.14,108.28,543.15,812.18,705.03,709.54,15.92,0,0,0,0,0,1,1,0,0,7.07,0.06,8812.38,%sOxidizer Pressure Confirmation
3113,29.4,1922.75,108.28,543.15,812.18,705.03,709.54,15.92,0,0,0,0,0,1,1,0,0,7.08,0.06,8812.41,%sOxidizer Pressure Confirmation
3114,22.64,1922.75,108.55,543.15,812.18,705.03,709.54,15.92,0,0,0,0,0,1,1,0,0,7.08,0.06,8812.43,%sOxidizer Pressure Confirmation
3115,27.09,1922.75,108.55,542.97,811.94,704.49,709.54,15.92,0,0,0,0,0,1,1,0,0,7.08,0.06,8812.46,%sOxidizer Pressure Confirmation
3116,25.59,1922.75,108.55,542.97,811.94,704.49,709.49,16.35,0,0,0,0,0,1,1,0,0,7.08,0.06,8812.48,%sOxidizer Pressure Confirmation
3117,24.09,1922.75,108.55,542.97,811.94,704.49,709.49,16.35,0,0,0,0,0,1,1,0,0,7.08,0.08,8812.51,%sOxidizer Pressure Confirmation
3118,26.76,1922.34,108.55,542.97,811.94,704.49,709.49,16.35,0,0,0,0,0,1,1,0,0,7.08,0.08,8812.53,%sOxidizer Pressure Confirmation
3119,25.75,1922.34,108.23,542.69,811.84,704.56,709.49,16.35,0,0,0,0,0,1,1,0,0,7.08,0.08,8812.56,%sOxidizer Pressure Confirmation
3120,27.69,1922.34,108.23,542.69,811.84,704.56,709.49,16.35,0,0,0,0,0,1,1,0,0,7.08,0.08,8812.59,%sOxidizer Pressure Confirmation
3121,26.4,1922.34,108.23,542.69,811.84,704.56,710.12,16.35,0,0,0,0,0,1,1,0,0,7.08,0.08,8812.61,%sOxidizer Pressure Confirmation
3122,23.88,1922.34,108.23,542.69,811.84,704.56,710.12,16.95,0,0,0,0,0,1,1,0,0,7.08,0.08,8812.64,%sOxidizer Pressure Confirmation
3123,28.28,1922.53,108.18,542.75,811.84,704.56,710.12,16.95,0,0,0,0,0,1,1,0,0,7.08,0.08,8812.66,%sOxidizer Pressure Confirmation
3124,26.76,1922.53,108.18,542.75,811.98,704.56,710.12,16.95,0,0,0,0,0,1,1,0,0,7.08,0.08,8812.69,%sOxidizer Pressure Confirmation
3125,23.12,1922.53,108.18,542.75,811.98,704.82,710.12,16.95,0,0,0,0,0,1,1,0,0,7.08,0.08,8812.71,%sOxidizer Pressure Confirmation
3126,25.4,1922.53,108.18,542.75,811.98,704.82,710.43,17.34,0,0,0,0,0,1,1,0,0,7.08,0.08,8812.74,%sOxidizer Pressure Confirmation
3127,31.78,1922.38,108.17,542.73,811.98,704.82,710.43,17.34,0,0,0,0,0,1,1,0,0,7.08,0.08,8812.77,%sOxidizer Pressure Confirmation
3128,27.63,1922.38,108.17,542.73,812.01,704.62,710.43,17.34,0,0,0,0,0,1,1,0,0,7.08,0.08,8812.8,%sOxidizer Pressure Confirmation
3129,28.21,1922.38,108.17,542.73,812.01,704.62,710.01,17.28,0,0,0,0,0,1,1,0,0,7.08,0.08,8812.83,%sOxidizer Pressure Confirmation
3130,28.43,1922.38,108.17,542.73,812.01,704.62,710.01,17.28,0,0,0,0,0,1,1,0,0,7.08,0.08,8812.86,%sOxidizer Pressure Confirmation
3131,23.71,1922.46,108.12,542.74,812.01,704.62,710.01,17.28,0,0,0,0,0,1,1,0,0,7.08,0.08,8812.88,%sOxidizer Pressure Confirmation
3132,25.81,1922.46,108.12,542.74,812.16,705.02,709.99,17.28,0,0,0,0,0,1,1,0,0,7.08,0.08,8812.91,%sOxidizer Pressure Confirmation
3133,21.71,1922.46,108.12,542.74,812.16,705.02,709.99,17.29,0,0,0,0,0,1,1,0,0,7.08,0.07,8812.93,%sOxidizer Pressure Confirmation
3134,31.15,1922.54,108.12,542.74,812.16,705.02,709.99,17.29,0,0,0,0,0,1,1,0,0,7.08,0.07,8812.96,%sOxidizer Pressure Confirmation
3135,26.26,1922.54,108.09,542.78,812.32,705.23,709.79,17.29,0,0,0,0,0,1,1,0,0,7.08,0.07,8812.98,%sOxidizer Pressure Confirmation
3136,26.65,1922.54,108.09,542.78,812.32,705.23,709.79,17.06,0,0,0,0,0,1,1,0,0,7.08,0.07,8813.01,%sOxidizer Pressure Confirmation
3137,27.28,1922.54,108.09,542.78,812.32,705.23,709.79,17.06,0,0,0,0,0,1,1,0,0,7.07,0.05,8813.04,%sOxidizer Pressure Confirmation
3138,24.19,1922.92,108.31,543.02,812.32,705.23,709.79,17.06,0,0,0,0,0,1,1,0,0,7.07,0.05,8813.06,%sOxidizer Pressure Confirmation
3139,29.58,1922.92,108.31,543.02,812.59,705.43,709.79,17.06,0,0,0,0,0,1,1,0,0,7.07,0.05,8813.09,%sOxidizer Pressure Confirmation
3140,26.98,1922.92,108.31,543.02,812.59,705.43,709.14,17.06,0,0,0,0,0,1,1,0,0,7.07,0.05,8813.12,%sOxidizer Pressure Confirmation
3141,22.76,1923.46,108.56,543.02,812.59,705.43,709.14,16.47,0,0,0,0,0,1,1,0,0,7.07,0.04,8813.14,%sOxidizer Pressure Confirmation
3142,42.24,1923.46,108.56,543.15,812.78,705.43,709.14,16.47,0,0,0,0,0,1,1,0,0,7.07,0.04,8813.18,%sOxidizer Pressure Confirmation
3143,25.52,1923.46,108.56,543.15,812.78,705.33,708.4,16.47,0,0,0,0,0,1,1,0,0,7.07,0.04,8813.21,%sOxidizer Pressure Confirmation
3144,25.51,1923.46,108.56,543.15,812.78,705.33,708.4,15.85,0,0,0,0,0,1,1,0,0,7.07,0.04,8813.24,%sOxidizer Pressure Confirmation
3145,26.44,1923.25,108.64,543.25,812.78,705.33,708.4,15.85,0,0,0,0,0,1,1,0,0,7.07,0.04,8813.26,%sOxidizer Pressure Confirmation
3146,24.27,1923.25,108.64,543.25,812.87,705.62,708.4,15.85,0,0,0,0,0,1,1,0,0,7.07,0.04,8813.29,%sOxidizer Pressure Confirmation
3147,29.78,1923.25,108.64,543.25,812.87,705.62,708.45,15.85,0,0,0,0,0,1,1,0,0,7.07,0.04,8813.32,%sOxidizer Pressure Confirmation
3148,23.44,1923.25,108.64,543.25,812.87,705.62,708.45,16,0,0,0,0,0,1,1,0,0,7.08,0.04,8813.34,%sOxidizer Pressure Confirmation
3149,27.17,1923.54,108.73,543.19,812.87,705.62,708.45,16,0,0,0,0,0,1,1,0,0,7.08,0.04,8813.37,%sOxidizer Pressure Confirmation
3150,23.81,1923.54,108.73,543.19,812.93,705.63,708.45,16,0,0,0,0,0,1,1,0,0,7.08,0.04,8813.39,%sOxidizer Pressure Confirmation
3151,22.22,1923.54,108.73,543.19,812.93,705.63,708.41,15.94,0,0,0,0,0,1,1,0,0,7.08,0.04,8813.41,%sOxidizer Pressure Confirmation
3152,21.9,1923.48,108.73,543.19,812.93,705.63,708.41,15.94,0,0,0,0,0,1,1,0,0,7.08,0.06,8813.43,%sOxidizer Pressure Confirmation
3153,28.44,1923.48,108.75,543.19,813.01,705.63,708.41,15.94,0,0,0,0,0,1,1,0,0,7.08,0.06,8813.46,%sOxidizer Pressure Confirmation
3154,27.8,1923.48,108.75,543.19,813.01,705.54,708.49,15.94,0,0,0,0,0,1,1,0,0,7.08,0.06,8813.49,%sOxidizer Pressure Confirmation
3155,27.74,1923.48,108.75,543.19,813.01,705.54,708.49,15.82,0,0,0,0,0,1,1,0,0,7.08,0.06,8813.52,%sOxidizer Pressure Confirmation
3156,23.77,1924.01,108.83,543.19,813.01,705.54,708.49,15.82,0,0,0,0,0,1,1,0,0,7.08,0.06,8813.54,%sOxidizer Pressure Confirmation
3157,26.14,1924.01,108.83,543.19,813.02,705.45,708.49,15.82,0,0,0,0,0,1,1,0,0,7.08,0.06,8813.57,%sOxidizer Pressure Confirmation
3158,27.3,1924.01,108.83,543.19,813.02,705.45,707.93,15.82,0,0,0,0,0,1,1,0,0,7.08,0.06,8813.6,%sOxidizer Pressure Confirmation
3159,20.93,1924.01,108.83,543.19,813.02,705.45,707.93,15.49,0,0,0,0,0,1,1,0,0,7.08,0.06,8813.62,%sOxidizer Pressure Confirmation
3160,23.03,1924.32,108.83,543.19,813.02,705.45,707.93,15.49,0,0,0,0,0,1,1,0,0,7.08,0.06,8813.64,%sOxidizer Pressure Confirmation
3161,22.17,1924.32,108.91,543.17,812.99,705.45,707.93,15.49,0,0,0,0,0,1,1,0,0,7.08,0.06,8813.66,%sOxidizer Pressure Confirmation
3162,23.27,1924.32,108.91,543.17,812.99,705.46,707.88,15.82,0,0,0,0,0,1,1,0,0,7.08,0.06,8813.68,%sOxidizer Pressure Confirmation
3163,24.74,1924.64,108.91,543.17,812.99,705.46,707.88,15.82,0,0,0,0,0,1,1,0,0,7.08,0.06,8813.71,%sOxidizer Pressure Confirmation
3164,23.2,1924.64,108.9,543.15,812.99,705.46,707.88,15.82,0,0,0,0,0,1,1,0,0,7.08,0.06,8813.73,%sOxidizer Pressure Confirmation
3165,26.23,1924.64,108.9,543.15,812.99,705.49,707.88,15.82,0,0,0,0,0,1,1,0,0,7.08,0.06,8813.76,%sOxidizer Pressure Confirmation
3166,25.11,1924.64,108.9,543.15,812.99,705.49,708.13,16.03,0,0,0,0,0,1,1,0,0,7.09,0.07,8813.78,%sOxidizer Pressure Confirmation
3167,24.94,1924.75,108.89,543.15,812.99,705.49,708.13,16.03,0,0,0,0,0,1,1,0,0,7.09,0.07,8813.81,%sOxidizer Pressure Confirmation
3168,26.63,1924.75,108.89,543.17,812.99,705.49,708.13,16.03,0,0,0,0,0,1,1,0,0,7.09,0.07,8813.84,%sOxidizer Pressure Confirmation
3169,25.69,1924.75,108.89,543.17,812.89,705.05,707.79,16.03,0,0,0,0,0,1,1,0,0,7.09,0.07,8813.86,%sOxidizer Pressure Confirmation
3170,24.09,1924.75,108.89,543.17,812.89,705.05,707.79,15.74,0,0,0,0,0,1,1,0,0,7.1,0.09,8813.89,%sOxidizer Pressure Confirmation
3171,23.59,1925.33,108.88,543.15,812.89,705.05,707.79,15.74,0,0,0,0,0,1,1,0,0,7.1,0.09,8813.91,%sOxidizer Pressure Confirmation
3172,24.93,1925.33,108.88,543.15,812.81,704.73,707.79,15.74,0,0,0,0,0,1,1,0,0,7.1,0.09,8813.93,%sOxidizer Pressure Confirmation
3173,25.29,1925.33,108.88,543.15,812.81,704.73,707.47,15.42,0,0,0,0,0,1,1,0,0,7.1,0.09,8813.96,%sOxidizer Pressure Confirmation
3174,24.19,1925.31,108.88,543.15,812.81,704.73,707.47,15.42,0,0,0,0,0,1,1,0,0,7.09,0.09,8813.98,%sOxidizer Pressure Confirmation
3175,28.55,1925.31,108.86,543.18,812.67,704.73,707.47,15.42,0,0,0,0,0,1,1,0,0,7.09,0.09,8814.01,%sOxidizer Pressure Confirmation
3176,25.44,1925.31,108.86,543.18,812.67,704.53,707.47,15.42,0,0,0,0,0,1,1,0,0,7.09,0.09,8814.04,%sOxidizer Pressure Confirmation
3177,23.12,1925.31,108.86,543.18,812.67,704.53,707.62,15.51,0,0,0,0,0,1,1,0,0,7.09,0.1,8814.06,%sOxidizer Pressure Confirmation
3178,24.14,1925.28,108.86,543.18,812.67,704.53,707.62,15.51,0,0,0,0,0,1,1,0,0,7.1,0.1,8814.08,%sOxidizer Pressure Confirmation
3179,24.72,1925.28,108.73,543.11,812.59,704.22,707.71,15.51,0,0,0,0,0,1,1,0,0,7.1,0.1,8814.11,%sOxidizer Pressure Confirmation
3180,25.19,1925.28,108.73,543.11,812.59,704.22,707.71,15.79,0,0,0,0,0,1,1,0,0,7.1,0.1,8814.13,%sOxidizer Pressure Confirmation
3181,25.93,1925.28,108.73,543.11,812.59,704.22,707.71,15.79,0,0,0,0,0,1,1,0,0,7.1,0.1,8814.16,%sOxidizer Pressure Confirmation
3182,22.8,1925.91,108.73,543.11,812.59,704.22,707.71,15.79,0,0,0,0,0,1,1,0,0,7.1,0.1,8814.18,%sOxidizer Pressure Confirmation
3183,27.65,1925.91,108.74,542.95,812.39,703.86,707.71,15.79,0,0,0,0,0,1,1,0,0,7.1,0.1,8814.21,%sOxidizer Pressure Confirmation
3184,22.13,1925.91,108.74,542.95,812.39,703.86,707.75,15.75,0,0,0,0,0,1,1,0,0,7.1,0.11,8814.23,%sOxidizer Pressure Confirmation
3185,26.32,1926.08,108.74,542.95,812.39,703.86,707.75,15.75,0,0,0,0,0,1,1,0,0,7.1,0.11,8814.26,%sOxidizer Pressure Confirmation
3186,28.68,1926.08,108.67,542.88,812.39,703.86,707.75,15.75,0,0,0,0,0,1,1,0,0,7.1,0.11,8814.29,%sOxidizer Pressure Confirmation
3187,23.98,1926.08,108.67,542.88,812.33,703.67,707.6,15.66,0,0,0,0,0,1,1,0,0,7.1,0.09,8814.31,%sOxidizer Pressure Confirmation
3188,27.13,1926.08,108.67,542.88,812.33,703.67,707.6,15.66,0,0,0,0,0,1,1,0,0,7.1,0.09,8814.34,%sOxidizer Pressure Confirmation
3189,24.8,1926.03,108.67,542.88,812.33,703.67,707.6,15.66,0,0,0,0,0,1,1,0,0,7.1,0.09,8814.36,%sOxidizer Pressure Confirmation
3190,23.95,1926.03,108.53,543.05,812.33,703.67,707.6,15.66,0,0,0,0,0,1,1,0,0,7.1,0.09,8814.39,%sOxidizer Pressure Confirmation
3191,26.1,1926.03,108.53,543.05,812.34,703.77,707.58,15.47,0,0,0,0,0,1,1,0,0,7.1,0.09,8814.41,%sOxidizer Pressure Confirmation
3192,22.82,1926.03,108.53,543.05,812.34,703.77,707.58,15.47,0,0,0,0,0,1,1,0,0,7.1,0.07,8814.44,%sOxidizer Pressure Confirmation
3193,29.81,1926.44,108.74,543.05,812.34,703.77,707.58,15.47,0,0,0,0,0,1,1,0,0,7.1,0.07,8814.47,%sOxidizer Pressure Confirmation
3194,26.36,1926.44,108.74,543.15,812.36,703.68,707.5,15.47,0,0,0,0,0,1,1,0,0,7.1,0.07,8814.49,%sOxidizer Pressure Confirmation
3195,26.85,1926.44,108.74,543.15,812.36,703.68,707.5,15.45,0,0,0,0,0,1,1,0,0,7.1,0.07,8814.52,%sOxidizer Pressure Confirmation
3196,23.79,1925.77,108.74,543.15,812.36,703.68,707.5,15.45,0,0,0,0,0,1,1,0,0,7.09,0.06,8814.54,%sOxidizer Pressure Confirmation
3197,25.79,1925.77,108.71,543.14,812.36,703.68,707.5,15.45,0,0,0,0,0,1,1,0,0,7.09,0.06,8814.57,%sOxidizer Pressure Confirmation
3198,23.1,1925.77,108.71,543.14,812.38,703.61,708.05,15.45,0,0,0,0,0,1,1,0,0,7.09,0.06,8814.59,%sOxidizer Pressure Confirmation
3199,30.67,1925.77,108.71,543.14,812.38,703.61,708.05,15.51,0,0,0,0,0,1,1,0,0,7.09,0.06,8814.62,%sOxidizer Pressure Confirmation
3200,22.56,1925.52,108.7,543.14,812.38,703.61,708.05,15.51,0,0,0,0,0,1,1,0,0,7.09,0.06,8814.65,%sOxidizer Pressure Confirmation
3201,22.72,1925.52,108.7,543.16,812.44,703.61,708.05,15.51,0,0,0,0,0,1,1,0,0,7.09,0.06,8814.67,%sOxidizer Pressure Confirmation
3202,25.28,1925.52,108.7,543.16,812.44,703.97,708.27,15.39,0,0,0,0,0,1,1,0,0,7.09,0.06,8814.69,%sOxidizer Pressure Confirmation
3203,27.84,1925.53,108.7,543.16,812.44,703.97,708.27,15.39,0,0,0,0,0,1,1,0,0,7.08,0.05,8814.72,%sOxidizer Pressure Confirmation
3204,27.05,1925.53,108.63,543.14,812.44,703.97,708.27,15.39,0,0,0,0,0,1,1,0,0,7.08,0.05,8814.75,%sOxidizer Pressure Confirmation
3205,25.36,1925.53,108.63,543.14,812.44,703.89,708.65,15.39,0,0,0,0,0,1,1,0,0,7.08,0.05,8814.77,%sOxidizer Pressure Confirmation
3206,25.72,1925.53,108.63,543.14,812.44,703.89,708.65,15.81,0,0,0,0,0,1,1,0,0,7.08,0.05,8814.8,%sOxidizer Pressure Confirmation
3207,27.35,1925.11,108.63,543.14,812.44,703.89,708.65,15.81,0,0,0,0,0,1,1,0,0,7.08,0.05,8814.83,%sOxidizer Pressure Confirmation
3208,24.35,1925.11,108.61,543.15,812.44,703.89,708.65,15.81,0,0,0,0,0,1,1,0,0,7.08,0.05,8814.85,%sOxidizer Pressure Confirmation
3209,26.81,1925.11,108.61,543.15,812.44,704.12,709.07,16.22,0,0,0,0,0,1,1,0,0,7.08,0.05,8814.88,%sOxidizer Pressure Confirmation
3210,22.96,1925.11,108.61,543.15,812.44,704.12,709.07,16.22,0,0,0,0,0,1,1,0,0,7.09,0.07,8814.9,%sOxidizer Pressure Confirmation
3211,24.97,1924.88,108.24,542.91,812.44,704.12,709.07,16.22,0,0,0,0,0,1,1,0,0,7.09,0.07,8814.93,%sOxidizer Pressure Confirmation
3212,35.96,1924.88,108.24,542.91,812.38,704.13,709.07,16.22,0,0,0,0,0,1,1,0,0,7.09,0.07,8814.96,%sOxidizer Pressure Confirmation
3213,24.21,1924.88,108.24,542.91,812.38,704.13,709.21,16.78,0,0,0,0,0,1,1,0,0,7.09,0.07,8814.99,%sOxidizer Pressure Confirmation
3214,24.88,1924.88,108.24,542.91,812.38,704.13,709.21,16.78,0,0,0,0,0,1,1,0,0,7.08,0.07,8815.01,%sOxidizer Pressure Confirmation
3215,22.96,1924.56,108.16,542.86,812.39,704.07,709.21,16.78,0,0,0,0,0,1,1,0,0,7.08,0.07,8815.03,%sOxidizer Pressure Confirmation
3216,31.4,1924.56,108.16,542.86,812.39,704.07,709.37,17.19,0,0,0,0,0,1,1,0,0,7.08,0.07,8815.07,%sOxidizer Pressure Confirmation
3217,26.81,1924.56,108.16,542.86,812.39,704.07,709.37,17.19,0,0,0,0,0,1,1,0,0,7.08,0.08,8815.09,%sOxidizer Pressure Confirmation
3218,26.75,1923.94,108,542.84,812.45,704.07,709.37,17.19,0,0,0,0,0,1,1,0,0,7.08,0.08,8815.12,%sOxidizer Pressure Confirmation
3219,24.62,1923.94,108,542.84,812.45,704.42,709.63,17.19,0,0,0,0,0,1,1,0,0,7.08,0.08,8815.14,%sOxidizer Pressure Confirmation
3220,27.7,1923.94,108,542.84,812.45,704.42,709.63,17.53,0,0,0,0,0,1,1,0,0,7.08,0.09,8815.17,%sOxidizer Pressure Confirmation
3221,26.58,1923.09,108,542.84,812.45,704.42,709.63,17.53,0,0,0,0,0,1,1,0,0,7.08,0.09,8815.2,%sOxidizer Pressure Confirmation
3222,24.07,1923.09,107.83,542.73,812.47,704.63,709.63,17.53,0,0,0,0,0,1,1,0,0,7.08,0.09,8815.22,%sOxidizer Pressure Confirmation
3223,25.78,1923.09,107.83,542.73,812.47,704.63,710.4,18.25,0,0,0,0,0,1,1,0,0,7.08,0.1,8815.25,%sOxidizer Pressure Confirmation
3224,27.24,1922.56,107.83,542.73,812.47,704.63,710.4,18.25,0,0,0,0,0,1,1,0,0,7.07,0.1,8815.28,%sOxidizer Pressure Confirmation
3225,25.55,1922.56,107.75,542.57,812.56,704.63,710.4,18.25,0,0,0,0,0,1,1,0,0,7.07,0.1,8815.3,%sOxidizer Pressure Confirmation
3226,27.22,1922.56,107.75,542.57,812.56,704.63,710.4,18.25,0,0,0,0,0,1,1,0,0,7.07,0.1,8815.33,%sOxidizer Pressure Confirmation
3227,27.38,1922.56,107.75,542.57,812.56,704.83,710.7,18.25,0,0,0,0,0,1,1,0,0,7.07,0.1,8815.36,%sOxidizer Pressure Confirmation
3228,26.73,1922.56,107.75,542.57,812.56,704.83,710.7,18.51,0,0,0,0,0,1,1,0,0,7.07,0.12,8815.38,%sOxidizer Pressure Confirmation
3229,37.45,1921.77,107.75,542.57,812.56,704.83,710.7,18.51,0,0,0,0,0,1,1,0,0,7.07,0.12,8815.42,%sOxidizer Pressure Confirmation
3230,25.59,1921.77,107.56,542.53,812.63,705.3,710.7,18.51,0,0,0,0,0,1,1,0,0,7.07,0.12,8815.44,%sOxidizer Pressure Confirmation
3231,27.25,1921.77,107.56,542.53,812.63,705.3,711.23,18.79,0,0,0,0,0,1,1,0,0,7.07,0.12,8815.47,%sOxidizer Pressure Confirmation
3232,25.6,1921.77,107.56,542.53,812.63,705.3,711.23,18.79,0,0,0,0,0,1,1,0,0,7.07,0.12,8815.5,%sOxidizer Pressure Confirmation
3233,26.26,1921.89,107.52,542.52,812.63,705.3,711.23,18.79,0,0,0,0,0,1,1,0,0,7.07,0.12,8815.52,%sOxidizer Pressure Confirmation
3234,49.33,1921.89,107.52,542.52,812.61,705.3,711.23,18.79,0,0,0,0,0,1,1,0,0,7.07,0.12,8815.57,%sOxidizer Pressure Confirmation
3235,24.6,1921.89,107.52,542.52,812.61,705.18,710.6,18.79,0,0,0,0,0,1,1,0,0,7.07,0.12,8815.6,%sOxidizer Pressure Confirmation
3236,33.7,1921.89,107.52,542.52,812.61,705.18,710.6,18.43,0,0,0,0,0,1,1,0,0,7.07,0.12,8815.63,%sOxidizer Pressure Confirmation
3237,49.39,1921.89,107.52,542.52,812.61,705.18,710.6,18.43,0,0,0,0,0,1,1,0,0,7.08,0.12,8815.68,%sOxidizer Pressure Confirmation
3238,27.18,1922.16,107.52,542.52,812.61,705.18,710.6,18.43,0,0,0,0,0,1,1,0,0,7.08,0.12,8815.71,%sOxidizer Pressure Confirmation
3239,23.65,1922.16,107.58,542.52,812.61,705.18,710.6,18.43,0,0,0,0,0,1,1,0,0,7.08,0.12,8815.73,%sOxidizer Pressure Confirmation
3240,27.44,1922.16,107.58,542.52,812.58,704.8,710.6,18.43,0,0,0,0,0,1,1,0,0,7.08,0.12,8815.76,%sOxidizer Pressure Confirmation
3241,48.64,1922.16,107.58,542.52,812.58,704.8,710.34,18.43,0,0,0,0,0,1,1,0,0,7.08,0.12,8815.81,%sOxidizer Pressure Confirmation
3242,45.84,1922.16,107.58,542.52,812.58,704.8,710.34,18.5,0,0,0,0,0,1,1,0,0,7.08,0.12,8815.85,%sOxidizer Pressure Confirmation
3243,30.68,1922.21,107.58,542.52,812.58,704.8,710.34,18.5,0,0,0,0,0,1,1,0,0,7.08,0.11,8815.88,%sOxidizer Pressure Confirmation
3244,33.67,1922.21,107.6,542.54,812.58,704.8,710.34,18.5,0,0,0,0,0,1,1,0,0,7.08,0.11,8815.92,%sOxidizer Pressure Confirmation
3245,56.49,1922.21,107.6,542.54,812.71,704.87,710.34,18.5,0,0,0,0,0,1,1,0,0,7.08,0.11,8815.97,%sOxidizer Pressure Confirmation
3246,45.92,1922.21,107.6,542.54,812.71,704.87,709.99,18.5,0,0,0,0,0,1,1,0,0,7.08,0.11,8816.02,%sOxidizer Pressure Confirmation
3247,50.58,1922.21,107.6,542.54,812.71,704.87,709.99,18.06,0,0,0,0,0,1,1,0,0,7.08,0.11,8816.07,%sOxidizer Pressure Confirmation
3248,32.59,1922.21,107.6,542.54,812.71,704.87,709.99,18.06,0,0,0,0,0,1,1,0,0,7.08,0.1,8816.1,%sOxidizer Pressure Confirmation
3249,26.74,1922.21,107.6,542.54,812.71,704.87,709.99,18.06,0,0,0,0,0,1,1,0,0,7.07,0.1,8816.13,%sOxidizer Pressure Confirmation
3250,35.77,1922.2,107.6,542.54,812.71,704.87,709.99,18.06,0,0,0,0,0,1,1,0,0,7.07,0.1,8816.17,%sOxidizer Pressure Confirmation
3251,50.84,1922.2,107.8,542.54,812.71,704.87,709.99,18.06,0,0,0,0,0,1,1,0,0,7.07,0.1,8816.22,%sOxidizer Pressure Confirmation
3252,34.35,1922.2,107.8,542.7,812.71,704.87,709.99,18.06,0,0,0,0,0,1,1,0,0,7.07,0.1,8816.25,%sOxidizer Pressure Confirmation
3253,35.52,1922.2,107.8,542.7,812.92,705.02,709.99,18.06,0,0,0,0,0,1,1,0,0,7.07,0.1,8816.29,%sOxidizer Pressure Confirmation
3254,31.27,1922.2,107.8,542.7,812.92,705.02,709.57,18.06,0,0,0,0,0,1,1,0,0,7.07,0.1,8816.32,%sOxidizer Pressure Confirmation
3255,28.21,1922.2,107.8,542.7,812.92,705.02,709.57,18.06,0,0,0,0,0,1,1,0,0,7.07,0.1,8816.35,%sOxidizer Pressure Confirmation
3256,28.32,1922.2,107.8,542.7,812.92,705.02,709.57,17.64,0,0,0,0,0,1,1,0,0,7.07,0.09,8816.37,%sOxidizer Pressure Confirmation
3257,27.27,1922.2,107.8,542.7,812.92,705.02,709.57,17.64,0,0,0,0,0,1,1,0,0,7.07,0.09,8816.4,%sOxidizer Pressure Confirmation
3258,42.34,1922.14,107.8,542.7,812.92,705.02,709.57,17.64,0,0,0,0,0,1,1,0,0,7.07,0.09,8816.44,%sOxidizer Pressure Confirmation
3259,29.6,1922.14,107.84,542.73,812.92,705.02,709.57,17.64,0,0,0,0,0,1,1,0,0,7.07,0.09,8816.47,%sOxidizer Pressure Confirmation
3260,36.45,1922.14,107.84,542.73,813.23,705.02,709.57,17.64,0,0,0,0,0,1,1,0,0,7.07,0.09,8816.51,%sOxidizer Pressure Confirmation
3261,32.37,1922.14,107.84,542.73,813.23,705.85,709.5,17.64,0,0,0,0,0,1,1,0,0,7.07,0.09,8816.54,%sOxidizer Pressure Confirmation
3262,36.94,1922.14,107.84,542.73,813.23,705.85,709.5,17.04,0,0,0,0,0,1,1,0,0,7.07,0.09,8816.58,%sOxidizer Pressure Confirmation
3263,24.06,1922.14,107.84,542.73,813.23,705.85,709.5,17.04,0,0,0,0,0,1,1,0,0,7.07,0.09,8816.6,%sOxidizer Pressure Confirmation
3264,24.01,1922.14,107.84,542.73,813.23,705.85,709.5,17.04,0,0,0,0,0,1,1,0,0,7.07,0.07,8816.63,%sOxidizer Pressure Confirmation
3265,25.2,1923.03,108.14,542.73,813.23,705.85,709.5,17.04,0,0,0,0,0,1,1,0,0,7.07,0.07,8816.65,%sOxidizer Pressure Confirmation
3266,32.69,1923.03,108.14,542.89,813.23,705.85,709.5,17.04,0,0,0,0,0,1,1,0,0,7.07,0.07,8816.69,%sOxidizer Pressure Confirmation
3267,25.57,1923.03,108.14,542.89,813.22,705.93,709.5,17.04,0,0,0,0,0,1,1,0,0,7.07,0.07,8816.71,%sOxidizer Pressure Confirmation
3268,26.68,1923.03,108.14,542.89,813.22,705.93,709.33,17.04,0,0,0,0,0,1,1,0,0,7.07,0.07,8816.74,%sOxidizer Pressure Confirmation
3269,30.13,1923.03,108.14,542.89,813.22,705.93,709.33,16.37,0,0,0,0,0,1,1,0,0,7.08,0.08,8816.77,%sOxidizer Pressure Confirmation
3270,23.88,1923.28,108.14,542.89,813.22,705.93,709.33,16.37,0,0,0,0,0,1,1,0,0,7.08,0.08,8816.79,%sOxidizer Pressure Confirmation
3271,26.89,1923.28,108.07,542.86,813.22,705.93,709.33,16.37,0,0,0,0,0,1,1,0,0,7.08,0.08,8816.82,%sOxidizer Pressure Confirmation
3272,29.09,1923.28,108.07,542.86,813.2,705.56,709.33,16.37,0,0,0,0,0,1,1,0,0,7.08,0.08,8816.85,%sOxidizer Pressure Confirmation
3273,28.2,1923.28,108.07,542.86,813.2,705.56,709.06,16.51,0,0,0,0,0,1,1,0,0,7.08,0.08,8816.88,%sOxidizer Pressure Confirmation
3274,29.84,1923.28,108.07,542.86,813.2,705.56,709.06,16.51,0,0,0,0,0,1,1,0,0,7.08,0.06,8816.91,%sOxidizer Pressure Confirmation
3275,28.25,1923.53,108.26,542.86,813.2,705.56,709.06,16.51,0,0,0,0,0,1,1,0,0,7.08,0.06,8816.93,%sOxidizer Pressure Confirmation
3276,34,1923.53,108.26,543.08,813.2,705.56,709.06,16.51,0,0,0,0,0,1,1,0,0,7.08,0.06,8816.97,%sOxidizer Pressure Confirmation
3277,26.01,1923.53,108.26,543.08,813.39,705.37,709.06,16.51,0,0,0,0,0,1,1,0,0,7.08,0.06,8816.99,%sOxidizer Pressure Confirmation
3278,31.73,1923.53,108.26,543.08,813.39,705.37,708.42,16.51,0,0,0,0,0,1,1,0,0,7.08,0.06,8817.03,%sOxidizer Pressure Confirmation
3279,25.02,1923.63,108.26,543.08,813.39,705.37,708.42,15.88,0,0,0,0,0,1,1,0,0,7.08,0.05,8817.05,%sOxidizer Pressure Confirmation
3280,27.26,1923.63,108.27,543.08,813.39,705.37,708.42,15.88,0,0,0,0,0,1,1,0,0,7.08,0.05,8817.08,%sOxidizer Pressure Confirmation
3281,30.76,1923.63,108.27,543.25,813.39,705.37,708.42,15.88,0,0,0,0,0,1,1,0,0,7.08,0.05,8817.11,%sOxidizer Pressure Confirmation
3282,39.7,1923.63,108.27,543.25,813.43,705.16,708.11,15.88,0,0,0,0,0,1,1,0,0,7.08,0.05,8817.15,%sOxidizer Pressure Confirmation
3283,28.13,1923.63,108.27,543.25,813.43,705.16,708.11,15.61,0,0,0,0,0,1,1,0,0,7.08,0.05,8817.18,%sOxidizer Pressure Confirmation
3284,28.62,1924.08,108.27,543.25,813.43,705.16,708.11,15.61,0,0,0,0,0,1,1,0,0,7.08,0.05,8817.21,%sOxidizer Pressure Confirmation
3285,26.67,1924.08,108.22,543.19,813.43,705.16,708.11,15.61,0,0,0,0,0,1,1,0,0,7.08,0.05,8817.23,%sOxidizer Pressure Confirmation
3286,25.89,1924.08,108.22,543.19,813.36,704.67,707.56,15.61,0,0,0,0,0,1,1,0,0,7.08,0.05,8817.26,%sOxidizer Pressure Confirmation
3287,34.5,1924.08,108.22,543.19,813.36,704.67,707.56,15.37,0,0,0,0,0,1,1,0,0,7.08,0.05,8817.29,%sOxidizer Pressure Confirmation
3288,28.62,1924.64,108.22,543.19,813.36,704.67,707.56,15.37,0,0,0,0,0,1,1,0,0,7.08,0.06,8817.32,%sOxidizer Pressure Confirmation
3289,23.62,1924.64,108.28,543.19,813.36,704.67,707.56,15.37,0,0,0,0,0,1,1,0,0,7.08,0.06,8817.34,%sOxidizer Pressure Confirmation
3290,23,1924.64,108.28,543.22,813.43,704.67,707.56,15.37,0,0,0,0,0,1,1,0,0,7.08,0.06,8817.37,%sOxidizer Pressure Confirmation
3291,25.22,1924.64,108.28,543.22,813.43,704.84,707.52,15.37,0,0,0,0,0,1,1,0,0,7.08,0.06,8817.39,%sOxidizer Pressure Confirmation
3292,25.09,1924.64,108.28,543.22,813.43,704.84,707.52,14.94,0,0,0,0,0,1,1,0,0,7.08,0.06,8817.42,%sOxidizer Pressure Confirmation
3293,24.06,1924.69,108.31,543.22,813.43,704.84,707.52,14.94,0,0,0,0,0,1,1,0,0,7.08,0.06,8817.44,%sOxidizer Pressure Confirmation
3294,31.13,1924.69,108.31,543.22,813.43,704.84,707.52,14.94,0,0,0,0,0,1,1,0,0,7.08,0.06,8817.47,%sOxidizer Pressure Confirmation
3295,24.61,1924.69,108.31,543.22,813.48,704.84,707.52,14.94,0,0,0,0,0,1,1,0,0,7.08,0.06,8817.5,%sOxidizer Pressure Confirmation
3296,24.22,1924.69,108.31,543.22,813.48,704.78,707.47,15.01,0,0,0,0,0,1,1,0,0,7.09,0.07,8817.52,%sOxidizer Pressure Confirmation
3297,24.63,1924.73,108.31,543.22,813.48,704.78,707.47,15.01,0,0,0,0,0,1,1,0,0,7.09,0.07,8817.55,%sOxidizer Pressure Confirmation
3298,28.42,1924.73,108.33,543.21,813.48,704.78,707.47,15.01,0,0,0,0,0,1,1,0,0,7.09,0.07,8817.58,%sOxidizer Pressure Confirmation
3299,26.16,1924.73,108.33,543.21,813.42,704.78,707.85,15.01,0,0,0,0,0,1,1,0,0,7.09,0.07,8817.6,%sOxidizer Pressure Confirmation
3300,25.62,1924.73,108.33,543.21,813.42,704.78,707.85,15.15,0,0,0,0,0,1,1,0,0,7.09,0.09,8817.63,%sOxidizer Pressure Confirmation
3301,26.63,1924.78,108.33,543.21,813.42,704.78,707.85,15.15,0,0,0,0,0,1,1,0,0,7.09,0.09,8817.65,%sOxidizer Pressure Confirmation
3302,24.72,1924.78,108.21,543.21,813.42,704.78,707.85,15.15,0,0,0,0,0,1,1,0,0,7.09,0.09,8817.68,%sOxidizer Pressure Confirmation
3303,24.82,1924.78,108.21,543.02,813.46,704.96,708.25,15.15,0,0,0,0,0,1,1,0,0,7.09,0.09,8817.7,%sOxidizer Pressure Confirmation
3304,23.19,1924.78,108.21,543.02,813.46,704.96,708.25,15.23,0,0,0,0,0,1,1,0,0,7.09,0.08,8817.73,%sOxidizer Pressure Confirmation
3305,29.28,1924.78,108.21,543.02,813.46,704.96,708.25,15.23,0,0,0,0,0,1,1,0,0,7.08,0.08,8817.76,%sOxidizer Pressure Confirmation
3306,23.61,1924.96,108.43,543.2,813.46,704.96,708.25,15.23,0,0,0,0,0,1,1,0,0,7.08,0.08,8817.78,%sOxidizer Pressure Confirmation
3307,26.25,1924.96,108.43,543.2,813.4,704.37,708.25,15.23,0,0,0,0,0,1,1,0,0,7.08,0.08,8817.81,%sOxidizer Pressure Confirmation
3308,29.4,1924.96,108.43,543.2,813.4,704.37,708.17,15.23,0,0,0,0,0,1,1,0,0,7.08,0.08,8817.83,%sOxidizer Pressure Confirmation
3309,26.62,1924.96,108.43,543.2,813.4,704.37,708.17,15.26,0,0,0,0,0,1,1,0,0,7.08,0.09,8817.86,%sOxidizer Pressure Confirmation
3310,26.63,1924.45,108.43,543.2,813.4,704.37,708.17,15.26,0,0,0,0,0,1,1,0,0,7.08,0.09,8817.89,%sOxidizer Pressure Confirmation
3311,28.09,1924.45,108.3,543.16,813.43,704.37,708.17,15.26,0,0,0,0,0,1,1,0,0,7.08,0.09,8817.92,%sOxidizer Pressure Confirmation
3312,25.14,1924.45,108.3,543.16,813.43,704.31,708.17,15.33,0,0,0,0,0,1,1,0,0,7.08,0.08,8817.94,%sOxidizer Pressure Confirmation
3313,26.64,1924.72,108.3,543.16,813.43,704.31,708.17,15.33,0,0,0,0,0,1,1,0,0,7.08,0.08,8817.97,%sOxidizer Pressure Confirmation
3314,25.78,1924.72,108.4,543.16,813.43,704.31,708.17,15.33,0,0,0,0,0,1,1,0,0,7.08,0.08,8817.99,%sOxidizer Pressure Confirmation
3315,26.65,1924.72,108.4,543.18,813.5,704.31,708.17,15.33,0,0,0,0,0,1,1,0,0,7.08,0.08,8818.02,%sOxidizer Pressure Confirmation
3316,24.51,1924.72,108.4,543.18,813.5,704.56,708.23,15.25,0,0,0,0,0,1,1,0,0,7.08,0.08,8818.04,%sOxidizer Pressure Confirmation
3317,31.7,1924.72,108.4,543.18,813.5,704.56,708.23,15.25,0,0,0,0,0,1,1,0,0,7.08,0.07,8818.08,%sOxidizer Pressure Confirmation
3318,26.51,1924.5,108.19,543,813.5,704.56,708.23,15.25,0,0,0,0,0,1,1,0,0,7.08,0.07,8818.1,%sOxidizer Pressure Confirmation
3319,24.99,1924.5,108.19,543,813.54,705.06,708.23,15.25,0,0,0,0,0,1,1,0,0,7.08,0.07,8818.13,%sOxidizer Pressure Confirmation
3320,31.21,1924.5,108.19,543,813.54,705.06,708.68,15.25,0,0,0,0,0,1,1,0,0,7.08,0.07,8818.16,%sOxidizer Pressure Confirmation
3321,22,1924.5,108.19,543,813.54,705.06,708.68,15.44,0,0,0,0,0,1,1,0,0,7.08,0.08,8818.18,%sOxidizer Pressure Confirmation
3322,26.62,1924.44,108.05,542.81,813.54,705.06,708.68,15.44,0,0,0,0,0,1,1,0,0,7.08,0.08,8818.21,%sOxidizer Pressure Confirmation
3323,25.89,1924.44,108.05,542.81,813.61,705.06,708.68,15.44,0,0,0,0,0,1,1,0,0,7.08,0.08,8818.23,%sOxidizer Pressure Confirmation
3324,30.86,1924.44,108.05,542.81,813.61,705.61,709.27,15.94,0,0,0,0,0,1,1,0,0,7.08,0.08,8818.26,%sOxidizer Pressure Confirmation
3325,24.66,1924.44,108.05,542.81,813.61,705.61,709.27,15.94,0,0,0,0,0,1,1,0,0,7.07,0.06,8818.29,%sOxidizer Pressure Confirmation
3326,26.93,1923.94,108.05,542.81,813.61,705.61,709.27,15.94,0,0,0,0,0,1,1,0,0,7.07,0.06,8818.32,%sOxidizer Pressure Confirmation
3327,26.72,1923.94,108.09,543.03,813.61,705.61,709.27,15.94,0,0,0,0,0,1,1,0,0,7.07,0.06,8818.34,%sOxidizer Pressure Confirmation
3328,23.88,1923.94,108.09,543.03,813.84,705.92,709.28,15.67,0,0,0,0,0,1,1,0,0,7.07,0.06,8818.37,%sOxidizer Pressure Confirmation
3329,27.66,1923.94,108.09,543.03,813.84,705.92,709.28,15.67,0,0,0,0,0,1,1,0,0,7.07,0.05,8818.39,%sOxidizer Pressure Confirmation
3330,21.14,1923.52,108.09,543.03,813.84,705.92,709.28,15.67,0,0,0,0,0,1,1,0,0,7.07,0.05,8818.42,%sOxidizer Pressure Confirmation
3331,23.52,1923.52,108.26,543.23,813.84,705.92,709.28,15.67,0,0,0,0,0,1,1,0,0,7.07,0.05,8818.44,%sOxidizer Pressure Confirmation
3332,24.79,1923.52,108.26,543.23,814.02,705.92,709.28,15.67,0,0,0,0,0,1,1,0,0,7.07,0.05,8818.46,%sOxidizer Pressure Confirmation
3333,24.17,1923.52,108.26,543.23,814.02,705.77,709.27,15.62,0,0,0,0,0,1,1,0,0,7.07,0.05,8818.49,%sOxidizer Pressure Confirmation
3334,25.18,1923.95,108.53,543.23,814.02,705.77,709.27,15.62,0,0,0,0,0,1,1,0,0,7.06,0.03,8818.51,%sOxidizer Pressure Confirmation
3335,29.29,1923.95,108.53,543.49,814.02,705.77,709.27,15.62,0,0,0,0,0,1,1,0,0,7.06,0.03,8818.54,%sOxidizer Pressure Confirmation
3336,30.63,1923.95,108.53,543.49,814.07,705.71,709.27,15.62,0,0,0,0,0,1,1,0,0,7.06,0.03,8818.57,%sOxidizer Pressure Confirmation
3337,27.48,1923.95,108.53,543.49,814.07,705.71,709.06,15.62,0,0,0,0,0,1,1,0,0,7.06,0.03,8818.6,%sOxidizer Pressure Confirmation
3338,26.26,1923.95,108.53,543.49,814.07,705.71,709.06,14.93,0,0,0,0,0,1,1,0,0,7.06,0.03,8818.63,%sOxidizer Pressure Confirmation
3339,26.4,1923.91,108.51,543.45,814.07,705.71,709.06,14.93,0,0,0,0,0,1,1,0,0,7.07,0.03,8818.65,%sOxidizer Pressure Confirmation
3340,26.78,1923.91,108.51,543.45,814.05,705.71,709.06,14.93,0,0,0,0,0,1,1,0,0,7.07,0.03,8818.68,%sOxidizer Pressure Confirmation
3341,34.8,1923.91,108.51,543.45,814.05,705.45,708.65,15.27,0,0,0,0,0,1,1,0,0,7.07,0.03,8818.71,%sOxidizer Pressure Confirmation
3342,25.85,1923.91,108.51,543.45,814.05,705.45,708.65,15.27,0,0,0,0,0,1,1,0,0,7.07,0.03,8818.74,%sOxidizer Pressure Confirmation
3343,39.94,1923.84,108.52,543.46,814.05,705.45,708.65,15.27,0,0,0,0,0,1,1,0,0,7.07,0.03,8818.78,%sOxidizer Pressure Confirmation
3344,39.41,1923.84,108.52,543.46,813.94,705.45,708.65,15.27,0,0,0,0,0,1,1,0,0,7.07,0.03,8818.82,%sOxidizer Pressure Confirmation
3345,22.69,1923.84,108.52,543.46,813.94,705.31,708.66,15.59,0,0,0,0,0,1,1,0,0,7.07,0.03,8818.84,%sOxidizer Pressure Confirmation
3346,26.55,1923.84,108.52,543.46,813.94,705.31,708.66,15.59,0,0,0,0,0,1,1,0,0,7.07,0.05,8818.87,%sOxidizer Pressure Confirmation
3347,29.74,1923.84,108.52,543.46,813.94,705.31,708.66,15.59,0,0,0,0,0,1,1,0,0,7.07,0.05,8818.9,%sOxidizer Pressure Confirmation
3348,26.28,1923.85,108.36,543.3,813.79,705.31,708.66,15.59,0,0,0,0,0,1,1,0,0,7.07,0.05,8818.93,%sOxidizer Pressure Confirmation
3349,41.77,1923.85,108.36,543.3,813.79,705.51,709.13,15.59,0,0,0,0,0,1,1,0,0,7.07,0.05,8818.97,%sOxidizer Pressure Confirmation
3350,25.66,1923.85,108.36,543.3,813.79,705.51,709.13,16,0,0,0,0,0,1,1,0,0,7.07,0.05,8818.99,%sOxidizer Pressure Confirmation
3351,38.31,1923.85,108.36,543.3,813.79,705.51,709.13,16,0,0,0,0,0,1,1,0,0,7.07,0.06,8819.03,%sOxidizer Pressure Confirmation
3352,25.67,1923.66,108.36,543.3,813.79,705.51,709.13,16,0,0,0,0,0,1,1,0,0,7.07,0.06,8819.06,%sOxidizer Pressure Confirmation
3353,26.31,1923.66,108.14,543.21,813.83,706.04,709.13,16,0,0,0,0,0,1,1,0,0,7.07,0.06,8819.08,%sOxidizer Pressure Confirmation
3354,28.41,1923.66,108.14,543.21,813.83,706.04,709.7,16.33,0,0,0,0,0,1,1,0,0,7.07,0.06,8819.11,%sOxidizer Pressure Confirmation
3355,25.04,1923.66,108.14,543.21,813.83,706.04,709.7,16.33,0,0,0,0,0,1,1,0,0,7.06,0.05,8819.14,%sOxidizer Pressure Confirmation
3356,25.07,1923.24,108.14,543.21,813.83,706.04,709.7,16.33,0,0,0,0,0,1,1,0,0,7.06,0.05,8819.16,%sOxidizer Pressure Confirmation
3357,26.33,1923.24,108.1,543.21,813.98,706.51,709.7,16.33,0,0,0,0,0,1,1,0,0,7.06,0.05,8819.19,%sOxidizer Pressure Confirmation
3358,25.8,1923.24,108.1,543.21,813.98,706.51,710.25,16.59,0,0,0,0,0,1,1,0,0,7.06,0.05,8819.21,%sOxidizer Pressure Confirmation
3359,23.18,1923.24,108.1,543.21,813.98,706.51,710.25,16.59,0,0,0,0,0,1,1,0,0,7.06,0.05,8819.24,%sOxidizer Pressure Confirmation
3360,23.03,1923.13,108.11,543.21,813.98,706.51,710.25,16.59,0,0,0,0,0,1,1,0,0,7.06,0.05,8819.26,%sOxidizer Pressure Confirmation
3361,25.06,1923.13,108.11,543.17,813.89,706.44,710.17,16.59,0,0,0,0,0,1,1,0,0,7.06,0.05,8819.29,%sOxidizer Pressure Confirmation
3362,26.96,1923.13,108.11,543.17,813.89,706.44,710.17,16.76,0,0,0,0,0,1,1,0,0,7.06,0.05,8819.31,%sOxidizer Pressure Confirmation
3363,26.43,1923.09,108.11,543.17,813.89,706.44,710.17,16.76,0,0,0,0,0,1,1,0,0,7.06,0.05,8819.34,%sOxidizer Pressure Confirmation
3364,30.42,1923.09,108.14,543.22,813.88,706.44,710.17,16.76,0,0,0,0,0,1,1,0,0,7.06,0.05,8819.37,%sOxidizer Pressure Confirmation
3365,26.21,1923.09,108.14,543.22,813.88,706.37,710.09,16.76,0,0,0,0,0,1,1,0,0,7.06,0.05,8819.4,%sOxidizer Pressure Confirmation
3366,26.8,1923.09,108.14,543.22,813.88,706.37,710.09,16.65,0,0,0,0,0,1,1,0,0,7.06,0.05,8819.42,%sOxidizer Pressure Confirmation
3367,23.43,1923.16,108.11,543.22,813.88,706.37,710.09,16.65,0,0,0,0,0,1,1,0,0,7.06,0.05,8819.45,%sOxidizer Pressure Confirmation
3368,23.49,1923.16,108.11,543.11,813.77,706.25,710.09,16.65,0,0,0,0,0,1,1,0,0,7.06,0.05,8819.47,%sOxidizer Pressure Confirmation
3369,29.26,1923.16,108.11,543.11,813.77,706.25,710.08,16.6,0,0,0,0,0,1,1,0,0,7.06,0.07,8819.5,%sOxidizer Pressure Confirmation
3370,29.71,1923.51,107.84,543.11,813.77,706.25,710.08,16.6,0,0,0,0,0,1,1,0,0,7.07,0.07,8819.53,%sOxidizer Pressure Confirmation
3371,26.33,1923.51,107.84,542.91,813.66,706.25,710.08,16.6,0,0,0,0,0,1,1,0,0,7.07,0.07,8819.55,%sOxidizer Pressure Confirmation
3372,30.78,1923.51,107.84,542.91,813.66,706.34,710.08,16.6,0,0,0,0,0,1,1,0,0,7.07,0.07,8819.58,%sOxidizer Pressure Confirmation
3373,23.13,1923.51,107.84,542.91,813.66,706.34,710.45,16.6,0,0,0,0,0,1,1,0,0,7.07,0.07,8819.61,%sOxidizer Pressure Confirmation
3374,24.25,1923.51,107.84,542.91,813.66,706.34,710.45,17.04,0,0,0,0,0,1,1,0,0,7.07,0.09,8819.63,%sOxidizer Pressure Confirmation
3375,28.07,1922.76,107.51,542.66,813.66,706.34,710.45,17.04,0,0,0,0,0,1,1,0,0,7.07,0.09,8819.66,%sOxidizer Pressure Confirmation
3376,22.31,1922.76,107.51,542.66,813.59,706.34,710.45,17.04,0,0,0,0,0,1,1,0,0,7.07,0.09,8819.68,%sOxidizer Pressure Confirmation
3377,21.08,1922.76,107.51,542.66,813.59,706.48,710.45,17.04,0,0,0,0,0,1,1,0,0,7.07,0.09,8819.7,%sOxidizer Pressure Confirmation
3378,22.18,1922.76,107.51,542.66,813.59,706.48,711.04,17.79,0,0,0,0,0,1,1,0,0,7.07,0.09,8819.73,%sOxidizer Pressure Confirmation
3379,22.98,1922.81,107.55,542.71,813.61,706.48,711.04,17.79,0,0,0,0,0,1,1,0,0,7.07,0.09,8819.75,%sOxidizer Pressure Confirmation
3380,27.13,1922.81,107.55,542.71,813.61,706.39,710.92,17.79,0,0,0,0,0,1,1,0,0,7.07,0.09,8819.78,%sOxidizer Pressure Confirmation
3381,21.82,1922.81,107.55,542.71,813.61,706.39,710.92,17.66,0,0,0,0,0,1,1,0,0,7.07,0.09,8819.8,%sOxidizer Pressure Confirmation
3382,27.3,1922.77,107.55,542.71,813.61,706.39,710.92,17.66,0,0,0,0,0,1,1,0,0,7.07,0.08,8819.83,%sOxidizer Pressure Confirmation
3383,25.59,1922.77,107.44,542.74,813.62,706.24,710.92,17.66,0,0,0,0,0,1,1,0,0,7.07,0.08,8819.85,%sOxidizer Pressure Confirmation
3384,30.35,1922.77,107.44,542.74,813.62,706.24,710.92,17.66,0,0,0,0,0,1,1,0,0,7.07,0.08,8819.88,%sOxidizer Pressure Confirmation
3385,21.03,1922.77,107.44,542.74,813.62,706.24,710.84,17.59,0,0,0,0,0,1,1,0,0,7.07,0.08,8819.9,%sOxidizer Pressure Confirmation
3386,22.3,1922.69,107.44,542.74,813.62,706.24,710.84,17.59,0,0,0,0,0,1,1,0,0,7.07,0.09,8819.92,%sOxidizer Pressure Confirmation
3387,29.87,1922.69,107.38,542.7,813.6,706.24,710.84,17.59,0,0,0,0,0,1,1,0,0,7.07,0.09,8819.95,%sOxidizer Pressure Confirmation
3388,25.7,1922.69,107.38,542.7,813.6,705.83,710.59,17.79,0,0,0,0,0,1,1,0,0,7.07,0.09,8819.98,%sOxidizer Pressure Confirmation
3389,26.13,1922.69,107.38,542.7,813.6,705.83,710.59,17.79,0,0,0,0,0,1,1,0,0,7.07,0.08,8820.01,%sOxidizer Pressure Confirmation
3390,22.68,1922.4,107.37,542.7,813.6,705.83,710.59,17.79,0,0,0,0,0,1,1,0,0,7.07,0.08,8820.03,%sOxidizer Pressure Confirmation
3391,27.06,1922.4,107.37,542.67,813.65,705.66,710.28,17.79,0,0,0,0,0,1,1,0,0,7.07,0.08,8820.06,%sOxidizer Pressure Confirmation
3392,22.3,1922.4,107.37,542.67,813.65,705.66,710.28,17.66,0,0,0,0,0,1,1,0,0,7.07,0.1,8820.08,%sOxidizer Pressure Confirmation
3393,25.42,1922.33,107.37,542.67,813.65,705.66,710.28,17.66,0,0,0,0,0,1,1,0,0,7.07,0.1,8820.1,%sOxidizer Pressure Confirmation
3394,26.89,1922.33,107.36,542.66,813.65,705.66,710.28,17.66,0,0,0,0,0,1,1,0,0,7.07,0.1,8820.13,%sOxidizer Pressure Confirmation
3395,22.81,1922.33,107.36,542.66,813.48,705.12,710.15,17.76,0,0,0,0,0,1,1,0,0,7.07,0.1,8820.15,%sOxidizer Pressure Confirmation
3396,27.57,1922.33,107.36,542.66,813.48,705.12,710.15,17.76,0,0,0,0,0,1,1,0,0,7.07,0.11,8820.18,%sOxidizer Pressure Confirmation
3397,25.23,1922.52,107.36,542.66,813.48,705.12,710.15,17.76,0,0,0,0,0,1,1,0,0,7.07,0.11,8820.21,%sOxidizer Pressure Confirmation
3398,23.72,1922.52,107.38,542.7,813.43,705.12,710.15,17.76,0,0,0,0,0,1,1,0,0,7.07,0.11,8820.23,%sOxidizer Pressure Confirmation
3399,26.9,1922.52,107.38,542.7,813.43,704.78,710.11,18.09,0,0,0,0,0,1,1,0,0,7.07,0.11,8820.26,%sOxidizer Pressure Confirmation
3400,27.61,1922.52,107.38,542.7,813.43,704.78,710.11,18.09,0,0,0,0,0,1,1,0,0,7.07,0.12,8820.28,%sOxidizer Pressure Confirmation
3401,25.06,1922.72,107.44,542.82,813.43,704.78,710.11,18.09,0,0,0,0,0,1,1,0,0,7.07,0.12,8820.31,%sOxidizer Pressure Confirmation
3402,25.8,1922.72,107.44,542.82,813.46,704.63,709.93,18.09,0,0,0,0,0,1,1,0,0,7.07,0.12,8820.34,%sOxidizer Pressure Confirmation
3403,27.31,1922.72,107.44,542.82,813.46,704.63,709.93,18.04,0,0,0,0,0,1,1,0,0,7.07,0.12,8820.36,%sOxidizer Pressure Confirmation
3404,22.16,1922.57,107.44,542.82,813.46,704.63,709.93,18.04,0,0,0,0,0,1,1,0,0,7.07,0.12,8820.38,%sOxidizer Pressure Confirmation
3405,26.69,1922.57,107.39,542.75,813.52,704.63,709.93,18.04,0,0,0,0,0,1,1,0,0,7.07,0.12,8820.41,%sOxidizer Pressure Confirmation
3406,26.56,1922.57,107.39,542.75,813.52,705,710.45,18.31,0,0,0,0,0,1,1,0,0,7.07,0.12,8820.44,%sOxidizer Pressure Confirmation
3407,28.84,1922.57,107.39,542.75,813.52,705,710.45,18.31,0,0,0,0,0,1,1,0,0,7.06,0.1,8820.47,%sOxidizer Pressure Confirmation
3408,26.73,1922.32,107.39,542.75,813.52,705,710.45,18.31,0,0,0,0,0,1,1,0,0,7.06,0.1,8820.49,%sOxidizer Pressure Confirmation
3409,24.82,1922.32,107.63,542.91,813.7,705.32,710.45,18.31,0,0,0,0,0,1,1,0,0,7.06,0.1,8820.52,%sOxidizer Pressure Confirmation
3410,29.85,1922.32,107.63,542.91,813.7,705.32,710.05,18.31,0,0,0,0,0,1,1,0,0,7.06,0.1,8820.55,%sOxidizer Pressure Confirmation
3411,26.15,1922.32,107.63,542.91,813.7,705.32,710.05,17.92,0,0,0,0,0,1,1,0,0,7.06,0.08,8820.57,%sOxidizer Pressure Confirmation
3412,24.8,1922.21,107.63,542.91,813.7,705.32,710.05,17.92,0,0,0,0,0,1,1,0,0,7.06,0.08,8820.6,%sOxidizer Pressure Confirmation
3413,26.21,1922.21,107.79,543.1,813.88,705.32,710.05,17.92,0,0,0,0,0,1,1,0,0,7.06,0.08,8820.63,%sOxidizer Pressure Confirmation
3414,27.3,1922.21,107.79,543.1,813.88,705.75,709.43,17.24,0,0,0,0,0,1,1,0,0,7.06,0.08,8820.65,%sOxidizer Pressure Confirmation
3415,22.08,1922.21,107.79,543.1,813.88,705.75,709.43,17.24,0,0,0,0,0,1,1,0,0,7.06,0.06,8820.67,%sOxidizer Pressure Confirmation
3416,27.63,1922.11,107.88,543.27,813.88,705.75,709.43,17.24,0,0,0,0,0,1,1,0,0,7.06,0.06,8820.7,%sOxidizer Pressure Confirmation
3417,23.72,1922.11,107.88,543.27,814.13,706.47,709.43,17.24,0,0,0,0,0,1,1,0,0,7.06,0.06,8820.73,%sOxidizer Pressure Confirmation
3418,22.07,1922.11,107.88,543.27,814.13,706.47,709.42,16.61,0,0,0,0,0,1,1,0,0,7.06,0.06,8820.75,%sOxidizer Pressure Confirmation
3419,24.1,1922.11,107.88,543.27,814.13,706.47,709.42,16.61,0,0,0,0,0,1,1,0,0,7.06,0.06,8820.77,%sOxidizer Pressure Confirmation
3420,25.6,1922.18,107.88,543.27,814.13,706.47,709.42,16.61,0,0,0,0,0,1,1,0,0,7.06,0.06,8820.8,%sOxidizer Pressure Confirmation
3421,24.05,1922.18,108.18,543.47,814.27,706.78,709.42,16.61,0,0,0,0,0,1,1,0,0,7.06,0.06,8820.82,%sOxidizer Pressure Confirmation
3422,29.16,1922.18,108.18,543.47,814.27,706.78,709.48,16.23,0,0,0,0,0,1,1,0,0,7.06,0.04,8820.85,%sOxidizer Pressure Confirmation
3423,27.09,1922.18,108.18,543.47,814.27,706.78,709.48,16.23,0,0,0,0,0,1,1,0,0,7.06,0.04,8820.88,%sOxidizer Pressure Confirmation
3424,21.59,1922.31,108.4,543.47,814.27,706.78,709.48,16.23,0,0,0,0,0,1,1,0,0,7.06,0.04,8820.9,%sOxidizer Pressure Confirmation
3425,25.08,1922.31,108.4,543.62,814.39,707.16,709.45,16.23,0,0,0,0,0,1,1,0,0,7.06,0.04,8820.92,%sOxidizer Pressure Confirmation
3426,22.31,1922.31,108.4,543.62,814.39,707.16,709.45,15.57,0,0,0,0,0,1,1,0,0,7.06,0.02,8820.95,%sOxidizer Pressure Confirmation
3427,28.6,1922.31,108.4,543.62,814.39,707.16,709.45,15.57,0,0,0,0,0,1,1,0,0,7.06,0.02,8820.98,%sOxidizer Pressure Confirmation
3428,25.65,1922.4,108.52,543.78,814.47,707.16,709.45,15.57,0,0,0,0,0,1,1,0,0,7.06,0.02,8821,%sOxidizer Pressure Confirmation
3429,27.11,1922.4,108.52,543.78,814.47,707.16,709.45,15.57,0,0,0,0,0,1,1,0,0,7.06,0.02,8821.03,%sOxidizer Pressure Confirmation
3430,25.57,1922.4,108.52,543.78,814.47,706.94,709.19,15.32,0,0,0,0,0,1,1,0,0,7.06,0.02,8821.05,%sOxidizer Pressure Confirmation
3431,24.05,1922.4,108.52,543.78,814.47,706.94,709.19,15.32,0,0,0,0,0,1,1,0,0,7.05,0,8821.08,%sOxidizer Pressure Confirmation
3432,24.67,1922.49,108.66,544.06,814.75,706.94,709.19,15.32,0,0,0,0,0,1,1,0,0,7.05,0,8821.1,%sOxidizer Pressure Confirmation
3433,24.03,1922.49,108.66,544.06,814.75,707.69,708.94,15.32,0,0,0,0,0,1,1,0,0,7.05,0,8821.13,%sOxidizer Pressure Confirmation
3434,22.34,1922.49,108.66,544.06,814.75,707.69,708.94,14.53,0,0,0,0,0,1,1,0,0,7.05,-0.01,8821.15,%sOxidizer Pressure Confirmation
3435,23.1,1922.55,108.66,544.06,814.75,707.69,708.94,14.53,0,0,0,0,0,1,1,0,0,7.05,-0.01,8821.17,%sOxidizer Pressure Confirmation
3436,27.62,1922.55,108.7,544.22,814.75,707.69,708.94,14.53,0,0,0,0,0,1,1,0,0,7.05,-0.01,8821.2,%sOxidizer Pressure Confirmation
3437,23.07,1922.55,108.7,544.22,814.9,708,708.98,14.53,0,0,0,0,0,1,1,0,0,7.05,-0.01,8821.22,%sOxidizer Pressure Confirmation
3438,25.09,1922.55,108.7,544.22,814.9,708,708.98,13.88,0,0,0,0,0,1,1,0,0,7.06,-0.01,8821.25,%sOxidizer Pressure Confirmation
3439,24.9,1922.74,108.83,544.19,814.9,708,708.98,13.88,0,0,0,0,0,1,1,0,0,7.06,-0.01,8821.27,%sOxidizer Pressure Confirmation
3440,23.82,1922.74,108.83,544.19,814.78,708,708.98,13.88,0,0,0,0,0,1,1,0,0,7.06,-0.01,8821.3,%sOxidizer Pressure Confirmation
3441,27.35,1922.74,108.83,544.19,814.78,707.59,708.55,13.88,0,0,0,0,0,1,1,0,0,7.06,-0.01,8821.32,%sOxidizer Pressure Confirmation
3442,24.04,1922.74,108.83,544.19,814.78,707.59,708.55,13.46,0,0,0,0,0,1,1,0,0,7.06,0,8821.35,%sOxidizer Pressure Confirmation
3443,29.13,1922.98,108.83,544.19,814.78,707.59,708.55,13.46,0,0,0,0,0,1,1,0,0,7.06,0,8821.38,%sOxidizer Pressure Confirmation
3444,26.69,1922.98,109.07,544.41,814.78,707.59,708.55,13.46,0,0,0,0,0,1,1,0,0,7.06,0,8821.4,%sOxidizer Pressure Confirmation
3445,24.01,1922.98,109.07,544.41,814.9,707.22,708.04,13.46,0,0,0,0,0,1,1,0,0,7.06,0,8821.43,%sOxidizer Pressure Confirmation
3446,25.1,1922.98,109.07,544.41,814.9,707.22,708.04,13.22,0,0,0,0,0,1,1,0,0,7.06,-0.01,8821.45,%sOxidizer Pressure Confirmation
3447,28.62,1923.28,109.24,544.41,814.9,707.22,708.04,13.22,0,0,0,0,0,1,1,0,0,7.06,-0.01,8821.48,%sOxidizer Pressure Confirmation
3448,23.06,1923.28,109.24,544.48,814.94,706.92,708.12,13.22,0,0,0,0,0,1,1,0,0,7.06,-0.01,8821.5,%sOxidizer Pressure Confirmation
3449,28.85,1923.28,109.24,544.48,814.94,706.92,708.12,13.28,0,0,0,0,0,1,1,0,0,7.06,0,8821.53,%sOxidizer Pressure Confirmation
3450,30.02,1923.28,109.24,544.48,814.94,706.92,708.12,13.28,0,0,0,0,0,1,1,0,0,7.06,0,8821.56,%sOxidizer Pressure Confirmation
3451,24.62,1923.76,109.2,544.48,814.94,706.92,708.12,13.28,0,0,0,0,0,1,1,0,0,7.06,0,8821.59,%sOxidizer Pressure Confirmation
3452,24.71,1923.76,109.2,544.45,814.81,706.37,708.09,13.28,0,0,0,0,0,1,1,0,0,7.06,0,8821.61,%sOxidizer Pressure Confirmation
3453,24.11,1923.76,109.2,544.45,814.81,706.37,708.09,13.22,0,0,0,0,0,1,1,0,0,7.06,0,8821.64,%sOxidizer Pressure Confirmation
3454,29.19,1924.07,109.2,544.45,814.81,706.37,708.09,13.22,0,0,0,0,0,1,1,0,0,7.06,0,8821.67,%sOxidizer Pressure Confirmation
3455,23.6,1924.07,109.31,544.44,814.74,706.37,708.09,13.22,0,0,0,0,0,1,1,0,0,7.06,0,8821.69,%sOxidizer Pressure Confirmation
3456,27.1,1924.07,109.31,544.44,814.74,705.69,707.97,13.22,0,0,0,0,0,1,1,0,0,7.06,0,8821.72,%sOxidizer Pressure Confirmation
3457,22.66,1924.07,109.31,544.44,814.74,705.69,707.97,13.18,0,0,0,0,0,1,1,0,0,7.06,0,8821.74,%sOxidizer Pressure Confirmation
3458,28.7,1924.13,109.31,544.44,814.74,705.69,707.97,13.18,0,0,0,0,0,1,1,0,0,7.06,0,8821.77,%sOxidizer Pressure Confirmation
3459,24.68,1924.13,109.32,544.51,814.74,705.69,707.97,13.18,0,0,0,0,0,1,1,0,0,7.06,0,8821.79,%sOxidizer Pressure Confirmation
3460,31.81,1924.13,109.32,544.51,814.77,705.69,707.97,13.18,0,0,0,0,0,1,1,0,0,7.06,0,8821.82,%sOxidizer Pressure Confirmation
3461,28.2,1924.13,109.32,544.51,814.77,705.5,707.53,13.14,0,0,0,0,0,1,1,0,0,7.06,0,8821.85,%sOxidizer Pressure Confirmation
3462,25.17,1924.13,109.32,544.51,814.77,705.5,707.53,13.14,0,0,0,0,0,1,1,0,0,7.06,0,8821.88,%sOxidizer Pressure Confirmation
3463,25.69,1924.13,109.32,544.51,814.77,705.5,707.53,13.14,0,0,0,0,0,1,1,0,0,7.06,-0.01,8821.9,%sOxidizer Pressure Confirmation
3464,23.06,1924.09,109.34,544.51,814.77,705.5,707.53,13.14,0,0,0,0,0,1,1,0,0,7.06,-0.01,8821.93,%sOxidizer Pressure Confirmation
3465,27.24,1924.09,109.34,544.53,814.81,705.3,707.53,13.14,0,0,0,0,0,1,1,0,0,7.06,-0.01,8821.95,%sOxidizer Pressure Confirmation
3466,34.17,1924.09,109.34,544.53,814.81,705.3,707.34,13.14,0,0,0,0,0,1,1,0,0,7.06,-0.01,8821.99,%sOxidizer Pressure Confirmation
3467,24.16,1924.09,109.34,544.53,814.81,705.3,707.34,13.21,0,0,0,0,0,1,1,0,0,7.06,-0.01,8822.01,%sOxidizer Pressure Confirmation
3468,30.69,1924.09,109.34,544.53,814.81,705.3,707.34,13.21,0,0,0,0,0,1,1,0,0,7.06,0.01,8822.04,%sOxidizer Pressure Confirmation
3469,24.73,1924.49,109.34,544.53,814.81,705.3,707.34,13.21,0,0,0,0,0,1,1,0,0,7.06,0.01,8822.07,%sOxidizer Pressure Confirmation
3470,31.82,1924.49,109.33,544.42,814.69,705.3,707.34,13.21,0,0,0,0,0,1,1,0,0,7.06,0.01,8822.1,%sOxidizer Pressure Confirmation
3471,34.61,1924.49,109.33,544.42,814.69,705.3,707.34,13.21,0,0,0,0,0,1,1,0,0,7.06,0.01,8822.13,%sOxidizer Pressure Confirmation
3472,25.2,1924.49,109.33,544.42,814.69,705.2,707.44,13.47,0,0,0,0,0,1,1,0,0,7.06,0.01,8822.16,%sOxidizer Pressure Confirmation
3473,28.77,1924.49,109.33,544.42,814.69,705.2,707.44,13.47,0,0,0,0,0,1,1,0,0,7.06,0.01,8822.19,%sOxidizer Pressure Confirmation
3474,30.06,1924.49,109.33,544.42,814.69,705.2,707.44,13.47,0,0,0,0,0,1,1,0,0,7.06,0.01,8822.22,%sOxidizer Pressure Confirmation
3475,27.81,1924.83,109.25,544.23,814.69,705.2,707.44,13.47,0,0,0,0,0,1,1,0,0,7.06,0.01,8822.25,%sOxidizer Pressure Confirmation
3476,29.38,1924.83,109.25,544.23,814.69,705.2,707.44,13.47,0,0,0,0,0,1,1,0,0,7.06,0.01,8822.28,%sOxidizer Pressure Confirmation
3477,32.81,1924.83,109.25,544.23,814.45,704.31,707.44,13.47,0,0,0,0,0,1,1,0,0,7.06,0.01,8822.31,%sOxidizer Pressure Confirmation
3478,32.17,1924.83,109.25,544.23,814.45,704.31,707.18,13.47,0,0,0,0,0,1,1,0,0,7.06,0.01,8822.34,%sOxidizer Pressure Confirmation
3479,26.66,1924.83,109.25,544.23,814.45,704.31,707.18,13.51,0,0,0,0,0,1,1,0,0,7.06,0.01,8822.37,%sOxidizer Pressure Confirmation
3480,36.26,1924.83,109.25,544.23,814.45,704.31,707.18,13.51,0,0,0,0,0,1,1,0,0,7.06,0.01,8822.4,%sOxidizer Pressure Confirmation
3481,28.67,1925.36,109.38,544.23,814.45,704.31,707.18,13.51,0,0,0,0,0,1,1,0,0,7.06,0.01,8822.43,%sOxidizer Pressure Confirmation
3482,33.06,1925.36,109.38,544.11,814.45,704.31,707.18,13.51,0,0,0,0,0,1,1,0,0,7.06,0.01,8822.47,%sOxidizer Pressure Confirmation
3483,25.63,1925.36,109.38,544.11,814.41,704.17,707.18,13.51,0,0,0,0,0,1,1,0,0,7.06,0.01,8822.49,%sOxidizer Pressure Confirmation
3484,27.64,1925.36,109.38,544.11,814.41,704.17,707.17,13.51,0,0,0,0,0,1,1,0,0,7.06,0.01,8822.52,%sOxidizer Pressure Confirmation
3485,27.81,1925.36,109.38,544.11,814.41,704.17,707.17,13.79,0,0,0,0,0,1,1,0,0,7.06,0.01,8822.55,%sOxidizer Pressure Confirmation
3486,30.76,1925.36,109.38,544.11,814.41,704.17,707.17,13.79,0,0,0,0,0,1,1,0,0,7.06,0.01,8822.58,%sOxidizer Pressure Confirmation
3487,31.2,1925.04,109.38,544.11,814.41,704.17,707.17,13.79,0,0,0,0,0,1,1,0,0,7.06,0.01,8822.61,%sOxidizer Pressure Confirmation
3488,26.09,1925.04,109.32,544.16,814.41,704.17,707.17,13.79,0,0,0,0,0,1,1,0,0,7.06,0.01,8822.63,%sOxidizer Pressure Confirmation
3489,35.61,1925.04,109.32,544.16,814.56,704.17,707.17,13.79,0,0,0,0,0,1,1,0,0,7.06,0.01,8822.67,%sOxidizer Pressure Confirmation
3490,29.54,1925.04,109.32,544.16,814.56,704.65,707.47,13.79,0,0,0,0,0,1,1,0,0,7.06,0.01,8822.7,%sOxidizer Pressure Confirmation
3491,26.68,1925.04,109.32,544.16,814.56,704.65,707.47,13.82,0,0,0,0,0,1,1,0,0,7.06,0.01,8822.73,%sOxidizer Pressure Confirmation
3492,26.36,1925.04,109.32,544.16,814.56,704.65,707.47,13.82,0,0,0,0,0,1,1,0,0,7.06,0.01,8822.75,%sOxidizer Pressure Confirmation
3493,27.49,1925.73,109.32,544.16,814.56,704.65,707.47,13.82,0,0,0,0,0,1,1,0,0,7.06,0.01,8822.78,%sOxidizer Pressure Confirmation
3494,28.68,1925.73,109.41,543.93,814.56,704.65,707.47,13.82,0,0,0,0,0,1,1,0,0,7.06,0.01,8822.81,%sOxidizer Pressure Confirmation
3495,23.09,1925.73,109.41,543.93,814.33,704.65,707.47,13.82,0,0,0,0,0,1,1,0,0,7.06,0.01,8822.83,%sOxidizer Pressure Confirmation
3496,23.67,1925.73,109.41,543.93,814.33,704.46,707.47,13.82,0,0,0,0,0,1,1,0,0,7.06,0.01,8822.86,%sOxidizer Pressure Confirmation
3497,24.49,1925.73,109.41,543.93,814.33,704.46,707.47,13.88,0,0,0,0,0,1,1,0,0,7.06,0.01,8822.88,%sOxidizer Pressure Confirmation
3498,27,1925.73,109.41,543.93,814.33,704.46,707.47,13.88,0,0,0,0,0,1,1,0,0,7.06,0.01,8822.91,%sOxidizer Pressure Confirmation
3499,25.51,1925.11,109.03,543.93,814.33,704.46,707.47,13.88,0,0,0,0,0,1,1,0,0,7.06,0.01,8822.93,%sOxidizer Pressure Confirmation
3500,32.21,1925.11,109.03,543.67,814.11,704.46,707.47,13.88,0,0,0,0,0,1,1,0,0,7.06,0.01,8822.96,%sOxidizer Pressure Confirmation
3501,28.62,1925.11,109.03,543.67,814.11,704.92,707.97,13.88,0,0,0,0,0,1,1,0,0,7.06,0.01,8822.99,%sOxidizer Pressure Confirmation
3502,25.72,1925.11,109.03,543.67,814.11,704.92,707.97,14.42,0,0,0,0,0,1,1,0,0,7.06,0.01,8823.02,%sOxidizer Pressure Confirmation
3503,27.21,1924.72,109.03,543.67,814.11,704.92,707.97,14.42,0,0,0,0,0,1,1,0,0,7.06,0,8823.05,%sOxidizer Pressure Confirmation
3504,31.88,1924.72,109.06,543.7,814.11,704.92,707.97,14.42,0,0,0,0,0,1,1,0,0,7.06,0,8823.08,%sOxidizer Pressure Confirmation
3505,26.04,1924.72,109.06,543.7,814.16,705.05,707.97,14.42,0,0,0,0,0,1,1,0,0,7.06,0,8823.1,%sOxidizer Pressure Confirmation
3506,33.19,1924.72,109.06,543.7,814.16,705.05,708.1,14.42,0,0,0,0,0,1,1,0,0,7.06,0,8823.14,%sOxidizer Pressure Confirmation
3507,26.86,1924.72,109.06,543.7,814.16,705.05,708.1,14.49,0,0,0,0,0,1,1,0,0,7.06,0,8823.16,%sOxidizer Pressure Confirmation
3508,28.3,1924.57,109.06,543.7,814.16,705.05,708.1,14.49,0,0,0,0,0,1,1,0,0,7.06,0,8823.19,%sOxidizer Pressure Confirmation
3509,25.43,1924.57,108.91,543.7,814.16,705.05,708.1,14.49,0,0,0,0,0,1,1,0,0,7.06,0,8823.22,%sOxidizer Pressure Confirmation
3510,25.14,1924.57,108.91,543.79,814.32,705.22,708.1,14.49,0,0,0,0,0,1,1,0,0,7.06,0,8823.24,%sOxidizer Pressure Confirmation
3511,34.15,1924.57,108.91,543.79,814.32,705.22,707.98,14.41,0,0,0,0,0,1,1,0,0,7.06,0,8823.28,%sOxidizer Pressure Confirmation
3512,24.6,1924.57,108.91,543.79,814.32,705.22,707.98,14.41,0,0,0,0,0,1,1,0,0,7.06,0.02,8823.3,%sOxidizer Pressure Confirmation
3513,25.09,1924.88,108.76,543.79,814.32,705.22,707.98,14.41,0,0,0,0,0,1,1,0,0,7.06,0.02,8823.33,%sOxidizer Pressure Confirmation
3514,35.52,1924.88,108.76,543.52,814.19,705.22,707.98,14.41,0,0,0,0,0,1,1,0,0,7.06,0.02,8823.36,%sOxidizer Pressure Confirmation
3515,27.49,1924.88,108.76,543.52,814.19,704.83,708.06,14.41,0,0,0,0,0,1,1,0,0,7.06,0.02,8823.39,%sOxidizer Pressure Confirmation
3516,27.13,1924.88,108.76,543.52,814.19,704.83,708.06,14.49,0,0,0,0,0,1,1,0,0,7.06,0.03,8823.42,%sOxidizer Pressure Confirmation
3517,25.65,1924.87,108.65,543.52,814.19,704.83,708.06,14.49,0,0,0,0,0,1,1,0,0,7.06,0.03,8823.44,%sOxidizer Pressure Confirmation
3518,30.04,1924.87,108.65,543.4,814.19,704.83,708.06,14.49,0,0,0,0,0,1,1,0,0,7.06,0.03,8823.47,%sOxidizer Pressure Confirmation
3519,29.48,1924.87,108.65,543.4,814.11,704.89,708.3,14.49,0,0,0,0,0,1,1,0,0,7.06,0.03,8823.5,%sOxidizer Pressure Confirmation
3520,27.63,1924.87,108.65,543.4,814.11,704.89,708.3,14.71,0,0,0,0,0,1,1,0,0,7.06,0.03,8823.53,%sOxidizer Pressure Confirmation
3521,23.64,1924.87,108.65,543.4,814.11,704.89,708.3,14.71,0,0,0,0,0,1,1,0,0,7.06,0.03,8823.55,%sOxidizer Pressure Confirmation
3522,22.87,1924.44,108.65,543.4,814.11,704.89,708.3,14.71,0,0,0,0,0,1,1,0,0,7.06,0.03,8823.58,%sOxidizer Pressure Confirmation
3523,25.79,1924.44,108.52,543.39,814.27,705.48,708.3,14.71,0,0,0,0,0,1,1,0,0,7.06,0.03,8823.6,%sOxidizer Pressure Confirmation
3524,25.96,1924.44,108.52,543.39,814.27,705.48,708.62,14.71,0,0,0,0,0,1,1,0,0,7.06,0.03,8823.63,%sOxidizer Pressure Confirmation
3525,24.17,1924.44,108.52,543.39,814.27,705.48,708.62,14.47,0,0,0,0,0,1,1,0,0,7.06,0.03,8823.65,%sOxidizer Pressure Confirmation
3526,30.3,1924.44,108.52,543.39,814.27,705.48,708.62,14.47,0,0,0,0,0,1,1,0,0,7.05,0.02,8823.68,%sOxidizer Pressure Confirmation
3527,27.63,1924.3,108.55,543.39,814.27,705.48,708.62,14.47,0,0,0,0,0,1,1,0,0,7.05,0.02,8823.71,%sOxidizer Pressure Confirmation
3528,24.08,1924.3,108.55,543.34,814.29,705.48,708.62,14.47,0,0,0,0,0,1,1,0,0,7.05,0.02,8823.73,%sOxidizer Pressure Confirmation
3529,27.21,1924.3,108.55,543.34,814.29,705.53,708.6,14.49,0,0,0,0,0,1,1,0,0,7.05,0.02,8823.76,%sOxidizer Pressure Confirmation
3530,24.72,1923.96,108.55,543.34,814.29,705.53,708.6,14.49,0,0,0,0,0,1,1,0,0,7.06,0.02,8823.79,%sOxidizer Pressure Confirmation
3531,26.63,1923.96,108.46,543.32,814.29,705.53,708.6,14.49,0,0,0,0,0,1,1,0,0,7.06,0.02,8823.81,%sOxidizer Pressure Confirmation
3532,25.7,1923.96,108.46,543.32,814.24,705.53,708.6,14.49,0,0,0,0,0,1,1,0,0,7.06,0.02,8823.84,%sOxidizer Pressure Confirmation
3533,30.9,1923.96,108.46,543.32,814.24,705.19,708.24,14.49,0,0,0,0,0,1,1,0,0,7.06,0.02,8823.87,%sOxidizer Pressure Confirmation
3534,22.71,1923.96,108.46,543.32,814.24,705.19,708.24,14.5,0,0,0,0,0,1,1,0,0,7.06,0.03,8823.89,%sOxidizer Pressure Confirmation
3535,33.47,1923.97,108.46,543.32,814.24,705.19,708.24,14.5,0,0,0,0,0,1,1,0,0,7.06,0.03,8823.93,%sOxidizer Pressure Confirmation
3536,29.87,1923.97,108.37,543.12,814.09,705.19,708.24,14.5,0,0,0,0,0,1,1,0,0,7.06,0.03,8823.96,%sOxidizer Pressure Confirmation
3537,28.6,1923.97,108.37,543.12,814.09,704.73,708.24,14.5,0,0,0,0,0,1,1,0,0,7.06,0.03,8823.98,%sOxidizer Pressure Confirmation
3538,23.15,1923.97,108.37,543.12,814.09,704.73,708.53,15.17,0,0,0,0,0,1,1,0,0,7.06,0.04,8824.01,%sOxidizer Pressure Confirmation
3539,24.93,1923.15,108.12,543.12,814.09,704.73,708.53,15.17,0,0,0,0,0,1,1,0,0,7.06,0.04,8824.03,%sOxidizer Pressure Confirmation
3540,31.83,1923.15,108.12,543.12,814.17,704.73,708.53,15.17,0,0,0,0,0,1,1,0,0,7.06,0.04,8824.06,%sOxidizer Pressure Confirmation
3541,24.2,1923.15,108.12,543.12,814.17,705.17,708.53,15.17,0,0,0,0,0,1,1,0,0,7.06,0.04,8824.09,%sOxidizer Pressure Confirmation
3542,25.06,1923.15,108.12,543.12,814.17,705.17,708.89,15.46,0,0,0,0,0,1,1,0,0,7.06,0.04,8824.11,%sOxidizer Pressure Confirmation
3543,29.56,1923.18,108.09,543.12,814.17,705.17,708.89,15.46,0,0,0,0,0,1,1,0,0,7.06,0.04,8824.14,%sOxidizer Pressure Confirmation
3544,23.63,1923.18,108.09,543.21,814.44,705.17,708.89,15.46,0,0,0,0,0,1,1,0,0,7.06,0.04,8824.17,%sOxidizer Pressure Confirmation
3545,22.56,1923.18,108.09,543.21,814.44,705.22,708.73,15.46,0,0,0,0,0,1,1,0,0,7.06,0.04,8824.19,%sOxidizer Pressure Confirmation
3546,26.15,1923.18,108.09,543.21,814.44,705.22,708.73,14.87,0,0,0,0,0,1,1,0,0,7.07,0.07,8824.22,%sOxidizer Pressure Confirmation
3547,23.56,1923.99,108.09,543.21,814.44,705.22,708.73,14.87,0,0,0,0,0,1,1,0,0,7.07,0.07,8824.24,%sOxidizer Pressure Confirmation
3548,23.73,1923.99,108.07,543.01,814.44,705.22,708.73,14.87,0,0,0,0,0,1,1,0,0,7.07,0.07,8824.26,%sOxidizer Pressure Confirmation
3549,28.11,1923.99,108.07,543.01,814.46,705.16,708.64,14.87,0,0,0,0,0,1,1,0,0,7.07,0.07,8824.29,%sOxidizer Pressure Confirmation
3550,22.7,1923.99,108.07,543.01,814.46,705.16,708.64,14.95,0,0,0,0,0,1,1,0,0,7.07,0.08,8824.31,%sOxidizer Pressure Confirmation
3551,26.6,1923.99,108.07,543.01,814.46,705.16,708.64,14.95,0,0,0,0,0,1,1,0,0,7.07,0.08,8824.34,%sOxidizer Pressure Confirmation
3552,26.17,1924.22,108.06,542.76,814.46,705.16,708.64,14.95,0,0,0,0,0,1,1,0,0,7.07,0.08,8824.37,%sOxidizer Pressure Confirmation
3553,26.54,1924.22,108.06,542.76,814.21,705.15,708.72,14.95,0,0,0,0,0,1,1,0,0,7.07,0.08,8824.39,%sOxidizer Pressure Confirmation
3554,26.67,1924.22,108.06,542.76,814.21,705.15,708.72,15.01,0,0,0,0,0,1,1,0,0,7.07,0.07,8824.42,%sOxidizer Pressure Confirmation
3555,26.65,1923.81,108.06,542.76,814.21,705.15,708.72,15.01,0,0,0,0,0,1,1,0,0,7.07,0.07,8824.45,%sOxidizer Pressure Confirmation
3556,25.64,1923.81,108.02,542.76,814.21,705.15,708.72,15.01,0,0,0,0,0,1,1,0,0,7.07,0.07,8824.47,%sOxidizer Pressure Confirmation
3557,25.2,1923.81,108.02,542.85,814.28,705.37,708.89,15.01,0,0,0,0,0,1,1,0,0,7.07,0.07,8824.5,%sOxidizer Pressure Confirmation
3558,24.56,1923.81,108.02,542.85,814.28,705.37,708.89,15.08,0,0,0,0,0,1,1,0,0,7.07,0.07,8824.52,%sOxidizer Pressure Confirmation
3559,22.17,1923.81,108.02,542.85,814.28,705.37,708.89,15.08,0,0,0,0,0,1,1,0,0,7.07,0.06,8824.54,%sOxidizer Pressure Confirmation
3560,27.07,1923.79,108.02,542.85,814.28,705.37,708.89,15.08,0,0,0,0,0,1,1,0,0,7.07,0.06,8824.57,%sOxidizer Pressure Confirmation
3561,23.16,1923.79,107.97,542.84,814.28,705.37,708.89,15.08,0,0,0,0,0,1,1,0,0,7.07,0.06,8824.59,%sOxidizer Pressure Confirmation
3562,25.57,1923.79,107.97,542.84,814.31,705.75,709.3,15.23,0,0,0,0,0,1,1,0,0,7.07,0.06,8824.62,%sOxidizer Pressure Confirmation
3563,26.63,1923.79,107.97,542.84,814.31,705.75,709.3,15.23,0,0,0,0,0,1,1,0,0,7.07,0.05,8824.65,%sOxidizer Pressure Confirmation
3564,25.31,1923.73,108.06,542.84,814.31,705.75,709.3,15.23,0,0,0,0,0,1,1,0,0,7.07,0.05,8824.67,%sOxidizer Pressure Confirmation
3565,22.22,1923.73,108.06,542.87,814.31,705.75,709.3,15.23,0,0,0,0,0,1,1,0,0,7.07,0.05,8824.69,%sOxidizer Pressure Confirmation
3566,24.81,1923.73,108.06,542.87,814.51,705.98,709.59,15.23,0,0,0,0,0,1,1,0,0,7.07,0.05,8824.72,%sOxidizer Pressure Confirmation
3567,26.69,1923.73,108.06,542.87,814.51,705.98,709.59,15.59,0,0,0,0,0,1,1,0,0,7.07,0.05,8824.74,%sOxidizer Pressure Confirmation
3568,23.31,1923.73,108.06,542.87,814.51,705.98,709.59,15.59,0,0,0,0,0,1,1,0,0,7.07,0.05,8824.77,%sOxidizer Pressure Confirmation
3569,27.19,1923.47,108.06,542.87,814.51,705.98,709.59,15.59,0,0,0,0,0,1,1,0,0,7.07,0.05,8824.8,%sOxidizer Pressure Confirmation
3570,33.04,1923.47,108.03,542.96,814.59,706.23,709.59,15.59,0,0,0,0,0,1,1,0,0,7.07,0.05,8824.83,%sOxidizer Pressure Confirmation
3571,24.2,1923.47,108.03,542.96,814.59,706.23,709.65,15.59,0,0,0,0,0,1,1,0,0,7.07,0.05,8824.85,%sOxidizer Pressure Confirmation
3572,25.6,1923.47,108.03,542.96,814.59,706.23,709.65,15.58,0,0,0,0,0,1,1,0,0,7.07,0.05,8824.88,%sOxidizer Pressure Confirmation
3573,26.06,1923.51,108.03,542.96,814.59,706.23,709.65,15.58,0,0,0,0,0,1,1,0,0,7.07,0.05,8824.9,%sOxidizer Pressure Confirmation
3574,23.54,1923.51,108.09,542.97,814.65,706.23,709.65,15.58,0,0,0,0,0,1,1,0,0,7.07,0.05,8824.93,%sOxidizer Pressure Confirmation
3575,30.2,1923.51,108.09,542.97,814.65,706.3,709.65,15.58,0,0,0,0,0,1,1,0,0,7.07,0.05,8824.96,%sOxidizer Pressure Confirmation
3576,24,1923.51,108.09,542.97,814.65,706.3,709.62,15.78,0,0,0,0,0,1,1,0,0,7.07,0.06,8824.98,%sOxidizer Pressure Confirmation
3577,27.57,1924.02,108.09,542.97,814.65,706.3,709.62,15.78,0,0,0,0,0,1,1,0,0,7.07,0.06,8825.01,%sOxidizer Pressure Confirmation
3578,23.12,1924.02,108.07,543.03,814.65,706.3,709.62,15.78,0,0,0,0,0,1,1,0,0,7.07,0.06,8825.03,%sOxidizer Pressure Confirmation
3579,23.62,1924.02,108.07,543.03,814.67,706.26,709.62,15.78,0,0,0,0,0,1,1,0,0,7.07,0.06,8825.06,%sOxidizer Pressure Confirmation
3580,24.59,1924.02,108.07,543.03,814.67,706.26,709.63,15.59,0,0,0,0,0,1,1,0,0,7.07,0.06,8825.08,%sOxidizer Pressure Confirmation
3581,24.11,1924.25,108.18,543.03,814.67,706.26,709.63,15.59,0,0,0,0,0,1,1,0,0,7.07,0.06,8825.1,%sOxidizer Pressure Confirmation
3582,27.17,1924.25,108.18,543.26,814.85,706.26,709.63,15.59,0,0,0,0,0,1,1,0,0,7.07,0.06,8825.13,%sOxidizer Pressure Confirmation
3583,23.63,1924.25,108.18,543.26,814.85,706,709.35,15.59,0,0,0,0,0,1,1,0,0,7.07,0.06,8825.16,%sOxidizer Pressure Confirmation
3584,24.65,1924.25,108.18,543.26,814.85,706,709.35,15.25,0,0,0,0,0,1,1,0,0,7.07,0.05,8825.18,%sOxidizer Pressure Confirmation
3585,26.05,1924.95,108.47,543.41,814.85,706,709.35,15.25,0,0,0,0,0,1,1,0,0,7.07,0.05,8825.21,%sOxidizer Pressure Confirmation
3586,25.62,1924.95,108.47,543.41,814.66,706,709.35,15.25,0,0,0,0,0,1,1,0,0,7.07,0.05,8825.23,%sOxidizer Pressure Confirmation
3587,28.12,1924.95,108.47,543.41,814.66,705.3,708.85,15.25,0,0,0,0,0,1,1,0,0,7.07,0.05,8825.26,%sOxidizer Pressure Confirmation
3588,26.09,1924.95,108.47,543.41,814.66,705.3,708.85,15.17,0,0,0,0,0,1,1,0,0,7.07,0.04,8825.29,%sOxidizer Pressure Confirmation
3589,25.12,1924.64,108.5,543.54,814.66,705.3,708.85,15.17,0,0,0,0,0,1,1,0,0,7.07,0.04,8825.31,%sOxidizer Pressure Confirmation
3590,21.97,1924.64,108.5,543.54,814.59,705.3,708.85,15.17,0,0,0,0,0,1,1,0,0,7.07,0.04,8825.33,%sOxidizer Pressure Confirmation
3591,27.36,1924.64,108.5,543.54,814.59,705.22,708.85,15.17,0,0,0,0,0,1,1,0,0,7.07,0.04,8825.36,%sOxidizer Pressure Confirmation
3592,22.16,1924.64,108.5,543.54,814.59,705.22,708.7,15,0,0,0,0,0,1,1,0,0,7.07,0.03,8825.38,%sOxidizer Pressure Confirmation
3593,25.69,1924.92,108.5,543.54,814.59,705.22,708.7,15,0,0,0,0,0,1,1,0,0,7.07,0.03,8825.41,%sOxidizer Pressure Confirmation
3594,27.37,1924.92,108.56,543.56,814.65,705.22,708.7,15,0,0,0,0,0,1,1,0,0,7.07,0.03,8825.44,%sOxidizer Pressure Confirmation
3595,22.95,1924.92,108.56,543.56,814.65,705.07,708.73,15,0,0,0,0,0,1,1,0,0,7.07,0.03,8825.46,%sOxidizer Pressure Confirmation
3596,25.24,1925.58,108.56,543.56,814.65,705.07,708.73,15.05,0,0,0,0,0,1,1,0,0,7.08,0.04,8825.48,%sOxidizer Pressure Confirmation
3597,26.7,1925.58,108.61,543.48,814.65,705.07,708.73,15.05,0,0,0,0,0,1,1,0,0,7.08,0.04,8825.51,%sOxidizer Pressure Confirmation
3598,27.12,1925.58,108.61,543.48,814.55,705.07,708.73,15.05,0,0,0,0,0,1,1,0,0,7.08,0.04,8825.54,%sOxidizer Pressure Confirmation
3599,27.12,1925.58,108.61,543.48,814.55,704.8,708.57,15.05,0,0,0,0,0,1,1,0,0,7.08,0.04,8825.57,%sOxidizer Pressure Confirmation
3600,26.51,1925.58,108.61,543.48,814.55,704.8,708.57,15.01,0,0,0,0,0,1,1,0,0,7.08,0.03,8825.59,%sOxidizer Pressure Confirmation
3601,24.98,1926.08,108.74,543.62,814.55,704.8,708.57,15.01,0,0,0,0,0,1,1,0,0,7.08,0.03,8825.62,%sOxidizer Pressure Confirmation
3602,21.66,1926.08,108.74,543.62,814.57,704.8,708.57,15.01,0,0,0,0,0,1,1,0,0,7.08,0.03,8825.64,%sOxidizer Pressure Confirmation
3603,24.67,1926.08,108.74,543.62,814.57,704.19,707.9,15.01,0,0,0,0,0,1,1,0,0,7.08,0.03,8825.66,%sOxidizer Pressure Confirmation
3604,26.64,1926.08,108.74,543.62,814.57,704.19,707.9,14.63,0,0,0,0,0,1,1,0,0,7.09,0.06,8825.69,%sOxidizer Pressure Confirmation
3605,27.05,1926.98,108.82,543.62,814.57,704.19,707.9,14.63,0,0,0,0,0,1,1,0,0,7.09,0.06,8825.72,%sOxidizer Pressure Confirmation
3606,27.17,1926.98,108.82,543.59,814.31,704.19,707.9,14.63,0,0,0,0,0,1,1,0,0,7.09,0.06,8825.74,%sOxidizer Pressure Confirmation
3607,26.5,1926.98,108.82,543.59,814.31,703.39,707.17,14.63,0,0,0,0,0,1,1,0,0,7.09,0.06,8825.77,%sOxidizer Pressure Confirmation
3608,23.68,1926.98,108.82,543.59,814.31,703.39,707.17,14.24,0,0,0,0,0,1,1,0,0,7.09,0.06,8825.79,%sOxidizer Pressure Confirmation
3609,26.63,1927.45,108.82,543.59,814.31,703.39,707.17,14.24,0,0,0,0,0,1,1,0,0,7.09,0.06,8825.82,%sOxidizer Pressure Confirmation
3610,29.41,1927.45,108.74,543.49,814.31,703.39,707.17,14.24,0,0,0,0,0,1,1,0,0,7.09,0.06,8825.85,%sOxidizer Pressure Confirmation
3611,28.11,1927.45,108.74,543.49,814.31,703.16,707.65,14.24,0,0,0,0,0,1,1,0,0,7.09,0.06,8825.88,%sOxidizer Pressure Confirmation
3612,24.01,1927.45,108.74,543.49,814.31,703.16,707.65,14.98,0,0,0,0,0,1,1,0,0,7.09,0.07,8825.9,%sOxidizer Pressure Confirmation
3613,22.22,1927.23,108.74,543.49,814.31,703.16,707.65,14.98,0,0,0,0,0,1,1,0,0,7.09,0.07,8825.92,%sOxidizer Pressure Confirmation
3614,24.24,1927.23,108.61,543.53,814.31,703.16,707.65,14.98,0,0,0,0,0,1,1,0,0,7.09,0.07,8825.95,%sOxidizer Pressure Confirmation
3615,23.09,1927.23,108.61,543.53,814.33,703.63,708.06,14.77,0,0,0,0,0,1,1,0,0,7.09,0.07,8825.97,%sOxidizer Pressure Confirmation
3616,28.79,1927.23,108.61,543.53,814.33,703.63,708.06,14.77,0,0,0,0,0,1,1,0,0,7.09,0.05,8826,%sOxidizer Pressure Confirmation
3617,25.2,1926.79,108.67,543.53,814.33,703.63,708.06,14.77,0,0,0,0,0,1,1,0,0,7.09,0.05,8826.03,%sOxidizer Pressure Confirmation
3618,28.49,1926.79,108.67,543.53,814.39,704.12,708.2,14.77,0,0,0,0,0,1,1,0,0,7.09,0.05,8826.05,%sOxidizer Pressure Confirmation
3619,25.67,1926.79,108.67,543.53,814.39,704.12,708.2,14.9,0,0,0,0,0,1,1,0,0,7.09,0.05,8826.08,%sOxidizer Pressure Confirmation
3620,27.13,1926.79,108.67,543.53,814.39,704.12,708.2,14.9,0,0,0,0,0,1,1,0,0,7.09,0.05,8826.11,%sOxidizer Pressure Confirmation
3621,22.74,1927.29,108.72,543.53,814.39,704.12,708.2,14.9,0,0,0,0,0,1,1,0,0,7.09,0.05,8826.13,%sOxidizer Pressure Confirmation
3622,24.87,1927.29,108.72,543.39,814.25,704,708.12,14.9,0,0,0,0,0,1,1,0,0,7.09,0.05,8826.15,%sOxidizer Pressure Confirmation
3623,21.3,1927.29,108.72,543.39,814.25,704,708.12,14.96,0,0,0,0,0,1,1,0,0,7.09,0.06,8826.18,%sOxidizer Pressure Confirmation
3624,28.59,1927.29,108.72,543.39,814.25,704,708.12,14.96,0,0,0,0,0,1,1,0,0,7.09,0.06,8826.2,%sOxidizer Pressure Confirmation
3625,21.3,1926.59,108.48,543.18,814.25,704,708.12,14.96,0,0,0,0,0,1,1,0,0,7.09,0.06,8826.23,%sOxidizer Pressure Confirmation
3626,28.2,1926.59,108.48,543.18,814.21,704,708.12,14.96,0,0,0,0,0,1,1,0,0,7.09,0.06,8826.25,%sOxidizer Pressure Confirmation
3627,29.51,1926.59,108.48,543.18,814.21,704.32,708.87,14.96,0,0,0,0,0,1,1,0,0,7.09,0.06,8826.28,%sOxidizer Pressure Confirmation
3628,23.15,1926.59,108.48,543.18,814.21,704.32,708.87,15.68,0,0,0,0,0,1,1,0,0,7.08,0.07,8826.31,%sOxidizer Pressure Confirmation
3629,26.63,1926.06,108.35,543.08,814.21,704.32,708.87,15.68,0,0,0,0,0,1,1,0,0,7.08,0.07,8826.33,%sOxidizer Pressure Confirmation
3630,28.39,1926.06,108.35,543.08,814.28,704.32,708.87,15.68,0,0,0,0,0,1,1,0,0,7.08,0.07,8826.36,%sOxidizer Pressure Confirmation
3631,22.1,1926.06,108.35,543.08,814.28,704.6,709.59,15.68,0,0,0,0,0,1,1,0,0,7.08,0.07,8826.38,%sOxidizer Pressure Confirmation
3632,24.27,1926.06,108.35,543.08,814.28,704.6,709.59,16.18,0,0,0,0,0,1,1,0,0,7.08,0.07,8826.41,%sOxidizer Pressure Confirmation
3633,25.66,1925.59,108.32,543.12,814.28,704.6,709.59,16.18,0,0,0,0,0,1,1,0,0,7.08,0.07,8826.43,%sOxidizer Pressure Confirmation
3634,26.33,1925.59,108.32,543.12,814.4,704.6,709.59,16.18,0,0,0,0,0,1,1,0,0,7.08,0.07,8826.46,%sOxidizer Pressure Confirmation
3635,26.16,1925.59,108.32,543.12,814.4,705.06,709.97,16.18,0,0,0,0,0,1,1,0,0,7.08,0.07,8826.49,%sOxidizer Pressure Confirmation
3636,22.25,1925.59,108.32,543.12,814.4,705.06,709.97,16.61,0,0,0,0,0,1,1,0,0,7.08,0.07,8826.51,%sOxidizer Pressure Confirmation
3637,26.13,1924.93,108.15,543.2,814.4,705.06,709.97,16.61,0,0,0,0,0,1,1,0,0,7.07,0.07,8826.53,%sOxidizer Pressure Confirmation
3638,33.73,1924.93,108.15,543.2,814.6,705.06,709.97,16.61,0,0,0,0,0,1,1,0,0,7.07,0.07,8826.57,%sOxidizer Pressure Confirmation
3639,22.87,1924.93,108.15,543.2,814.6,705.53,710.34,16.61,0,0,0,0,0,1,1,0,0,7.07,0.07,8826.59,%sOxidizer Pressure Confirmation
3640,26.87,1924.93,108.15,543.2,814.6,705.53,710.34,16.64,0,0,0,0,0,1,1,0,0,7.07,0.08,8826.62,%sOxidizer Pressure Confirmation
3641,24.05,1924.31,107.94,543.2,814.6,705.53,710.34,16.64,0,0,0,0,0,1,1,0,0,7.07,0.08,8826.64,%sOxidizer Pressure Confirmation
3642,30.08,1924.31,107.94,543.03,814.64,705.53,710.34,16.64,0,0,0,0,0,1,1,0,0,7.07,0.08,8826.67,%sOxidizer Pressure Confirmation
3643,25.14,1924.31,107.94,543.03,814.64,706.05,710.9,17.23,0,0,0,0,0,1,1,0,0,7.07,0.08,8826.7,%sOxidizer Pressure Confirmation
3644,26.42,1924.31,107.94,543.03,814.64,706.05,710.9,17.23,0,0,0,0,0,1,1,0,0,7.06,0.06,8826.72,%sOxidizer Pressure Confirmation
3645,23.63,1923.53,107.94,543.03,814.64,706.05,710.9,17.23,0,0,0,0,0,1,1,0,0,7.06,0.06,8826.75,%sOxidizer Pressure Confirmation
3646,22.44,1923.53,107.82,543.01,814.8,706.05,710.9,17.23,0,0,0,0,0,1,1,0,0,7.06,0.06,8826.77,%sOxidizer Pressure Confirmation
3647,23.68,1923.53,107.82,543.01,814.8,706.52,711.33,17.34,0,0,0,0,0,1,1,0,0,7.06,0.06,8826.79,%sOxidizer Pressure Confirmation
3648,24.81,1923.53,107.82,543.01,814.8,706.52,711.33,17.34,0,0,0,0,0,1,1,0,0,7.06,0.06,8826.82,%sOxidizer Pressure Confirmation
3649,26.07,1923.1,107.78,543,814.8,706.52,711.33,17.34,0,0,0,0,0,1,1,0,0,7.06,0.06,8826.84,%sOxidizer Pressure Confirmation
3650,27.61,1923.1,107.78,543,814.97,707.22,711.33,17.34,0,0,0,0,0,1,1,0,0,7.06,0.06,8826.87,%sOxidizer Pressure Confirmation
3651,22.19,1923.1,107.78,543,814.97,707.22,711.44,17.16,0,0,0,0,0,1,1,0,0,7.06,0.04,8826.89,%sOxidizer Pressure Confirmation
3652,29.45,1923.05,107.78,543,814.97,707.22,711.44,17.16,0,0,0,0,0,1,1,0,0,7.05,0.04,8826.92,%sOxidizer Pressure Confirmation
3653,30.16,1923.05,107.68,542.97,815.01,707.22,711.44,17.16,0,0,0,0,0,1,1,0,0,7.05,0.04,8826.95,%sOxidizer Pressure Confirmation
3654,27.75,1923.05,107.68,542.97,815.01,707.36,711.36,16.78,0,0,0,0,0,1,1,0,0,7.05,0.04,8826.98,%sOxidizer Pressure Confirmation
3655,26.77,1923.09,107.68,542.97,815.01,707.36,711.36,16.78,0,0,0,0,0,1,1,0,0,7.06,0.04,8827.01,%sOxidizer Pressure Confirmation
3656,24.23,1923.09,107.81,543.21,815.01,707.36,711.36,16.78,0,0,0,0,0,1,1,0,0,7.06,0.04,8827.03,%sOxidizer Pressure Confirmation
3657,23.84,1923.09,107.81,543.21,815.26,707.52,710.92,16.78,0,0,0,0,0,1,1,0,0,7.06,0.04,8827.06,%sOxidizer Pressure Confirmation
3658,22.79,1923.09,107.81,543.21,815.26,707.52,710.92,16.17,0,0,0,0,0,1,1,0,0,7.06,0.03,8827.08,%sOxidizer Pressure Confirmation
3659,26.27,1922.46,107.81,543.21,815.26,707.52,710.92,16.17,0,0,0,0,0,1,1,0,0,7.05,0.03,8827.11,%sOxidizer Pressure Confirmation
3660,28.78,1922.46,107.84,543.41,815.26,707.52,710.92,16.17,0,0,0,0,0,1,1,0,0,7.05,0.03,8827.13,%sOxidizer Pressure Confirmation
3661,21.91,1922.46,107.84,543.41,815.51,708.04,711.01,16.12,0,0,0,0,0,1,1,0,0,7.05,0.03,8827.16,%sOxidizer Pressure Confirmation
3662,26.45,1922.46,107.84,543.41,815.51,708.04,711.01,16.12,0,0,0,0,0,1,1,0,0,7.05,0.02,8827.18,%sOxidizer Pressure Confirmation
3663,25.74,1922.9,107.84,543.41,815.51,708.04,711.01,16.12,0,0,0,0,0,1,1,0,0,7.05,0.02,8827.21,%sOxidizer Pressure Confirmation
3664,26.01,1922.9,108.04,543.57,815.51,708.04,711.01,16.12,0,0,0,0,0,1,1,0,0,7.05,0.02,8827.23,%sOxidizer Pressure Confirmation
3665,29.24,1922.9,108.04,543.57,815.72,708.38,710.25,15.73,0,0,0,0,0,1,1,0,0,7.05,0.02,8827.26,%sOxidizer Pressure Confirmation
3666,23.22,1922.9,108.04,543.57,815.72,708.38,710.25,15.73,0,0,0,0,0,1,1,0,0,7.06,0.03,8827.29,%sOxidizer Pressure Confirmation
3667,25.76,1923.71,108.04,543.57,815.72,708.38,710.25,15.73,0,0,0,0,0,1,1,0,0,7.06,0.03,8827.31,%sOxidizer Pressure Confirmation
3668,23.19,1923.71,108.14,543.6,815.77,708.19,710.25,15.73,0,0,0,0,0,1,1,0,0,7.06,0.03,8827.34,%sOxidizer Pressure Confirmation
3669,27.72,1923.71,108.14,543.6,815.77,708.19,709.75,15.77,0,0,0,0,0,1,1,0,0,7.06,0.03,8827.36,%sOxidizer Pressure Confirmation
3670,23.12,1923.73,108.14,543.6,815.77,708.19,709.75,15.77,0,0,0,0,0,1,1,0,0,7.06,0.03,8827.39,%sOxidizer Pressure Confirmation
3671,24.79,1923.73,108.06,543.58,815.77,708.19,709.75,15.77,0,0,0,0,0,1,1,0,0,7.06,0.03,8827.41,%sOxidizer Pressure Confirmation
3672,24.24,1923.73,108.06,543.58,815.63,708.2,709.75,15.77,0,0,0,0,0,1,1,0,0,7.06,0.03,8827.44,%sOxidizer Pressure Confirmation
3673,23.37,1923.73,108.06,543.58,815.63,708.2,710.06,16.02,0,0,0,0,0,1,1,0,0,7.06,0.04,8827.46,%sOxidizer Pressure Confirmation
3674,26.49,1923.81,108.07,543.58,815.63,708.2,710.06,16.02,0,0,0,0,0,1,1,0,0,7.06,0.04,8827.49,%sOxidizer Pressure Confirmation
3675,24.69,1923.81,108.07,543.5,815.56,708.2,710.06,16.02,0,0,0,0,0,1,1,0,0,7.06,0.04,8827.51,%sOxidizer Pressure Confirmation
3676,24.13,1923.81,108.07,543.5,815.56,708.05,709.93,16.02,0,0,0,0,0,1,1,0,0,7.06,0.04,8827.53,%sOxidizer Pressure Confirmation
3677,24.57,1923.81,108.07,543.5,815.56,708.05,709.93,16.26,0,0,0,0,0,1,1,0,0,7.06,0.05,8827.56,%sOxidizer Pressure Confirmation
3678,25.21,1923.95,108.11,543.53,815.56,708.05,709.93,16.26,0,0,0,0,0,1,1,0,0,7.06,0.05,8827.58,%sOxidizer Pressure Confirmation
3679,24.87,1923.95,108.11,543.53,815.49,707.86,709.93,16.26,0,0,0,0,0,1,1,0,0,7.06,0.05,8827.61,%sOxidizer Pressure Confirmation
3680,25.12,1923.95,108.11,543.53,815.49,707.86,709.95,16.15,0,0,0,0,0,1,1,0,0,7.06,0.05,8827.63,%sOxidizer Pressure Confirmation
3681,26.68,1924.39,108.11,543.53,815.49,707.86,709.95,16.15,0,0,0,0,0,1,1,0,0,7.06,0.05,8827.66,%sOxidizer Pressure Confirmation
3682,27.18,1924.39,108.27,543.67,815.49,707.86,709.95,16.15,0,0,0,0,0,1,1,0,0,7.06,0.05,8827.69,%sOxidizer Pressure Confirmation
3683,27.64,1924.39,108.27,543.67,815.37,707.41,709.57,16.15,0,0,0,0,0,1,1,0,0,7.06,0.05,8827.72,%sOxidizer Pressure Confirmation
3684,25.76,1924.39,108.27,543.67,815.37,707.41,709.57,16.07,0,0,0,0,0,1,1,0,0,7.06,0.05,8827.74,%sOxidizer Pressure Confirmation
3685,25.12,1924.87,108.27,543.67,815.37,707.41,709.57,16.07,0,0,0,0,0,1,1,0,0,7.06,0.05,8827.77,%sOxidizer Pressure Confirmation
3686,25.68,1924.87,108.64,543.93,815.37,707.41,709.57,16.07,0,0,0,0,0,1,1,0,0,7.06,0.05,8827.79,%sOxidizer Pressure Confirmation
3687,40.22,1924.87,108.64,543.93,815.44,706.73,709.57,16.07,0,0,0,0,0,1,1,0,0,7.06,0.05,8827.83,%sOxidizer Pressure Confirmation
3688,28.67,1924.87,108.64,543.93,815.44,706.73,708.87,16.07,0,0,0,0,0,1,1,0,0,7.06,0.05,8827.86,%sOxidizer Pressure Confirmation
3689,27.68,1925.27,108.64,543.93,815.44,706.73,708.87,15.54,0,0,0,0,0,1,1,0,0,7.07,0.05,8827.89,%sOxidizer Pressure Confirmation
3690,29.76,1925.27,108.64,543.93,815.44,706.73,708.87,15.54,0,0,0,0,0,1,1,0,0,7.07,0.05,8827.92,%sOxidizer Pressure Confirmation
3691,26.17,1925.27,108.87,544.1,815.44,706.73,708.87,15.54,0,0,0,0,0,1,1,0,0,7.07,0.05,8827.94,%sOxidizer Pressure Confirmation
3692,25.73,1925.27,108.87,544.1,815.51,706.25,708.87,15.54,0,0,0,0,0,1,1,0,0,7.07,0.05,8827.97,%sOxidizer Pressure Confirmation
3693,30.61,1925.27,108.87,544.1,815.51,706.25,708.58,15.54,0,0,0,0,0,1,1,0,0,7.07,0.05,8828,%sOxidizer Pressure Confirmation
3694,27.18,1925.27,108.87,544.1,815.51,706.25,708.58,15.57,0,0,0,0,0,1,1,0,0,7.07,0.05,8828.03,%sOxidizer Pressure Confirmation
3695,32.19,1925.27,108.87,544.1,815.51,706.25,708.58,15.57,0,0,0,0,0,1,1,0,0,7.06,0.05,8828.06,%sOxidizer Pressure Confirmation
3696,25.06,1925.35,108.87,544.1,815.51,706.25,708.58,15.57,0,0,0,0,0,1,1,0,0,7.06,0.05,8828.09,%sOxidizer Pressure Confirmation
3697,25.69,1925.35,108.85,544.03,815.44,706.25,708.58,15.57,0,0,0,0,0,1,1,0,0,7.06,0.05,8828.11,%sOxidizer Pressure Confirmation
3698,27.16,1925.35,108.85,544.03,815.44,706.08,708.58,15.57,0,0,0,0,0,1,1,0,0,7.06,0.05,8828.14,%sOxidizer Pressure Confirmation
3699,23.64,1925.35,108.85,544.03,815.44,706.08,708.4,15.57,0,0,0,0,0,1,1,0,0,7.06,0.05,8828.16,%sOxidizer Pressure Confirmation
3700,32.74,1925.35,108.85,544.03,815.44,706.08,708.4,15.62,0,0,0,0,0,1,1,0,0,7.06,0.06,8828.19,%sOxidizer Pressure Confirmation
3701,31.76,1925.35,108.85,544.03,815.44,706.08,708.4,15.62,0,0,0,0,0,1,1,0,0,7.07,0.06,8828.23,%sOxidizer Pressure Confirmation
3702,30.42,1925.92,108.76,544.03,815.44,706.08,708.4,15.62,0,0,0,0,0,1,1,0,0,7.07,0.06,8828.26,%sOxidizer Pressure Confirmation
3703,33.16,1925.92,108.76,543.82,815.16,706.08,708.4,15.62,0,0,0,0,0,1,1,0,0,7.07,0.06,8828.29,%sOxidizer Pressure Confirmation
3704,40.16,1925.92,108.76,543.82,815.16,705.6,708.4,15.62,0,0,0,0,0,1,1,0,0,7.07,0.06,8828.33,%sOxidizer Pressure Confirmation
3705,44.89,1925.92,108.76,543.82,815.16,705.6,708.45,15.62,0,0,0,0,0,1,1,0,0,7.07,0.06,8828.37,%sOxidizer Pressure Confirmation
3706,25.73,1925.92,108.76,543.82,815.16,705.6,708.45,15.62,0,0,0,0,0,1,1,0,0,7.07,0.06,8828.4,%sOxidizer Pressure Confirmation
3707,31.71,1925.92,108.76,543.82,815.16,705.6,708.45,15.67,0,0,0,0,0,1,1,0,0,7.07,0.06,8828.43,%sOxidizer Pressure Confirmation
3708,23.68,1925.56,108.76,543.82,815.16,705.6,708.45,15.67,0,0,0,0,0,1,1,0,0,7.07,0.06,8828.46,%sOxidizer Pressure Confirmation
3709,36.23,1925.56,108.76,543.82,815.16,705.6,708.45,15.67,0,0,0,0,0,1,1,0,0,7.07,0.06,8828.49,%sOxidizer Pressure Confirmation
3710,30.81,1925.56,108.64,543.68,815.16,705.6,708.45,15.67,0,0,0,0,0,1,1,0,0,7.07,0.06,8828.52,%sOxidizer Pressure Confirmation
3711,32.2,1925.56,108.64,543.68,815,705.6,708.45,15.67,0,0,0,0,0,1,1,0,0,7.07,0.06,8828.56,%sOxidizer Pressure Confirmation
3712,35.24,1925.56,108.64,543.68,815,705.23,708.62,15.67,0,0,0,0,0,1,1,0,0,7.07,0.06,8828.59,%sOxidizer Pressure Confirmation
3713,33.67,1925.56,108.64,543.68,815,705.23,708.62,15.66,0,0,0,0,0,1,1,0,0,7.07,0.06,8828.62,%sOxidizer Pressure Confirmation
3714,29.28,1925.56,108.64,543.68,815,705.23,708.62,15.66,0,0,0,0,0,1,1,0,0,7.07,0.04,8828.65,%sOxidizer Pressure Confirmation
3715,29.68,1925.6,108.64,543.68,815,705.23,708.62,15.66,0,0,0,0,0,1,1,0,0,7.07,0.04,8828.68,%sOxidizer Pressure Confirmation
3716,25.73,1925.6,108.69,543.72,815,705.23,708.62,15.66,0,0,0,0,0,1,1,0,0,7.07,0.04,8828.71,%sOxidizer Pressure Confirmation
3717,29.2,1925.6,108.69,543.72,814.97,705.23,708.62,15.66,0,0,0,0,0,1,1,0,0,7.07,0.04,8828.74,%sOxidizer Pressure Confirmation
3718,27.13,1925.6,108.69,543.72,814.97,705.19,708.61,15.14,0,0,0,0,0,1,1,0,0,7.07,0.04,8828.77,%sOxidizer Pressure Confirmation
3719,27.76,1925.6,108.69,543.72,814.97,705.19,708.61,15.14,0,0,0,0,0,1,1,0,0,7.07,0.04,8828.79,%sOxidizer Pressure Confirmation
3720,26.74,1925.76,108.69,543.72,814.97,705.19,708.61,15.14,0,0,0,0,0,1,1,0,0,7.07,0.03,8828.82,%sOxidizer Pressure Confirmation
3721,31.39,1925.76,108.69,543.72,814.97,705.19,708.61,15.14,0,0,0,0,0,1,1,0,0,7.07,0.03,8828.85,%sOxidizer Pressure Confirmation
3722,22.72,1925.76,108.81,543.67,814.97,705.19,708.61,15.14,0,0,0,0,0,1,1,0,0,7.07,0.03,8828.87,%sOxidizer Pressure Confirmation
3723,30.26,1925.76,108.81,543.67,814.98,704.77,708.61,15.14,0,0,0,0,0,1,1,0,0,7.07,0.03,8828.9,%sOxidizer Pressure Confirmation
3724,32.76,1925.76,108.81,543.67,814.98,704.77,708.61,15.14,0,0,0,0,0,1,1,0,0,7.07,0.03,8828.94,%sOxidizer Pressure Confirmation
3725,28.87,1925.76,108.81,543.67,814.98,704.77,708.14,15.02,0,0,0,0,0,1,1,0,0,7.07,0.02,8828.97,%sOxidizer Pressure Confirmation
3726,32.12,1925.71,108.84,543.67,814.98,704.77,708.14,15.02,0,0,0,0,0,1,1,0,0,7.07,0.02,8829,%sOxidizer Pressure Confirmation
3727,29.2,1925.71,108.84,543.69,815.05,704.77,708.14,15.02,0,0,0,0,0,1,1,0,0,7.07,0.02,8829.03,%sOxidizer Pressure Confirmation
3728,31.19,1925.71,108.84,543.69,815.05,704.93,708.03,15.02,0,0,0,0,0,1,1,0,0,7.07,0.02,8829.06,%sOxidizer Pressure Confirmation
3729,23.98,1925.71,108.84,543.69,815.05,704.93,708.03,14.73,0,0,0,0,0,1,1,0,0,7.07,0.02,8829.08,%sOxidizer Pressure Confirmation
3730,29.15,1925.69,108.84,543.69,815.05,704.93,708.03,14.73,0,0,0,0,0,1,1,0,0,7.07,0.02,8829.11,%sOxidizer Pressure Confirmation
3731,26.42,1925.69,108.8,543.69,815.05,704.93,708.03,14.73,0,0,0,0,0,1,1,0,0,7.07,0.02,8829.14,%sOxidizer Pressure Confirmation
3732,26.73,1925.69,108.8,543.65,815.16,705.35,708.03,14.73,0,0,0,0,0,1,1,0,0,7.07,0.02,8829.16,%sOxidizer Pressure Confirmation
3733,27.78,1925.69,108.8,543.65,815.16,705.35,708.24,14.73,0,0,0,0,0,1,1,0,0,7.07,0.02,8829.19,%sOxidizer Pressure Confirmation
3734,24.08,1925.69,108.8,543.65,815.16,705.35,708.24,15.06,0,0,0,0,0,1,1,0,0,7.07,0.03,8829.22,%sOxidizer Pressure Confirmation
3735,27.49,1925.85,108.62,543.65,815.16,705.35,708.24,15.06,0,0,0,0,0,1,1,0,0,7.07,0.03,8829.24,%sOxidizer Pressure Confirmation
3736,31.23,1925.85,108.62,543.6,815.16,705.35,708.24,15.06,0,0,0,0,0,1,1,0,0,7.07,0.03,8829.28,%sOxidizer Pressure Confirmation
3737,27.87,1925.85,108.62,543.6,815.32,705.89,708.24,15.06,0,0,0,0,0,1,1,0,0,7.07,0.03,8829.3,%sOxidizer Pressure Confirmation
3738,25.11,1925.85,108.62,543.6,815.32,705.89,708.65,15.13,0,0,0,0,0,1,1,0,0,7.07,0.03,8829.33,%sOxidizer Pressure Confirmation
3739,29.97,1925.85,108.62,543.6,815.32,705.89,708.65,15.13,0,0,0,0,0,1,1,0,0,7.07,0.03,8829.36,%sOxidizer Pressure Confirmation
3740,23.18,1925.49,108.38,543.6,815.32,705.89,708.65,15.13,0,0,0,0,0,1,1,0,0,7.07,0.03,8829.38,%sOxidizer Pressure Confirmation
3741,32.68,1925.49,108.38,543.6,815.35,705.89,708.65,15.13,0,0,0,0,0,1,1,0,0,7.07,0.03,8829.41,%sOxidizer Pressure Confirmation
3742,26.77,1925.49,108.38,543.6,815.35,706.47,708.65,15.13,0,0,0,0,0,1,1,0,0,7.07,0.03,8829.44,%sOxidizer Pressure Confirmation
3743,22.5,1925.49,108.38,543.6,815.35,706.47,708.97,15.16,0,0,0,0,0,1,1,0,0,7.07,0.03,8829.46,%sOxidizer Pressure Confirmation
3744,23.15,1925.49,108.38,543.6,815.35,706.47,708.97,15.16,0,0,0,0,0,1,1,0,0,7.07,0.03,8829.49,%sOxidizer Pressure Confirmation
3745,24.59,1925.1,108.22,543.57,815.35,706.47,708.97,15.16,0,0,0,0,0,1,1,0,0,7.07,0.03,8829.51,%sOxidizer Pressure Confirmation
3746,27.08,1925.1,108.22,543.57,815.33,706.47,708.97,15.16,0,0,0,0,0,1,1,0,0,7.07,0.03,8829.54,%sOxidizer Pressure Confirmation
3747,22.29,1925.1,108.22,543.57,815.33,706.63,709.21,15.16,0,0,0,0,0,1,1,0,0,7.07,0.03,8829.56,%sOxidizer Pressure Confirmation
3748,23.99,1925.1,108.22,543.57,815.33,706.63,709.21,15.18,0,0,0,0,0,1,1,0,0,7.07,0.03,8829.58,%sOxidizer Pressure Confirmation
3749,24.59,1925.47,108.16,543.57,815.33,706.63,709.21,15.18,0,0,0,0,0,1,1,0,0,7.08,0.04,8829.61,%sOxidizer Pressure Confirmation
3750,25.11,1925.47,108.16,543.47,815.33,706.63,709.21,15.18,0,0,0,0,0,1,1,0,0,7.08,0.04,8829.63,%sOxidizer Pressure Confirmation
3751,26.19,1925.47,108.16,543.47,815.17,706.63,709.21,15.18,0,0,0,0,0,1,1,0,0,7.08,0.04,8829.66,%sOxidizer Pressure Confirmation
3752,25.94,1925.47,108.16,543.47,815.17,706.2,709.17,15.18,0,0,0,0,0,1,1,0,0,7.08,0.04,8829.69,%sOxidizer Pressure Confirmation
3753,26.29,1925.47,108.16,543.47,815.17,706.2,709.17,15.19,0,0,0,0,0,1,1,0,0,7.07,0.03,8829.71,%sOxidizer Pressure Confirmation
3754,31.19,1925.14,108.16,543.47,815.17,706.2,709.17,15.19,0,0,0,0,0,1,1,0,0,7.07,0.03,8829.74,%sOxidizer Pressure Confirmation
3755,24.61,1925.14,108.27,543.47,815.17,706.2,709.17,15.19,0,0,0,0,0,1,1,0,0,7.07,0.03,8829.77,%sOxidizer Pressure Confirmation
3756,29.81,1925.14,108.27,543.66,815.45,706.1,709.17,15.19,0,0,0,0,0,1,1,0,0,7.07,0.03,8829.8,%sOxidizer Pressure Confirmation
3757,28.27,1925.14,108.27,543.66,815.45,706.1,709.06,15.08,0,0,0,0,0,1,1,0,0,7.07,0.03,8829.83,%sOxidizer Pressure Confirmation
3758,31.85,1925.85,108.27,543.66,815.45,706.1,709.06,15.08,0,0,0,0,0,1,1,0,0,7.08,0.04,8829.86,%sOxidizer Pressure Confirmation
3759,25.89,1925.85,108.43,543.82,815.45,706.1,709.06,15.08,0,0,0,0,0,1,1,0,0,7.08,0.04,8829.88,%sOxidizer Pressure Confirmation
3760,27.88,1925.85,108.43,543.82,815.45,706.1,709.06,15.08,0,0,0,0,0,1,1,0,0,7.08,0.04,8829.91,%sOxidizer Pressure Confirmation
3761,23.04,1925.85,108.43,543.82,815.45,705.82,708.97,14.84,0,0,0,0,0,1,1,0,0,7.08,0.04,8829.93,%sOxidizer Pressure Confirmation
3762,30.36,1925.29,108.43,543.82,815.45,705.82,708.97,14.84,0,0,0,0,0,1,1,0,0,7.07,0.04,8829.97,%sOxidizer Pressure Confirmation
3763,26.81,1925.29,108.43,543.82,815.45,705.82,708.97,14.84,0,0,0,0,0,1,1,0,0,7.07,0.04,8829.99,%sOxidizer Pressure Confirmation
3764,25.71,1925.29,108.43,543.89,815.58,705.97,708.94,14.84,0,0,0,0,0,1,1,0,0,7.07,0.04,8830.02,%sOxidizer Pressure Confirmation
3765,28.16,1925.29,108.43,543.89,815.58,705.97,708.94,14.9,0,0,0,0,0,1,1,0,0,7.07,0.04,8830.05,%sOxidizer Pressure Confirmation
3766,22.14,1925.29,108.43,543.89,815.58,705.97,708.94,14.9,0,0,0,0,0,1,1,0,0,7.08,0.06,8830.07,%sOxidizer Pressure Confirmation
3767,27.08,1925.86,108.57,543.89,815.58,705.97,708.94,14.9,0,0,0,0,0,1,1,0,0,7.08,0.06,8830.1,%sOxidizer Pressure Confirmation
3768,28.9,1925.86,108.57,543.98,815.58,705.97,708.94,14.9,0,0,0,0,0,1,1,0,0,7.08,0.06,8830.12,%sOxidizer Pressure Confirmation
3769,28.45,1925.86,108.57,543.98,815.58,705.97,708.94,14.9,0,0,0,0,0,1,1,0,0,7.08,0.06,8830.15,%sOxidizer Pressure Confirmation
3770,22.75,1925.86,108.57,543.98,815.58,705.94,708.94,14.9,0,0,0,0,0,1,1,0,0,7.08,0.06,8830.18,%sOxidizer Pressure Confirmation
3771,25.68,1925.97,108.57,543.98,815.58,705.94,708.71,14.3,0,0,0,0,0,1,1,0,0,7.08,0.06,8830.2,%sOxidizer Pressure Confirmation
3772,27.34,1925.97,108.63,543.98,815.58,705.94,708.71,14.3,0,0,0,0,0,1,1,0,0,7.08,0.06,8830.23,%sOxidizer Pressure Confirmation
3773,25.09,1925.97,108.63,544.05,815.62,705.94,708.71,14.3,0,0,0,0,0,1,1,0,0,7.08,0.06,8830.25,%sOxidizer Pressure Confirmation
3774,23.07,1925.97,108.63,544.05,815.62,706.01,708.98,14.3,0,0,0,0,0,1,1,0,0,7.08,0.06,8830.28,%sOxidizer Pressure Confirmation
3775,24.85,1925.97,108.63,544.05,815.62,706.01,708.98,14.76,0,0,0,0,0,1,1,0,0,7.08,0.06,8830.3,%sOxidizer Pressure Confirmation
3776,25.79,1925.97,108.63,544.05,815.62,706.01,708.98,14.76,0,0,0,0,0,1,1,0,0,7.08,0.06,8830.33,%sOxidizer Pressure Confirmation
3777,27.39,1926.44,108.88,544.12,815.62,706.01,708.98,14.76,0,0,0,0,0,1,1,0,0,7.08,0.06,8830.35,%sOxidizer Pressure Confirmation
3778,21.96,1926.44,108.88,544.12,815.52,706.01,708.98,14.76,0,0,0,0,0,1,1,0,0,7.08,0.06,8830.38,%sOxidizer Pressure Confirmation
3779,27.34,1926.44,108.88,544.12,815.52,705.29,708.27,14.26,0,0,0,0,0,1,1,0,0,7.08,0.06,8830.4,%sOxidizer Pressure Confirmation
3780,25.73,1926.44,108.88,544.12,815.52,705.29,708.27,14.26,0,0,0,0,0,1,1,0,0,7.08,0.06,8830.43,%sOxidizer Pressure Confirmation
3781,25.75,1926.49,108.88,544.12,815.52,705.29,708.27,14.26,0,0,0,0,0,1,1,0,0,7.08,0.06,8830.46,%sOxidizer Pressure Confirmation
3782,22.96,1926.49,109.03,544.05,815.34,705.29,708.27,14.26,0,0,0,0,0,1,1,0,0,7.08,0.06,8830.48,%sOxidizer Pressure Confirmation
3783,23.82,1926.49,109.03,544.05,815.34,704.8,707.88,14.38,0,0,0,0,0,1,1,0,0,7.08,0.06,8830.5,%sOxidizer Pressure Confirmation
3784,32.73,1926.49,109.03,544.05,815.34,704.8,707.88,14.38,0,0,0,0,0,1,1,0,0,7.09,0.08,8830.53,%sOxidizer Pressure Confirmation
3785,28.46,1926.94,108.96,543.8,815.34,704.8,707.88,14.38,0,0,0,0,0,1,1,0,0,7.09,0.08,8830.56,%sOxidizer Pressure Confirmation
3786,32.19,1926.94,108.96,543.8,815.11,704.8,707.88,14.38,0,0,0,0,0,1,1,0,0,7.09,0.08,8830.6,%sOxidizer Pressure Confirmation
3787,23.67,1926.94,108.96,543.8,815.11,704.26,707.66,14.39,0,0,0,0,0,1,1,0,0,7.09,0.09,8830.62,%sOxidizer Pressure Confirmation
3788,24.02,1926.94,108.96,543.8,815.11,704.26,707.66,14.39,0,0,0,0,0,1,1,0,0,7.1,0.09,8830.64,%sOxidizer Pressure Confirmation
3789,29.45,1927.54,109.07,543.8,815.11,704.26,707.66,14.39,0,0,0,0,0,1,1,0,0,7.1,0.09,8830.67,%sOxidizer Pressure Confirmation
3790,26.41,1927.54,109.07,543.72,815.02,704.03,707.66,14.39,0,0,0,0,0,1,1,0,0,7.1,0.09,8830.7,%sOxidizer Pressure Confirmation
3791,26.02,1927.54,109.07,543.72,815.02,704.03,707.39,14.39,0,0,0,0,0,1,1,0,0,7.1,0.09,8830.72,%sOxidizer Pressure Confirmation
3792,27.56,1927.54,109.07,543.72,815.02,704.03,707.39,14.36,0,0,0,0,0,1,1,0,0,7.1,0.1,8830.75,%sOxidizer Pressure Confirmation
3793,25.15,1927.67,109.08,543.72,815.02,704.03,707.39,14.36,0,0,0,0,0,1,1,0,0,7.1,0.1,8830.78,%sOxidizer Pressure Confirmation
3794,22.61,1927.67,109.08,543.63,815.02,704,707.39,14.36,0,0,0,0,0,1,1,0,0,7.1,0.1,8830.8,%sOxidizer Pressure Confirmation
3795,25.07,1927.67,109.08,543.63,815.02,704,707.65,14.36,0,0,0,0,0,1,1,0,0,7.1,0.1,8830.83,%sOxidizer Pressure Confirmation
3796,27.17,1927.67,109.08,543.63,815.02,704,707.65,14.64,0,0,0,0,0,1,1,0,0,7.1,0.11,8830.85,%sOxidizer Pressure Confirmation
3797,21.05,1927.56,108.76,543.63,815.02,704,707.65,14.64,0,0,0,0,0,1,1,0,0,7.1,0.11,8830.87,%sOxidizer Pressure Confirmation
3798,22.14,1927.56,108.76,543.63,815.02,704,707.65,14.64,0,0,0,0,0,1,1,0,0,7.1,0.11,8830.9,%sOxidizer Pressure Confirmation
3799,26.45,1927.56,108.76,543.4,814.83,704.84,708.28,14.64,0,0,0,0,0,1,1,0,0,7.1,0.11,8830.92,%sOxidizer Pressure Confirmation
3800,25.72,1927.56,108.76,543.4,814.83,704.84,708.28,15.14,0,0,0,0,0,1,1,0,0,7.1,0.1,8830.95,%sOxidizer Pressure Confirmation
3801,22.69,1927.56,108.76,543.4,814.83,704.84,708.28,15.14,0,0,0,0,0,1,1,0,0,7.09,0.1,8830.97,%sOxidizer Pressure Confirmation
3802,26.14,1926.86,108.76,543.4,814.83,704.84,708.28,15.14,0,0,0,0,0,1,1,0,0,7.09,0.1,8831,%sOxidizer Pressure Confirmation
3803,27.37,1926.86,108.69,543.54,815.1,704.84,708.28,15.14,0,0,0,0,0,1,1,0,0,7.09,0.1,8831.02,%sOxidizer Pressure Confirmation
3804,29.35,1926.86,108.69,543.54,815.1,705.68,708.61,15.14,0,0,0,0,0,1,1,0,0,7.09,0.1,8831.05,%sOxidizer Pressure Confirmation
3805,25.36,1927.2,108.69,543.54,815.1,705.68,708.61,15.14,0,0,0,0,0,1,1,0,0,7.09,0.11,8831.08,%sOxidizer Pressure Confirmation
3806,27.23,1927.2,108.51,543.54,815.1,705.68,708.61,15.14,0,0,0,0,0,1,1,0,0,7.09,0.11,8831.11,%sOxidizer Pressure Confirmation
3807,30.13,1927.2,108.51,543.39,815.1,705.68,708.61,15.14,0,0,0,0,0,1,1,0,0,7.09,0.11,8831.14,%sOxidizer Pressure Confirmation
3808,26.31,1927.2,108.51,543.39,814.97,705.62,708.66,15.63,0,0,0,0,0,1,1,0,0,7.09,0.11,8831.16,%sOxidizer Pressure Confirmation
3809,28.63,1927.2,108.51,543.39,814.97,705.62,708.66,15.63,0,0,0,0,0,1,1,0,0,7.08,0.09,8831.19,%sOxidizer Pressure Confirmation
3810,26.63,1926.43,108.51,543.39,814.97,705.62,708.66,15.63,0,0,0,0,0,1,1,0,0,7.08,0.09,8831.22,%sOxidizer Pressure Confirmation
3811,25.24,1926.43,108.25,543.43,815.12,705.97,708.66,15.63,0,0,0,0,0,1,1,0,0,7.08,0.09,8831.24,%sOxidizer Pressure Confirmation
3812,37.26,1926.43,108.25,543.43,815.12,705.97,708.8,15.63,0,0,0,0,0,1,1,0,0,7.08,0.09,8831.28,%sOxidizer Pressure Confirmation
3813,25.1,1926.43,108.25,543.43,815.12,705.97,708.8,15.61,0,0,0,0,0,1,1,0,0,7.08,0.08,8831.31,%sOxidizer Pressure Confirmation
3814,29.07,1926.43,108.25,543.43,815.12,705.97,708.8,15.61,0,0,0,0,0,1,1,0,0,7.09,0.08,8831.33,%sOxidizer Pressure Confirmation
3815,29.93,1926.83,108.24,543.44,815.08,705.97,708.8,15.61,0,0,0,0,0,1,1,0,0,7.09,0.08,8831.36,%sOxidizer Pressure Confirmation
3816,26.23,1926.83,108.24,543.44,815.08,705.4,708.28,15.61,0,0,0,0,0,1,1,0,0,7.09,0.08,8831.39,%sOxidizer Pressure Confirmation
3817,25.11,1926.83,108.24,543.44,815.08,705.4,708.28,15.1,0,0,0,0,0,1,1,0,0,7.09,0.08,8831.42,%sOxidizer Pressure Confirmation
3818,26.58,1926.95,108.24,543.61,815.08,705.4,708.28,15.1,0,0,0,0,0,1,1,0,0,7.08,0.07,8831.44,%sOxidizer Pressure Confirmation
3819,23.59,1926.95,108.24,543.61,815.17,705.41,708.28,15.1,0,0,0,0,0,1,1,0,0,7.08,0.07,8831.47,%sOxidizer Pressure Confirmation
3820,27.2,1926.95,108.24,543.61,815.17,705.41,708.23,14.88,0,0,0,0,0,1,1,0,0,7.08,0.07,8831.49,%sOxidizer Pressure Confirmation
3821,24.65,1926.95,108.24,543.61,815.17,705.41,708.23,14.88,0,0,0,0,0,1,1,0,0,7.08,0.08,8831.52,%sOxidizer Pressure Confirmation
3822,25.71,1926.58,108.03,543.65,815.17,705.41,708.23,14.88,0,0,0,0,0,1,1,0,0,7.08,0.08,8831.54,%sOxidizer Pressure Confirmation
3823,29.12,1926.58,108.03,543.65,815.19,705.41,708.23,14.88,0,0,0,0,0,1,1,0,0,7.08,0.08,8831.57,%sOxidizer Pressure Confirmation
3824,24.1,1926.58,108.03,543.65,815.19,705.6,708.81,14.88,0,0,0,0,0,1,1,0,0,7.08,0.08,8831.6,%sOxidizer Pressure Confirmation
3825,27.53,1926.58,108.03,543.65,815.19,705.6,708.81,15.25,0,0,0,0,0,1,1,0,0,7.08,0.06,8831.62,%sOxidizer Pressure Confirmation
3826,28.66,1926.05,108.07,543.69,815.19,705.6,708.81,15.25,0,0,0,0,0,1,1,0,0,7.08,0.06,8831.65,%sOxidizer Pressure Confirmation
3827,23.7,1926.05,108.07,543.69,815.36,705.6,708.81,15.25,0,0,0,0,0,1,1,0,0,7.08,0.06,8831.68,%sOxidizer Pressure Confirmation
3828,25.56,1926.05,108.07,543.69,815.36,706.34,709.55,15.25,0,0,0,0,0,1,1,0,0,7.08,0.06,8831.7,%sOxidizer Pressure Confirmation
3829,36.1,1926.05,108.07,543.69,815.36,706.34,709.55,15.87,0,0,0,0,0,1,1,0,0,7.08,0.06,8831.74,%sOxidizer Pressure Confirmation
3830,50.54,1925.63,108.07,543.69,815.36,706.34,709.55,15.87,0,0,0,0,0,1,1,0,0,7.07,0.05,8831.79,%sOxidizer Pressure Confirmation
3831,23.89,1925.63,107.99,543.78,815.36,706.34,709.55,15.87,0,0,0,0,0,1,1,0,0,7.07,0.05,8831.81,%sOxidizer Pressure Confirmation
3832,23.11,1925.63,107.99,543.78,815.36,706.34,709.55,15.87,0,0,0,0,0,1,1,0,0,7.07,0.05,8831.84,%sOxidizer Pressure Confirmation
3833,25.19,1925.63,107.99,543.78,815.48,706.34,709.55,15.87,0,0,0,0,0,1,1,0,0,7.07,0.05,8831.86,%sOxidizer Pressure Confirmation
3834,32.62,1925.63,107.99,543.78,815.48,706.75,709.66,15.87,0,0,0,0,0,1,1,0,0,7.07,0.05,8831.89,%sOxidizer Pressure Confirmation
3835,25.64,1925.63,107.99,543.78,815.48,706.75,709.66,15.81,0,0,0,0,0,1,1,0,0,7.07,0.03,8831.92,%sOxidizer Pressure Confirmation
3836,31.6,1925.63,107.99,543.78,815.48,706.75,709.66,15.81,0,0,0,0,0,1,1,0,0,7.06,0.03,8831.95,%sOxidizer Pressure Confirmation
3837,26.42,1925.04,107.91,543.92,815.62,706.75,709.66,15.81,0,0,0,0,0,1,1,0,0,7.06,0.03,8831.98,%sOxidizer Pressure Confirmation
3838,29.63,1925.04,107.91,543.92,815.62,707.02,709.71,15.81,0,0,0,0,0,1,1,0,0,7.06,0.03,8832.01,%sOxidizer Pressure Confirmation
3839,24.59,1925.04,107.91,543.92,815.62,707.02,709.71,15.55,0,0,0,0,0,1,1,0,0,7.06,0.03,8832.03,%sOxidizer Pressure Confirmation
3840,28.12,1925.37,108.06,544.03,815.62,707.02,709.71,15.55,0,0,0,0,0,1,1,0,0,7.06,0.03,8832.06,%sOxidizer Pressure Confirmation
3841,30.95,1925.37,108.06,544.03,815.64,706.09,709.71,15.55,0,0,0,0,0,1,1,0,0,7.06,0.03,8832.09,%sOxidizer Pressure Confirmation
3842,22.01,1925.37,108.06,544.03,815.64,706.09,708.92,15.55,0,0,0,0,0,1,1,0,0,7.06,0.03,8832.11,%sOxidizer Pressure Confirmation
3843,26.85,1925.77,107.95,544.03,815.64,706.09,708.92,15,0,0,0,0,0,1,1,0,0,7.07,0.05,8832.14,%sOxidizer Pressure Confirmation
3844,28.59,1925.77,107.95,543.79,815.46,706.09,708.92,15,0,0,0,0,0,1,1,0,0,7.07,0.05,8832.17,%sOxidizer Pressure Confirmation
3845,26.28,1925.77,107.95,543.79,815.46,705.48,708.92,15,0,0,0,0,0,1,1,0,0,7.07,0.05,8832.19,%sOxidizer Pressure Confirmation
3846,24.11,1925.77,107.95,543.79,815.46,705.48,708.92,15.5,0,0,0,0,0,1,1,0,0,7.07,0.05,8832.22,%sOxidizer Pressure Confirmation
3847,26.02,1925.3,107.94,543.79,815.46,705.48,708.92,15.5,0,0,0,0,0,1,1,0,0,7.07,0.06,8832.24,%sOxidizer Pressure Confirmation
3848,29.15,1925.3,107.94,543.86,815.52,705.48,708.92,15.5,0,0,0,0,0,1,1,0,0,7.07,0.06,8832.27,%sOxidizer Pressure Confirmation
3849,27.75,1925.3,107.94,543.86,815.52,705.43,709.32,15.73,0,0,0,0,0,1,1,0,0,7.07,0.06,8832.3,%sOxidizer Pressure Confirmation
3850,25.98,1925.32,107.94,543.86,815.52,705.43,709.32,15.73,0,0,0,0,0,1,1,0,0,7.07,0.06,8832.33,%sOxidizer Pressure Confirmation
3851,26.92,1925.32,108.05,543.99,815.52,705.43,709.32,15.73,0,0,0,0,0,1,1,0,0,7.07,0.06,8832.35,%sOxidizer Pressure Confirmation
3852,23.71,1925.32,108.05,543.99,815.68,705.43,709.32,15.73,0,0,0,0,0,1,1,0,0,7.07,0.06,8832.38,%sOxidizer Pressure Confirmation
3853,26.27,1925.32,108.05,543.99,815.68,705.79,709.7,15.86,0,0,0,0,0,1,1,0,0,7.07,0.06,8832.4,%sOxidizer Pressure Confirmation
3854,27.77,1924.82,108,543.99,815.68,705.79,709.7,15.86,0,0,0,0,0,1,1,0,0,7.07,0.06,8832.43,%sOxidizer Pressure Confirmation
3855,27.25,1924.82,108,543.89,815.76,706.35,709.7,15.86,0,0,0,0,0,1,1,0,0,7.07,0.06,8832.46,%sOxidizer Pressure Confirmation
3856,24.75,1924.82,108,543.89,815.76,706.35,710.28,16.21,0,0,0,0,0,1,1,0,0,7.07,0.06,8832.48,%sOxidizer Pressure Confirmation
3857,25.82,1924.82,108,543.89,815.76,706.35,710.28,16.21,0,0,0,0,0,1,1,0,0,7.07,0.06,8832.51,%sOxidizer Pressure Confirmation
3858,28.07,1924.18,108,543.89,815.76,706.35,710.28,16.21,0,0,0,0,0,1,1,0,0,7.07,0.06,8832.54,%sOxidizer Pressure Confirmation
3859,24.33,1924.18,107.78,543.71,815.84,707.07,710.28,16.21,0,0,0,0,0,1,1,0,0,7.07,0.06,8832.56,%sOxidizer Pressure Confirmation
3860,30.67,1924.18,107.78,543.71,815.84,707.07,711.05,16.21,0,0,0,0,0,1,1,0,0,7.07,0.06,8832.59,%sOxidizer Pressure Confirmation
3861,26.48,1924.04,107.78,543.71,815.84,707.07,711.05,16.92,0,0,0,0,0,1,1,0,0,7.06,0.04,8832.62,%sOxidizer Pressure Confirmation
3862,23.77,1924.04,107.86,543.7,815.88,707.07,711.05,16.92,0,0,0,0,0,1,1,0,0,7.06,0.04,8832.64,%sOxidizer Pressure Confirmation
3863,29.93,1924.04,107.86,543.7,815.88,707.48,711.12,16.92,0,0,0,0,0,1,1,0,0,7.06,0.04,8832.67,%sOxidizer Pressure Confirmation
3864,27.45,1924.04,107.86,543.7,815.88,707.48,711.12,17.04,0,0,0,0,0,1,1,0,0,7.06,0.05,8832.7,%sOxidizer Pressure Confirmation
3865,25.17,1924.05,107.76,543.65,815.88,707.48,711.12,17.04,0,0,0,0,0,1,1,0,0,7.06,0.05,8832.73,%sOxidizer Pressure Confirmation
3866,28.09,1924.05,107.76,543.65,815.77,707.48,711.12,17.04,0,0,0,0,0,1,1,0,0,7.06,0.05,8832.75,%sOxidizer Pressure Confirmation
3867,25.33,1924.05,107.76,543.65,815.77,707.25,710.89,17.04,0,0,0,0,0,1,1,0,0,7.06,0.05,8832.78,%sOxidizer Pressure Confirmation
3868,27.25,1924.22,107.76,543.65,815.77,707.25,710.89,16.74,0,0,0,0,0,1,1,0,0,7.06,0.05,8832.81,%sOxidizer Pressure Confirmation
3869,21.9,1924.22,107.73,543.63,815.77,707.25,710.89,16.74,0,0,0,0,0,1,1,0,0,7.06,0.05,8832.83,%sOxidizer Pressure Confirmation
3870,23.3,1924.22,107.73,543.63,815.78,706.82,710.78,16.74,0,0,0,0,0,1,1,0,0,7.06,0.05,8832.85,%sOxidizer Pressure Confirmation
3871,25.1,1924.22,107.73,543.63,815.78,706.82,710.78,16.75,0,0,0,0,0,1,1,0,0,7.06,0.05,8832.88,%sOxidizer Pressure Confirmation
3872,25.76,1924.33,107.81,543.73,815.78,706.82,710.78,16.75,0,0,0,0,0,1,1,0,0,7.06,0.05,8832.9,%sOxidizer Pressure Confirmation
3873,25.53,1924.33,107.81,543.73,815.83,706.82,710.78,16.75,0,0,0,0,0,1,1,0,0,7.06,0.05,8832.93,%sOxidizer Pressure Confirmation
3874,28.09,1924.33,107.81,543.73,815.83,706.51,710.59,16.73,0,0,0,0,0,1,1,0,0,7.06,0.05,8832.96,%sOxidizer Pressure Confirmation
3875,23.38,1924.33,107.81,543.73,815.83,706.51,710.59,16.73,0,0,0,0,0,1,1,0,0,7.06,0.04,8832.98,%sOxidizer Pressure Confirmation
3876,25.1,1924.72,107.93,543.78,815.83,706.51,710.59,16.73,0,0,0,0,0,1,1,0,0,7.06,0.04,8833,%sOxidizer Pressure Confirmation
3877,27.57,1924.72,107.93,543.78,815.83,706.55,710.59,16.73,0,0,0,0,0,1,1,0,0,7.06,0.04,8833.03,%sOxidizer Pressure Confirmation
3878,22.11,1924.72,107.93,543.78,815.83,706.55,710.79,16.88,0,0,0,0,0,1,1,0,0,7.06,0.04,8833.05,%sOxidizer Pressure Confirmation
3879,25.16,1924.72,107.93,543.78,815.83,706.55,710.79,16.88,0,0,0,0,0,1,1,0,0,7.06,0.04,8833.08,%sOxidizer Pressure Confirmation
3880,23.86,1924.93,107.98,543.74,815.8,706.55,710.79,16.88,0,0,0,0,0,1,1,0,0,7.06,0.04,8833.1,%sOxidizer Pressure Confirmation
3881,26.68,1924.93,107.98,543.74,815.8,706.5,710.56,16.88,0,0,0,0,0,1,1,0,0,7.06,0.04,8833.13,%sOxidizer Pressure Confirmation
3882,24.52,1924.93,107.98,543.74,815.8,706.5,710.56,16.39,0,0,0,0,0,1,1,0,0,7.06,0.02,8833.15,%sOxidizer Pressure Confirmation
3883,22.78,1925.63,107.98,543.74,815.8,706.5,710.56,16.39,0,0,0,0,0,1,1,0,0,7.06,0.02,8833.18,%sOxidizer Pressure Confirmation
3884,25.45,1925.63,108.21,543.84,815.82,706.5,710.56,16.39,0,0,0,0,0,1,1,0,0,7.06,0.02,8833.2,%sOxidizer Pressure Confirmation
3885,27.48,1925.63,108.21,543.84,815.82,706.42,710.03,16.39,0,0,0,0,0,1,1,0,0,7.06,0.02,8833.23,%sOxidizer Pressure Confirmation
3886,22.08,1925.63,108.21,543.84,815.82,706.42,710.03,15.63,0,0,0,0,0,1,1,0,0,7.06,0.02,8833.25,%sOxidizer Pressure Confirmation
3887,26.14,1925.64,108.21,543.84,815.82,706.42,710.03,15.63,0,0,0,0,0,1,1,0,0,7.06,0.02,8833.28,%sOxidizer Pressure Confirmation
3888,26.1,1925.64,108.3,543.83,815.74,706.42,710.03,15.63,0,0,0,0,0,1,1,0,0,7.06,0.02,8833.3,%sOxidizer Pressure Confirmation
3889,23.57,1925.64,108.3,543.83,815.74,705.81,709.64,15.62,0,0,0,0,0,1,1,0,0,7.06,0.02,8833.33,%sOxidizer Pressure Confirmation
3890,22.5,1925.64,108.3,543.83,815.74,705.81,709.64,15.62,0,0,0,0,0,1,1,0,0,7.06,0.02,8833.35,%sOxidizer Pressure Confirmation
3891,22.59,1926,108.34,543.83,815.74,705.81,709.64,15.62,0,0,0,0,0,1,1,0,0,7.06,0.02,8833.37,%sOxidizer Pressure Confirmation
3892,24.11,1926,108.34,543.92,815.68,705.64,709.64,15.62,0,0,0,0,0,1,1,0,0,7.06,0.02,8833.4,%sOxidizer Pressure Confirmation
3893,21.36,1926,108.34,543.92,815.68,705.64,709.5,15.62,0,0,0,0,0,1,1,0,0,7.06,0.02,8833.42,%sOxidizer Pressure Confirmation
3894,22.02,1926.36,108.3,543.89,815.68,705.64,709.5,15.69,0,0,0,0,0,1,1,0,0,7.06,0.03,8833.44,%sOxidizer Pressure Confirmation
3895,27.64,1926.36,108.3,543.89,815.53,704.86,709.5,15.69,0,0,0,0,0,1,1,0,0,7.06,0.03,8833.47,%sOxidizer Pressure Confirmation
3896,22.17,1926.36,108.3,543.89,815.53,704.86,708.81,15.69,0,0,0,0,0,1,1,0,0,7.06,0.03,8833.49,%sOxidizer Pressure Confirmation
3897,25.13,1926.36,108.3,543.89,815.53,704.86,708.81,15.46,0,0,0,0,0,1,1,0,0,7.06,0.04,8833.52,%sOxidizer Pressure Confirmation
3898,24.58,1926.91,108.36,543.9,815.53,704.86,708.81,15.46,0,0,0,0,0,1,1,0,0,7.07,0.04,8833.54,%sOxidizer Pressure Confirmation
3899,33.9,1926.91,108.36,543.9,815.52,704.86,708.81,15.46,0,0,0,0,0,1,1,0,0,7.07,0.04,8833.57,%sOxidizer Pressure Confirmation
3900,26.61,1926.91,108.36,543.9,815.52,704.25,708.43,15.16,0,0,0,0,0,1,1,0,0,7.07,0.04,8833.6,%sOxidizer Pressure Confirmation
3901,25.88,1926.91,108.36,543.9,815.52,704.25,708.43,15.16,0,0,0,0,0,1,1,0,0,7.07,0.04,8833.63,%sOxidizer Pressure Confirmation
3902,26.36,1927.54,108.49,543.9,815.52,704.25,708.43,15.16,0,0,0,0,0,1,1,0,0,7.07,0.04,8833.65,%sOxidizer Pressure Confirmation
3903,29.27,1927.54,108.49,543.93,815.52,703.66,707.93,15.16,0,0,0,0,0,1,1,0,0,7.07,0.04,8833.68,%sOxidizer Pressure Confirmation
3904,22.79,1927.54,108.49,543.93,815.52,703.66,707.93,14.83,0,0,0,0,0,1,1,0,0,7.07,0.04,8833.7,%sOxidizer Pressure Confirmation
3905,24.53,1927.61,108.49,543.93,815.52,703.66,707.93,14.83,0,0,0,0,0,1,1,0,0,7.07,0.04,8833.73,%sOxidizer Pressure Confirmation
3906,25.55,1927.61,108.43,543.82,815.52,703.66,707.93,14.83,0,0,0,0,0,1,1,0,0,7.07,0.04,8833.75,%sOxidizer Pressure Confirmation
3907,23.77,1927.61,108.43,543.82,815.39,703.66,707.93,14.83,0,0,0,0,0,1,1,0,0,7.07,0.04,8833.78,%sOxidizer Pressure Confirmation
3908,25.04,1927.61,108.43,543.82,815.39,703.66,707.93,15.09,0,0,0,0,0,1,1,0,0,7.08,0.04,8833.8,%sOxidizer Pressure Confirmation
3909,28.23,1928.13,108.4,543.82,815.39,703.66,707.93,15.09,0,0,0,0,0,1,1,0,0,7.08,0.04,8833.83,%sOxidizer Pressure Confirmation
3910,24.02,1928.13,108.4,543.62,815.39,703.66,707.93,15.09,0,0,0,0,0,1,1,0,0,7.08,0.04,8833.86,%sOxidizer Pressure Confirmation
3911,26.59,1928.13,108.4,543.62,815.29,703.8,707.91,15.22,0,0,0,0,0,1,1,0,0,7.08,0.04,8833.88,%sOxidizer Pressure Confirmation
3912,26.47,1928.13,108.4,543.62,815.29,703.8,707.91,15.22,0,0,0,0,0,1,1,0,0,7.08,0.04,8833.91,%sOxidizer Pressure Confirmation
3913,25.2,1927.87,108.31,543.62,815.29,703.8,707.91,15.22,0,0,0,0,0,1,1,0,0,7.08,0.04,8833.93,%sOxidizer Pressure Confirmation
3914,28.66,1927.87,108.31,543.53,815.28,703.8,707.91,15.22,0,0,0,0,0,1,1,0,0,7.08,0.04,8833.96,%sOxidizer Pressure Confirmation
3915,29.67,1927.87,108.31,543.53,815.28,703.87,707.91,15.22,0,0,0,0,0,1,1,0,0,7.08,0.04,8833.99,%sOxidizer Pressure Confirmation
3916,27.67,1927.62,108.31,543.53,815.28,703.87,707.91,15.17,0,0,0,0,0,1,1,0,0,7.08,0.03,8834.02,%sOxidizer Pressure Confirmation
3917,24.16,1927.62,108.21,543.53,815.28,703.87,707.91,15.17,0,0,0,0,0,1,1,0,0,7.08,0.03,8834.04,%sOxidizer Pressure Confirmation
3918,38.8,1927.62,108.21,543.51,815.31,703.87,707.91,15.17,0,0,0,0,0,1,1,0,0,7.08,0.03,8834.08,%sOxidizer Pressure Confirmation
3919,28.74,1927.62,108.21,543.51,815.31,703.77,707.94,15.17,0,0,0,0,0,1,1,0,0,7.08,0.03,8834.11,%sOxidizer Pressure Confirmation
3920,26.19,1927.62,108.21,543.51,815.31,703.77,707.94,15.72,0,0,0,0,0,1,1,0,0,7.08,0.03,8834.14,%sOxidizer Pressure Confirmation
3921,23.15,1927.68,108.21,543.51,815.31,703.77,707.94,15.72,0,0,0,0,0,1,1,0,0,7.09,0.04,8834.16,%sOxidizer Pressure Confirmation
3922,26.52,1927.68,108.21,543.51,815.31,703.77,707.94,15.72,0,0,0,0,0,1,1,0,0,7.09,0.04,8834.19,%sOxidizer Pressure Confirmation
3923,23.89,1927.68,108.17,543.38,815.31,703.77,707.94,15.72,0,0,0,0,0,1,1,0,0,7.09,0.04,8834.21,%sOxidizer Pressure Confirmation
3924,28.64,1927.68,108.17,543.38,815.31,703.82,707.94,15.72,0,0,0,0,0,1,1,0,0,7.09,0.04,8834.24,%sOxidizer Pressure Confirmation
3925,31.25,1927.68,108.17,543.38,815.31,703.82,708,15.72,0,0,0,0,0,1,1,0,0,7.09,0.04,8834.27,%sOxidizer Pressure Confirmation
3926,29.76,1927.68,108.17,543.38,815.31,703.82,708,16.03,0,0,0,0,0,1,1,0,0,7.09,0.05,8834.3,%sOxidizer Pressure Confirmation
3927,33.71,1927.68,108.17,543.38,815.31,703.82,708,16.03,0,0,0,0,0,1,1,0,0,7.09,0.05,8834.34,%sOxidizer Pressure Confirmation
3928,25.27,1927.62,107.95,543.38,815.31,703.82,708,16.03,0,0,0,0,0,1,1,0,0,7.09,0.05,8834.36,%sOxidizer Pressure Confirmation
3929,33.64,1927.62,107.95,543.19,815.31,703.82,708,16.03,0,0,0,0,0,1,1,0,0,7.09,0.05,8834.39,%sOxidizer Pressure Confirmation
3930,26.68,1927.62,107.95,543.19,815.12,703.82,708,16.03,0,0,0,0,0,1,1,0,0,7.09,0.05,8834.42,%sOxidizer Pressure Confirmation
3931,28.6,1927.62,107.95,543.19,815.12,703.78,707.99,16.63,0,0,0,0,0,1,1,0,0,7.09,0.05,8834.45,%sOxidizer Pressure Confirmation
3932,34.39,1927.62,107.95,543.19,815.12,703.78,707.99,16.63,0,0,0,0,0,1,1,0,0,7.09,0.05,8834.48,%sOxidizer Pressure Confirmation
3933,24.45,1927.63,107.95,543.19,815.12,703.78,707.99,16.63,0,0,0,0,0,1,1,0,0,7.09,0.06,8834.51,%sOxidizer Pressure Confirmation
3934,32.77,1927.63,107.92,543.08,815.12,703.78,707.99,16.63,0,0,0,0,0,1,1,0,0,7.09,0.06,8834.54,%sOxidizer Pressure Confirmation
3935,32.17,1927.63,107.92,543.08,815.02,703.78,707.99,16.63,0,0,0,0,0,1,1,0,0,7.09,0.06,8834.57,%sOxidizer Pressure Confirmation
3936,39.28,1927.63,107.92,543.08,815.02,703.46,707.89,16.63,0,0,0,0,0,1,1,0,0,7.09,0.06,8834.61,%sOxidizer Pressure Confirmation
3937,29.68,1927.63,107.92,543.08,815.02,703.46,707.89,16.63,0,0,0,0,0,1,1,0,0,7.09,0.06,8834.64,%sOxidizer Pressure Confirmation
3938,24.71,1927.63,107.92,543.08,815.02,703.46,707.89,16.5,0,0,0,0,0,1,1,0,0,7.09,0.06,8834.67,%sOxidizer Pressure Confirmation
3939,31.8,1927.63,107.92,543.08,815.02,703.46,707.89,16.5,0,0,0,0,0,1,1,0,0,7.09,0.06,8834.7,%sOxidizer Pressure Confirmation
3940,29.79,1927.4,107.92,543.08,815.02,703.46,707.89,16.5,0,0,0,0,0,1,1,0,0,7.09,0.06,8834.73,%sOxidizer Pressure Confirmation
3941,23.7,1927.4,108.07,543.33,815.02,703.46,707.89,16.5,0,0,0,0,0,1,1,0,0,7.09,0.06,8834.75,%sOxidizer Pressure Confirmation
3942,37.41,1927.4,108.07,543.33,815.3,703.41,707.89,16.5,0,0,0,0,0,1,1,0,0,7.09,0.06,8834.79,%sOxidizer Pressure Confirmation
3943,33.55,1927.4,108.07,543.33,815.3,703.41,707.81,16.5,0,0,0,0,0,1,1,0,0,7.09,0.06,8834.82,%sOxidizer Pressure Confirmation
3944,25.28,1927.4,108.07,543.33,815.3,703.41,707.81,15.94,0,0,0,0,0,1,1,0,0,7.09,0.06,8834.85,%sOxidizer Pressure Confirmation
3945,28.81,1927.4,108.07,543.33,815.3,703.41,707.81,15.94,0,0,0,0,0,1,1,0,0,7.09,0.06,8834.88,%sOxidizer Pressure Confirmation
3946,30.82,1927.07,108.07,543.33,815.3,703.41,707.81,15.94,0,0,0,0,0,1,1,0,0,7.09,0.06,8834.91,%sOxidizer Pressure Confirmation
3947,26.6,1927.07,108.15,543.31,815.3,703.41,707.81,15.94,0,0,0,0,0,1,1,0,0,7.09,0.06,8834.93,%sOxidizer Pressure Confirmation
3948,32.43,1927.07,108.15,543.31,815.3,703.41,707.81,15.94,0,0,0,0,0,1,1,0,0,7.09,0.06,8834.97,%sOxidizer Pressure Confirmation
3949,26.39,1927.07,108.15,543.31,815.3,703.49,708.1,15.94,0,0,0,0,0,1,1,0,0,7.09,0.06,8834.99,%sOxidizer Pressure Confirmation
3950,43.19,1927.07,108.15,543.31,815.3,703.49,708.1,16.41,0,0,0,0,0,1,1,0,0,7.09,0.06,8835.04,%sOxidizer Pressure Confirmation
3951,23.24,1927.11,108.15,543.31,815.3,703.49,708.1,16.41,0,0,0,0,0,1,1,0,0,7.08,0.04,8835.06,%sOxidizer Pressure Confirmation
3952,33.77,1927.11,108.32,543.31,815.3,703.49,708.1,16.41,0,0,0,0,0,1,1,0,0,7.08,0.04,8835.09,%sOxidizer Pressure Confirmation
3953,23.14,1927.11,108.32,543.49,815.3,703.49,708.1,16.41,0,0,0,0,0,1,1,0,0,7.08,0.04,8835.12,%sOxidizer Pressure Confirmation
3954,26.82,1927.11,108.32,543.49,815.41,703.53,708.1,16.41,0,0,0,0,0,1,1,0,0,7.08,0.04,8835.14,%sOxidizer Pressure Confirmation
3955,31.08,1927.11,108.32,543.49,815.41,703.53,708.1,16.41,0,0,0,0,0,1,1,0,0,7.08,0.04,8835.17,%sOxidizer Pressure Confirmation
3956,29.63,1927.38,108.32,543.49,815.41,703.53,708.1,16.41,0,0,0,0,0,1,1,0,0,7.09,0.04,8835.2,%sOxidizer Pressure Confirmation
3957,32.74,1927.38,108.53,543.5,815.41,703.53,708.1,16.41,0,0,0,0,0,1,1,0,0,7.09,0.04,8835.24,%sOxidizer Pressure Confirmation
3958,43.17,1927.38,108.53,543.5,815.46,703.55,708.09,16.41,0,0,0,0,0,1,1,0,0,7.09,0.04,8835.28,%sOxidizer Pressure Confirmation
3959,29.25,1927.38,108.53,543.5,815.46,703.55,708.09,16.37,0,0,0,0,0,1,1,0,0,7.09,0.05,8835.31,%sOxidizer Pressure Confirmation
3960,35.53,1927.38,108.53,543.5,815.46,703.55,708.09,16.37,0,0,0,0,0,1,1,0,0,7.08,0.05,8835.34,%sOxidizer Pressure Confirmation
3961,27.94,1927.21,108.53,543.5,815.46,703.55,708.09,16.37,0,0,0,0,0,1,1,0,0,7.08,0.05,8835.37,%sOxidizer Pressure Confirmation
3962,29.61,1927.21,108.4,543.51,815.46,703.55,708.09,16.37,0,0,0,0,0,1,1,0,0,7.08,0.05,8835.4,%sOxidizer Pressure Confirmation
3963,39.16,1927.21,108.4,543.51,815.46,703.5,708.72,16.37,0,0,0,0,0,1,1,0,0,7.08,0.05,8835.44,%sOxidizer Pressure Confirmation
3964,23.6,1927.21,108.4,543.51,815.46,703.5,708.72,16.37,0,0,0,0,0,1,1,0,0,7.08,0.05,8835.47,%sOxidizer Pressure Confirmation
3965,28.14,1926.74,108.4,543.51,815.46,703.5,708.72,16.82,0,0,0,0,0,1,1,0,0,7.08,0.06,8835.49,%sOxidizer Pressure Confirmation
3966,26.45,1926.74,108.21,543.46,815.46,703.5,708.72,16.82,0,0,0,0,0,1,1,0,0,7.08,0.06,8835.52,%sOxidizer Pressure Confirmation
3967,28.6,1926.74,108.21,543.46,815.46,703.5,708.72,16.82,0,0,0,0,0,1,1,0,0,7.08,0.06,8835.55,%sOxidizer Pressure Confirmation
3968,24.07,1926.74,108.21,543.46,815.58,703.85,709.04,16.82,0,0,0,0,0,1,1,0,0,7.08,0.06,8835.57,%sOxidizer Pressure Confirmation
3969,27.45,1926.74,108.21,543.46,815.58,703.85,709.04,17.19,0,0,0,0,0,1,1,0,0,7.08,0.06,8835.6,%sOxidizer Pressure Confirmation
3970,28.24,1926.74,108.21,543.46,815.58,703.85,709.04,17.19,0,0,0,0,0,1,1,0,0,7.08,0.06,8835.63,%sOxidizer Pressure Confirmation
3971,24.28,1926.74,108.43,543.68,815.58,703.85,709.04,17.19,0,0,0,0,0,1,1,0,0,7.08,0.06,8835.65,%sOxidizer Pressure Confirmation
3972,26.7,1926.74,108.43,543.68,815.81,703.85,709.04,17.19,0,0,0,0,0,1,1,0,0,7.08,0.06,8835.68,%sOxidizer Pressure Confirmation
3973,27.12,1926.74,108.43,543.68,815.81,704.51,709.09,17.19,0,0,0,0,0,1,1,0,0,7.08,0.06,8835.71,%sOxidizer Pressure Confirmation
3974,29.74,1926.74,108.43,543.68,815.81,704.51,709.09,16.6,0,0,0,0,0,1,1,0,0,7.07,0.05,8835.74,%sOxidizer Pressure Confirmation
3975,28.55,1926.42,108.43,543.68,815.81,704.51,709.09,16.6,0,0,0,0,0,1,1,0,0,7.07,0.05,8835.76,%sOxidizer Pressure Confirmation
3976,21.97,1926.42,108.45,543.89,815.81,704.51,709.09,16.6,0,0,0,0,0,1,1,0,0,7.07,0.05,8835.79,%sOxidizer Pressure Confirmation
3977,25.38,1926.42,108.45,543.89,815.92,704.65,709.1,16.6,0,0,0,0,0,1,1,0,0,7.07,0.05,8835.81,%sOxidizer Pressure Confirmation
3978,25.18,1926.42,108.45,543.89,815.92,704.65,709.1,16.28,0,0,0,0,0,1,1,0,0,7.07,0.04,8835.84,%sOxidizer Pressure Confirmation
3979,25.18,1926.69,108.45,543.89,815.92,704.65,709.1,16.28,0,0,0,0,0,1,1,0,0,7.07,0.04,8835.86,%sOxidizer Pressure Confirmation
3980,25.82,1926.69,108.45,543.89,815.92,704.65,709.1,16.28,0,0,0,0,0,1,1,0,0,7.07,0.04,8835.89,%sOxidizer Pressure Confirmation
3981,23.79,1926.69,108.52,543.98,816.14,705.15,709.1,16.28,0,0,0,0,0,1,1,0,0,7.07,0.04,8835.91,%sOxidizer Pressure Confirmation
3982,29.84,1926.69,108.52,543.98,816.14,705.15,709.1,16.28,0,0,0,0,0,1,1,0,0,7.07,0.04,8835.94,%sOxidizer Pressure Confirmation
3983,23.71,1926.69,108.52,543.98,816.14,705.15,709.38,16.28,0,0,0,0,0,1,1,0,0,7.07,0.04,8835.97,%sOxidizer Pressure Confirmation
3984,24.5,1926.69,108.52,543.98,816.14,705.15,709.38,15.99,0,0,0,0,0,1,1,0,0,7.07,0.05,8835.99,%sOxidizer Pressure Confirmation
3985,23.13,1926.53,108.46,544,816.14,705.15,709.38,15.99,0,0,0,0,0,1,1,0,0,7.07,0.05,8836.01,%sOxidizer Pressure Confirmation
3986,29.29,1926.53,108.46,544,816.14,705.15,709.38,15.99,0,0,0,0,0,1,1,0,0,7.07,0.05,8836.04,%sOxidizer Pressure Confirmation
3987,23.88,1926.53,108.46,544,816.14,705.09,709.38,15.99,0,0,0,0,0,1,1,0,0,7.07,0.05,8836.07,%sOxidizer Pressure Confirmation
3988,21.76,1926.53,108.46,544,816.14,705.09,709.22,16.36,0,0,0,0,0,1,1,0,0,7.07,0.05,8836.09,%sOxidizer Pressure Confirmation
3989,25.36,1926.68,108.41,544,816.14,705.09,709.22,16.36,0,0,0,0,0,1,1,0,0,7.08,0.06,8836.11,%sOxidizer Pressure Confirmation
3990,29.19,1926.68,108.41,543.82,816.01,705.09,709.22,16.36,0,0,0,0,0,1,1,0,0,7.08,0.06,8836.14,%sOxidizer Pressure Confirmation
3991,27.3,1926.68,108.41,543.82,816.01,705.61,709.22,16.36,0,0,0,0,0,1,1,0,0,7.08,0.06,8836.17,%sOxidizer Pressure Confirmation
3992,24.32,1926.68,108.41,543.82,816.01,705.61,709.47,16.66,0,0,0,0,0,1,1,0,0,7.08,0.06,8836.19,%sOxidizer Pressure Confirmation
3993,27.75,1926.41,108.41,543.82,816.01,705.61,709.47,16.66,0,0,0,0,0,1,1,0,0,7.08,0.06,8836.22,%sOxidizer Pressure Confirmation
3994,28.14,1926.41,108.29,543.81,816.01,705.61,709.47,16.66,0,0,0,0,0,1,1,0,0,7.08,0.06,8836.25,%sOxidizer Pressure Confirmation
3995,25.42,1926.41,108.29,543.81,816.04,705.64,709.51,16.39,0,0,0,0,0,1,1,0,0,7.08,0.06,8836.28,%sOxidizer Pressure Confirmation
3996,32.76,1926.41,108.29,543.81,816.04,705.64,709.51,16.39,0,0,0,0,0,1,1,0,0,7.08,0.08,8836.31,%sOxidizer Pressure Confirmation
3997,28.41,1926.12,108.08,543.61,816.04,705.64,709.51,16.39,0,0,0,0,0,1,1,0,0,7.08,0.08,8836.34,%sOxidizer Pressure Confirmation
3998,26.6,1926.12,108.08,543.61,815.95,705.63,709.51,16.39,0,0,0,0,0,1,1,0,0,7.08,0.08,8836.36,%sOxidizer Pressure Confirmation
3999,26.63,1926.12,108.08,543.61,815.95,705.63,709.49,16.39,0,0,0,0,0,1,1,0,0,7.08,0.08,8836.39,%sOxidizer Pressure Confirmation
4000,28.09,1925.51,108.08,543.61,815.95,705.63,709.49,16.5,0,0,0,0,0,1,1,0,0,7.08,0.1,8836.42,%sOxidizer Pressure Confirmation
4001,25.55,1925.51,107.99,543.6,816.03,705.63,709.49,16.5,0,0,0,0,0,1,1,0,0,7.08,0.1,8836.44,%sOxidizer Pressure Confirmation
4002,28.21,1925.51,107.99,543.6,816.03,705.64,709.7,16.5,0,0,0,0,0,1,1,0,0,7.08,0.1,8836.47,%sOxidizer Pressure Confirmation
4003,24.09,1925.51,107.99,543.6,816.03,705.64,709.7,17.03,0,0,0,0,0,1,1,0,0,7.08,0.1,8836.5,%sOxidizer Pressure Confirmation
4004,25.66,1925.13,108.06,543.6,816.03,705.64,709.7,17.03,0,0,0,0,0,1,1,0,0,7.08,0.1,8836.52,%sOxidizer Pressure Confirmation
4005,28.68,1925.13,108.06,543.57,816.06,705.64,709.7,17.03,0,0,0,0,0,1,1,0,0,7.08,0.1,8836.55,%sOxidizer Pressure Confirmation
4006,25.8,1925.13,108.06,543.57,816.06,705.96,709.3,17.03,0,0,0,0,0,1,1,0,0,7.08,0.1,8836.58,%sOxidizer Pressure Confirmation
4007,23.48,1925.13,108.06,543.57,816.06,705.96,709.3,16.72,0,0,0,0,0,1,1,0,0,7.08,0.1,8836.6,%sOxidizer Pressure Confirmation
4008,25.68,1925.02,108.06,543.57,816.06,705.96,709.3,16.72,0,0,0,0,0,1,1,0,0,7.08,0.1,8836.63,%sOxidizer Pressure Confirmation
4009,28.59,1925.02,108.09,543.57,816.07,705.96,709.3,16.72,0,0,0,0,0,1,1,0,0,7.08,0.1,8836.65,%sOxidizer Pressure Confirmation
4010,25.66,1925.02,108.09,543.57,816.07,706.18,709.56,16.73,0,0,0,0,0,1,1,0,0,7.08,0.1,8836.68,%sOxidizer Pressure Confirmation
4011,25.78,1925.02,108.09,543.57,816.07,706.18,709.56,16.73,0,0,0,0,0,1,1,0,0,7.08,0.1,8836.71,%sOxidizer Pressure Confirmation
4012,27.64,1924.66,107.89,543.57,816.07,706.18,709.56,16.73,0,0,0,0,0,1,1,0,0,7.08,0.1,8836.73,%sOxidizer Pressure Confirmation
4013,23.14,1924.66,107.89,543.39,816.02,706.18,709.56,16.73,0,0,0,0,0,1,1,0,0,7.08,0.1,8836.76,%sOxidizer Pressure Confirmation
4014,24.04,1924.66,107.89,543.39,816.02,706.12,710.08,16.77,0,0,0,0,0,1,1,0,0,7.08,0.1,8836.78,%sOxidizer Pressure Confirmation
4015,30.68,1924.72,107.89,543.39,816.02,706.12,710.08,16.77,0,0,0,0,0,1,1,0,0,7.08,0.1,8836.81,%sOxidizer Pressure Confirmation
4016,23.72,1924.72,107.76,543.29,816.02,706.12,710.08,16.77,0,0,0,0,0,1,1,0,0,7.08,0.1,8836.83,%sOxidizer Pressure Confirmation
4017,26.6,1924.72,107.76,543.29,816.08,706.35,710.18,16.77,0,0,0,0,0,1,1,0,0,7.08,0.1,8836.86,%sOxidizer Pressure Confirmation
4018,26.93,1924.72,107.76,543.29,816.08,706.35,710.18,16.82,0,0,0,0,0,1,1,0,0,7.08,0.1,8836.89,%sOxidizer Pressure Confirmation
4019,25.18,1924.52,107.76,543.29,816.08,706.35,710.18,16.82,0,0,0,0,0,1,1,0,0,7.07,0.1,8836.91,%sOxidizer Pressure Confirmation
4020,25.26,1924.52,107.68,543.3,816.08,706.35,710.18,16.82,0,0,0,0,0,1,1,0,0,7.07,0.1,8836.94,%sOxidizer Pressure Confirmation
4021,26.96,1924.52,107.68,543.3,816.14,706.28,709.78,16.44,0,0,0,0,0,1,1,0,0,7.07,0.07,8836.97,%sOxidizer Pressure Confirmation
4022,28.26,1924.52,107.68,543.3,816.14,706.28,709.78,16.44,0,0,0,0,0,1,1,0,0,7.07,0.07,8836.99,%sOxidizer Pressure Confirmation
4023,26.38,1924.95,107.93,543.54,816.14,706.28,709.78,16.44,0,0,0,0,0,1,1,0,0,7.07,0.07,8837.02,%sOxidizer Pressure Confirmation
4024,33.23,1924.95,107.93,543.54,816.37,706.53,709.61,16.44,0,0,0,0,0,1,1,0,0,7.07,0.07,8837.05,%sOxidizer Pressure Confirmation
4025,21.7,1924.95,107.93,543.54,816.37,706.53,709.61,16.44,0,0,0,0,0,1,1,0,0,7.07,0.07,8837.07,%sOxidizer Pressure Confirmation
4026,26.21,1925.22,107.93,543.54,816.37,706.53,709.61,15.73,0,0,0,0,0,1,1,0,0,7.07,0.06,8837.1,%sOxidizer Pressure Confirmation
4027,26.18,1925.22,107.97,543.52,816.29,706.53,709.61,15.73,0,0,0,0,0,1,1,0,0,7.07,0.06,8837.13,%sOxidizer Pressure Confirmation
4028,26.06,1925.22,107.97,543.52,816.29,706.18,709.61,15.73,0,0,0,0,0,1,1,0,0,7.07,0.06,8837.15,%sOxidizer Pressure Confirmation
4029,20.6,1925.22,107.97,543.52,816.29,706.18,709.32,15.49,0,0,0,0,0,1,1,0,0,7.07,0.06,8837.17,%sOxidizer Pressure Confirmation
4030,25.49,1925.22,107.97,543.52,816.29,706.18,709.32,15.49,0,0,0,0,0,1,1,0,0,7.07,0.05,8837.2,%sOxidizer Pressure Confirmation
4031,23.04,1925.87,108.15,543.68,816.3,706.18,709.32,15.49,0,0,0,0,0,1,1,0,0,7.07,0.05,8837.22,%sOxidizer Pressure Confirmation
4032,27.61,1925.87,108.15,543.68,816.3,706.01,708.72,15.49,0,0,0,0,0,1,1,0,0,7.07,0.05,8837.25,%sOxidizer Pressure Confirmation
4033,24.74,1925.87,108.15,543.68,816.3,706.01,708.72,14.93,0,0,0,0,0,1,1,0,0,7.07,0.05,8837.27,%sOxidizer Pressure Confirmation
4034,26.64,1926.18,108.15,543.68,816.3,706.01,708.72,14.93,0,0,0,0,0,1,1,0,0,7.07,0.04,8837.3,%sOxidizer Pressure Confirmation
4035,23.86,1926.18,108.24,543.66,816.28,706.01,708.72,14.93,0,0,0,0,0,1,1,0,0,7.07,0.04,8837.33,%sOxidizer Pressure Confirmation
4036,31.6,1926.18,108.24,543.66,816.28,706.05,708.72,14.78,0,0,0,0,0,1,1,0,0,7.07,0.04,8837.36,%sOxidizer Pressure Confirmation
4037,27.14,1926.18,108.24,543.66,816.28,706.05,708.72,14.78,0,0,0,0,0,1,1,0,0,7.07,0.03,8837.38,%sOxidizer Pressure Confirmation
4038,24.55,1926.47,108.33,543.77,816.25,706.05,708.72,14.78,0,0,0,0,0,1,1,0,0,7.07,0.03,8837.41,%sOxidizer Pressure Confirmation
4039,26.11,1926.47,108.33,543.77,816.25,706.03,708.72,14.78,0,0,0,0,0,1,1,0,0,7.07,0.03,8837.43,%sOxidizer Pressure Confirmation
4040,25.59,1926.47,108.33,543.77,816.25,706.03,708.52,14.09,0,0,0,0,0,1,1,0,0,7.07,0.02,8837.46,%sOxidizer Pressure Confirmation
4041,27.91,1926.57,108.49,543.99,816.25,706.03,708.52,14.09,0,0,0,0,0,1,1,0,0,7.06,0.02,8837.49,%sOxidizer Pressure Confirmation
4042,24.62,1926.57,108.49,543.99,816.41,705.79,708.52,14.09,0,0,0,0,0,1,1,0,0,7.06,0.02,8837.51,%sOxidizer Pressure Confirmation
4043,23.1,1926.57,108.49,543.99,816.41,705.79,708.26,13.81,0,0,0,0,0,1,1,0,0,7.06,0.02,8837.54,%sOxidizer Pressure Confirmation
4044,27.15,1926.57,108.49,543.99,816.41,705.79,708.26,13.81,0,0,0,0,0,1,1,0,0,7.06,0.01,8837.56,%sOxidizer Pressure Confirmation
4045,27.58,1926.85,108.74,544.15,816.41,705.79,708.26,13.81,0,0,0,0,0,1,1,0,0,7.06,0.01,8837.59,%sOxidizer Pressure Confirmation
4046,23.13,1926.85,108.74,544.15,816.51,705.55,708.26,13.81,0,0,0,0,0,1,1,0,0,7.06,0.01,8837.61,%sOxidizer Pressure Confirmation
4047,27.61,1926.85,108.74,544.15,816.51,705.55,708.26,13.81,0,0,0,0,0,1,1,0,0,7.06,0.01,8837.64,%sOxidizer Pressure Confirmation
4048,21.56,1926.85,108.74,544.15,816.51,705.55,707.82,13.81,0,0,0,0,0,1,1,0,0,7.06,0.01,8837.66,%sOxidizer Pressure Confirmation
4049,24.07,1926.85,108.74,544.15,816.51,705.55,707.82,13.56,0,0,0,0,0,1,1,0,0,7.06,0,8837.69,%sOxidizer Pressure Confirmation
4050,22.41,1927.06,108.94,544.33,816.55,705.55,707.82,13.56,0,0,0,0,0,1,1,0,0,7.06,0,8837.71,%sOxidizer Pressure Confirmation
4051,26.15,1927.06,108.94,544.33,816.55,705.54,707.42,13.56,0,0,0,0,0,1,1,0,0,7.06,0,8837.74,%sOxidizer Pressure Confirmation
4052,29.01,1927.06,108.94,544.33,816.55,705.54,707.42,13.58,0,0,0,0,0,1,1,0,0,7.06,0,8837.76,%sOxidizer Pressure Confirmation
4053,24.63,1927,109.01,544.32,816.55,705.54,707.42,13.58,0,0,0,0,0,1,1,0,0,7.06,0,8837.79,%sOxidizer Pressure Confirmation
4054,27.03,1927,109.01,544.32,816.53,705.52,707.29,13.58,0,0,0,0,0,1,1,0,0,7.06,0,8837.82,%sOxidizer Pressure Confirmation
4055,21.13,1927,109.01,544.32,816.53,705.52,707.29,13.53,0,0,0,0,0,1,1,0,0,7.06,0,8837.84,%sOxidizer Pressure Confirmation
4056,28.69,1927.11,109.01,544.32,816.53,705.52,707.29,13.53,0,0,0,0,0,1,1,0,0,7.06,0,8837.87,%sOxidizer Pressure Confirmation
4057,24.63,1927.11,109.28,544.44,816.58,705.52,707.29,13.53,0,0,0,0,0,1,1,0,0,7.06,0,8837.89,%sOxidizer Pressure Confirmation
4058,25.21,1927.11,109.28,544.44,816.58,705.72,707.57,13.53,0,0,0,0,0,1,1,0,0,7.06,0,8837.92,%sOxidizer Pressure Confirmation
4059,26.28,1927.11,109.28,544.44,816.58,705.72,707.57,13.55,0,0,0,0,0,1,1,0,0,7.06,0.01,8837.94,%sOxidizer Pressure Confirmation
4060,22.6,1926.72,109.28,544.44,816.58,705.72,707.57,13.55,0,0,0,0,0,1,1,0,0,7.06,0.01,8837.96,%sOxidizer Pressure Confirmation
4061,25.42,1926.72,109.13,544.31,816.47,705.91,707.57,13.55,0,0,0,0,0,1,1,0,0,7.06,0.01,8837.99,%sOxidizer Pressure Confirmation
4062,25.13,1926.72,109.13,544.31,816.47,705.91,708.02,13.63,0,0,0,0,0,1,1,0,0,7.06,0.01,8838.02,%sOxidizer Pressure Confirmation
4063,22.66,1926.72,109.13,544.31,816.47,705.91,708.02,13.63,0,0,0,0,0,1,1,0,0,7.06,0.01,8838.04,%sOxidizer Pressure Confirmation
4064,27.12,1926.34,109.07,544.36,816.47,705.91,708.02,13.63,0,0,0,0,0,1,1,0,0,7.06,0.01,8838.06,%sOxidizer Pressure Confirmation
4065,23.01,1926.34,109.07,544.36,816.72,705.91,708.02,13.63,0,0,0,0,0,1,1,0,0,7.06,0.01,8838.09,%sOxidizer Pressure Confirmation
4066,25.3,1926.34,109.07,544.36,816.72,706.51,708.56,13.77,0,0,0,0,0,1,1,0,0,7.06,0.01,8838.11,%sOxidizer Pressure Confirmation
4067,23.09,1925.95,109,544.36,816.72,706.51,708.56,13.77,0,0,0,0,0,1,1,0,0,7.06,0.01,8838.14,%sOxidizer Pressure Confirmation
4068,28.16,1925.95,109,544.35,816.71,706.51,708.56,13.77,0,0,0,0,0,1,1,0,0,7.06,0.01,8838.16,%sOxidizer Pressure Confirmation
4069,22.08,1925.95,109,544.35,816.71,706.6,708.48,13.77,0,0,0,0,0,1,1,0,0,7.06,0.01,8838.19,%sOxidizer Pressure Confirmation
4070,24.54,1926.01,109.09,544.35,816.71,706.6,708.48,13.72,0,0,0,0,0,1,1,0,0,7.05,0.01,8838.21,%sOxidizer Pressure Confirmation
4071,26.6,1926.01,109.09,544.5,816.71,706.6,708.48,13.72,0,0,0,0,0,1,1,0,0,7.05,0.01,8838.24,%sOxidizer Pressure Confirmation
4072,22.7,1926.01,109.09,544.5,816.73,706.71,708.5,13.72,0,0,0,0,0,1,1,0,0,7.05,0.01,8838.26,%sOxidizer Pressure Confirmation
4073,25.08,1926.01,109.09,544.5,816.73,706.71,708.5,13.81,0,0,0,0,0,1,1,0,0,7.05,0.01,8838.29,%sOxidizer Pressure Confirmation
4074,26.57,1926.17,108.97,544.44,816.73,706.71,708.5,13.81,0,0,0,0,0,1,1,0,0,7.05,0.01,8838.31,%sOxidizer Pressure Confirmation
4075,24.11,1926.17,108.97,544.44,816.78,706.87,708.5,13.81,0,0,0,0,0,1,1,0,0,7.05,0.01,8838.34,%sOxidizer Pressure Confirmation
4076,27.83,1926.17,108.97,544.44,816.78,706.87,708.48,13.96,0,0,0,0,0,1,1,0,0,7.05,0.01,8838.36,%sOxidizer Pressure Confirmation
4077,24.03,1926.17,108.97,544.44,816.78,706.87,708.48,13.96,0,0,0,0,0,1,1,0,0,7.06,0.02,8838.39,%sOxidizer Pressure Confirmation
4078,22.58,1926.08,108.72,544.28,816.78,706.87,708.48,13.96,0,0,0,0,0,1,1,0,0,7.06,0.02,8838.41,%sOxidizer Pressure Confirmation
4079,27.19,1926.08,108.72,544.28,816.59,706.91,708.66,13.96,0,0,0,0,0,1,1,0,0,7.06,0.02,8838.44,%sOxidizer Pressure Confirmation
4080,24.59,1926.08,108.72,544.28,816.59,706.91,708.66,14.69,0,0,0,0,0,1,1,0,0,7.06,0.03,8838.46,%sOxidizer Pressure Confirmation
4081,24.05,1926.06,108.72,544.28,816.59,706.91,708.66,14.69,0,0,0,0,0,1,1,0,0,7.06,0.03,8838.49,%sOxidizer Pressure Confirmation
4082,25.6,1926.06,108.62,544.19,816.55,706.98,708.66,14.69,0,0,0,0,0,1,1,0,0,7.06,0.03,8838.51,%sOxidizer Pressure Confirmation
4083,25,1926.06,108.62,544.19,816.55,706.98,708.91,15.01,0,0,0,0,0,1,1,0,0,7.06,0.03,8838.54,%sOxidizer Pressure Confirmation
4084,30.91,1926.06,108.62,544.19,816.55,706.98,708.91,15.01,0,0,0,0,0,1,1,0,0,7.06,0.03,8838.57,%sOxidizer Pressure Confirmation
4085,23.08,1925.97,108.43,543.97,816.55,706.98,708.91,15.01,0,0,0,0,0,1,1,0,0,7.06,0.03,8838.59,%sOxidizer Pressure Confirmation
4086,26.99,1925.97,108.43,543.97,816.39,706.98,708.91,15.01,0,0,0,0,0,1,1,0,0,7.06,0.03,8838.62,%sOxidizer Pressure Confirmation
4087,22.34,1925.97,108.43,543.97,816.39,706.73,709.23,15.01,0,0,0,0,0,1,1,0,0,7.06,0.03,8838.64,%sOxidizer Pressure Confirmation
4088,26.77,1925.97,108.43,543.97,816.39,706.73,709.23,15.51,0,0,0,0,0,1,1,0,0,7.06,0.05,8838.67,%sOxidizer Pressure Confirmation
4089,23.25,1925.9,108.25,543.97,816.39,706.73,709.23,15.51,0,0,0,0,0,1,1,0,0,7.06,0.05,8838.69,%sOxidizer Pressure Confirmation
4090,26.06,1925.9,108.25,543.89,816.29,706.73,709.23,15.51,0,0,0,0,0,1,1,0,0,7.06,0.05,8838.72,%sOxidizer Pressure Confirmation
4091,24.59,1925.9,108.25,543.89,816.29,706.46,709.64,15.51,0,0,0,0,0,1,1,0,0,7.06,0.05,8838.74,%sOxidizer Pressure Confirmation
4092,26.98,1925.9,108.25,543.89,816.29,706.46,709.64,15.85,0,0,0,0,0,1,1,0,0,7.06,0.05,8838.77,%sOxidizer Pressure Confirmation
4093,25.91,1926.25,108.25,543.89,816.29,706.46,709.64,15.85,0,0,0,0,0,1,1,0,0,7.07,0.07,8838.79,%sOxidizer Pressure Confirmation
4094,28.68,1926.25,108.02,543.64,816.29,706.46,709.64,15.85,0,0,0,0,0,1,1,0,0,7.07,0.07,8838.82,%sOxidizer Pressure Confirmation
4095,24.13,1926.25,108.02,543.64,816.05,705.85,709.64,15.85,0,0,0,0,0,1,1,0,0,7.07,0.07,8838.85,%sOxidizer Pressure Confirmation
4096,22.21,1926.25,108.02,543.64,816.05,705.85,709.35,15.85,0,0,0,0,0,1,1,0,0,7.07,0.07,8838.87,%sOxidizer Pressure Confirmation
4097,24.96,1926.28,108.02,543.64,816.05,705.85,709.35,16.09,0,0,0,0,0,1,1,0,0,7.08,0.09,8838.89,%sOxidizer Pressure Confirmation
4098,27.57,1926.28,107.94,543.57,816.05,705.85,709.35,16.09,0,0,0,0,0,1,1,0,0,7.08,0.09,8838.92,%sOxidizer Pressure Confirmation
4099,24.85,1926.28,107.94,543.57,816.01,705.58,709.53,16.09,0,0,0,0,0,1,1,0,0,7.08,0.09,8838.95,%sOxidizer Pressure Confirmation
4100,22.78,1926.28,107.94,543.57,816.01,705.58,709.53,16.29,0,0,0,0,0,1,1,0,0,7.08,0.09,8838.97,%sOxidizer Pressure Confirmation
4101,25.79,1926.34,107.86,543.56,816.01,705.58,709.53,16.29,0,0,0,0,0,1,1,0,0,7.08,0.08,8838.99,%sOxidizer Pressure Confirmation
4102,24.75,1926.34,107.86,543.56,815.87,705.13,709.34,16.29,0,0,0,0,0,1,1,0,0,7.08,0.08,8839.02,%sOxidizer Pressure Confirmation
4103,25.15,1926.34,107.86,543.56,815.87,705.13,709.34,16.4,0,0,0,0,0,1,1,0,0,7.08,0.08,8839.04,%sOxidizer Pressure Confirmation
4104,23.27,1926.1,107.86,543.56,815.87,705.13,709.34,16.4,0,0,0,0,0,1,1,0,0,7.08,0.08,8839.07,%sOxidizer Pressure Confirmation
4105,24.75,1926.1,107.77,543.5,816.06,705.13,709.34,16.4,0,0,0,0,0,1,1,0,0,7.08,0.08,8839.09,%sOxidizer Pressure Confirmation
4106,25.83,1926.1,107.77,543.5,816.06,705.87,710.02,16.85,0,0,0,0,0,1,1,0,0,7.08,0.08,8839.12,%sOxidizer Pressure Confirmation
4107,22.23,1926.1,107.77,543.5,816.06,705.87,710.02,16.85,0,0,0,0,0,1,1,0,0,7.08,0.08,8839.14,%sOxidizer Pressure Confirmation
4108,27.26,1925.52,107.67,543.61,816.06,705.87,710.02,16.85,0,0,0,0,0,1,1,0,0,7.08,0.08,8839.17,%sOxidizer Pressure Confirmation
4109,23.61,1925.52,107.67,543.61,816.29,706.16,710.6,16.85,0,0,0,0,0,1,1,0,0,7.08,0.08,8839.19,%sOxidizer Pressure Confirmation
4110,24.24,1925.52,107.67,543.61,816.29,706.16,710.6,17.01,0,0,0,0,0,1,1,0,0,7.07,0.06,8839.22,%sOxidizer Pressure Confirmation
4111,23.51,1925.21,107.68,543.61,816.29,706.16,710.6,17.01,0,0,0,0,0,1,1,0,0,7.07,0.06,8839.24,%sOxidizer Pressure Confirmation
4112,27.29,1925.21,107.68,543.58,816.35,706.16,710.6,17.01,0,0,0,0,0,1,1,0,0,7.07,0.06,8839.27,%sOxidizer Pressure Confirmation
4113,23.42,1925.21,107.68,543.58,816.35,706.6,711.1,17.01,0,0,0,0,0,1,1,0,0,7.07,0.06,8839.29,%sOxidizer Pressure Confirmation
4114,25.96,1925.08,107.68,543.58,816.35,706.6,711.1,17.35,0,0,0,0,0,1,1,0,0,7.07,0.05,8839.32,%sOxidizer Pressure Confirmation
4115,27.88,1925.08,107.68,543.58,816.35,706.6,711.1,17.35,0,0,0,0,0,1,1,0,0,7.07,0.05,8839.34,%sOxidizer Pressure Confirmation
4116,27.71,1925.08,107.78,543.54,816.35,706.6,711.1,17.35,0,0,0,0,0,1,1,0,0,7.07,0.05,8839.37,%sOxidizer Pressure Confirmation
4117,24.12,1925.08,107.78,543.54,816.47,707.23,711.43,17.01,0,0,0,0,0,1,1,0,0,7.07,0.05,8839.4,%sOxidizer Pressure Confirmation
4118,22.66,1925.08,107.78,543.54,816.47,707.23,711.43,17.01,0,0,0,0,0,1,1,0,0,7.07,0.04,8839.42,%sOxidizer Pressure Confirmation
4119,25.37,1925.19,107.76,543.56,816.47,707.23,711.43,17.01,0,0,0,0,0,1,1,0,0,7.07,0.04,8839.44,%sOxidizer Pressure Confirmation
4120,25.77,1925.19,107.76,543.56,816.35,706.93,711.43,17.01,0,0,0,0,0,1,1,0,0,7.07,0.04,8839.47,%sOxidizer Pressure Confirmation
4121,24.23,1925.19,107.76,543.56,816.35,706.93,711.01,16.56,0,0,0,0,0,1,1,0,0,7.07,0.04,8839.49,%sOxidizer Pressure Confirmation
4122,25.53,1925.43,108.03,543.56,816.35,706.93,711.01,16.56,0,0,0,0,0,1,1,0,0,7.07,0.04,8839.52,%sOxidizer Pressure Confirmation
4123,28.21,1925.43,108.03,543.85,816.5,706.93,711.01,16.56,0,0,0,0,0,1,1,0,0,7.07,0.04,8839.55,%sOxidizer Pressure Confirmation
4124,26.7,1925.43,108.03,543.85,816.5,706.57,710.43,16.56,0,0,0,0,0,1,1,0,0,7.07,0.04,8839.57,%sOxidizer Pressure Confirmation
4125,24.79,1925.48,108.03,543.85,816.5,706.57,710.43,15.97,0,0,0,0,0,1,1,0,0,7.07,0.03,8839.6,%sOxidizer Pressure Confirmation
4126,28.76,1925.48,108.12,543.85,816.5,706.57,710.43,15.97,0,0,0,0,0,1,1,0,0,7.07,0.03,8839.63,%sOxidizer Pressure Confirmation
4127,28.15,1925.48,108.12,543.89,816.5,706.57,710.43,15.97,0,0,0,0,0,1,1,0,0,7.07,0.03,8839.66,%sOxidizer Pressure Confirmation
4128,23.78,1925.48,108.12,543.89,816.5,706.62,710.1,15.67,0,0,0,0,0,1,1,0,0,7.07,0.03,8839.68,%sOxidizer Pressure Confirmation
4129,27.16,1925.53,108.24,544.03,816.5,706.62,710.1,15.67,0,0,0,0,0,1,1,0,0,7.06,0.01,8839.71,%sOxidizer Pressure Confirmation
4130,35.24,1925.53,108.24,544.03,816.64,706.5,710.1,15.67,0,0,0,0,0,1,1,0,0,7.06,0.01,8839.74,%sOxidizer Pressure Confirmation
4131,25.91,1925.53,108.24,544.03,816.64,706.5,710.07,15.67,0,0,0,0,0,1,1,0,0,7.06,0.01,8839.77,%sOxidizer Pressure Confirmation
4132,27.96,1925.53,108.24,544.03,816.64,706.5,710.07,15.32,0,0,0,0,0,1,1,0,0,7.06,0,8839.8,%sOxidizer Pressure Confirmation
4133,37.36,1925.58,108.24,544.03,816.64,706.5,710.07,15.32,0,0,0,0,0,1,1,0,0,7.06,0,8839.83,%sOxidizer Pressure Confirmation
4134,24.67,1925.58,108.44,544.03,816.64,706.5,710.07,15.32,0,0,0,0,0,1,1,0,0,7.06,0,8839.86,%sOxidizer Pressure Confirmation
4135,23.74,1925.58,108.44,544.19,816.75,706.44,710.07,15.32,0,0,0,0,0,1,1,0,0,7.06,0,8839.88,%sOxidizer Pressure Confirmation
4136,25.84,1925.58,108.44,544.19,816.75,706.44,709.49,15.08,0,0,0,0,0,1,1,0,0,7.06,0,8839.91,%sOxidizer Pressure Confirmation
4137,24.25,1925.58,108.44,544.19,816.75,706.44,709.49,15.08,0,0,0,0,0,1,1,0,0,7.06,0,8839.93,%sOxidizer Pressure Confirmation
4138,52.43,1925.76,108.61,544.39,816.75,706.44,709.49,15.08,0,0,0,0,0,1,1,0,0,7.06,0,8839.98,%sOxidizer Pressure Confirmation
4139,27.67,1925.76,108.61,544.39,816.91,706.44,709.49,15.08,0,0,0,0,0,1,1,0,0,7.06,0,8840.01,%sOxidizer Pressure Confirmation
4140,27.69,1925.76,108.61,544.39,816.91,706.57,709.09,15.08,0,0,0,0,0,1,1,0,0,7.06,0,8840.04,%sOxidizer Pressure Confirmation
4141,26.65,1925.76,108.61,544.39,816.91,706.57,709.09,14.78,0,0,0,0,0,1,1,0,0,7.06,0,8840.07,%sOxidizer Pressure Confirmation
4142,27.68,1926.56,108.81,544.39,816.91,706.57,709.09,14.78,0,0,0,0,0,1,1,0,0,7.07,0,8840.09,%sOxidizer Pressure Confirmation
4143,30.65,1926.56,108.81,544.49,816.91,706.57,709.09,14.78,0,0,0,0,0,1,1,0,0,7.07,0,8840.12,%sOxidizer Pressure Confirmation
4144,39.85,1926.56,108.81,544.49,816.73,706.57,709.09,14.78,0,0,0,0,0,1,1,0,0,7.07,0,8840.16,%sOxidizer Pressure Confirmation
4145,28.67,1926.56,108.81,544.49,816.73,705.87,708.53,14.78,0,0,0,0,0,1,1,0,0,7.07,0,8840.19,%sOxidizer Pressure Confirmation
4146,30.73,1926.56,108.81,544.49,816.73,705.87,708.53,14.36,0,0,0,0,0,1,1,0,0,7.07,0,8840.22,%sOxidizer Pressure Confirmation
4147,29.68,1926.56,108.81,544.49,816.73,705.87,708.53,14.36,0,0,0,0,0,1,1,0,0,7.07,0.01,8840.25,%sOxidizer Pressure Confirmation
4148,42.51,1926.82,108.81,544.49,816.73,705.87,708.53,14.36,0,0,0,0,0,1,1,0,0,7.07,0.01,8840.3,%sOxidizer Pressure Confirmation
4149,29.22,1926.82,108.86,544.42,816.73,705.87,708.53,14.36,0,0,0,0,0,1,1,0,0,7.07,0.01,8840.33,%sOxidizer Pressure Confirmation
4150,52.33,1926.82,108.86,544.42,816.54,705.87,708.53,14.36,0,0,0,0,0,1,1,0,0,7.07,0.01,8840.38,%sOxidizer Pressure Confirmation
4151,38.2,1926.82,108.86,544.42,816.54,705.43,707.85,14.36,0,0,0,0,0,1,1,0,0,7.07,0.01,8840.42,%sOxidizer Pressure Confirmation
4152,28.74,1926.82,108.86,544.42,816.54,705.43,707.85,14.36,0,0,0,0,0,1,1,0,0,7.07,0.01,8840.44,%sOxidizer Pressure Confirmation
4153,32.38,1926.82,108.86,544.42,816.54,705.43,707.85,14.04,0,0,0,0,0,1,1,0,0,7.07,0.02,8840.48,%sOxidizer Pressure Confirmation
4154,45.95,1927.06,108.86,544.42,816.54,705.43,707.85,14.04,0,0,0,0,0,1,1,0,0,7.07,0.02,8840.52,%sOxidizer Pressure Confirmation
4155,35.16,1927.06,108.95,544.42,816.54,705.43,707.85,14.04,0,0,0,0,0,1,1,0,0,7.07,0.02,8840.56,%sOxidizer Pressure Confirmation
4156,28.8,1927.06,108.95,544.51,816.54,705.43,707.85,14.04,0,0,0,0,0,1,1,0,0,7.07,0.02,8840.59,%sOxidizer Pressure Confirmation
4157,40.8,1927.06,108.95,544.51,816.54,705.43,707.85,14.04,0,0,0,0,0,1,1,0,0,7.07,0.02,8840.63,%sOxidizer Pressure Confirmation
4158,36.25,1927.06,108.95,544.51,816.54,704.9,707.32,14.04,0,0,0,0,0,1,1,0,0,7.07,0.02,8840.66,%sOxidizer Pressure Confirmation
4159,32.33,1927.06,108.95,544.51,816.54,704.9,707.32,14.04,0,0,0,0,0,1,1,0,0,7.07,0.02,8840.7,%sOxidizer Pressure Confirmation
4160,28.61,1927.06,108.95,544.51,816.54,704.9,707.32,13.5,0,0,0,0,0,1,1,0,0,7.08,0.03,8840.72,%sOxidizer Pressure Confirmation
4161,35.36,1927.06,108.95,544.51,816.54,704.9,707.32,13.5,0,0,0,0,0,1,1,0,0,7.08,0.03,8840.76,%sOxidizer Pressure Confirmation
4162,30.19,1927.28,108.96,544.52,816.54,704.9,707.32,13.5,0,0,0,0,0,1,1,0,0,7.08,0.03,8840.79,%sOxidizer Pressure Confirmation
4163,27.21,1927.28,108.96,544.52,816.54,704.9,707.32,13.5,0,0,0,0,0,1,1,0,0,7.08,0.03,8840.82,%sOxidizer Pressure Confirmation
4164,43.28,1927.28,108.96,544.52,816.46,704.82,707.32,13.5,0,0,0,0,0,1,1,0,0,7.08,0.03,8840.86,%sOxidizer Pressure Confirmation
4165,42.25,1927.28,108.96,544.52,816.46,704.82,707.19,13.5,0,0,0,0,0,1,1,0,0,7.08,0.03,8840.9,%sOxidizer Pressure Confirmation
4166,25.81,1927.28,108.96,544.52,816.46,704.82,707.19,13.02,0,0,0,0,0,1,1,0,0,7.08,0.03,8840.93,%sOxidizer Pressure Confirmation
4167,34.24,1927.28,108.96,544.52,816.46,704.82,707.19,13.02,0,0,0,0,0,1,1,0,0,7.08,0.03,8840.96,%sOxidizer Pressure Confirmation
4168,24.79,1927.28,108.96,544.52,816.46,704.82,707.19,13.02,0,0,0,0,0,1,1,0,0,7.08,0.04,8840.99,%sOxidizer Pressure Confirmation
4169,51.33,1927.24,108.87,544.52,816.46,704.82,707.19,13.02,0,0,0,0,0,1,1,0,0,7.08,0.04,8841.04,%sOxidizer Pressure Confirmation
4170,30.25,1927.24,108.87,544.52,816.46,704.82,707.19,13.02,0,0,0,0,0,1,1,0,0,7.08,0.04,8841.07,%sOxidizer Pressure Confirmation
4171,28.12,1927.24,108.87,544.45,816.46,704.82,707.19,13.02,0,0,0,0,0,1,1,0,0,7.08,0.04,8841.1,%sOxidizer Pressure Confirmation
4172,34.73,1927.24,108.87,544.45,816.46,704.83,707.19,13.02,0,0,0,0,0,1,1,0,0,7.08,0.04,8841.13,%sOxidizer Pressure Confirmation
4173,23.2,1927.24,108.87,544.45,816.46,704.83,707.32,13.73,0,0,0,0,0,1,1,0,0,7.08,0.04,8841.16,%sOxidizer Pressure Confirmation
4174,37.67,1927.24,108.87,544.45,816.46,704.83,707.32,13.73,0,0,0,0,0,1,1,0,0,7.08,0.06,8841.19,%sOxidizer Pressure Confirmation
4175,30.16,1927.04,108.87,544.45,816.46,704.83,707.32,13.73,0,0,0,0,0,1,1,0,0,7.08,0.06,8841.22,%sOxidizer Pressure Confirmation
4176,27.36,1927.04,108.87,544.45,816.46,704.83,707.32,13.73,0,0,0,0,0,1,1,0,0,7.08,0.06,8841.25,%sOxidizer Pressure Confirmation
4177,35.03,1927.04,108.59,544.19,816.46,704.83,707.32,13.73,0,0,0,0,0,1,1,0,0,7.08,0.06,8841.29,%sOxidizer Pressure Confirmation
4178,35.41,1927.04,108.59,544.19,816.34,704.83,707.32,13.73,0,0,0,0,0,1,1,0,0,7.08,0.06,8841.32,%sOxidizer Pressure Confirmation
4179,28.85,1927.04,108.59,544.19,816.34,705.23,707.69,13.73,0,0,0,0,0,1,1,0,0,7.08,0.06,8841.35,%sOxidizer Pressure Confirmation
4180,23.55,1927.04,108.59,544.19,816.34,705.23,707.69,13.78,0,0,0,0,0,1,1,0,0,7.08,0.05,8841.37,%sOxidizer Pressure Confirmation
4181,28.87,1927.04,108.59,544.19,816.34,705.23,707.69,13.78,0,0,0,0,0,1,1,0,0,7.08,0.05,8841.4,%sOxidizer Pressure Confirmation
4182,23.19,1927.18,108.71,544.19,816.34,705.23,707.69,13.78,0,0,0,0,0,1,1,0,0,7.08,0.05,8841.43,%sOxidizer Pressure Confirmation
4183,34.52,1927.18,108.71,544.34,816.52,705.23,707.69,13.78,0,0,0,0,0,1,1,0,0,7.08,0.05,8841.46,%sOxidizer Pressure Confirmation
4184,25.56,1927.18,108.71,544.34,816.52,705.13,707.55,13.78,0,0,0,0,0,1,1,0,0,7.08,0.05,8841.49,%sOxidizer Pressure Confirmation
4185,28.85,1927.18,108.71,544.34,816.52,705.13,707.55,13.72,0,0,0,0,0,1,1,0,0,7.08,0.05,8841.51,%sOxidizer Pressure Confirmation
4186,29.79,1927.18,108.71,544.34,816.52,705.13,707.55,13.72,0,0,0,0,0,1,1,0,0,7.08,0.06,8841.54,%sOxidizer Pressure Confirmation
4187,27.37,1926.71,108.61,544.34,816.52,705.13,707.55,13.72,0,0,0,0,0,1,1,0,0,7.08,0.06,8841.57,%sOxidizer Pressure Confirmation
4188,22.23,1926.71,108.61,544.23,816.52,705.13,707.55,13.72,0,0,0,0,0,1,1,0,0,7.08,0.06,8841.59,%sOxidizer Pressure Confirmation
4189,30.24,1926.71,108.61,544.23,816.53,705.13,707.55,13.72,0,0,0,0,0,1,1,0,0,7.08,0.06,8841.62,%sOxidizer Pressure Confirmation
4190,23.7,1926.71,108.61,544.23,816.53,705.46,707.81,13.79,0,0,0,0,0,1,1,0,0,7.08,0.06,8841.65,%sOxidizer Pressure Confirmation
4191,30.04,1926.53,108.61,544.23,816.53,705.46,707.81,13.79,0,0,0,0,0,1,1,0,0,7.08,0.06,8841.68,%sOxidizer Pressure Confirmation
4192,24.71,1926.53,108.57,544.23,816.53,705.46,707.81,13.79,0,0,0,0,0,1,1,0,0,7.08,0.06,8841.7,%sOxidizer Pressure Confirmation
4193,21.98,1926.53,108.57,544.16,816.49,705.46,707.81,13.79,0,0,0,0,0,1,1,0,0,7.08,0.06,8841.72,%sOxidizer Pressure Confirmation
4194,27.51,1926.53,108.57,544.16,816.49,705.69,708.22,14.13,0,0,0,0,0,1,1,0,0,7.08,0.06,8841.75,%sOxidizer Pressure Confirmation
4195,30.09,1926.53,108.57,544.16,816.49,705.69,708.22,14.13,0,0,0,0,0,1,1,0,0,7.07,0.06,8841.78,%sOxidizer Pressure Confirmation
4196,26.65,1926.39,108.57,544.16,816.49,705.69,708.22,14.13,0,0,0,0,0,1,1,0,0,7.07,0.06,8841.81,%sOxidizer Pressure Confirmation
4197,26.97,1926.39,108.47,543.91,816.48,705.69,708.22,14.13,0,0,0,0,0,1,1,0,0,7.07,0.06,8841.84,%sOxidizer Pressure Confirmation
4198,35.65,1926.39,108.47,543.91,816.48,705.94,708.22,14.13,0,0,0,0,0,1,1,0,0,7.07,0.06,8841.87,%sOxidizer Pressure Confirmation
4199,25.25,1926.39,108.47,543.91,816.48,705.94,708.73,14.15,0,0,0,0,0,1,1,0,0,7.07,0.05,8841.9,%sOxidizer Pressure Confirmation
4200,29.6,1925.98,108.47,543.91,816.48,705.94,708.73,14.15,0,0,0,0,0,1,1,0,0,7.07,0.05,8841.93,%sOxidizer Pressure Confirmation
4201,25,1925.98,108.42,543.91,816.48,705.94,708.73,14.15,0,0,0,0,0,1,1,0,0,7.07,0.05,8841.95,%sOxidizer Pressure Confirmation
4202,26.19,1925.98,108.42,543.97,816.62,705.85,708.7,14.15,0,0,0,0,0,1,1,0,0,7.07,0.05,8841.98,%sOxidizer Pressure Confirmation
4203,31.54,1925.98,108.42,543.97,816.62,705.85,708.7,14.11,0,0,0,0,0,1,1,0,0,7.07,0.05,8842.01,%sOxidizer Pressure Confirmation
4204,23.14,1925.98,108.42,543.97,816.62,705.85,708.7,14.11,0,0,0,0,0,1,1,0,0,7.07,0.05,8842.03,%sOxidizer Pressure Confirmation
4205,29.42,1926.08,108.44,543.9,816.62,705.85,708.7,14.11,0,0,0,0,0,1,1,0,0,7.07,0.05,8842.06,%sOxidizer Pressure Confirmation
4206,25.89,1926.08,108.44,543.9,816.54,705.85,708.7,14.11,0,0,0,0,0,1,1,0,0,7.07,0.05,8842.09,%sOxidizer Pressure Confirmation
4207,30.38,1926.08,108.44,543.9,816.54,705.65,708.67,14.12,0,0,0,0,0,1,1,0,0,7.07,0.05,8842.12,%sOxidizer Pressure Confirmation
4208,24.38,1926.08,108.44,543.9,816.54,705.65,708.67,14.12,0,0,0,0,0,1,1,0,0,7.07,0.05,8842.14,%sOxidizer Pressure Confirmation
4209,29.84,1925.69,108.32,543.9,816.54,705.65,708.67,14.12,0,0,0,0,0,1,1,0,0,7.07,0.05,8842.17,%sOxidizer Pressure Confirmation
4210,23.03,1925.69,108.32,543.8,816.54,705.65,708.67,14.12,0,0,0,0,0,1,1,0,0,7.07,0.05,8842.2,%sOxidizer Pressure Confirmation
4211,26.6,1925.69,108.32,543.8,816.67,706.14,709.22,14.59,0,0,0,0,0,1,1,0,0,7.07,0.05,8842.22,%sOxidizer Pressure Confirmation
4212,24.21,1925.69,108.32,543.8,816.67,706.14,709.22,14.59,0,0,0,0,0,1,1,0,0,7.06,0.04,8842.25,%sOxidizer Pressure Confirmation
4213,31.59,1925.95,108.46,543.8,816.67,706.14,709.22,14.59,0,0,0,0,0,1,1,0,0,7.06,0.04,8842.28,%sOxidizer Pressure Confirmation
4214,30.21,1925.95,108.46,543.93,816.67,706.14,709.22,14.59,0,0,0,0,0,1,1,0,0,7.06,0.04,8842.31,%sOxidizer Pressure Confirmation
4215,30.65,1925.95,108.46,543.93,816.73,705.49,708.74,14.59,0,0,0,0,0,1,1,0,0,7.06,0.04,8842.34,%sOxidizer Pressure Confirmation
4216,27.21,1925.95,108.46,543.93,816.73,705.49,708.74,14.58,0,0,0,0,0,1,1,0,0,7.06,0.04,8842.37,%sOxidizer Pressure Confirmation
4217,26.9,1925.95,108.46,543.93,816.73,705.49,708.74,14.58,0,0,0,0,0,1,1,0,0,7.06,0.03,8842.39,%sOxidizer Pressure Confirmation
4218,23.08,1926.06,108.56,543.93,816.73,705.49,708.74,14.58,0,0,0,0,0,1,1,0,0,7.06,0.03,8842.42,%sOxidizer Pressure Confirmation
4219,32.21,1926.06,108.56,544.05,816.73,705.68,708.74,14.58,0,0,0,0,0,1,1,0,0,7.06,0.03,8842.45,%sOxidizer Pressure Confirmation
4220,38.26,1926.06,108.56,544.05,816.73,705.68,708.67,14.03,0,0,0,0,0,1,1,0,0,7.06,0.03,8842.49,%sOxidizer Pressure Confirmation
4221,23.63,1926.06,108.56,544.05,816.73,705.68,708.67,14.03,0,0,0,0,0,1,1,0,0,7.06,0.03,8842.51,%sOxidizer Pressure Confirmation
4222,35.61,1926.58,108.56,544.05,816.73,705.68,708.67,14.03,0,0,0,0,0,1,1,0,0,7.06,0.03,8842.55,%sOxidizer Pressure Confirmation
4223,26.06,1926.58,108.65,544.07,816.73,705.68,708.67,14.03,0,0,0,0,0,1,1,0,0,7.06,0.03,8842.57,%sOxidizer Pressure Confirmation
4224,30.5,1926.58,108.65,544.07,816.73,705.48,708.67,14.03,0,0,0,0,0,1,1,0,0,7.06,0.03,8842.6,%sOxidizer Pressure Confirmation
4225,22.7,1926.58,108.65,544.07,816.73,705.48,708.35,14.03,0,0,0,0,0,1,1,0,0,7.06,0.03,8842.62,%sOxidizer Pressure Confirmation
4226,23.21,1926.58,108.65,544.07,816.73,705.48,708.35,14.01,0,0,0,0,0,1,1,0,0,7.06,0.03,8842.65,%sOxidizer Pressure Confirmation
4227,25.59,1926.86,108.71,544.04,816.73,705.48,708.35,14.01,0,0,0,0,0,1,1,0,0,7.07,0.03,8842.67,%sOxidizer Pressure Confirmation
4228,26.24,1926.86,108.71,544.04,816.56,705.48,708.35,14.01,0,0,0,0,0,1,1,0,0,7.07,0.03,8842.7,%sOxidizer Pressure Confirmation
4229,24.04,1926.86,108.71,544.04,816.56,705.63,708.52,14.01,0,0,0,0,0,1,1,0,0,7.07,0.03,8842.72,%sOxidizer Pressure Confirmation
4230,22.08,1926.86,108.71,544.04,816.56,705.63,708.52,14.01,0,0,0,0,0,1,1,0,0,7.07,0.03,8842.75,%sOxidizer Pressure Confirmation
4231,24.2,1927.47,108.85,544.01,816.56,705.63,708.52,14.01,0,0,0,0,0,1,1,0,0,7.07,0.03,8842.77,%sOxidizer Pressure Confirmation
4232,27.57,1927.47,108.85,544.01,816.44,705.63,708.52,14.01,0,0,0,0,0,1,1,0,0,7.07,0.03,8842.8,%sOxidizer Pressure Confirmation
4233,22.89,1927.47,108.85,544.01,816.44,705.44,708.28,14.01,0,0,0,0,0,1,1,0,0,7.07,0.03,8842.82,%sOxidizer Pressure Confirmation
4234,27.33,1927.47,108.85,544.01,816.44,705.44,708.28,14.17,0,0,0,0,0,1,1,0,0,7.07,0.05,8842.85,%sOxidizer Pressure Confirmation
4235,26.64,1927.91,108.78,544.01,816.44,705.44,708.28,14.17,0,0,0,0,0,1,1,0,0,7.08,0.05,8842.87,%sOxidizer Pressure Confirmation
4236,29.6,1927.91,108.78,543.94,816.4,705.44,708.28,14.17,0,0,0,0,0,1,1,0,0,7.08,0.05,8842.9,%sOxidizer Pressure Confirmation
4237,22.61,1927.91,108.78,543.94,816.4,705.32,708.28,14.17,0,0,0,0,0,1,1,0,0,7.08,0.05,8842.93,%sOxidizer Pressure Confirmation
4238,23.42,1927.91,108.78,543.94,816.4,705.32,708.21,14.21,0,0,0,0,0,1,1,0,0,7.08,0.08,8842.95,%sOxidizer Pressure Confirmation
4239,25.62,1927.94,108.72,543.94,816.4,705.32,708.21,14.21,0,0,0,0,0,1,1,0,0,7.08,0.08,8842.98,%sOxidizer Pressure Confirmation
4240,29.6,1927.94,108.72,544,816.21,705.32,708.21,14.21,0,0,0,0,0,1,1,0,0,7.08,0.08,8843.01,%sOxidizer Pressure Confirmation
4241,23.68,1927.94,108.72,544,816.21,704.83,708.04,14.21,0,0,0,0,0,1,1,0,0,7.08,0.08,8843.03,%sOxidizer Pressure Confirmation
4242,23.93,1927.94,108.72,544,816.21,704.83,708.04,14.79,0,0,0,0,0,1,1,0,0,7.09,0.08,8843.05,%sOxidizer Pressure Confirmation
4243,26.13,1928.14,108.72,544,816.21,704.83,708.04,14.79,0,0,0,0,0,1,1,0,0,7.09,0.08,8843.08,%sOxidizer Pressure Confirmation
4244,26.1,1928.14,108.55,543.81,816.21,704.83,708.04,14.79,0,0,0,0,0,1,1,0,0,7.09,0.08,8843.11,%sOxidizer Pressure Confirmation
4245,24.29,1928.14,108.55,543.81,816.15,704.84,708.12,14.79,0,0,0,0,0,1,1,0,0,7.09,0.08,8843.13,%sOxidizer Pressure Confirmation
4246,24.65,1928.14,108.55,543.81,816.15,704.84,708.12,14.86,0,0,0,0,0,1,1,0,0,7.09,0.09,8843.15,%sOxidizer Pressure Confirmation
4247,27.15,1928.29,108.38,543.76,816.15,704.84,708.12,14.86,0,0,0,0,0,1,1,0,0,7.09,0.09,8843.18,%sOxidizer Pressure Confirmation
4248,36.46,1928.29,108.38,543.76,816.21,704.99,708.12,14.86,0,0,0,0,0,1,1,0,0,7.09,0.09,8843.22,%sOxidizer Pressure Confirmation
4249,25.08,1928.29,108.38,543.76,816.21,704.99,708.24,14.86,0,0,0,0,0,1,1,0,0,7.09,0.09,8843.24,%sOxidizer Pressure Confirmation
4250,25.25,1928.29,108.38,543.76,816.21,704.99,708.24,14.97,0,0,0,0,0,1,1,0,0,7.09,0.09,8843.27,%sOxidizer Pressure Confirmation
4251,27.44,1928.9,108.32,543.78,816.21,704.99,708.24,14.97,0,0,0,0,0,1,1,0,0,7.09,0.09,8843.3,%sOxidizer Pressure Confirmation
4252,25.6,1928.9,108.32,543.78,816.02,704.49,708.06,14.97,0,0,0,0,0,1,1,0,0,7.09,0.09,8843.32,%sOxidizer Pressure Confirmation
4253,23.08,1928.9,108.32,543.78,816.02,704.49,708.06,14.88,0,0,0,0,0,1,1,0,0,7.09,0.09,8843.34,%sOxidizer Pressure Confirmation
4254,23.76,1928.9,108.32,543.78,816.02,704.49,708.06,14.88,0,0,0,0,0,1,1,0,0,7.09,0.1,8843.37,%sOxidizer Pressure Confirmation
4255,24.1,1928.75,108.32,543.78,816.02,704.49,708.06,14.88,0,0,0,0,0,1,1,0,0,7.09,0.1,8843.39,%sOxidizer Pressure Confirmation
4256,24.76,1928.75,108.18,543.7,816.05,704.86,708.06,14.88,0,0,0,0,0,1,1,0,0,7.09,0.1,8843.42,%sOxidizer Pressure Confirmation
4257,23.59,1928.75,108.18,543.7,816.05,704.86,708.61,15.36,0,0,0,0,0,1,1,0,0,7.09,0.11,8843.44,%sOxidizer Pressure Confirmation
4258,28.13,1928.75,108.18,543.7,816.05,704.86,708.61,15.36,0,0,0,0,0,1,1,0,0,7.1,0.11,8843.47,%sOxidizer Pressure Confirmation
4259,21.73,1928.41,108,543.7,816.05,704.86,708.61,15.36,0,0,0,0,0,1,1,0,0,7.1,0.11,8843.49,%sOxidizer Pressure Confirmation
4260,26.1,1928.41,108,543.54,816.01,704.62,708.75,15.36,0,0,0,0,0,1,1,0,0,7.1,0.11,8843.52,%sOxidizer Pressure Confirmation
4261,23.59,1928.41,108,543.54,816.01,704.62,708.75,15.93,0,0,0,0,0,1,1,0,0,7.1,0.1,8843.54,%sOxidizer Pressure Confirmation
4262,31.14,1928.05,108,543.54,816.01,704.62,708.75,15.93,0,0,0,0,0,1,1,0,0,7.09,0.1,8843.57,%sOxidizer Pressure Confirmation
4263,25.19,1928.05,107.89,543.54,816.01,704.62,708.75,15.93,0,0,0,0,0,1,1,0,0,7.09,0.1,8843.6,%sOxidizer Pressure Confirmation
4264,24.52,1928.05,107.89,543.54,816.02,704.61,708.89,15.93,0,0,0,0,0,1,1,0,0,7.09,0.1,8843.62,%sOxidizer Pressure Confirmation
4265,25.65,1928.05,107.89,543.54,816.02,704.61,708.89,16.26,0,0,0,0,0,1,1,0,0,7.09,0.12,8843.65,%sOxidizer Pressure Confirmation
4266,27.85,1928.16,107.67,543.54,816.02,704.61,708.89,16.26,0,0,0,0,0,1,1,0,0,7.09,0.12,8843.67,%sOxidizer Pressure Confirmation
4267,25.51,1928.16,107.67,543.4,816.03,704.62,708.84,16.26,0,0,0,0,0,1,1,0,0,7.09,0.12,8843.7,%sOxidizer Pressure Confirmation
4268,27.05,1928.16,107.67,543.4,816.03,704.62,708.84,16.28,0,0,0,0,0,1,1,0,0,7.09,0.12,8843.73,%sOxidizer Pressure Confirmation
4269,21.25,1927.99,107.58,543.4,816.03,704.62,708.84,16.28,0,0,0,0,0,1,1,0,0,7.09,0.12,8843.75,%sOxidizer Pressure Confirmation
4270,25.65,1927.99,107.58,543.43,816.1,704.62,708.84,16.28,0,0,0,0,0,1,1,0,0,7.09,0.12,8843.77,%sOxidizer Pressure Confirmation
4271,21.87,1927.99,107.58,543.43,816.1,704.63,708.84,16.28,0,0,0,0,0,1,1,0,0,7.09,0.12,8843.8,%sOxidizer Pressure Confirmation
4272,25.67,1927.99,107.58,543.43,816.1,704.63,708.88,16.42,0,0,0,0,0,1,1,0,0,7.09,0.12,8843.82,%sOxidizer Pressure Confirmation
4273,24.08,1928.11,107.59,543.43,816.1,704.63,708.88,16.42,0,0,0,0,0,1,1,0,0,7.09,0.12,8843.85,%sOxidizer Pressure Confirmation
4274,29.11,1928.11,107.59,543.43,816.09,704.47,708.88,16.42,0,0,0,0,0,1,1,0,0,7.09,0.12,8843.87,%sOxidizer Pressure Confirmation
4275,21.74,1928.11,107.59,543.43,816.09,704.47,708.64,16.42,0,0,0,0,0,1,1,0,0,7.09,0.12,8843.9,%sOxidizer Pressure Confirmation
4276,26.6,1928.51,107.59,543.43,816.09,704.47,708.64,16.07,0,0,0,0,0,1,1,0,0,7.1,0.11,8843.92,%sOxidizer Pressure Confirmation
4277,23.75,1928.51,107.76,543.52,816.09,704.47,708.64,16.07,0,0,0,0,0,1,1,0,0,7.1,0.11,8843.95,%sOxidizer Pressure Confirmation
4278,27.07,1928.51,107.76,543.52,816.09,704.36,708.64,16.07,0,0,0,0,0,1,1,0,0,7.1,0.11,8843.97,%sOxidizer Pressure Confirmation
4279,23.11,1928.51,107.76,543.52,816.09,704.36,708.39,15.47,0,0,0,0,0,1,1,0,0,7.1,0.11,8844,%sOxidizer Pressure Confirmation
4280,26.72,1928.68,107.76,543.52,816.09,704.36,708.39,15.47,0,0,0,0,0,1,1,0,0,7.09,0.11,8844.02,%sOxidizer Pressure Confirmation
4281,22.86,1928.68,107.85,543.53,816.08,704.36,708.39,15.47,0,0,0,0,0,1,1,0,0,7.09,0.11,8844.05,%sOxidizer Pressure Confirmation
4282,29.07,1928.68,107.85,543.53,816.08,704.32,708.41,15.47,0,0,0,0,0,1,1,0,0,7.09,0.11,8844.08,%sOxidizer Pressure Confirmation
4283,25.65,1928.68,107.85,543.53,816.08,704.32,708.41,15.7,0,0,0,0,0,1,1,0,0,7.09,0.11,8844.1,%sOxidizer Pressure Confirmation
4284,26.04,1928.74,108.02,543.64,816.08,704.32,708.41,15.7,0,0,0,0,0,1,1,0,0,7.1,0.1,8844.13,%sOxidizer Pressure Confirmation
4285,28.24,1928.74,108.02,543.64,816.13,704.32,708.41,15.7,0,0,0,0,0,1,1,0,0,7.1,0.1,8844.16,%sOxidizer Pressure Confirmation
4286,22.66,1928.74,108.02,543.64,816.13,704.42,708.42,15.7,0,0,0,0,0,1,1,0,0,7.1,0.1,8844.18,%sOxidizer Pressure Confirmation
4287,26.27,1928.74,108.02,543.64,816.13,704.42,708.42,15.69,0,0,0,0,0,1,1,0,0,7.09,0.1,8844.2,%sOxidizer Pressure Confirmation
4288,24.79,1928.66,108.17,543.66,816.16,704.43,708.42,15.69,0,0,0,0,0,1,1,0,0,7.09,0.1,8844.23,%sOxidizer Pressure Confirmation
4289,26.88,1928.66,108.17,543.66,816.16,704.43,708.09,15.29,0,0,0,0,0,1,1,0,0,7.09,0.1,8844.26,%sOxidizer Pressure Confirmation
4290,26.15,1928.66,108.17,543.66,816.16,704.43,708.09,15.29,0,0,0,0,0,1,1,0,0,7.09,0.09,8844.28,%sOxidizer Pressure Confirmation
4291,26.36,1929.07,108.29,543.7,816.16,704.43,708.09,15.29,0,0,0,0,0,1,1,0,0,7.1,0.09,8844.31,%sOxidizer Pressure Confirmation
4292,27.79,1929.07,108.29,543.7,816.18,704.26,708.09,15.29,0,0,0,0,0,1,1,0,0,7.1,0.09,8844.34,%sOxidizer Pressure Confirmation
4293,25.61,1929.07,108.29,543.7,816.18,704.26,707.75,15.29,0,0,0,0,0,1,1,0,0,7.1,0.09,8844.36,%sOxidizer Pressure Confirmation
4294,26.12,1929.07,108.29,543.7,816.18,704.26,707.75,15.12,0,0,0,0,0,1,1,0,0,7.1,0.09,8844.39,%sOxidizer Pressure Confirmation
4295,24.1,1929.42,108.44,543.76,816.2,704.26,707.75,15.12,0,0,0,0,0,1,1,0,0,7.1,0.09,8844.41,%sOxidizer Pressure Confirmation
4296,26.09,1929.42,108.44,543.76,816.2,704.31,707.53,15.12,0,0,0,0,0,1,1,0,0,7.1,0.09,8844.44,%sOxidizer Pressure Confirmation
4297,23.13,1929.42,108.44,543.76,816.2,704.31,707.53,14.39,0,0,0,0,0,1,1,0,0,7.1,0.09,8844.46,%sOxidizer Pressure Confirmation
4298,23.45,1929.42,108.44,543.76,816.2,704.31,707.53,14.39,0,0,0,0,0,1,1,0,0,7.1,0.09,8844.48,%sOxidizer Pressure Confirmation
4299,24.64,1929.87,108.68,543.76,816.22,704.38,707.53,14.39,0,0,0,0,0,1,1,0,0,7.1,0.09,8844.51,%sOxidizer Pressure Confirmation
4300,28.42,1929.87,108.68,543.76,816.22,704.38,707.53,14.39,0,0,0,0,0,1,1,0,0,7.1,0.09,8844.54,%sOxidizer Pressure Confirmation
4301,24.14,1929.87,108.68,543.76,816.22,704.38,707.62,14.47,0,0,0,0,0,1,1,0,0,7.1,0.09,8844.56,%sOxidizer Pressure Confirmation
4302,24.62,1929.87,108.68,543.76,816.22,704.38,707.62,14.47,0,0,0,0,0,1,1,0,0,7.09,0.07,8844.59,%sOxidizer Pressure Confirmation
4303,22.67,1929.23,108.68,543.76,816.22,704.38,707.62,14.47,0,0,0,0,0,1,1,0,0,7.09,0.07,8844.61,%sOxidizer Pressure Confirmation
4304,26.78,1929.23,108.62,543.75,816.21,704.35,707.59,14.47,0,0,0,0,0,1,1,0,0,7.09,0.07,8844.64,%sOxidizer Pressure Confirmation
4305,22.09,1929.23,108.62,543.75,816.21,704.35,707.59,14.73,0,0,0,0,0,1,1,0,0,7.09,0.07,8844.66,%sOxidizer Pressure Confirmation
4306,23.88,1929.18,108.62,543.75,816.21,704.35,707.59,14.73,0,0,0,0,0,1,1,0,0,7.09,0.07,8844.68,%sOxidizer Pressure Confirmation
4307,25.72,1929.18,108.57,543.76,816.21,704.35,707.59,14.73,0,0,0,0,0,1,1,0,0,7.09,0.07,8844.71,%sOxidizer Pressure Confirmation
4308,22.15,1929.18,108.57,543.76,816.13,704.34,707.64,14.61,0,0,0,0,0,1,1,0,0,7.09,0.07,8844.73,%sOxidizer Pressure Confirmation
4309,27.26,1929.18,108.57,543.76,816.13,704.34,707.64,14.61,0,0,0,0,0,1,1,0,0,7.09,0.07,8844.76,%sOxidizer Pressure Confirmation
4310,24.21,1929.2,108.43,543.76,816.13,704.34,707.64,14.61,0,0,0,0,0,1,1,0,0,7.09,0.07,8844.78,%sOxidizer Pressure Confirmation
4311,34.84,1929.2,108.43,543.73,816.13,704.43,707.62,14.61,0,0,0,0,0,1,1,0,0,7.09,0.07,8844.82,%sOxidizer Pressure Confirmation
4312,22.76,1929.2,108.43,543.73,816.13,704.43,707.62,14.91,0,0,0,0,0,1,1,0,0,7.09,0.07,8844.84,%sOxidizer Pressure Confirmation
4313,25.79,1928.64,108.43,543.73,816.13,704.43,707.62,14.91,0,0,0,0,0,1,1,0,0,7.09,0.07,8844.86,%sOxidizer Pressure Confirmation
4314,24.9,1928.64,108.29,543.56,816.13,704.43,707.62,14.91,0,0,0,0,0,1,1,0,0,7.09,0.07,8844.89,%sOxidizer Pressure Confirmation
4315,24.14,1928.64,108.29,543.56,816.09,704.66,708.37,15.38,0,0,0,0,0,1,1,0,0,7.09,0.07,8844.91,%sOxidizer Pressure Confirmation
4316,22.3,1928.64,108.29,543.56,816.09,704.66,708.37,15.38,0,0,0,0,0,1,1,0,0,7.09,0.07,8844.94,%sOxidizer Pressure Confirmation
4317,28.77,1928.02,108.24,543.66,816.09,704.66,708.37,15.38,0,0,0,0,0,1,1,0,0,7.09,0.07,8844.96,%sOxidizer Pressure Confirmation
4318,25.09,1928.02,108.24,543.66,816.25,704.66,708.37,15.38,0,0,0,0,0,1,1,0,0,7.09,0.07,8844.99,%sOxidizer Pressure Confirmation
4319,22.24,1928.02,108.24,543.66,816.25,705.21,708.71,15.38,0,0,0,0,0,1,1,0,0,7.09,0.07,8845.01,%sOxidizer Pressure Confirmation
4320,23.19,1927.77,108.2,543.66,816.25,705.21,708.71,15.6,0,0,0,0,0,1,1,0,0,7.08,0.06,8845.04,%sOxidizer Pressure Confirmation
4321,29.45,1927.77,108.2,543.67,816.25,705.21,708.71,15.6,0,0,0,0,0,1,1,0,0,7.08,0.06,8845.06,%sOxidizer Pressure Confirmation
4322,23.16,1927.77,108.2,543.67,816.22,705.27,708.71,15.6,0,0,0,0,0,1,1,0,0,7.08,0.06,8845.09,%sOxidizer Pressure Confirmation
4323,28.41,1927.77,108.2,543.67,816.22,705.27,708.71,15.58,0,0,0,0,0,1,1,0,0,7.08,0.05,8845.12,%sOxidizer Pressure Confirmation
4324,26.66,1927.88,108.38,543.89,816.39,705.27,708.71,15.58,0,0,0,0,0,1,1,0,0,7.08,0.05,8845.14,%sOxidizer Pressure Confirmation
4325,21.72,1927.88,108.38,543.89,816.39,705.4,708.75,15.58,0,0,0,0,0,1,1,0,0,7.08,0.05,8845.16,%sOxidizer Pressure Confirmation
4326,23.68,1927.88,108.38,543.89,816.39,705.4,708.75,15.69,0,0,0,0,0,1,1,0,0,7.07,0.04,8845.19,%sOxidizer Pressure Confirmation
4327,21.22,1927.24,108.4,543.89,816.39,705.4,708.75,15.69,0,0,0,0,0,1,1,0,0,7.07,0.04,8845.21,%sOxidizer Pressure Confirmation
4328,23.24,1927.24,108.4,543.98,816.49,705.56,708.75,15.69,0,0,0,0,0,1,1,0,0,7.07,0.04,8845.23,%sOxidizer Pressure Confirmation
4329,26.33,1927.24,108.4,543.98,816.49,705.56,708.64,15.39,0,0,0,0,0,1,1,0,0,7.07,0.04,8845.26,%sOxidizer Pressure Confirmation
4330,24.84,1927.24,108.4,543.98,816.49,705.56,708.64,15.39,0,0,0,0,0,1,1,0,0,7.07,0.04,8845.28,%sOxidizer Pressure Confirmation
4331,22.23,1927.55,108.4,544.16,816.49,705.56,708.64,15.39,0,0,0,0,0,1,1,0,0,7.07,0.04,8845.31,%sOxidizer Pressure Confirmation
4332,25.64,1927.55,108.4,544.16,816.55,705.62,708.67,15.39,0,0,0,0,0,1,1,0,0,7.07,0.04,8845.33,%sOxidizer Pressure Confirmation
4333,25.8,1927.55,108.4,544.16,816.55,705.62,708.67,15.4,0,0,0,0,0,1,1,0,0,7.07,0.04,8845.36,%sOxidizer Pressure Confirmation
4334,23.95,1927.06,108.24,544.25,816.55,705.62,708.67,15.4,0,0,0,0,0,1,1,0,0,7.07,0.03,8845.38,%sOxidizer Pressure Confirmation
4335,27.29,1927.06,108.24,544.25,816.58,705.62,708.67,15.4,0,0,0,0,0,1,1,0,0,7.07,0.03,8845.41,%sOxidizer Pressure Confirmation
4336,26.14,1927.06,108.24,544.25,816.58,705.44,708.37,15.4,0,0,0,0,0,1,1,0,0,7.07,0.03,8845.44,%sOxidizer Pressure Confirmation
4337,22.91,1927.06,108.24,544.25,816.58,705.44,708.37,14.92,0,0,0,0,0,1,1,0,0,7.07,0.03,8845.46,%sOxidizer Pressure Confirmation
4338,25.9,1927.01,108.41,544.47,816.58,705.44,708.37,14.92,0,0,0,0,0,1,1,0,0,7.06,0.03,8845.48,%sOxidizer Pressure Confirmation
4339,24.65,1927.01,108.41,544.47,816.72,705.47,708.37,14.92,0,0,0,0,0,1,1,0,0,7.06,0.03,8845.51,%sOxidizer Pressure Confirmation
4340,26.14,1927.01,108.41,544.47,816.72,705.47,708.59,14.82,0,0,0,0,0,1,1,0,0,7.06,0.03,8845.53,%sOxidizer Pressure Confirmation
4341,26.45,1927.01,108.41,544.47,816.72,705.47,708.59,14.82,0,0,0,0,0,1,1,0,0,7.06,0.02,8845.56,%sOxidizer Pressure Confirmation
4342,28.08,1926.58,108.42,544.47,816.72,705.47,708.59,14.82,0,0,0,0,0,1,1,0,0,7.06,0.02,8845.59,%sOxidizer Pressure Confirmation
4343,25.21,1926.58,108.42,544.67,817.05,706.27,708.59,14.82,0,0,0,0,0,1,1,0,0,7.06,0.02,8845.61,%sOxidizer Pressure Confirmation
4344,21.19,1926.58,108.42,544.67,817.05,706.27,709.2,14.82,0,0,0,0,0,1,1,0,0,7.06,0.02,8845.64,%sOxidizer Pressure Confirmation
4345,21.24,1926.58,108.42,544.67,817.05,706.27,709.2,14.73,0,0,0,0,0,1,1,0,0,7.06,0,8845.66,%sOxidizer Pressure Confirmation
4346,23.98,1926.01,108.55,544.74,817.05,706.27,709.2,14.73,0,0,0,0,0,1,1,0,0,7.05,0,8845.68,%sOxidizer Pressure Confirmation
4347,26.05,1926.01,108.55,544.74,817.19,706.46,709.2,14.73,0,0,0,0,0,1,1,0,0,7.05,0,8845.71,%sOxidizer Pressure Confirmation
4348,35.17,1926.01,108.55,544.74,817.19,706.46,709.39,14.73,0,0,0,0,0,1,1,0,0,7.05,0,8845.74,%sOxidizer Pressure Confirmation
4349,29.14,1926.01,108.55,544.74,817.19,706.46,709.39,14.38,0,0,0,0,0,1,1,0,0,7.05,0,8845.77,%sOxidizer Pressure Confirmation
4350,22.65,1926.65,108.55,544.74,817.19,706.46,709.39,14.38,0,0,0,0,0,1,1,0,0,7.05,0,8845.79,%sOxidizer Pressure Confirmation
4351,24.2,1926.65,108.71,544.94,817.19,706.46,709.39,14.38,0,0,0,0,0,1,1,0,0,7.05,0,8845.82,%sOxidizer Pressure Confirmation
4352,27.72,1926.65,108.71,544.94,817.41,706.75,708.66,14.38,0,0,0,0,0,1,1,0,0,7.05,0,8845.85,%sOxidizer Pressure Confirmation
4353,25.16,1926.65,108.71,544.94,817.41,706.75,708.66,13.83,0,0,0,0,0,1,1,0,0,7.05,0,8845.87,%sOxidizer Pressure Confirmation
4354,25.13,1926.65,108.71,544.94,817.41,706.75,708.66,13.83,0,0,0,0,0,1,1,0,0,7.05,0,8845.9,%sOxidizer Pressure Confirmation
4355,23.85,1926.75,108.79,545.1,817.41,706.75,708.66,13.83,0,0,0,0,0,1,1,0,0,7.05,0,8845.92,%sOxidizer Pressure Confirmation
4356,24.83,1926.75,108.79,545.1,817.48,706.85,708.15,13.29,0,0,0,0,0,1,1,0,0,7.05,0,8845.94,%sOxidizer Pressure Confirmation
4357,27.41,1926.75,108.79,545.1,817.48,706.85,708.15,13.29,0,0,0,0,0,1,1,0,0,7.05,0,8845.97,%sOxidizer Pressure Confirmation
4358,23.2,1927.09,108.89,545.1,817.48,706.85,708.15,13.29,0,0,0,0,0,1,1,0,0,7.06,0,8846,%sOxidizer Pressure Confirmation
4359,28.58,1927.09,108.89,545.18,817.7,706.97,708.14,13.29,0,0,0,0,0,1,1,0,0,7.06,0,8846.02,%sOxidizer Pressure Confirmation
4360,28.85,1927.09,108.89,545.18,817.7,706.97,708.14,13.29,0,0,0,0,0,1,1,0,0,7.06,0,8846.05,%sOxidizer Pressure Confirmation
4361,25.27,1927.09,108.89,545.18,817.7,706.97,708.14,13.29,0,0,0,0,0,1,1,0,0,7.06,0,8846.08,%sOxidizer Pressure Confirmation
4362,24.73,1926.95,108.69,545.1,817.7,706.97,708.14,13.29,0,0,0,0,0,1,1,0,0,7.06,0,8846.1,%sOxidizer Pressure Confirmation
4363,25.14,1926.95,108.69,545.1,817.62,706.85,708.06,13.29,0,0,0,0,0,1,1,0,0,7.06,0,8846.13,%sOxidizer Pressure Confirmation
4364,24.68,1926.95,108.69,545.1,817.62,706.85,708.06,13.17,0,0,0,0,0,1,1,0,0,7.06,0,8846.15,%sOxidizer Pressure Confirmation
4365,25.13,1926.95,108.69,545.1,817.62,706.85,708.06,13.17,0,0,0,0,0,1,1,0,0,7.06,0,8846.18,%sOxidizer Pressure Confirmation
4366,24.13,1927.08,108.69,545.13,817.62,706.85,708.06,13.17,0,0,0,0,0,1,1,0,0,7.06,0,8846.2,%sOxidizer Pressure Confirmation
4367,25.1,1927.08,108.69,545.13,817.63,706.62,708.06,13.17,0,0,0,0,0,1,1,0,0,7.06,0,8846.23,%sOxidizer Pressure Confirmation
4368,24.8,1927.08,108.69,545.13,817.63,706.62,707.98,13.19,0,0,0,0,0,1,1,0,0,7.06,0,8846.25,%sOxidizer Pressure Confirmation
4369,28.11,1927.08,108.69,545.13,817.63,706.62,707.98,13.19,0,0,0,0,0,1,1,0,0,7.06,0,8846.28,%sOxidizer Pressure Confirmation
4370,26.18,1926.68,108.65,545.13,817.63,706.62,707.98,13.19,0,0,0,0,0,1,1,0,0,7.05,0,8846.31,%sOxidizer Pressure Confirmation
4371,29.63,1926.68,108.65,545.03,817.63,706.62,707.98,13.19,0,0,0,0,0,1,1,0,0,7.05,0,8846.34,%sOxidizer Pressure Confirmation
4372,27.7,1926.68,108.65,545.03,817.71,706.62,707.98,13.19,0,0,0,0,0,1,1,0,0,7.05,0,8846.36,%sOxidizer Pressure Confirmation
4373,26.3,1926.68,108.65,545.03,817.71,706.69,708,13.19,0,0,0,0,0,1,1,0,0,7.05,0,8846.39,%sOxidizer Pressure Confirmation
4374,26.1,1926.68,108.65,545.03,817.71,706.69,708,13.16,0,0,0,0,0,1,1,0,0,7.05,0,8846.42,%sOxidizer Pressure Confirmation
4375,30.79,1926.68,108.65,545.03,817.71,706.69,708,13.16,0,0,0,0,0,1,1,0,0,7.05,0,8846.45,%sOxidizer Pressure Confirmation
4376,31.21,1926.48,108.58,545,817.71,706.69,708,13.16,0,0,0,0,0,1,1,0,0,7.05,0,8846.48,%sOxidizer Pressure Confirmation
4377,30.78,1926.48,108.58,545,817.89,707.19,708,13.16,0,0,0,0,0,1,1,0,0,7.05,0,8846.51,%sOxidizer Pressure Confirmation
4378,29.11,1926.48,108.58,545,817.89,707.19,708.5,13.16,0,0,0,0,0,1,1,0,0,7.05,0,8846.54,%sOxidizer Pressure Confirmation
4379,33.85,1926.48,108.58,545,817.89,707.19,708.5,13.35,0,0,0,0,0,1,1,0,0,7.05,0,8846.57,%sOxidizer Pressure Confirmation
4380,37.34,1926.48,108.58,545,817.89,707.19,708.5,13.35,0,0,0,0,0,1,1,0,0,7.05,0,8846.61,%sOxidizer Pressure Confirmation
4381,36.89,1926.39,108.58,545,817.89,707.19,708.5,13.35,0,0,0,0,0,1,1,0,0,7.05,0,8846.65,%sOxidizer Pressure Confirmation
4382,28.12,1926.39,108.44,544.89,817.89,707.19,708.5,13.35,0,0,0,0,0,1,1,0,0,7.05,0,8846.67,%sOxidizer Pressure Confirmation
4383,43.34,1926.39,108.44,544.89,817.89,707.19,708.5,13.35,0,0,0,0,0,1,1,0,0,7.05,0,8846.72,%sOxidizer Pressure Confirmation
4384,27.63,1926.39,108.44,544.89,817.99,707.87,708.5,13.35,0,0,0,0,0,1,1,0,0,7.05,0,8846.74,%sOxidizer Pressure Confirmation
4385,39.85,1926.39,108.44,544.89,817.99,707.87,708.93,13.35,0,0,0,0,0,1,1,0,0,7.05,0,8846.78,%sOxidizer Pressure Confirmation
4386,25.6,1926.39,108.44,544.89,817.99,707.87,708.93,13.39,0,0,0,0,0,1,1,0,0,7.05,0,8846.81,%sOxidizer Pressure Confirmation
4387,28.68,1927.23,108.44,544.89,817.99,707.87,708.93,13.39,0,0,0,0,0,1,1,0,0,7.06,0,8846.84,%sOxidizer Pressure Confirmation
4388,27.02,1927.23,108.63,544.89,817.99,707.87,708.93,13.39,0,0,0,0,0,1,1,0,0,7.06,0,8846.87,%sOxidizer Pressure Confirmation
4389,53.87,1927.23,108.63,544.72,817.99,707.87,708.93,13.39,0,0,0,0,0,1,1,0,0,7.06,0,8846.92,%sOxidizer Pressure Confirmation
4390,36.13,1927.23,108.63,544.72,817.69,707.02,708.93,13.39,0,0,0,0,0,1,1,0,0,7.06,0,8846.96,%sOxidizer Pressure Confirmation
4391,31.82,1927.23,108.63,544.72,817.69,707.02,708.22,13.39,0,0,0,0,0,1,1,0,0,7.06,0,8846.99,%sOxidizer Pressure Confirmation
4392,30.18,1927.23,108.63,544.72,817.69,707.02,708.22,13.26,0,0,0,0,0,1,1,0,0,7.06,0,8847.02,%sOxidizer Pressure Confirmation
4393,29.85,1927.23,108.63,544.72,817.69,707.02,708.22,13.26,0,0,0,0,0,1,1,0,0,7.05,0,8847.05,%sOxidizer Pressure Confirmation
4394,36.07,1927.31,108.63,544.72,817.69,707.02,708.22,13.26,0,0,0,0,0,1,1,0,0,7.05,0,8847.08,%sOxidizer Pressure Confirmation
4395,28.66,1927.31,108.53,544.74,817.69,707.02,708.22,13.26,0,0,0,0,0,1,1,0,0,7.05,0,8847.11,%sOxidizer Pressure Confirmation
4396,32.68,1927.31,108.53,544.74,817.76,707.02,708.22,13.26,0,0,0,0,0,1,1,0,0,7.05,0,8847.15,%sOxidizer Pressure Confirmation
4397,27.05,1927.31,108.53,544.74,817.76,707.32,708.42,13.26,0,0,0,0,0,1,1,0,0,7.05,0,8847.17,%sOxidizer Pressure Confirmation
4398,31.64,1927.31,108.53,544.74,817.76,707.32,708.42,13.48,0,0,0,0,0,1,1,0,0,7.05,0,8847.2,%sOxidizer Pressure Confirmation
4399,31.71,1927.31,108.53,544.74,817.76,707.32,708.42,13.48,0,0,0,0,0,1,1,0,0,7.05,0.01,8847.24,%sOxidizer Pressure Confirmation
4400,23.13,1926.87,108.53,544.74,817.76,707.32,708.42,13.48,0,0,0,0,0,1,1,0,0,7.05,0.01,8847.26,%sOxidizer Pressure Confirmation
4401,33.24,1926.87,108.53,544.62,817.76,707.32,708.42,13.48,0,0,0,0,0,1,1,0,0,7.05,0.01,8847.29,%sOxidizer Pressure Confirmation
4402,31.25,1926.87,108.53,544.62,817.61,707.05,708.83,13.48,0,0,0,0,0,1,1,0,0,7.05,0.01,8847.32,%sOxidizer Pressure Confirmation
4403,31.67,1926.87,108.53,544.62,817.61,707.05,708.83,13.88,0,0,0,0,0,1,1,0,0,7.05,0.01,8847.35,%sOxidizer Pressure Confirmation
4404,25.84,1926.87,108.53,544.62,817.61,707.05,708.83,13.88,0,0,0,0,0,1,1,0,0,7.05,0.01,8847.38,%sOxidizer Pressure Confirmation
4405,27.22,1926.73,108.53,544.62,817.61,707.05,708.83,13.88,0,0,0,0,0,1,1,0,0,7.05,0.01,8847.41,%sOxidizer Pressure Confirmation
4406,24.66,1926.73,108.42,544.38,817.61,707.05,708.83,13.88,0,0,0,0,0,1,1,0,0,7.05,0.01,8847.43,%sOxidizer Pressure Confirmation
4407,49.1,1926.73,108.42,544.38,817.56,706.99,708.83,13.88,0,0,0,0,0,1,1,0,0,7.05,0.01,8847.48,%sOxidizer Pressure Confirmation
4408,25.17,1926.73,108.42,544.38,817.56,706.99,709.43,13.88,0,0,0,0,0,1,1,0,0,7.05,0.01,8847.51,%sOxidizer Pressure Confirmation
4409,24.72,1926.73,108.42,544.38,817.56,706.99,709.43,13.96,0,0,0,0,0,1,1,0,0,7.05,0.03,8847.53,%sOxidizer Pressure Confirmation
4410,36.19,1926.73,108.42,544.38,817.56,706.99,709.43,13.96,0,0,0,0,0,1,1,0,0,7.05,0.03,8847.57,%sOxidizer Pressure Confirmation
4411,25.19,1926,108.26,544.38,817.56,706.99,709.43,13.96,0,0,0,0,0,1,1,0,0,7.05,0.03,8847.59,%sOxidizer Pressure Confirmation
4412,30.37,1926,108.26,544.16,817.56,706.99,709.43,13.96,0,0,0,0,0,1,1,0,0,7.05,0.03,8847.62,%sOxidizer Pressure Confirmation
4413,29.36,1926,108.26,544.16,817.4,707.5,710.12,13.96,0,0,0,0,0,1,1,0,0,7.05,0.03,8847.65,%sOxidizer Pressure Confirmation
4414,31.75,1926,108.26,544.16,817.4,707.5,710.12,14.39,0,0,0,0,0,1,1,0,0,7.05,0.03,8847.68,%sOxidizer Pressure Confirmation
4415,24.36,1925.77,108.26,544.16,817.4,707.5,710.12,14.39,0,0,0,0,0,1,1,0,0,7.05,0.03,8847.71,%sOxidizer Pressure Confirmation
4416,25.26,1925.77,108.31,544.16,817.4,707.5,710.12,14.39,0,0,0,0,0,1,1,0,0,7.05,0.03,8847.73,%sOxidizer Pressure Confirmation
4417,37.24,1925.77,108.31,544.16,817.42,707.5,710.12,14.39,0,0,0,0,0,1,1,0,0,7.05,0.03,8847.77,%sOxidizer Pressure Confirmation
4418,26.42,1925.77,108.31,544.16,817.42,707.86,710.39,14.39,0,0,0,0,0,1,1,0,0,7.05,0.03,8847.8,%sOxidizer Pressure Confirmation
4419,28.27,1925.77,108.31,544.16,817.42,707.86,710.39,14.42,0,0,0,0,0,1,1,0,0,7.05,0.03,8847.83,%sOxidizer Pressure Confirmation
4420,23.74,1925.74,108.25,544.16,817.42,707.86,710.39,14.42,0,0,0,0,0,1,1,0,0,7.05,0.03,8847.85,%sOxidizer Pressure Confirmation
4421,28.14,1925.74,108.25,544.15,817.43,707.86,710.39,14.42,0,0,0,0,0,1,1,0,0,7.05,0.03,8847.88,%sOxidizer Pressure Confirmation
4422,26.63,1925.74,108.25,544.15,817.43,708.08,710.39,14.42,0,0,0,0,0,1,1,0,0,7.05,0.03,8847.9,%sOxidizer Pressure Confirmation
4423,27.57,1925.74,108.25,544.15,817.43,708.08,710.47,14.41,0,0,0,0,0,1,1,0,0,7.05,0.03,8847.93,%sOxidizer Pressure Confirmation
4424,30.29,1925.57,108.25,544.15,817.43,708.08,710.47,14.41,0,0,0,0,0,1,1,0,0,7.05,0.03,8847.96,%sOxidizer Pressure Confirmation
4425,25.62,1925.57,108.32,544.3,817.43,708.08,710.47,14.41,0,0,0,0,0,1,1,0,0,7.05,0.03,8847.99,%sOxidizer Pressure Confirmation
4426,23.56,1925.57,108.32,544.3,817.58,708.37,710.47,14.41,0,0,0,0,0,1,1,0,0,7.05,0.03,8848.01,%sOxidizer Pressure Confirmation
4427,26.19,1925.57,108.32,544.3,817.58,708.37,710.54,14.51,0,0,0,0,0,1,1,0,0,7.05,0.03,8848.04,%sOxidizer Pressure Confirmation
4428,29.6,1925.57,108.32,544.3,817.58,708.37,710.54,14.51,0,0,0,0,0,1,1,0,0,7.05,0.03,8848.07,%sOxidizer Pressure Confirmation
4429,23.58,1926.07,108.35,544.28,817.58,708.37,710.54,14.51,0,0,0,0,0,1,1,0,0,7.05,0.03,8848.09,%sOxidizer Pressure Confirmation
4430,32.57,1926.07,108.35,544.28,817.47,708.37,710.54,14.51,0,0,0,0,0,1,1,0,0,7.05,0.03,8848.12,%sOxidizer Pressure Confirmation
4431,25.6,1926.07,108.35,544.28,817.47,708.19,710.54,14.51,0,0,0,0,0,1,1,0,0,7.05,0.03,8848.15,%sOxidizer Pressure Confirmation
4432,24.64,1926.07,108.35,544.28,817.47,708.19,710.54,14.86,0,0,0,0,0,1,1,0,0,7.06,0.05,8848.17,%sOxidizer Pressure Confirmation
4433,27.62,1926.35,108.35,544.28,817.47,708.19,710.54,14.86,0,0,0,0,0,1,1,0,0,7.06,0.05,8848.2,%sOxidizer Pressure Confirmation
4434,24.02,1926.35,108.49,544.28,817.47,708.19,710.54,14.86,0,0,0,0,0,1,1,0,0,7.06,0.05,8848.23,%sOxidizer Pressure Confirmation
4435,27.74,1926.35,108.49,544.19,817.3,707.47,709.92,14.86,0,0,0,0,0,1,1,0,0,7.06,0.05,8848.25,%sOxidizer Pressure Confirmation
4436,30.83,1926.35,108.49,544.19,817.3,707.47,709.92,14.64,0,0,0,0,0,1,1,0,0,7.06,0.05,8848.28,%sOxidizer Pressure Confirmation
4437,25.61,1926,108.24,544.19,817.3,707.47,709.92,14.64,0,0,0,0,0,1,1,0,0,7.06,0.05,8848.31,%sOxidizer Pressure Confirmation
4438,28.28,1926,108.24,544.17,817.3,707.47,709.92,14.64,0,0,0,0,0,1,1,0,0,7.06,0.05,8848.34,%sOxidizer Pressure Confirmation
4439,28.19,1926,108.24,544.17,817.3,707.55,710.71,14.64,0,0,0,0,0,1,1,0,0,7.06,0.05,8848.37,%sOxidizer Pressure Confirmation
4440,21.77,1926,108.24,544.17,817.3,707.55,710.71,15.47,0,0,0,0,0,1,1,0,0,7.06,0.05,8848.39,%sOxidizer Pressure Confirmation
4441,26.42,1926.11,108.24,544.17,817.3,707.55,710.71,15.47,0,0,0,0,0,1,1,0,0,7.06,0.06,8848.41,%sOxidizer Pressure Confirmation
4442,27.68,1926.11,108.36,544.16,817.3,707.55,710.71,15.47,0,0,0,0,0,1,1,0,0,7.06,0.06,8848.44,%sOxidizer Pressure Confirmation
4443,26.85,1926.11,108.36,544.16,817.3,707.55,710.71,15.47,0,0,0,0,0,1,1,0,0,7.06,0.06,8848.47,%sOxidizer Pressure Confirmation
4444,25.07,1926.11,108.36,544.16,817.3,707.39,710.75,15.47,0,0,0,0,0,1,1,0,0,7.06,0.06,8848.49,%sOxidizer Pressure Confirmation
4445,27.69,1926.11,108.36,544.16,817.3,707.39,710.75,15.6,0,0,0,0,0,1,1,0,0,7.06,0.05,8848.52,%sOxidizer Pressure Confirmation
4446,31.7,1926.04,108.36,544.16,817.3,707.39,710.75,15.6,0,0,0,0,0,1,1,0,0,7.06,0.05,8848.55,%sOxidizer Pressure Confirmation
4447,33.32,1926.04,108.22,544.15,817.3,707.39,710.75,15.6,0,0,0,0,0,1,1,0,0,7.06,0.05,8848.59,%sOxidizer Pressure Confirmation
4448,29.52,1926.04,108.22,544.15,817.45,707.8,710.75,15.6,0,0,0,0,0,1,1,0,0,7.06,0.05,8848.62,%sOxidizer Pressure Confirmation
4449,30.61,1926.04,108.22,544.15,817.45,707.8,710.59,15.31,0,0,0,0,0,1,1,0,0,7.06,0.05,8848.65,%sOxidizer Pressure Confirmation
4450,25.19,1926.55,108.22,544.15,817.45,707.8,710.59,15.31,0,0,0,0,0,1,1,0,0,7.06,0.04,8848.67,%sOxidizer Pressure Confirmation
4451,31.63,1926.55,108.45,544.15,817.45,707.8,710.59,15.31,0,0,0,0,0,1,1,0,0,7.06,0.04,8848.7,%sOxidizer Pressure Confirmation
4452,30.62,1926.55,108.45,544.35,817.45,707.8,710.59,15.31,0,0,0,0,0,1,1,0,0,7.06,0.04,8848.73,%sOxidizer Pressure Confirmation
4453,33.25,1926.55,108.45,544.35,817.35,707.42,710.59,15.31,0,0,0,0,0,1,1,0,0,7.06,0.04,8848.77,%sOxidizer Pressure Confirmation
4454,26.66,1926.55,108.45,544.35,817.35,707.42,710.18,15.38,0,0,0,0,0,1,1,0,0,7.06,0.04,8848.79,%sOxidizer Pressure Confirmation
4455,31.49,1926.55,108.45,544.35,817.35,707.42,710.18,15.38,0,0,0,0,0,1,1,0,0,7.06,0.03,8848.83,%sOxidizer Pressure Confirmation
4456,24.31,1927.16,108.36,544.35,817.35,707.42,710.18,15.38,0,0,0,0,0,1,1,0,0,7.06,0.03,8848.85,%sOxidizer Pressure Confirmation
4457,34.6,1927.16,108.36,544.39,817.35,707.42,710.18,15.38,0,0,0,0,0,1,1,0,0,7.06,0.03,8848.88,%sOxidizer Pressure Confirmation
4458,23.59,1927.16,108.36,544.39,817.35,706.67,710.18,15.38,0,0,0,0,0,1,1,0,0,7.06,0.03,8848.91,%sOxidizer Pressure Confirmation
4459,26.22,1927.16,108.36,544.39,817.35,706.67,709.91,15.29,0,0,0,0,0,1,1,0,0,7.06,0.03,8848.93,%sOxidizer Pressure Confirmation
4460,40.96,1927.13,108.36,544.39,817.35,706.67,709.91,15.29,0,0,0,0,0,1,1,0,0,7.07,0.03,8848.98,%sOxidizer Pressure Confirmation
4461,25.69,1927.13,108.27,544.39,817.35,706.67,709.91,15.29,0,0,0,0,0,1,1,0,0,7.07,0.03,8849,%sOxidizer Pressure Confirmation
4462,25.9,1927.13,108.27,544.25,817.26,706.67,709.91,15.29,0,0,0,0,0,1,1,0,0,7.07,0.03,8849.03,%sOxidizer Pressure Confirmation
4463,24.6,1927.13,108.27,544.25,817.26,706.28,709.76,15.57,0,0,0,0,0,1,1,0,0,7.07,0.03,8849.05,%sOxidizer Pressure Confirmation
4464,26.37,1927.13,108.27,544.25,817.26,706.28,709.76,15.57,0,0,0,0,0,1,1,0,0,7.07,0.04,8849.08,%sOxidizer Pressure Confirmation
4465,26.9,1927.13,108.27,544.25,817.26,706.28,709.76,15.57,0,0,0,0,0,1,1,0,0,7.07,0.04,8849.1,%sOxidizer Pressure Confirmation
4466,24.57,1927.1,108.13,544.25,817.26,706.28,709.76,15.57,0,0,0,0,0,1,1,0,0,7.07,0.04,8849.13,%sOxidizer Pressure Confirmation
4467,31.69,1927.1,108.13,544.14,817.33,706.64,709.76,15.57,0,0,0,0,0,1,1,0,0,7.07,0.04,8849.16,%sOxidizer Pressure Confirmation
4468,25.76,1927.1,108.13,544.14,817.33,706.64,710.43,15.69,0,0,0,0,0,1,1,0,0,7.07,0.04,8849.19,%sOxidizer Pressure Confirmation
4469,26.85,1927.1,108.13,544.14,817.33,706.64,710.43,15.69,0,0,0,0,0,1,1,0,0,7.07,0.04,8849.21,%sOxidizer Pressure Confirmation
4470,31.76,1927.2,108.13,544.14,817.33,706.64,710.43,15.69,0,0,0,0,0,1,1,0,0,7.07,0.04,8849.25,%sOxidizer Pressure Confirmation
4471,27.83,1927.2,108.13,544.06,817.25,706.64,710.43,15.69,0,0,0,0,0,1,1,0,0,7.07,0.04,8849.27,%sOxidizer Pressure Confirmation
4472,30.7,1927.2,108.13,544.06,817.25,706.64,710.77,15.69,0,0,0,0,0,1,1,0,0,7.07,0.04,8849.3,%sOxidizer Pressure Confirmation
4473,23.81,1927.2,108.13,544.06,817.25,706.64,710.77,15.59,0,0,0,0,0,1,1,0,0,7.07,0.04,8849.33,%sOxidizer Pressure Confirmation
4474,30.19,1926.76,108.13,544.06,817.25,706.64,710.77,15.59,0,0,0,0,0,1,1,0,0,7.06,0.04,8849.36,%sOxidizer Pressure Confirmation
4475,28.9,1926.76,108.22,544.06,817.25,706.64,710.77,15.59,0,0,0,0,0,1,1,0,0,7.06,0.04,8849.39,%sOxidizer Pressure Confirmation
4476,25.74,1926.76,108.22,544.17,817.27,706.37,710.44,15.59,0,0,0,0,0,1,1,0,0,7.06,0.04,8849.41,%sOxidizer Pressure Confirmation
4477,28.77,1926.76,108.22,544.17,817.27,706.37,710.44,15.17,0,0,0,0,0,1,1,0,0,7.06,0.04,8849.44,%sOxidizer Pressure Confirmation
4478,27.62,1926.76,108.22,544.17,817.27,706.37,710.44,15.17,0,0,0,0,0,1,1,0,0,7.05,0.03,8849.47,%sOxidizer Pressure Confirmation
4479,25.27,1926.59,108.21,544.37,817.27,706.37,710.44,15.17,0,0,0,0,0,1,1,0,0,7.05,0.03,8849.49,%sOxidizer Pressure Confirmation
4480,26.5,1926.59,108.21,544.37,817.37,706.42,710.44,15.17,0,0,0,0,0,1,1,0,0,7.05,0.03,8849.52,%sOxidizer Pressure Confirmation
4481,24.18,1926.59,108.21,544.37,817.37,706.42,710.45,15.15,0,0,0,0,0,1,1,0,0,7.05,0.03,8849.54,%sOxidizer Pressure Confirmation
4482,26.59,1926.59,108.21,544.37,817.37,706.42,710.45,15.15,0,0,0,0,0,1,1,0,0,7.06,0.03,8849.57,%sOxidizer Pressure Confirmation
4483,25.09,1926.97,108.47,544.46,817.37,706.42,710.45,15.15,0,0,0,0,0,1,1,0,0,7.06,0.03,8849.6,%sOxidizer Pressure Confirmation
4484,33.93,1926.97,108.47,544.46,817.46,706.42,710.45,15.15,0,0,0,0,0,1,1,0,0,7.06,0.03,8849.63,%sOxidizer Pressure Confirmation
4485,25.11,1926.97,108.47,544.46,817.46,706.47,709.79,15.15,0,0,0,0,0,1,1,0,0,7.06,0.03,8849.66,%sOxidizer Pressure Confirmation
4486,26.21,1926.97,108.47,544.46,817.46,706.47,709.79,14.37,0,0,0,0,0,1,1,0,0,7.06,0.03,8849.68,%sOxidizer Pressure Confirmation
4487,26,1926.69,108.31,544.46,817.46,706.47,709.79,14.37,0,0,0,0,0,1,1,0,0,7.06,0.03,8849.71,%sOxidizer Pressure Confirmation
4488,23.59,1926.69,108.31,544.39,817.46,706.47,709.79,14.37,0,0,0,0,0,1,1,0,0,7.06,0.03,8849.73,%sOxidizer Pressure Confirmation
4489,26.37,1926.69,108.31,544.39,817.26,706.47,709.79,14.37,0,0,0,0,0,1,1,0,0,7.06,0.03,8849.76,%sOxidizer Pressure Confirmation
4490,23.09,1926.69,108.31,544.39,817.26,706.13,709.89,14.63,0,0,0,0,0,1,1,0,0,7.06,0.04,8849.78,%sOxidizer Pressure Confirmation
4491,24.14,1926.7,108.29,544.39,817.26,706.13,709.89,14.63,0,0,0,0,0,1,1,0,0,7.07,0.04,8849.81,%sOxidizer Pressure Confirmation
4492,27.68,1926.7,108.29,544.37,817.26,706.13,709.89,14.63,0,0,0,0,0,1,1,0,0,7.07,0.04,8849.83,%sOxidizer Pressure Confirmation
4493,25.04,1926.7,108.29,544.37,817.16,705.7,709.89,14.63,0,0,0,0,0,1,1,0,0,7.07,0.04,8849.86,%sOxidizer Pressure Confirmation
4494,22.22,1926.7,108.29,544.37,817.16,705.7,709.96,14.86,0,0,0,0,0,1,1,0,0,7.06,0.05,8849.88,%sOxidizer Pressure Confirmation
4495,34.6,1926.19,108.29,544.37,817.16,705.7,709.96,14.86,0,0,0,0,0,1,1,0,0,7.06,0.05,8849.91,%sOxidizer Pressure Confirmation
4496,22.12,1926.19,108.12,544.37,817.16,705.7,709.96,14.86,0,0,0,0,0,1,1,0,0,7.06,0.05,8849.94,%sOxidizer Pressure Confirmation
4497,27.61,1926.19,108.12,544.15,817.17,706.07,710.46,14.86,0,0,0,0,0,1,1,0,0,7.06,0.05,8849.96,%sOxidizer Pressure Confirmation
4498,28.07,1926.19,108.12,544.15,817.17,706.07,710.46,15.19,0,0,0,0,0,1,1,0,0,7.06,0.05,8849.99,%sOxidizer Pressure Confirmation
4499,29.56,1926.1,108.12,544.15,817.17,706.07,710.46,15.19,0,0,0,0,0,1,1,0,0,7.06,0.05,8850.02,%sOxidizer Pressure Confirmation
4500,28.56,1926.1,108.27,544.09,817.21,706.07,710.46,15.19,0,0,0,0,0,1,1,0,0,7.06,0.05,8850.05,%sOxidizer Pressure Confirmation
4501,25.16,1926.1,108.27,544.09,817.21,706.18,710.03,15.19,0,0,0,0,0,1,1,0,0,7.06,0.05,8850.08,%sOxidizer Pressure Confirmation
4502,22.14,1926.1,108.27,544.09,817.21,706.18,710.03,14.99,0,0,0,0,0,1,1,0,0,7.06,0.05,8850.1,%sOxidizer Pressure Confirmation
4503,28.37,1925.94,108.27,544.09,817.21,706.18,710.03,14.99,0,0,0,0,0,1,1,0,0,7.06,0.05,8850.13,%sOxidizer Pressure Confirmation
4504,30.51,1925.94,108.21,544.14,817.21,706.18,710.03,14.99,0,0,0,0,0,1,1,0,0,7.06,0.05,8850.16,%sOxidizer Pressure Confirmation
4505,23.44,1925.94,108.21,544.14,817.42,707.02,710.67,14.99,0,0,0,0,0,1,1,0,0,7.06,0.05,8850.18,%sOxidizer Pressure Confirmation
4506,25.03,1925.94,108.21,544.14,817.42,707.02,710.67,15.22,0,0,0,0,0,1,1,0,0,7.06,0.04,8850.21,%sOxidizer Pressure Confirmation
4507,24.73,1925.9,108.21,544.14,817.42,707.02,710.67,15.22,0,0,0,0,0,1,1,0,0,7.06,0.04,8850.23,%sOxidizer Pressure Confirmation
4508,27.9,1925.9,108.27,544.24,817.42,707.02,710.67,15.22,0,0,0,0,0,1,1,0,0,7.06,0.04,8850.26,%sOxidizer Pressure Confirmation
4509,23.68,1925.9,108.27,544.24,817.44,706.28,710,15.12,0,0,0,0,0,1,1,0,0,7.06,0.04,8850.28,%sOxidizer Pressure Confirmation
4510,24.87,1925.98,108.27,544.24,817.44,706.28,710,15.12,0,0,0,0,0,1,1,0,0,7.06,0.04,8850.31,%sOxidizer Pressure Confirmation
4511,24.62,1925.98,108.27,544.28,817.44,706.28,710,15.12,0,0,0,0,0,1,1,0,0,7.06,0.04,8850.33,%sOxidizer Pressure Confirmation
4512,29.4,1925.98,108.27,544.28,817.4,705.82,709.6,15.12,0,0,0,0,0,1,1,0,0,7.06,0.04,8850.36,%sOxidizer Pressure Confirmation
4513,27.95,1925.98,108.27,544.28,817.4,705.82,709.6,15.18,0,0,0,0,0,1,1,0,0,7.06,0.04,8850.39,%sOxidizer Pressure Confirmation
4514,26.04,1926.15,108.27,544.28,817.4,705.82,709.6,15.18,0,0,0,0,0,1,1,0,0,7.06,0.04,8850.41,%sOxidizer Pressure Confirmation
4515,24.81,1926.15,108.4,544.39,817.4,705.82,709.6,15.18,0,0,0,0,0,1,1,0,0,7.06,0.04,8850.44,%sOxidizer Pressure Confirmation
4516,25.89,1926.15,108.4,544.39,817.4,705.74,709.63,15.2,0,0,0,0,0,1,1,0,0,7.06,0.04,8850.47,%sOxidizer Pressure Confirmation
4517,27.95,1926.15,108.4,544.39,817.4,705.74,709.63,15.2,0,0,0,0,0,1,1,0,0,7.06,0.05,8850.49,%sOxidizer Pressure Confirmation
4518,23.93,1926.55,108.35,544.37,817.4,705.74,709.63,15.2,0,0,0,0,0,1,1,0,0,7.06,0.05,8850.52,%sOxidizer Pressure Confirmation
4519,22.58,1926.55,108.35,544.37,817.35,705.69,709.63,15.2,0,0,0,0,0,1,1,0,0,7.06,0.05,8850.54,%sOxidizer Pressure Confirmation
4520,22.24,1926.55,108.35,544.37,817.35,705.69,709.61,15.2,0,0,0,0,0,1,1,0,0,7.06,0.04,8850.56,%sOxidizer Pressure Confirmation
4521,26.19,1926.52,108.28,544.37,817.35,705.69,709.61,15.2,0,0,0,0,0,1,1,0,0,7.06,0.04,8850.59,%sOxidizer Pressure Confirmation
4522,23.74,1926.52,108.28,544.47,817.37,705.69,709.61,15.2,0,0,0,0,0,1,1,0,0,7.06,0.04,8850.61,%sOxidizer Pressure Confirmation
4523,25.03,1926.52,108.28,544.47,817.37,705.68,709.58,15.2,0,0,0,0,0,1,1,0,0,7.06,0.04,8850.64,%sOxidizer Pressure Confirmation
4524,25.42,1926.52,108.28,544.47,817.37,705.68,709.58,15.24,0,0,0,0,0,1,1,0,0,7.06,0.04,8850.66,%sOxidizer Pressure Confirmation
4525,25.67,1926.94,108.44,544.59,817.37,705.68,709.58,15.24,0,0,0,0,0,1,1,0,0,7.06,0.04,8850.69,%sOxidizer Pressure Confirmation
4526,29.17,1926.94,108.44,544.59,817.44,705.68,709.58,15.24,0,0,0,0,0,1,1,0,0,7.06,0.04,8850.72,%sOxidizer Pressure Confirmation
4527,22.82,1926.94,108.44,544.59,817.44,705.63,708.99,15.24,0,0,0,0,0,1,1,0,0,7.06,0.04,8850.74,%sOxidizer Pressure Confirmation
4528,27.2,1927.3,108.44,544.59,817.44,705.63,708.99,14.62,0,0,0,0,0,1,1,0,0,7.06,0.02,8850.77,%sOxidizer Pressure Confirmation
4529,23.57,1927.3,108.58,544.74,817.44,705.63,708.99,14.62,0,0,0,0,0,1,1,0,0,7.06,0.02,8850.79,%sOxidizer Pressure Confirmation
4530,43.43,1927.3,108.58,544.74,817.47,705.41,708.7,14.62,0,0,0,0,0,1,1,0,0,7.06,0.02,8850.83,%sOxidizer Pressure Confirmation
4531,23.77,1927.3,108.58,544.74,817.47,705.41,708.7,14.33,0,0,0,0,0,1,1,0,0,7.06,0.02,8850.86,%sOxidizer Pressure Confirmation
4532,23.71,1928.05,108.58,544.74,817.47,705.41,708.7,14.33,0,0,0,0,0,1,1,0,0,7.06,0.02,8850.88,%sOxidizer Pressure Confirmation
4533,26.29,1928.05,108.78,544.77,817.45,705.41,708.7,14.33,0,0,0,0,0,1,1,0,0,7.06,0.02,8850.91,%sOxidizer Pressure Confirmation
4534,26.45,1928.05,108.78,544.77,817.45,705.08,708.1,14.33,0,0,0,0,0,1,1,0,0,7.06,0.02,8850.93,%sOxidizer Pressure Confirmation
4535,31.85,1928.05,108.78,544.77,817.45,705.08,708.1,13.84,0,0,0,0,0,1,1,0,0,7.07,0.03,8850.97,%sOxidizer Pressure Confirmation
4536,27.58,1928.04,108.79,544.87,817.45,705.08,708.1,13.84,0,0,0,0,0,1,1,0,0,7.07,0.03,8850.99,%sOxidizer Pressure Confirmation
4537,27.32,1928.04,108.79,544.87,817.39,705.12,708.1,13.84,0,0,0,0,0,1,1,0,0,7.07,0.03,8851.02,%sOxidizer Pressure Confirmation
4538,25.09,1928.04,108.79,544.87,817.39,705.12,708.22,13.84,0,0,0,0,0,1,1,0,0,7.07,0.03,8851.05,%sOxidizer Pressure Confirmation
4539,22.2,1928.04,108.79,544.87,817.39,705.12,708.22,13.68,0,0,0,0,0,1,1,0,0,7.07,0.03,8851.07,%sOxidizer Pressure Confirmation
4540,24.69,1928.19,108.79,544.85,817.39,705.12,708.22,13.68,0,0,0,0,0,1,1,0,0,7.07,0.03,8851.09,%sOxidizer Pressure Confirmation
4541,27.03,1928.19,108.79,544.85,817.17,704.47,708.22,13.68,0,0,0,0,0,1,1,0,0,7.07,0.03,8851.12,%sOxidizer Pressure Confirmation
4542,23.03,1928.19,108.79,544.85,817.17,704.47,707.83,13.5,0,0,0,0,0,1,1,0,0,7.07,0.03,8851.14,%sOxidizer Pressure Confirmation
4543,27.41,1928.27,108.7,544.85,817.17,704.47,707.83,13.5,0,0,0,0,0,1,1,0,0,7.07,0.04,8851.17,%sOxidizer Pressure Confirmation
4544,24.23,1928.27,108.7,544.74,817.14,704.47,707.83,13.5,0,0,0,0,0,1,1,0,0,7.07,0.04,8851.19,%sOxidizer Pressure Confirmation
4545,31.77,1928.27,108.7,544.74,817.14,705.19,708.37,13.5,0,0,0,0,0,1,1,0,0,7.07,0.04,8851.23,%sOxidizer Pressure Confirmation
4546,25.52,1928.27,108.7,544.74,817.14,705.19,708.37,13.64,0,0,0,0,0,1,1,0,0,7.07,0.05,8851.25,%sOxidizer Pressure Confirmation
4547,26.03,1928.61,108.82,544.74,817.14,705.19,708.37,13.64,0,0,0,0,0,1,1,0,0,7.07,0.05,8851.28,%sOxidizer Pressure Confirmation
4548,23.14,1928.61,108.82,544.75,817.18,705.19,708.37,13.64,0,0,0,0,0,1,1,0,0,7.07,0.05,8851.3,%sOxidizer Pressure Confirmation
4549,27.02,1928.61,108.82,544.75,817.18,705.18,708.43,13.63,0,0,0,0,0,1,1,0,0,7.07,0.05,8851.33,%sOxidizer Pressure Confirmation
4550,27.58,1928.72,108.82,544.75,817.18,705.18,708.43,13.63,0,0,0,0,0,1,1,0,0,7.07,0.05,8851.36,%sOxidizer Pressure Confirmation
4551,24.15,1928.72,108.68,544.56,817.18,705.18,708.43,13.63,0,0,0,0,0,1,1,0,0,7.07,0.05,8851.38,%sOxidizer Pressure Confirmation
4552,25.06,1928.72,108.68,544.56,817.25,705.29,708.36,13.63,0,0,0,0,0,1,1,0,0,7.07,0.05,8851.4,%sOxidizer Pressure Confirmation
4553,21.1,1928.72,108.68,544.56,817.25,705.29,708.36,13.57,0,0,0,0,0,1,1,0,0,7.07,0.05,8851.43,%sOxidizer Pressure Confirmation
4554,24.64,1928.72,108.68,544.56,817.25,705.29,708.36,13.57,0,0,0,0,0,1,1,0,0,7.07,0.04,8851.45,%sOxidizer Pressure Confirmation
4555,21.63,1928.3,108.81,544.61,817.42,705.29,708.36,13.57,0,0,0,0,0,1,1,0,0,7.07,0.04,8851.47,%sOxidizer Pressure Confirmation
4556,28.59,1928.3,108.81,544.61,817.42,705.39,708.48,13.57,0,0,0,0,0,1,1,0,0,7.07,0.04,8851.5,%sOxidizer Pressure Confirmation
4557,26.15,1928.3,108.81,544.61,817.42,705.39,708.48,13.67,0,0,0,0,0,1,1,0,0,7.07,0.04,8851.53,%sOxidizer Pressure Confirmation
4558,27.54,1927.75,108.88,544.61,817.42,705.39,708.48,13.67,0,0,0,0,0,1,1,0,0,7.06,0.04,8851.55,%sOxidizer Pressure Confirmation
4559,25.16,1927.75,108.88,544.59,817.42,705.39,708.48,13.67,0,0,0,0,0,1,1,0,0,7.06,0.04,8851.58,%sOxidizer Pressure Confirmation
4560,24.99,1927.75,108.88,544.59,817.56,705.41,708.47,13.67,0,0,0,0,0,1,1,0,0,7.06,0.04,8851.6,%sOxidizer Pressure Confirmation
4561,22.04,1927.75,108.88,544.59,817.56,705.41,708.47,13.63,0,0,0,0,0,1,1,0,0,7.06,0.04,8851.63,%sOxidizer Pressure Confirmation
4562,23.07,1927.8,108.96,544.59,817.56,705.41,708.47,13.63,0,0,0,0,0,1,1,0,0,7.06,0.04,8851.65,%sOxidizer Pressure Confirmation
4563,24.73,1927.8,108.96,544.61,817.62,705.26,708.47,13.63,0,0,0,0,0,1,1,0,0,7.06,0.04,8851.67,%sOxidizer Pressure Confirmation
4564,26.81,1927.8,108.96,544.61,817.62,705.26,708.36,13.56,0,0,0,0,0,1,1,0,0,7.06,0.04,8851.7,%sOxidizer Pressure Confirmation
4565,25.12,1928.04,108.96,544.61,817.62,705.26,708.36,13.56,0,0,0,0,0,1,1,0,0,7.07,0.05,8851.73,%sOxidizer Pressure Confirmation
4566,29.59,1928.04,109,544.55,817.58,705.46,708.36,13.56,0,0,0,0,0,1,1,0,0,7.07,0.05,8851.76,%sOxidizer Pressure Confirmation
4567,27.51,1928.04,109,544.55,817.58,705.46,708.49,13.56,0,0,0,0,0,1,1,0,0,7.07,0.05,8851.78,%sOxidizer Pressure Confirmation
4568,21.27,1928.04,109,544.55,817.58,705.46,708.49,13.71,0,0,0,0,0,1,1,0,0,7.06,0.04,8851.8,%sOxidizer Pressure Confirmation
4569,26.29,1927.6,109,544.55,817.58,705.46,708.49,13.71,0,0,0,0,0,1,1,0,0,7.06,0.04,8851.83,%sOxidizer Pressure Confirmation
4570,25.07,1927.6,108.8,544.62,817.57,705.21,708.44,13.71,0,0,0,0,0,1,1,0,0,7.06,0.04,8851.86,%sOxidizer Pressure Confirmation
4571,28.37,1927.6,108.8,544.62,817.57,705.21,708.44,13.69,0,0,0,0,0,1,1,0,0,7.06,0.04,8851.88,%sOxidizer Pressure Confirmation
4572,26.59,1927.54,108.78,544.62,817.57,705.21,708.44,13.69,0,0,0,0,0,1,1,0,0,7.06,0.04,8851.91,%sOxidizer Pressure Confirmation
4573,24.11,1927.54,108.78,544.67,817.57,705.21,708.44,13.69,0,0,0,0,0,1,1,0,0,7.06,0.04,8851.94,%sOxidizer Pressure Confirmation
4574,22.75,1927.54,108.78,544.67,817.74,705.12,708.42,13.69,0,0,0,0,0,1,1,0,0,7.06,0.04,8851.96,%sOxidizer Pressure Confirmation
4575,21.77,1927.48,108.95,544.67,817.74,705.12,708.42,13.68,0,0,0,0,0,1,1,0,0,7.05,0.02,8851.98,%sOxidizer Pressure Confirmation
4576,28.4,1927.48,108.95,544.79,817.79,705.12,708.42,13.68,0,0,0,0,0,1,1,0,0,7.05,0.02,8852.01,%sOxidizer Pressure Confirmation
4577,25.71,1927.48,108.95,544.79,817.79,704.89,708.17,13.68,0,0,0,0,0,1,1,0,0,7.05,0.02,8852.03,%sOxidizer Pressure Confirmation
4578,24.35,1927.48,108.95,544.79,817.79,704.89,708.17,13.37,0,0,0,0,0,1,1,0,0,7.05,0.01,8852.06,%sOxidizer Pressure Confirmation
4579,24.88,1927.73,109.02,544.76,817.79,704.89,708.17,13.37,0,0,0,0,0,1,1,0,0,7.06,0.01,8852.08,%sOxidizer Pressure Confirmation
4580,24.68,1927.73,109.02,544.76,817.61,704.28,707.6,13.37,0,0,0,0,0,1,1,0,0,7.06,0.01,8852.11,%sOxidizer Pressure Confirmation
4581,23.78,1927.73,109.02,544.76,817.61,704.28,707.6,13.47,0,0,0,0,0,1,1,0,0,7.06,0.01,8852.13,%sOxidizer Pressure Confirmation
4582,21.15,1927.81,109.02,544.76,817.61,704.28,707.6,13.47,0,0,0,0,0,1,1,0,0,7.06,0.02,8852.15,%sOxidizer Pressure Confirmation
4583,25.48,1927.81,108.87,544.55,817.61,704.28,707.6,13.47,0,0,0,0,0,1,1,0,0,7.06,0.02,8852.18,%sOxidizer Pressure Confirmation
4584,25.09,1927.81,108.87,544.55,817.51,704.43,707.58,13.6,0,0,0,0,0,1,1,0,0,7.06,0.02,8852.2,%sOxidizer Pressure Confirmation
4585,24.63,1927.81,108.87,544.55,817.51,704.43,707.58,13.6,0,0,0,0,0,1,1,0,0,7.07,0.03,8852.23,%sOxidizer Pressure Confirmation
4586,26.23,1928.21,108.92,544.55,817.51,704.43,707.58,13.6,0,0,0,0,0,1,1,0,0,7.07,0.03,8852.25,%sOxidizer Pressure Confirmation
4587,25.06,1928.21,108.92,544.57,817.39,704.51,707.58,13.6,0,0,0,0,0,1,1,0,0,7.07,0.03,8852.28,%sOxidizer Pressure Confirmation
4588,25.98,1928.21,108.92,544.57,817.39,704.51,707.65,13.7,0,0,0,0,0,1,1,0,0,7.07,0.03,8852.31,%sOxidizer Pressure Confirmation
4589,26.53,1928.21,108.92,544.57,817.39,704.51,707.65,13.7,0,0,0,0,0,1,1,0,0,7.07,0.03,8852.33,%sOxidizer Pressure Confirmation
4590,23.07,1928.21,108.92,544.57,817.39,704.51,707.65,13.7,0,0,0,0,0,1,1,0,0,7.07,0.03,8852.35,%sOxidizer Pressure Confirmation
4591,27.24,1928.61,108.8,544.51,817.2,704.51,707.65,13.7,0,0,0,0,0,1,1,0,0,7.07,0.03,8852.38,%sOxidizer Pressure Confirmation
4592,26.1,1928.61,108.8,544.51,817.2,704.51,707.65,13.7,0,0,0,0,0,1,1,0,0,7.07,0.03,8852.41,%sOxidizer Pressure Confirmation
4593,23.72,1928.61,108.8,544.51,817.2,704.35,707.63,13.7,0,0,0,0,0,1,1,0,0,7.07,0.03,8852.43,%sOxidizer Pressure Confirmation
4594,30.67,1928.61,108.8,544.51,817.2,704.35,707.63,13.63,0,0,0,0,0,1,1,0,0,7.08,0.03,8852.46,%sOxidizer Pressure Confirmation
4595,30.19,1928.61,108.8,544.51,817.2,704.35,707.63,13.63,0,0,0,0,0,1,1,0,0,7.08,0.03,8852.49,%sOxidizer Pressure Confirmation
4596,27.7,1928.97,108.67,544.49,817.2,704.35,707.63,13.63,0,0,0,0,0,1,1,0,0,7.08,0.03,8852.52,%sOxidizer Pressure Confirmation
4597,33.74,1928.97,108.67,544.49,817.03,704.35,707.63,13.63,0,0,0,0,0,1,1,0,0,7.08,0.03,8852.55,%sOxidizer Pressure Confirmation
4598,33.74,1928.97,108.67,544.49,817.03,704.17,707.66,13.62,0,0,0,0,0,1,1,0,0,7.08,0.03,8852.59,%sOxidizer Pressure Confirmation
4599,26.16,1928.97,108.67,544.49,817.03,704.17,707.66,13.62,0,0,0,0,0,1,1,0,0,7.08,0.02,8852.61,%sOxidizer Pressure Confirmation
4600,29.64,1928.97,108.67,544.49,817.03,704.17,707.66,13.62,0,0,0,0,0,1,1,0,0,7.08,0.02,8852.64,%sOxidizer Pressure Confirmation
4601,32.18,1929.34,108.67,544.61,817.03,704.17,707.66,13.62,0,0,0,0,0,1,1,0,0,7.08,0.02,8852.68,%sOxidizer Pressure Confirmation
4602,22.09,1929.34,108.67,544.61,817.03,704.17,707.66,13.62,0,0,0,0,0,1,1,0,0,7.08,0.02,8852.7,%sOxidizer Pressure Confirmation
4603,23.72,1929.34,108.67,544.61,817.11,704.17,707.66,13.62,0,0,0,0,0,1,1,0,0,7.08,0.02,8852.72,%sOxidizer Pressure Confirmation
4604,38.54,1929.34,108.67,544.61,817.11,704.48,707.86,13.62,0,0,0,0,0,1,1,0,0,7.08,0.02,8852.76,%sOxidizer Pressure Confirmation
4605,34.2,1929.34,108.67,544.61,817.11,704.48,707.86,13.77,0,0,0,0,0,1,1,0,0,7.08,0.02,8852.79,%sOxidizer Pressure Confirmation
4606,35.3,1929.34,108.67,544.61,817.11,704.48,707.86,13.77,0,0,0,0,0,1,1,0,0,7.08,0.02,8852.83,%sOxidizer Pressure Confirmation
4607,29.69,1929.21,108.67,544.61,817.11,704.48,707.86,13.77,0,0,0,0,0,1,1,0,0,7.08,0.02,8852.86,%sOxidizer Pressure Confirmation
4608,35.09,1929.21,108.63,544.55,817.11,704.48,707.86,13.77,0,0,0,0,0,1,1,0,0,7.08,0.02,8852.89,%sOxidizer Pressure Confirmation
4609,33.66,1929.21,108.63,544.55,817.12,704.48,707.86,13.77,0,0,0,0,0,1,1,0,0,7.08,0.02,8852.93,%sOxidizer Pressure Confirmation
4610,26.32,1929.21,108.63,544.55,817.12,704.24,707.81,13.77,0,0,0,0,0,1,1,0,0,7.08,0.02,8852.95,%sOxidizer Pressure Confirmation
4611,36.82,1929.21,108.63,544.55,817.12,704.24,707.81,13.64,0,0,0,0,0,1,1,0,0,7.08,0.02,8852.99,%sOxidizer Pressure Confirmation
4612,35.3,1929.21,108.63,544.55,817.12,704.24,707.81,13.64,0,0,0,0,0,1,1,0,0,7.08,0.02,8853.03,%sOxidizer Pressure Confirmation
4613,29.25,1929.48,108.53,544.55,817.12,704.24,707.81,13.64,0,0,0,0,0,1,1,0,0,7.08,0.02,8853.06,%sOxidizer Pressure Confirmation
4614,35.81,1929.48,108.53,544.55,817.12,704.24,707.81,13.64,0,0,0,0,0,1,1,0,0,7.08,0.02,8853.09,%sOxidizer Pressure Confirmation
4615,30.69,1929.48,108.53,544.55,817.28,704.24,707.81,13.64,0,0,0,0,0,1,1,0,0,7.08,0.02,8853.12,%sOxidizer Pressure Confirmation
4616,30.63,1929.48,108.53,544.55,817.28,705.03,707.81,13.64,0,0,0,0,0,1,1,0,0,7.08,0.02,8853.15,%sOxidizer Pressure Confirmation
4617,25.27,1929.48,108.53,544.55,817.28,705.03,707.81,13.71,0,0,0,0,0,1,1,0,0,7.08,0.03,8853.18,%sOxidizer Pressure Confirmation
4618,29.63,1929.48,108.53,544.55,817.28,705.03,707.81,13.71,0,0,0,0,0,1,1,0,0,7.08,0.03,8853.21,%sOxidizer Pressure Confirmation
4619,25.18,1929.52,108.55,544.55,817.28,705.03,707.81,13.71,0,0,0,0,0,1,1,0,0,7.08,0.03,8853.23,%sOxidizer Pressure Confirmation
4620,29.69,1929.52,108.55,544.42,817.28,705.03,707.81,13.71,0,0,0,0,0,1,1,0,0,7.08,0.03,8853.26,%sOxidizer Pressure Confirmation
4621,31.3,1929.52,108.55,544.42,817.1,705.02,707.81,13.71,0,0,0,0,0,1,1,0,0,7.08,0.03,8853.29,%sOxidizer Pressure Confirmation
4622,38.33,1929.52,108.55,544.42,817.1,705.02,707.77,13.71,0,0,0,0,0,1,1,0,0,7.08,0.03,8853.33,%sOxidizer Pressure Confirmation
4623,28.63,1929.52,108.55,544.42,817.1,705.02,707.77,13.85,0,0,0,0,0,1,1,0,0,7.08,0.05,8853.36,%sOxidizer Pressure Confirmation
4624,27.12,1929.52,108.55,544.42,817.1,705.02,707.77,13.85,0,0,0,0,0,1,1,0,0,7.09,0.05,8853.39,%sOxidizer Pressure Confirmation
4625,27.16,1929.92,108.44,544.32,817.1,705.02,707.77,13.85,0,0,0,0,0,1,1,0,0,7.09,0.05,8853.42,%sOxidizer Pressure Confirmation
4626,26.58,1929.92,108.44,544.32,817.08,705.02,707.77,13.85,0,0,0,0,0,1,1,0,0,7.09,0.05,8853.44,%sOxidizer Pressure Confirmation
4627,33.15,1929.92,108.44,544.32,817.08,705.21,707.77,13.85,0,0,0,0,0,1,1,0,0,7.09,0.05,8853.48,%sOxidizer Pressure Confirmation
4628,28.76,1929.92,108.44,544.32,817.08,705.21,707.83,14.03,0,0,0,0,0,1,1,0,0,7.09,0.05,8853.5,%sOxidizer Pressure Confirmation
4629,28.17,1929.92,108.44,544.32,817.08,705.21,707.83,14.03,0,0,0,0,0,1,1,0,0,7.09,0.04,8853.53,%sOxidizer Pressure Confirmation
4630,22.03,1929.92,108.44,544.32,817.08,705.21,707.83,14.03,0,0,0,0,0,1,1,0,0,7.09,0.04,8853.55,%sOxidizer Pressure Confirmation
4631,24.18,1930.35,108.49,544.32,817.08,705.21,707.83,14.03,0,0,0,0,0,1,1,0,0,7.09,0.04,8853.58,%sOxidizer Pressure Confirmation
4632,31.79,1930.35,108.49,544.27,817.1,705.21,707.83,14.03,0,0,0,0,0,1,1,0,0,7.09,0.04,8853.61,%sOxidizer Pressure Confirmation
4633,25.9,1930.35,108.49,544.27,817.1,705.22,707.83,14.03,0,0,0,0,0,1,1,0,0,7.09,0.04,8853.64,%sOxidizer Pressure Confirmation
4634,26.61,1930.35,108.49,544.27,817.1,705.22,707.84,14.01,0,0,0,0,0,1,1,0,0,7.09,0.03,8853.66,%sOxidizer Pressure Confirmation
4635,32.97,1929.89,108.49,544.27,817.1,705.22,707.84,14.01,0,0,0,0,0,1,1,0,0,7.09,0.03,8853.7,%sOxidizer Pressure Confirmation
4636,28.93,1929.89,108.38,544.5,817.1,705.22,707.84,14.01,0,0,0,0,0,1,1,0,0,7.09,0.03,8853.72,%sOxidizer Pressure Confirmation
4637,24.41,1929.89,108.38,544.5,817.27,705.22,707.84,14.01,0,0,0,0,0,1,1,0,0,7.09,0.03,8853.75,%sOxidizer Pressure Confirmation
4638,27.34,1929.89,108.38,544.5,817.27,705.57,707.84,14.01,0,0,0,0,0,1,1,0,0,7.09,0.03,8853.78,%sOxidizer Pressure Confirmation
4639,26.5,1929.89,108.38,544.5,817.27,705.57,707.84,13.91,0,0,0,0,0,1,1,0,0,7.08,0.02,8853.8,%sOxidizer Pressure Confirmation
4640,32.49,1929.56,108.38,544.5,817.27,705.57,707.84,13.91,0,0,0,0,0,1,1,0,0,7.08,0.02,8853.84,%sOxidizer Pressure Confirmation
4641,30.63,1929.56,108.28,544.52,817.35,705.57,707.84,13.91,0,0,0,0,0,1,1,0,0,7.08,0.02,8853.87,%sOxidizer Pressure Confirmation
4642,23.16,1929.56,108.28,544.52,817.35,705.69,707.77,13.91,0,0,0,0,0,1,1,0,0,7.08,0.02,8853.89,%sOxidizer Pressure Confirmation
4643,24.02,1929.56,108.28,544.52,817.35,705.69,707.77,13.83,0,0,0,0,0,1,1,0,0,7.08,0.03,8853.91,%sOxidizer Pressure Confirmation
4644,27.66,1929.57,108.28,544.52,817.35,705.69,707.77,13.83,0,0,0,0,0,1,1,0,0,7.08,0.03,8853.94,%sOxidizer Pressure Confirmation
4645,28.62,1929.57,108.4,544.49,817.39,705.69,707.77,13.83,0,0,0,0,0,1,1,0,0,7.08,0.03,8853.97,%sOxidizer Pressure Confirmation
4646,28.59,1929.57,108.4,544.49,817.39,705.71,707.77,13.83,0,0,0,0,0,1,1,0,0,7.08,0.03,8854,%sOxidizer Pressure Confirmation
4647,24.6,1929.57,108.4,544.49,817.39,705.71,707.95,14.12,0,0,0,0,0,1,1,0,0,7.08,0.03,8854.02,%sOxidizer Pressure Confirmation
4648,27.91,1929.35,108.4,544.49,817.39,705.71,707.95,14.12,0,0,0,0,0,1,1,0,0,7.08,0.03,8854.05,%sOxidizer Pressure Confirmation
4649,32.12,1929.35,108.41,544.46,817.52,705.71,707.95,14.12,0,0,0,0,0,1,1,0,0,7.08,0.03,8854.08,%sOxidizer Pressure Confirmation
4650,31.67,1929.35,108.41,544.46,817.52,705.73,707.7,14.12,0,0,0,0,0,1,1,0,0,7.08,0.03,8854.11,%sOxidizer Pressure Confirmation
4651,28.69,1929.35,108.41,544.46,817.52,705.73,707.7,14.02,0,0,0,0,0,1,1,0,0,7.08,0.04,8854.14,%sOxidizer Pressure Confirmation
4652,35.2,1929.35,108.41,544.46,817.52,705.73,707.7,14.02,0,0,0,0,0,1,1,0,0,7.07,0.04,8854.18,%sOxidizer Pressure Confirmation
4653,24.5,1928.59,108.24,544.46,817.52,705.73,707.7,14.02,0,0,0,0,0,1,1,0,0,7.07,0.04,8854.2,%sOxidizer Pressure Confirmation
4654,33.74,1928.59,108.24,544.23,817.52,705.73,707.7,14.02,0,0,0,0,0,1,1,0,0,7.07,0.04,8854.24,%sOxidizer Pressure Confirmation
4655,34.24,1928.59,108.24,544.23,817.37,705.93,707.7,14.02,0,0,0,0,0,1,1,0,0,7.07,0.04,8854.27,%sOxidizer Pressure Confirmation
4656,29.24,1928.59,108.24,544.23,817.37,705.93,708.01,14.02,0,0,0,0,0,1,1,0,0,7.07,0.04,8854.3,%sOxidizer Pressure Confirmation
4657,24.12,1928.59,108.24,544.23,817.37,705.93,708.01,14.27,0,0,0,0,0,1,1,0,0,7.07,0.04,8854.32,%sOxidizer Pressure Confirmation
4658,31.76,1928.26,108.24,544.23,817.37,705.93,708.01,14.27,0,0,0,0,0,1,1,0,0,7.07,0.04,8854.36,%sOxidizer Pressure Confirmation
4659,27.19,1928.26,108.14,544.21,817.37,705.93,708.01,14.27,0,0,0,0,0,1,1,0,0,7.07,0.04,8854.38,%sOxidizer Pressure Confirmation
4660,35.27,1928.26,108.14,544.21,817.4,705.93,708.01,14.27,0,0,0,0,0,1,1,0,0,7.07,0.04,8854.42,%sOxidizer Pressure Confirmation
4661,27.42,1928.26,108.14,544.21,817.4,706.77,708.54,14.27,0,0,0,0,0,1,1,0,0,7.07,0.04,8854.45,%sOxidizer Pressure Confirmation
4662,26.47,1928.26,108.14,544.21,817.4,706.77,708.54,14.27,0,0,0,0,0,1,1,0,0,7.07,0.04,8854.47,%sOxidizer Pressure Confirmation
4663,23.72,1928.26,108.14,544.21,817.4,706.77,708.54,14.85,0,0,0,0,0,1,1,0,0,7.07,0.04,8854.5,%sOxidizer Pressure Confirmation
4664,38.32,1928.26,108.14,544.21,817.4,706.77,708.54,14.85,0,0,0,0,0,1,1,0,0,7.07,0.04,8854.53,%sOxidizer Pressure Confirmation
4665,30.75,1928.26,108.14,544.21,817.4,706.77,708.54,14.85,0,0,0,0,0,1,1,0,0,7.07,0.04,8854.56,%sOxidizer Pressure Confirmation
4666,27.26,1927.75,108.12,544.21,817.4,706.77,708.54,14.85,0,0,0,0,0,1,1,0,0,7.07,0.04,8854.59,%sOxidizer Pressure Confirmation
4667,31.75,1927.75,108.12,544.14,817.4,706.77,708.54,14.85,0,0,0,0,0,1,1,0,0,7.07,0.04,8854.62,%sOxidizer Pressure Confirmation
4668,31.64,1927.75,108.12,544.14,817.33,706.77,708.54,14.85,0,0,0,0,0,1,1,0,0,7.07,0.04,8854.66,%sOxidizer Pressure Confirmation
4669,36.86,1927.75,108.12,544.14,817.33,706.65,709.1,14.85,0,0,0,0,0,1,1,0,0,7.07,0.04,8854.69,%sOxidizer Pressure Confirmation
4670,38.31,1927.75,108.12,544.14,817.33,706.65,709.1,15.38,0,0,0,0,0,1,1,0,0,7.07,0.04,8854.73,%sOxidizer Pressure Confirmation
4671,26.09,1927.75,108.12,544.14,817.33,706.65,709.1,15.38,0,0,0,0,0,1,1,0,0,7.07,0.04,8854.76,%sOxidizer Pressure Confirmation
4672,27.24,1927.75,108.12,544.14,817.33,706.65,709.1,15.38,0,0,0,0,0,1,1,0,0,7.07,0.04,8854.78,%sOxidizer Pressure Confirmation
4673,34.29,1927.71,108.12,544.14,817.33,706.65,709.1,15.38,0,0,0,0,0,1,1,0,0,7.07,0.04,8854.82,%sOxidizer Pressure Confirmation
4674,32.81,1927.71,107.91,544.14,817.33,706.65,709.1,15.38,0,0,0,0,0,1,1,0,0,7.07,0.04,8854.85,%sOxidizer Pressure Confirmation
4675,27.21,1927.71,107.91,544.23,817.59,706.65,709.1,15.38,0,0,0,0,0,1,1,0,0,7.07,0.04,8854.88,%sOxidizer Pressure Confirmation
4676,36.84,1927.71,107.91,544.23,817.59,707.08,709.1,15.38,0,0,0,0,0,1,1,0,0,7.07,0.04,8854.91,%sOxidizer Pressure Confirmation
4677,42.88,1927.71,107.91,544.23,817.59,707.08,709.08,15.38,0,0,0,0,0,1,1,0,0,7.07,0.04,8854.96,%sOxidizer Pressure Confirmation
4678,27.66,1927.71,107.91,544.23,817.59,707.08,709.08,15.24,0,0,0,0,0,1,1,0,0,7.07,0.03,8854.99,%sOxidizer Pressure Confirmation
4679,32.25,1927.71,107.91,544.23,817.59,707.08,709.08,15.24,0,0,0,0,0,1,1,0,0,7.07,0.03,8855.02,%sOxidizer Pressure Confirmation
4680,31.63,1927.68,107.91,544.23,817.59,707.08,709.08,15.24,0,0,0,0,0,1,1,0,0,7.07,0.03,8855.05,%sOxidizer Pressure Confirmation
4681,35.19,1927.68,107.82,544.26,817.59,707.08,709.08,15.24,0,0,0,0,0,1,1,0,0,7.07,0.03,8855.08,%sOxidizer Pressure Confirmation
4682,31.8,1927.68,107.82,544.26,817.65,707.11,709.08,15.24,0,0,0,0,0,1,1,0,0,7.07,0.03,8855.12,%sOxidizer Pressure Confirmation
4683,26.6,1927.68,107.82,544.26,817.65,707.11,709.42,15.24,0,0,0,0,0,1,1,0,0,7.07,0.03,8855.14,%sOxidizer Pressure Confirmation
4684,33.18,1927.68,107.82,544.26,817.65,707.11,709.42,15.47,0,0,0,0,0,1,1,0,0,7.07,0.03,8855.18,%sOxidizer Pressure Confirmation
4685,27.65,1927.68,107.82,544.26,817.65,707.11,709.42,15.47,0,0,0,0,0,1,1,0,0,7.07,0.04,8855.2,%sOxidizer Pressure Confirmation
4686,28.72,1927.38,107.82,544.26,817.65,707.11,709.42,15.47,0,0,0,0,0,1,1,0,0,7.07,0.04,8855.23,%sOxidizer Pressure Confirmation
4687,26.54,1927.38,107.79,544.27,817.65,707.11,709.42,15.47,0,0,0,0,0,1,1,0,0,7.07,0.04,8855.26,%sOxidizer Pressure Confirmation
4688,40.75,1927.38,107.79,544.27,817.74,707.11,709.42,15.47,0,0,0,0,0,1,1,0,0,7.07,0.04,8855.3,%sOxidizer Pressure Confirmation
4689,29.75,1927.38,107.79,544.27,817.74,707.87,709.42,15.47,0,0,0,0,0,1,1,0,0,7.07,0.04,8855.33,%sOxidizer Pressure Confirmation
4690,31.63,1927.38,107.79,544.27,817.74,707.87,710.11,15.64,0,0,0,0,0,1,1,0,0,7.07,0.04,8855.36,%sOxidizer Pressure Confirmation
4691,33.99,1927.38,107.79,544.27,817.74,707.87,710.11,15.64,0,0,0,0,0,1,1,0,0,7.07,0.05,8855.4,%sOxidizer Pressure Confirmation
4692,26.68,1927.39,107.78,544.27,817.74,707.87,710.11,15.64,0,0,0,0,0,1,1,0,0,7.07,0.05,8855.42,%sOxidizer Pressure Confirmation
4693,33.51,1927.39,107.78,544.04,817.74,707.87,710.11,15.64,0,0,0,0,0,1,1,0,0,7.07,0.05,8855.46,%sOxidizer Pressure Confirmation
4694,27.15,1927.39,107.78,544.04,817.57,708.04,710.11,15.64,0,0,0,0,0,1,1,0,0,7.07,0.05,8855.48,%sOxidizer Pressure Confirmation
4695,59.36,1927.39,107.78,544.04,817.57,708.04,710.86,16.27,0,0,0,0,0,1,1,0,0,7.07,0.05,8855.54,%sOxidizer Pressure Confirmation
4696,32.32,1927.39,107.78,544.04,817.57,708.04,710.86,16.27,0,0,0,0,0,1,1,0,0,7.07,0.05,8855.57,%sOxidizer Pressure Confirmation
4697,22.69,1927.23,107.78,544.04,817.57,708.04,710.86,16.27,0,0,0,0,0,1,1,0,0,7.07,0.05,8855.6,%sOxidizer Pressure Confirmation
4698,24.3,1927.23,107.85,544.01,817.54,708.04,710.86,16.27,0,0,0,0,0,1,1,0,0,7.07,0.05,8855.62,%sOxidizer Pressure Confirmation
4699,28.73,1927.23,107.85,544.01,817.54,707.96,710.86,16.27,0,0,0,0,0,1,1,0,0,7.07,0.05,8855.65,%sOxidizer Pressure Confirmation
4700,28.09,1927.23,107.85,544.01,817.54,707.96,711.01,16.27,0,0,0,0,0,1,1,0,0,7.07,0.05,8855.68,%sOxidizer Pressure Confirmation
4701,26.92,1927.23,107.85,544.01,817.54,707.96,711.01,16.33,0,0,0,0,0,1,1,0,0,7.07,0.03,8855.7,%sOxidizer Pressure Confirmation
4702,27.7,1927.46,107.84,544.01,817.54,707.96,711.01,16.33,0,0,0,0,0,1,1,0,0,7.07,0.03,8855.73,%sOxidizer Pressure Confirmation
4703,27.68,1927.46,107.84,544.11,817.62,708.02,711.01,16.33,0,0,0,0,0,1,1,0,0,7.07,0.03,8855.76,%sOxidizer Pressure Confirmation
4704,29.13,1927.46,107.84,544.11,817.62,708.02,710.78,16.33,0,0,0,0,0,1,1,0,0,7.07,0.03,8855.79,%sOxidizer Pressure Confirmation
4705,21.09,1927.46,107.84,544.11,817.62,708.02,710.78,16.12,0,0,0,0,0,1,1,0,0,7.07,0.03,8855.81,%sOxidizer Pressure Confirmation
4706,22.09,1927.46,107.84,544.11,817.62,708.02,710.78,16.12,0,0,0,0,0,1,1,0,0,7.07,0.03,8855.83,%sOxidizer Pressure Confirmation
4707,29.62,1927.88,107.91,544.23,817.62,708.02,710.78,16.12,0,0,0,0,0,1,1,0,0,7.07,0.03,8855.86,%sOxidizer Pressure Confirmation
4708,28.12,1927.88,107.91,544.23,817.58,708.02,710.78,16.12,0,0,0,0,0,1,1,0,0,7.07,0.03,8855.89,%sOxidizer Pressure Confirmation
4709,27.64,1927.88,107.91,544.23,817.58,708.12,711.02,16.12,0,0,0,0,0,1,1,0,0,7.07,0.03,8855.92,%sOxidizer Pressure Confirmation
4710,23.08,1927.88,107.91,544.23,817.58,708.12,711.02,16.24,0,0,0,0,0,1,1,0,0,7.07,0.03,8855.94,%sOxidizer Pressure Confirmation
4711,25.12,1927.91,107.91,544.23,817.58,708.12,711.02,16.24,0,0,0,0,0,1,1,0,0,7.07,0.03,8855.97,%sOxidizer Pressure Confirmation
4712,25.1,1927.91,107.9,544.27,817.58,708.12,711.02,16.24,0,0,0,0,0,1,1,0,0,7.07,0.03,8855.99,%sOxidizer Pressure Confirmation
4713,26.6,1927.91,107.9,544.27,817.62,708.12,711.02,16.24,0,0,0,0,0,1,1,0,0,7.07,0.03,8856.02,%sOxidizer Pressure Confirmation
4714,25.11,1927.91,107.9,544.27,817.62,707.88,711.04,16.64,0,0,0,0,0,1,1,0,0,7.07,0.03,8856.04,%sOxidizer Pressure Confirmation
4715,26.5,1927.91,107.9,544.27,817.62,707.88,711.04,16.64,0,0,0,0,0,1,1,0,0,7.07,0.03,8856.07,%sOxidizer Pressure Confirmation
4716,25.38,1927.75,107.9,544.27,817.62,707.88,711.04,16.64,0,0,0,0,0,1,1,0,0,7.07,0.03,8856.09,%sOxidizer Pressure Confirmation
4717,22.99,1927.75,107.98,544.47,817.62,707.88,711.04,16.64,0,0,0,0,0,1,1,0,0,7.07,0.03,8856.12,%sOxidizer Pressure Confirmation
4718,25.71,1927.75,107.98,544.47,817.77,707.8,711.04,16.64,0,0,0,0,0,1,1,0,0,7.07,0.03,8856.14,%sOxidizer Pressure Confirmation
4719,32.6,1927.75,107.98,544.47,817.77,707.8,710.75,16.08,0,0,0,0,0,1,1,0,0,7.07,0.03,8856.18,%sOxidizer Pressure Confirmation
4720,22.63,1927.75,107.98,544.47,817.77,707.8,710.75,16.08,0,0,0,0,0,1,1,0,0,7.07,0.04,8856.2,%sOxidizer Pressure Confirmation
4721,25.02,1928.03,108.02,544.57,817.77,707.8,710.75,16.08,0,0,0,0,0,1,1,0,0,7.07,0.04,8856.22,%sOxidizer Pressure Confirmation
4722,25.21,1928.03,108.02,544.57,817.72,707.06,710.75,16.08,0,0,0,0,0,1,1,0,0,7.07,0.04,8856.25,%sOxidizer Pressure Confirmation
4723,32.97,1928.03,108.02,544.57,817.72,707.06,710.16,16.08,0,0,0,0,0,1,1,0,0,7.07,0.04,8856.28,%sOxidizer Pressure Confirmation
4724,24.92,1928.03,108.02,544.57,817.72,707.06,710.16,15.42,0,0,0,0,0,1,1,0,0,7.07,0.03,8856.31,%sOxidizer Pressure Confirmation
4725,29.03,1928.02,108.16,544.57,817.72,707.06,710.16,15.42,0,0,0,0,0,1,1,0,0,7.07,0.03,8856.34,%sOxidizer Pressure Confirmation
4726,27.59,1928.02,108.16,544.64,817.72,707.06,710.16,15.42,0,0,0,0,0,1,1,0,0,7.07,0.03,8856.36,%sOxidizer Pressure Confirmation
4727,22.54,1928.02,108.16,544.64,817.52,706.61,710.2,15.42,0,0,0,0,0,1,1,0,0,7.07,0.03,8856.39,%sOxidizer Pressure Confirmation
4728,29.65,1928.02,108.16,544.64,817.52,706.61,710.2,15.38,0,0,0,0,0,1,1,0,0,7.08,0.05,8856.42,%sOxidizer Pressure Confirmation
4729,23.64,1927.87,108.16,544.64,817.52,706.61,710.2,15.38,0,0,0,0,0,1,1,0,0,7.08,0.05,8856.44,%sOxidizer Pressure Confirmation
4730,27.11,1927.87,108.17,544.59,817.52,706.61,710.2,15.38,0,0,0,0,0,1,1,0,0,7.08,0.05,8856.47,%sOxidizer Pressure Confirmation
4731,25.09,1927.87,108.17,544.59,817.47,706.77,710.14,15.38,0,0,0,0,0,1,1,0,0,7.08,0.05,8856.49,%sOxidizer Pressure Confirmation
4732,25.47,1927.87,108.17,544.59,817.47,706.77,710.14,15.27,0,0,0,0,0,1,1,0,0,7.07,0.04,8856.52,%sOxidizer Pressure Confirmation
4733,25.33,1927.87,108.17,544.59,817.47,706.77,710.14,15.27,0,0,0,0,0,1,1,0,0,7.07,0.04,8856.54,%sOxidizer Pressure Confirmation
4734,26.59,1927.49,108.15,544.65,817.61,706.77,710.14,15.27,0,0,0,0,0,1,1,0,0,7.07,0.04,8856.57,%sOxidizer Pressure Confirmation
4735,27.74,1927.49,108.15,544.65,817.61,706.49,710.14,15.27,0,0,0,0,0,1,1,0,0,7.07,0.04,8856.6,%sOxidizer Pressure Confirmation
4736,27.49,1927.49,108.15,544.65,817.61,706.49,709.68,15.27,0,0,0,0,0,1,1,0,0,7.07,0.04,8856.62,%sOxidizer Pressure Confirmation
4737,27.46,1927.4,108.15,544.65,817.61,706.49,709.68,14.89,0,0,0,0,0,1,1,0,0,7.07,0.03,8856.65,%sOxidizer Pressure Confirmation
4738,25.95,1927.4,108.15,544.65,817.61,706.49,709.68,14.89,0,0,0,0,0,1,1,0,0,7.07,0.03,8856.68,%sOxidizer Pressure Confirmation
4739,42.07,1927.4,108.13,544.79,817.84,706.49,709.68,14.89,0,0,0,0,0,1,1,0,0,7.07,0.03,8856.72,%sOxidizer Pressure Confirmation
4740,28.22,1927.4,108.13,544.79,817.84,706.42,709.68,14.89,0,0,0,0,0,1,1,0,0,7.07,0.03,8856.75,%sOxidizer Pressure Confirmation
4741,24.85,1927.4,108.13,544.79,817.84,706.42,709.1,14.33,0,0,0,0,0,1,1,0,0,7.07,0.03,8856.77,%sOxidizer Pressure Confirmation
4742,33.24,1927.21,108.11,544.79,817.84,706.42,709.1,14.33,0,0,0,0,0,1,1,0,0,7.07,0.03,8856.81,%sOxidizer Pressure Confirmation
4743,22.89,1927.21,108.11,544.88,817.84,706.42,709.1,14.33,0,0,0,0,0,1,1,0,0,7.07,0.03,8856.83,%sOxidizer Pressure Confirmation
4744,25.75,1927.21,108.11,544.88,817.82,706.4,709,14.31,0,0,0,0,0,1,1,0,0,7.07,0.03,8856.85,%sOxidizer Pressure Confirmation
4745,23.02,1927.21,108.11,544.88,817.82,706.4,709,14.31,0,0,0,0,0,1,1,0,0,7.07,0.05,8856.88,%sOxidizer Pressure Confirmation
4746,29.06,1926.49,107.86,544.88,817.82,706.4,709,14.31,0,0,0,0,0,1,1,0,0,7.07,0.05,8856.91,%sOxidizer Pressure Confirmation
4747,26.54,1926.49,107.86,544.69,817.71,706.52,709,14.31,0,0,0,0,0,1,1,0,0,7.07,0.05,8856.93,%sOxidizer Pressure Confirmation
4748,34.72,1926.49,107.86,544.69,817.71,706.52,709.3,14.31,0,0,0,0,0,1,1,0,0,7.07,0.05,8856.97,%sOxidizer Pressure Confirmation
4749,22.78,1925.83,107.86,544.69,817.71,706.52,709.3,15,0,0,0,0,0,1,1,0,0,7.06,0.05,8856.99,%sOxidizer Pressure Confirmation
4750,35.66,1925.83,107.86,544.69,817.71,706.52,709.3,15,0,0,0,0,0,1,1,0,0,7.06,0.05,8857.03,%sOxidizer Pressure Confirmation
4751,22.62,1925.83,107.73,544.69,817.71,706.52,709.3,15,0,0,0,0,0,1,1,0,0,7.06,0.05,8857.05,%sOxidizer Pressure Confirmation
4752,24.87,1925.83,107.73,544.54,817.75,706.73,709.49,15,0,0,0,0,0,1,1,0,0,7.06,0.05,8857.07,%sOxidizer Pressure Confirmation
4753,25.2,1925.83,107.73,544.54,817.75,706.73,709.49,15.32,0,0,0,0,0,1,1,0,0,7.06,0.05,8857.1,%sOxidizer Pressure Confirmation
4754,35.62,1926.5,107.73,544.54,817.75,706.73,709.49,15.32,0,0,0,0,0,1,1,0,0,7.07,0.06,8857.13,%sOxidizer Pressure Confirmation
4755,41.62,1926.5,107.74,544.52,817.75,706.73,709.49,15.32,0,0,0,0,0,1,1,0,0,7.07,0.06,8857.18,%sOxidizer Pressure Confirmation
4756,31.33,1926.5,107.74,544.52,817.78,706.64,709.49,15.32,0,0,0,0,0,1,1,0,0,7.07,0.06,8857.21,%sOxidizer Pressure Confirmation
4757,31.7,1926.5,107.74,544.52,817.78,706.64,709.21,14.77,0,0,0,0,0,1,1,0,0,7.07,0.06,8857.24,%sOxidizer Pressure Confirmation
4758,27.04,1926.7,107.74,544.52,817.78,706.64,709.21,14.77,0,0,0,0,0,1,1,0,0,7.07,0.06,8857.27,%sOxidizer Pressure Confirmation
4759,25.26,1926.7,107.68,544.37,817.78,706.64,709.21,14.77,0,0,0,0,0,1,1,0,0,7.07,0.06,8857.29,%sOxidizer Pressure Confirmation
4760,24.98,1926.7,107.68,544.37,817.71,706.44,709.32,14.77,0,0,0,0,0,1,1,0,0,7.07,0.06,8857.32,%sOxidizer Pressure Confirmation
4761,23.62,1926.7,107.68,544.37,817.71,706.44,709.32,15.1,0,0,0,0,0,1,1,0,0,7.07,0.06,8857.34,%sOxidizer Pressure Confirmation
4762,26.07,1926.34,107.68,544.37,817.71,706.44,709.32,15.1,0,0,0,0,0,1,1,0,0,7.07,0.06,8857.37,%sOxidizer Pressure Confirmation
4763,30.22,1926.34,107.67,544.26,817.71,706.44,709.32,15.1,0,0,0,0,0,1,1,0,0,7.07,0.06,8857.4,%sOxidizer Pressure Confirmation
4764,26.56,1926.34,107.67,544.26,817.78,707.33,710.22,15.1,0,0,0,0,0,1,1,0,0,7.07,0.06,8857.42,%sOxidizer Pressure Confirmation
4765,23.1,1926.34,107.67,544.26,817.78,707.33,710.22,15.94,0,0,0,0,0,1,1,0,0,7.06,0.06,8857.45,%sOxidizer Pressure Confirmation
4766,35.7,1925.91,107.67,544.26,817.78,707.33,710.22,15.94,0,0,0,0,0,1,1,0,0,7.06,0.06,8857.48,%sOxidizer Pressure Confirmation
4767,26.63,1925.91,107.63,544.09,817.89,707.33,710.22,15.94,0,0,0,0,0,1,1,0,0,7.06,0.06,8857.51,%sOxidizer Pressure Confirmation
4768,28.19,1925.91,107.63,544.09,817.89,707.65,710.22,15.94,0,0,0,0,0,1,1,0,0,7.06,0.06,8857.54,%sOxidizer Pressure Confirmation
4769,27.35,1925.91,107.63,544.09,817.89,707.65,710.54,15.94,0,0,0,0,0,1,1,0,0,7.06,0.06,8857.56,%sOxidizer Pressure Confirmation
4770,23.6,1925.62,107.63,544.09,817.89,707.65,710.54,16.25,0,0,0,0,0,1,1,0,0,7.06,0.06,8857.59,%sOxidizer Pressure Confirmation
4771,25.41,1925.62,107.74,544.09,817.89,707.65,710.54,16.25,0,0,0,0,0,1,1,0,0,7.06,0.06,8857.61,%sOxidizer Pressure Confirmation
4772,38.17,1925.62,107.74,544.09,817.96,707.65,710.54,16.25,0,0,0,0,0,1,1,0,0,7.06,0.06,8857.65,%sOxidizer Pressure Confirmation
4773,26.62,1925.62,107.74,544.09,817.96,707.6,710.59,16.28,0,0,0,0,0,1,1,0,0,7.06,0.06,8857.68,%sOxidizer Pressure Confirmation
4774,23.58,1925.62,107.74,544.09,817.96,707.6,710.59,16.28,0,0,0,0,0,1,1,0,0,7.06,0.07,8857.7,%sOxidizer Pressure Confirmation
4775,25.07,1925.66,107.8,544.09,817.96,707.6,710.59,16.28,0,0,0,0,0,1,1,0,0,7.06,0.07,8857.73,%sOxidizer Pressure Confirmation
4776,28.38,1925.66,107.8,544.09,817.79,707.31,710.87,16.28,0,0,0,0,0,1,1,0,0,7.06,0.07,8857.76,%sOxidizer Pressure Confirmation
4777,20.76,1925.66,107.8,544.09,817.79,707.31,710.87,16.66,0,0,0,0,0,1,1,0,0,7.06,0.07,8857.78,%sOxidizer Pressure Confirmation
4778,26.11,1925.85,107.8,544.09,817.79,707.31,710.87,16.66,0,0,0,0,0,1,1,0,0,7.06,0.07,8857.8,%sOxidizer Pressure Confirmation
4779,23.1,1925.85,107.79,544.09,817.79,707.31,710.87,16.66,0,0,0,0,0,1,1,0,0,7.06,0.07,8857.82,%sOxidizer Pressure Confirmation
4780,24.53,1925.85,107.79,543.98,817.57,706.88,710.72,16.66,0,0,0,0,0,1,1,0,0,7.06,0.07,8857.85,%sOxidizer Pressure Confirmation
4781,24.99,1925.85,107.79,543.98,817.57,706.88,710.72,16.91,0,0,0,0,0,1,1,0,0,7.06,0.08,8857.87,%sOxidizer Pressure Confirmation
4782,26.62,1926.33,107.79,543.98,817.57,706.88,710.72,16.91,0,0,0,0,0,1,1,0,0,7.07,0.08,8857.9,%sOxidizer Pressure Confirmation
4783,22.06,1926.33,107.74,543.98,817.57,706.88,710.72,16.91,0,0,0,0,0,1,1,0,0,7.07,0.08,8857.92,%sOxidizer Pressure Confirmation
4784,24.74,1926.33,107.74,543.79,817.52,706.87,710.72,16.91,0,0,0,0,0,1,1,0,0,7.07,0.08,8857.95,%sOxidizer Pressure Confirmation
4785,22.76,1926.33,107.74,543.79,817.52,706.87,710.71,17.18,0,0,0,0,0,1,1,0,0,7.06,0.08,8857.97,%sOxidizer Pressure Confirmation
4786,28.45,1926.42,107.79,543.9,817.52,706.87,710.71,17.18,0,0,0,0,0,1,1,0,0,7.06,0.08,8858,%sOxidizer Pressure Confirmation
4787,28.59,1926.42,107.79,543.9,817.52,706.87,710.71,17.18,0,0,0,0,0,1,1,0,0,7.06,0.08,8858.03,%sOxidizer Pressure Confirmation
4788,26.02,1926.42,107.79,543.9,817.68,707.18,710.8,17.18,0,0,0,0,0,1,1,0,0,7.06,0.08,8858.05,%sOxidizer Pressure Confirmation
4789,21.05,1926.42,107.79,543.9,817.68,707.18,710.8,16.68,0,0,0,0,0,1,1,0,0,7.06,0.08,8858.07,%sOxidizer Pressure Confirmation
4790,23.25,1926.49,107.79,543.9,817.68,707.18,710.8,16.68,0,0,0,0,0,1,1,0,0,7.06,0.07,8858.1,%sOxidizer Pressure Confirmation
4791,34.68,1926.49,107.78,543.98,817.68,707.18,710.8,16.68,0,0,0,0,0,1,1,0,0,7.06,0.07,8858.13,%sOxidizer Pressure Confirmation
4792,29.64,1926.49,107.78,543.98,817.76,707.18,710.8,16.68,0,0,0,0,0,1,1,0,0,7.06,0.07,8858.16,%sOxidizer Pressure Confirmation
4793,26.36,1926.49,107.78,543.98,817.76,707.49,710.65,16.68,0,0,0,0,0,1,1,0,0,7.06,0.07,8858.19,%sOxidizer Pressure Confirmation
4794,23.02,1926.49,107.78,543.98,817.76,707.49,710.65,16.29,0,0,0,0,0,1,1,0,0,7.06,0.07,8858.21,%sOxidizer Pressure Confirmation
4795,27.69,1925.99,107.97,543.98,817.76,707.49,710.65,16.29,0,0,0,0,0,1,1,0,0,7.06,0.04,8858.24,%sOxidizer Pressure Confirmation
4796,28.6,1925.99,107.97,544.19,817.76,707.49,710.65,16.29,0,0,0,0,0,1,1,0,0,7.06,0.04,8858.27,%sOxidizer Pressure Confirmation
4797,24.75,1925.99,107.97,544.19,817.88,707.88,710.65,16.29,0,0,0,0,0,1,1,0,0,7.06,0.04,8858.29,%sOxidizer Pressure Confirmation
4798,23.08,1925.99,107.97,544.19,817.88,707.88,710.63,16.29,0,0,0,0,0,1,1,0,0,7.06,0.04,8858.32,%sOxidizer Pressure Confirmation
4799,23.59,1925.85,107.97,544.19,817.88,707.88,710.63,16.22,0,0,0,0,0,1,1,0,0,7.06,0.03,8858.34,%sOxidizer Pressure Confirmation
4800,28.6,1925.85,107.98,544.33,817.88,707.88,710.63,16.22,0,0,0,0,0,1,1,0,0,7.06,0.03,8858.37,%sOxidizer Pressure Confirmation
4801,25.71,1925.85,107.98,544.33,818.02,708.09,710.63,16.22,0,0,0,0,0,1,1,0,0,7.06,0.03,8858.39,%sOxidizer Pressure Confirmation
4802,26.67,1925.85,107.98,544.33,818.02,708.09,710.83,15.86,0,0,0,0,0,1,1,0,0,7.06,0.03,8858.42,%sOxidizer Pressure Confirmation
4803,27.6,1925.97,107.98,544.33,818.02,708.09,710.83,15.86,0,0,0,0,0,1,1,0,0,7.06,0.03,8858.45,%sOxidizer Pressure Confirmation
4804,24.81,1925.97,107.97,544.44,818.02,708.09,710.83,15.86,0,0,0,0,0,1,1,0,0,7.06,0.03,8858.47,%sOxidizer Pressure Confirmation
4805,23.11,1925.97,107.97,544.44,818.03,708.09,710.83,15.86,0,0,0,0,0,1,1,0,0,7.06,0.03,8858.5,%sOxidizer Pressure Confirmation
4806,22.65,1925.97,107.97,544.44,818.03,707.78,710.37,15.43,0,0,0,0,0,1,1,0,0,7.06,0.03,8858.52,%sOxidizer Pressure Confirmation
4807,37.72,1925.97,107.97,544.44,818.03,707.78,710.37,15.43,0,0,0,0,0,1,1,0,0,7.06,0.04,8858.56,%sOxidizer Pressure Confirmation
4808,53.06,1925.99,107.97,544.44,818.03,707.78,710.37,15.43,0,0,0,0,0,1,1,0,0,7.06,0.04,8858.61,%sOxidizer Pressure Confirmation
4809,30.69,1925.99,107.87,544.49,818.03,707.78,710.37,15.43,0,0,0,0,0,1,1,0,0,7.06,0.04,8858.64,%sOxidizer Pressure Confirmation
4810,37.67,1925.99,107.87,544.49,817.96,707.78,710.37,15.43,0,0,0,0,0,1,1,0,0,7.06,0.04,8858.68,%sOxidizer Pressure Confirmation
4811,31.77,1925.99,107.87,544.49,817.96,707.63,710.51,15.43,0,0,0,0,0,1,1,0,0,7.06,0.04,8858.71,%sOxidizer Pressure Confirmation
4812,25.06,1925.99,107.87,544.49,817.96,707.63,710.51,15.73,0,0,0,0,0,1,1,0,0,7.06,0.04,8858.73,%sOxidizer Pressure Confirmation
4813,23.21,1925.99,107.87,544.49,817.96,707.63,710.51,15.73,0,0,0,0,0,1,1,0,0,7.06,0.04,8858.76,%sOxidizer Pressure Confirmation
4814,24.15,1926.05,107.87,544.49,817.96,707.63,710.51,15.73,0,0,0,0,0,1,1,0,0,7.06,0.04,8858.78,%sOxidizer Pressure Confirmation
4815,28.77,1926.05,107.78,544.51,817.96,707.63,710.51,15.73,0,0,0,0,0,1,1,0,0,7.06,0.04,8858.81,%sOxidizer Pressure Confirmation
4816,32.43,1926.05,107.78,544.51,817.93,707.52,710.51,15.73,0,0,0,0,0,1,1,0,0,7.06,0.04,8858.84,%sOxidizer Pressure Confirmation
4817,36.86,1926.05,107.78,544.51,817.93,707.52,710.67,15.73,0,0,0,0,0,1,1,0,0,7.06,0.04,8858.88,%sOxidizer Pressure Confirmation
4818,29.75,1926.05,107.78,544.51,817.93,707.52,710.67,15.97,0,0,0,0,0,1,1,0,0,7.06,0.04,8858.91,%sOxidizer Pressure Confirmation
4819,28.12,1926.05,107.78,544.51,817.93,707.52,710.67,15.97,0,0,0,0,0,1,1,0,0,7.06,0.05,8858.94,%sOxidizer Pressure Confirmation
4820,32.79,1926.01,107.78,544.51,817.93,707.52,710.67,15.97,0,0,0,0,0,1,1,0,0,7.06,0.05,8858.97,%sOxidizer Pressure Confirmation
4821,28.87,1926.01,107.66,544.51,817.93,707.52,710.67,15.97,0,0,0,0,0,1,1,0,0,7.06,0.05,8859,%sOxidizer Pressure Confirmation
4822,28.06,1926.01,107.66,544.47,817.92,707.52,710.67,15.97,0,0,0,0,0,1,1,0,0,7.06,0.05,8859.03,%sOxidizer Pressure Confirmation
4823,28.59,1926.01,107.66,544.47,817.92,707.42,710.7,15.97,0,0,0,0,0,1,1,0,0,7.06,0.05,8859.06,%sOxidizer Pressure Confirmation
4824,30.35,1926.01,107.66,544.47,817.92,707.42,710.7,16.05,0,0,0,0,0,1,1,0,0,7.06,0.04,8859.09,%sOxidizer Pressure Confirmation
4825,36.28,1926.01,107.66,544.47,817.92,707.42,710.7,16.05,0,0,0,0,0,1,1,0,0,7.05,0.04,8859.12,%sOxidizer Pressure Confirmation
4826,29.69,1926.09,107.85,544.47,817.92,707.42,710.7,16.05,0,0,0,0,0,1,1,0,0,7.05,0.04,8859.15,%sOxidizer Pressure Confirmation
4827,34.31,1926.09,107.85,544.56,817.92,707.42,710.7,16.05,0,0,0,0,0,1,1,0,0,7.05,0.04,8859.19,%sOxidizer Pressure Confirmation
4828,28.66,1926.09,107.85,544.56,817.98,707.42,710.7,16.05,0,0,0,0,0,1,1,0,0,7.05,0.04,8859.22,%sOxidizer Pressure Confirmation
4829,29.64,1926.09,107.85,544.56,817.98,707.57,710.86,16.05,0,0,0,0,0,1,1,0,0,7.05,0.04,8859.25,%sOxidizer Pressure Confirmation
4830,25.7,1926.09,107.85,544.56,817.98,707.57,710.86,16.1,0,0,0,0,0,1,1,0,0,7.05,0.04,8859.27,%sOxidizer Pressure Confirmation
4831,34.97,1926.09,107.85,544.56,817.98,707.57,710.86,16.1,0,0,0,0,0,1,1,0,0,7.05,0.04,8859.31,%sOxidizer Pressure Confirmation
4832,27.68,1925.6,107.81,544.56,817.98,707.57,710.86,16.1,0,0,0,0,0,1,1,0,0,7.05,0.04,8859.33,%sOxidizer Pressure Confirmation
4833,34.3,1925.6,107.81,544.61,817.98,707.57,710.86,16.1,0,0,0,0,0,1,1,0,0,7.05,0.04,8859.37,%sOxidizer Pressure Confirmation
4834,27.23,1925.6,107.81,544.61,818.02,707.61,710.86,16.1,0,0,0,0,0,1,1,0,0,7.05,0.04,8859.4,%sOxidizer Pressure Confirmation
4835,30.62,1925.6,107.81,544.61,818.02,707.61,711.42,16.1,0,0,0,0,0,1,1,0,0,7.05,0.04,8859.43,%sOxidizer Pressure Confirmation
4836,29.47,1925.6,107.81,544.61,818.02,707.61,711.42,16.45,0,0,0,0,0,1,1,0,0,7.05,0.06,8859.46,%sOxidizer Pressure Confirmation
4837,33.74,1925.6,107.81,544.61,818.02,707.61,711.42,16.45,0,0,0,0,0,1,1,0,0,7.05,0.06,8859.49,%sOxidizer Pressure Confirmation
4838,26.17,1926.03,107.83,544.61,818.02,707.61,711.42,16.45,0,0,0,0,0,1,1,0,0,7.05,0.06,8859.52,%sOxidizer Pressure Confirmation
4839,34.24,1926.03,107.83,544.5,818.02,707.61,711.42,16.45,0,0,0,0,0,1,1,0,0,7.05,0.06,8859.55,%sOxidizer Pressure Confirmation
4840,26.03,1926.03,107.83,544.5,817.95,707.32,711.42,16.45,0,0,0,0,0,1,1,0,0,7.05,0.06,8859.58,%sOxidizer Pressure Confirmation
4841,26.16,1926.03,107.83,544.5,817.95,707.32,711.52,16.45,0,0,0,0,0,1,1,0,0,7.05,0.06,8859.6,%sOxidizer Pressure Confirmation
4842,29.73,1926.03,107.83,544.5,817.95,707.32,711.52,16.63,0,0,0,0,0,1,1,0,0,7.06,0.07,8859.63,%sOxidizer Pressure Confirmation
4843,27.59,1926.14,107.76,544.5,817.95,707.32,711.52,16.63,0,0,0,0,0,1,1,0,0,7.06,0.07,8859.66,%sOxidizer Pressure Confirmation
4844,29.08,1926.14,107.76,544.3,817.95,707.32,711.52,16.63,0,0,0,0,0,1,1,0,0,7.06,0.07,8859.69,%sOxidizer Pressure Confirmation
4845,31.3,1926.14,107.76,544.3,817.76,706.71,711.52,16.63,0,0,0,0,0,1,1,0,0,7.06,0.07,8859.72,%sOxidizer Pressure Confirmation
4846,28.65,1926.14,107.76,544.3,817.76,706.71,712.15,17.37,0,0,0,0,0,1,1,0,0,7.06,0.07,8859.75,%sOxidizer Pressure Confirmation
4847,32.27,1926.14,107.76,544.3,817.76,706.71,712.15,17.37,0,0,0,0,0,1,1,0,0,7.06,0.07,8859.78,%sOxidizer Pressure Confirmation
4848,32.15,1926.29,107.76,544.3,817.76,706.71,712.15,17.37,0,0,0,0,0,1,1,0,0,7.06,0.07,8859.81,%sOxidizer Pressure Confirmation
4849,31.17,1926.29,107.87,544.3,817.76,706.71,712.15,17.37,0,0,0,0,0,1,1,0,0,7.06,0.07,8859.84,%sOxidizer Pressure Confirmation
4850,28.6,1926.29,107.87,544.3,817.71,706.43,712.13,17.37,0,0,0,0,0,1,1,0,0,7.06,0.07,8859.87,%sOxidizer Pressure Confirmation
4851,28.18,1926.29,107.87,544.3,817.71,706.43,712.13,17.26,0,0,0,0,0,1,1,0,0,7.06,0.07,8859.9,%sOxidizer Pressure Confirmation
4852,27.75,1926.29,107.87,544.3,817.71,706.43,712.13,17.26,0,0,0,0,0,1,1,0,0,7.06,0.08,8859.93,%sOxidizer Pressure Confirmation
4853,32.55,1926.23,107.77,544.3,817.71,706.43,712.13,17.26,0,0,0,0,0,1,1,0,0,7.06,0.08,8859.96,%sOxidizer Pressure Confirmation
4854,28.12,1926.23,107.77,544.1,817.5,706.43,712.13,17.26,0,0,0,0,0,1,1,0,0,7.06,0.08,8859.99,%sOxidizer Pressure Confirmation
4855,25.75,1926.23,107.77,544.1,817.5,706.26,712.25,17.26,0,0,0,0,0,1,1,0,0,7.06,0.08,8860.01,%sOxidizer Pressure Confirmation
4856,30.25,1926.23,107.77,544.1,817.5,706.26,712.25,17.92,0,0,0,0,0,1,1,0,0,7.06,0.08,8860.04,%sOxidizer Pressure Confirmation
4857,21.84,1926.26,107.77,544.1,817.5,706.26,712.25,17.92,0,0,0,0,0,1,1,0,0,7.06,0.08,8860.07,%sOxidizer Pressure Confirmation
4858,22.13,1926.26,107.78,544.1,817.5,706.26,712.25,17.92,0,0,0,0,0,1,1,0,0,7.06,0.08,8860.09,%sOxidizer Pressure Confirmation
4859,25.07,1926.26,107.78,544.11,817.54,706.21,712.18,17.92,0,0,0,0,0,1,1,0,0,7.06,0.08,8860.11,%sOxidizer Pressure Confirmation
4860,24.23,1926.26,107.78,544.11,817.54,706.21,712.18,17.6,0,0,0,0,0,1,1,0,0,7.06,0.07,8860.14,%sOxidizer Pressure Confirmation
4861,24.78,1926.26,107.78,544.11,817.54,706.21,712.18,17.6,0,0,0,0,0,1,1,0,0,7.06,0.07,8860.16,%sOxidizer Pressure Confirmation
4862,29.56,1926.52,107.89,544.2,817.54,706.21,712.18,17.6,0,0,0,0,0,1,1,0,0,7.06,0.07,8860.19,%sOxidizer Pressure Confirmation
4863,27.01,1926.52,107.89,544.2,817.67,706.21,712.18,17.6,0,0,0,0,0,1,1,0,0,7.06,0.07,8860.22,%sOxidizer Pressure Confirmation
4864,24.92,1926.52,107.89,544.2,817.67,706.46,712.01,17.6,0,0,0,0,0,1,1,0,0,7.06,0.07,8860.24,%sOxidizer Pressure Confirmation
4865,27.07,1926.52,107.89,544.2,817.67,706.46,712.01,17.35,0,0,0,0,0,1,1,0,0,7.06,0.07,8860.27,%sOxidizer Pressure Confirmation
4866,25.69,1926.72,107.93,544.2,817.67,706.46,712.01,17.35,0,0,0,0,0,1,1,0,0,7.06,0.06,8860.3,%sOxidizer Pressure Confirmation
4867,28.16,1926.72,107.93,544.18,817.82,706.46,712.01,17.35,0,0,0,0,0,1,1,0,0,7.06,0.06,8860.33,%sOxidizer Pressure Confirmation
4868,24.81,1926.72,107.93,544.18,817.82,707.03,712.07,17.35,0,0,0,0,0,1,1,0,0,7.06,0.06,8860.35,%sOxidizer Pressure Confirmation
4869,22.18,1926.72,107.93,544.18,817.82,707.03,712.07,17.24,0,0,0,0,0,1,1,0,0,7.06,0.06,8860.37,%sOxidizer Pressure Confirmation
4870,24.19,1926.72,108.01,544.18,817.82,707.03,712.07,17.24,0,0,0,0,0,1,1,0,0,7.06,0.05,8860.4,%sOxidizer Pressure Confirmation
4871,25.59,1926.72,108.01,544.35,817.82,707.03,712.07,17.24,0,0,0,0,0,1,1,0,0,7.06,0.05,8860.42,%sOxidizer Pressure Confirmation
4872,24.99,1926.72,108.01,544.35,818.09,707.67,712.07,17.24,0,0,0,0,0,1,1,0,0,7.06,0.05,8860.45,%sOxidizer Pressure Confirmation
4873,23.21,1926.72,108.01,544.35,818.09,707.67,712.29,16.94,0,0,0,0,0,1,1,0,0,7.06,0.05,8860.47,%sOxidizer Pressure Confirmation
4874,26.84,1926.5,108.01,544.35,818.09,707.67,712.29,16.94,0,0,0,0,0,1,1,0,0,7.06,0.05,8860.5,%sOxidizer Pressure Confirmation
4875,26.73,1926.5,107.88,544.26,818.09,707.67,712.29,16.94,0,0,0,0,0,1,1,0,0,7.06,0.05,8860.52,%sOxidizer Pressure Confirmation
4876,23.13,1926.5,107.88,544.26,818.1,707.71,712.27,16.94,0,0,0,0,0,1,1,0,0,7.06,0.05,8860.55,%sOxidizer Pressure Confirmation
4877,25.39,1926.5,107.88,544.26,818.1,707.71,712.27,16.71,0,0,0,0,0,1,1,0,0,7.06,0.05,8860.57,%sOxidizer Pressure Confirmation
4878,23.58,1926.49,107.92,544.26,818.1,707.71,712.27,16.71,0,0,0,0,0,1,1,0,0,7.06,0.04,8860.6,%sOxidizer Pressure Confirmation
4879,28.51,1926.49,107.92,544.24,818.1,707.71,712.27,16.71,0,0,0,0,0,1,1,0,0,7.06,0.04,8860.62,%sOxidizer Pressure Confirmation
4880,23.62,1926.49,107.92,544.24,818.24,708.27,712.32,16.71,0,0,0,0,0,1,1,0,0,7.06,0.04,8860.65,%sOxidizer Pressure Confirmation
4881,23.72,1926.49,107.92,544.24,818.24,708.27,712.32,16.43,0,0,0,0,0,1,1,0,0,7.06,0.04,8860.67,%sOxidizer Pressure Confirmation
4882,26.59,1926,107.92,544.24,818.24,708.27,712.32,16.43,0,0,0,0,0,1,1,0,0,7.05,0.02,8860.7,%sOxidizer Pressure Confirmation
4883,29.96,1926,107.97,544.42,818.24,708.27,712.32,16.43,0,0,0,0,0,1,1,0,0,7.05,0.02,8860.73,%sOxidizer Pressure Confirmation
4884,29.71,1926,107.97,544.42,818.38,708.72,712.32,16.43,0,0,0,0,0,1,1,0,0,7.05,0.02,8860.76,%sOxidizer Pressure Confirmation
4885,26.63,1926,107.97,544.42,818.38,708.72,712.43,16.24,0,0,0,0,0,1,1,0,0,7.05,0.02,8860.78,%sOxidizer Pressure Confirmation
4886,29.59,1925.97,107.97,544.42,818.38,708.72,712.43,16.24,0,0,0,0,0,1,1,0,0,7.05,0.02,8860.81,%sOxidizer Pressure Confirmation
4887,24.3,1925.97,108.1,544.62,818.38,708.72,712.43,16.24,0,0,0,0,0,1,1,0,0,7.05,0.02,8860.84,%sOxidizer Pressure Confirmation
4888,27.88,1925.97,108.1,544.62,818.55,709.15,711.86,16.24,0,0,0,0,0,1,1,0,0,7.05,0.02,8860.87,%sOxidizer Pressure Confirmation
4889,26.2,1925.97,108.1,544.62,818.55,709.15,711.86,15.45,0,0,0,0,0,1,1,0,0,7.05,0.02,8860.89,%sOxidizer Pressure Confirmation
4890,37.86,1925.97,108.1,544.62,818.55,709.15,711.86,15.45,0,0,0,0,0,1,1,0,0,7.05,0.02,8860.93,%sOxidizer Pressure Confirmation
4891,27.87,1925.71,107.81,544.61,818.55,709.15,711.86,15.45,0,0,0,0,0,1,1,0,0,7.05,0.02,8860.96,%sOxidizer Pressure Confirmation
4892,41.13,1925.71,107.81,544.61,818.66,709.15,711.86,15.45,0,0,0,0,0,1,1,0,0,7.05,0.02,8861,%sOxidizer Pressure Confirmation
4893,28.83,1925.71,107.81,544.61,818.66,709.35,711.88,15.51,0,0,0,0,0,1,1,0,0,7.05,0.02,8861.03,%sOxidizer Pressure Confirmation
4894,33.81,1926.38,107.81,544.61,818.66,709.35,711.88,15.51,0,0,0,0,0,1,1,0,0,7.06,0.02,8861.06,%sOxidizer Pressure Confirmation
4895,26.21,1926.38,107.81,544.61,818.66,709.35,711.88,15.51,0,0,0,0,0,1,1,0,0,7.06,0.02,8861.09,%sOxidizer Pressure Confirmation
4896,23.62,1926.38,107.89,544.62,818.65,709.35,711.88,15.51,0,0,0,0,0,1,1,0,0,7.06,0.02,8861.11,%sOxidizer Pressure Confirmation
4897,26.56,1926.38,107.89,544.62,818.65,708.95,711.22,15.51,0,0,0,0,0,1,1,0,0,7.06,0.02,8861.14,%sOxidizer Pressure Confirmation
4898,26.09,1926.38,107.89,544.62,818.65,708.95,711.22,15.07,0,0,0,0,0,1,1,0,0,7.06,0.03,8861.16,%sOxidizer Pressure Confirmation
4899,25.14,1926.93,107.92,544.47,818.65,708.95,711.22,15.07,0,0,0,0,0,1,1,0,0,7.06,0.03,8861.19,%sOxidizer Pressure Confirmation
4900,26.01,1926.93,107.92,544.47,818.57,708.95,711.22,15.07,0,0,0,0,0,1,1,0,0,7.06,0.03,8861.22,%sOxidizer Pressure Confirmation
4901,22.57,1926.93,107.92,544.47,818.57,708.71,711.03,15.07,0,0,0,0,0,1,1,0,0,7.06,0.03,8861.24,%sOxidizer Pressure Confirmation
4902,26.05,1926.93,107.92,544.47,818.57,708.71,711.03,15.07,0,0,0,0,0,1,1,0,0,7.06,0.03,8861.26,%sOxidizer Pressure Confirmation
4903,27.19,1927,107.93,544.36,818.57,708.71,711.03,15.07,0,0,0,0,0,1,1,0,0,7.06,0.03,8861.29,%sOxidizer Pressure Confirmation
4904,25.05,1927,107.93,544.36,818.44,708.37,710.71,15.07,0,0,0,0,0,1,1,0,0,7.06,0.03,8861.32,%sOxidizer Pressure Confirmation
4905,21.6,1927,107.93,544.36,818.44,708.37,710.71,14.77,0,0,0,0,0,1,1,0,0,7.06,0.02,8861.34,%sOxidizer Pressure Confirmation
4906,30.3,1927.35,107.93,544.36,818.44,708.37,710.71,14.77,0,0,0,0,0,1,1,0,0,7.07,0.02,8861.37,%sOxidizer Pressure Confirmation
4907,26.56,1927.35,107.98,544.4,818.34,708.37,710.71,14.77,0,0,0,0,0,1,1,0,0,7.07,0.02,8861.39,%sOxidizer Pressure Confirmation
4908,25.38,1927.35,107.98,544.4,818.34,707.78,710.23,14.77,0,0,0,0,0,1,1,0,0,7.07,0.02,8861.42,%sOxidizer Pressure Confirmation
4909,26.11,1927.35,107.98,544.4,818.34,707.78,710.23,14.5,0,0,0,0,0,1,1,0,0,7.07,0.02,8861.45,%sOxidizer Pressure Confirmation
4910,23.65,1927.83,108.01,544.4,818.34,707.78,710.23,14.5,0,0,0,0,0,1,1,0,0,7.07,0.02,8861.47,%sOxidizer Pressure Confirmation
4911,23.16,1927.83,108.01,544.33,818.07,707.12,710.23,14.5,0,0,0,0,0,1,1,0,0,7.07,0.02,8861.49,%sOxidizer Pressure Confirmation
4912,28.61,1927.83,108.01,544.33,818.07,707.12,709.53,14.29,0,0,0,0,0,1,1,0,0,7.07,0.02,8861.52,%sOxidizer Pressure Confirmation
4913,23.68,1927.83,108.01,544.33,818.07,707.12,709.53,14.29,0,0,0,0,0,1,1,0,0,7.07,0.02,8861.55,%sOxidizer Pressure Confirmation
4914,28.57,1928.08,108.01,544.33,818.07,707.12,709.53,14.29,0,0,0,0,0,1,1,0,0,7.07,0.02,8861.57,%sOxidizer Pressure Confirmation
4915,23.93,1928.08,108.1,544.43,818.07,707.12,709.53,14.29,0,0,0,0,0,1,1,0,0,7.07,0.02,8861.6,%sOxidizer Pressure Confirmation
4916,24.67,1928.08,108.1,544.43,818.09,706.94,709.53,14.29,0,0,0,0,0,1,1,0,0,7.07,0.02,8861.62,%sOxidizer Pressure Confirmation
4917,21.08,1928.08,108.1,544.43,818.09,706.94,709.47,14.09,0,0,0,0,0,1,1,0,0,7.07,0.02,8861.64,%sOxidizer Pressure Confirmation
4918,23.09,1928.08,108.1,544.43,818.09,706.94,709.47,14.09,0,0,0,0,0,1,1,0,0,7.07,0.02,8861.67,%sOxidizer Pressure Confirmation
4919,25.13,1928.62,108.2,544.59,818.09,706.94,709.47,14.09,0,0,0,0,0,1,1,0,0,7.07,0.02,8861.69,%sOxidizer Pressure Confirmation
4920,24.24,1928.62,108.2,544.59,817.95,706.94,709.47,14.09,0,0,0,0,0,1,1,0,0,7.07,0.02,8861.72,%sOxidizer Pressure Confirmation
4921,26.4,1928.62,108.2,544.59,817.95,706.39,708.99,13.79,0,0,0,0,0,1,1,0,0,7.07,0.02,8861.74,%sOxidizer Pressure Confirmation
4922,25.61,1928.62,108.2,544.59,817.95,706.39,708.99,13.79,0,0,0,0,0,1,1,0,0,7.07,0.02,8861.77,%sOxidizer Pressure Confirmation
4923,24.63,1928.9,108.31,544.61,817.95,706.39,708.99,13.79,0,0,0,0,0,1,1,0,0,7.07,0.02,8861.79,%sOxidizer Pressure Confirmation
4924,26.52,1928.9,108.31,544.61,817.93,705.97,708.45,13.79,0,0,0,0,0,1,1,0,0,7.07,0.02,8861.82,%sOxidizer Pressure Confirmation
4925,23.14,1928.9,108.31,544.61,817.93,705.97,708.45,13.53,0,0,0,0,0,1,1,0,0,7.07,0.02,8861.84,%sOxidizer Pressure Confirmation
4926,24.07,1928.9,108.31,544.61,817.93,705.97,708.45,13.53,0,0,0,0,0,1,1,0,0,7.07,0.02,8861.87,%sOxidizer Pressure Confirmation
4927,23.64,1928.94,108.33,544.57,817.93,705.97,708.45,13.53,0,0,0,0,0,1,1,0,0,7.07,0.02,8861.89,%sOxidizer Pressure Confirmation
4928,22.1,1928.94,108.33,544.57,817.89,705.98,708.45,13.53,0,0,0,0,0,1,1,0,0,7.07,0.02,8861.91,%sOxidizer Pressure Confirmation
4929,23.98,1929.02,108.33,544.57,817.89,705.98,708.42,13.56,0,0,0,0,0,1,1,0,0,7.07,0.02,8861.94,%sOxidizer Pressure Confirmation
4930,32.16,1929.02,108.42,544.57,817.89,705.98,708.42,13.56,0,0,0,0,0,1,1,0,0,7.07,0.02,8861.97,%sOxidizer Pressure Confirmation
4931,24.79,1929.02,108.42,544.41,817.84,705.98,708.42,13.56,0,0,0,0,0,1,1,0,0,7.07,0.02,8861.99,%sOxidizer Pressure Confirmation
4932,26.46,1929.02,108.42,544.41,817.84,706.11,708.51,13.63,0,0,0,0,0,1,1,0,0,7.07,0.01,8862.02,%sOxidizer Pressure Confirmation
4933,23.08,1928.64,108.38,544.41,817.84,706.11,708.51,13.63,0,0,0,0,0,1,1,0,0,7.07,0.01,8862.04,%sOxidizer Pressure Confirmation
4934,25.08,1928.64,108.38,544.49,817.84,706.11,708.51,13.63,0,0,0,0,0,1,1,0,0,7.07,0.01,8862.07,%sOxidizer Pressure Confirmation
4935,25.74,1928.64,108.38,544.49,817.99,706.11,708.51,13.63,0,0,0,0,0,1,1,0,0,7.07,0.01,8862.09,%sOxidizer Pressure Confirmation
4936,24.6,1928.64,108.38,544.49,817.99,706.48,708.85,13.84,0,0,0,0,0,1,1,0,0,7.06,0.01,8862.12,%sOxidizer Pressure Confirmation
4937,34.56,1928.64,108.38,544.49,817.99,706.48,708.85,13.84,0,0,0,0,0,1,1,0,0,7.06,0.01,8862.15,%sOxidizer Pressure Confirmation
4938,24.05,1927.96,108.31,544.53,817.96,706.48,708.85,13.84,0,0,0,0,0,1,1,0,0,7.06,0.01,8862.18,%sOxidizer Pressure Confirmation
4939,26.17,1927.96,108.31,544.53,817.96,706.72,709.43,13.84,0,0,0,0,0,1,1,0,0,7.06,0.01,8862.2,%sOxidizer Pressure Confirmation
4940,25.11,1927.96,108.31,544.53,817.96,706.72,709.43,14.49,0,0,0,0,0,1,1,0,0,7.06,0.01,8862.23,%sOxidizer Pressure Confirmation
4941,24.59,1927.96,108.31,544.53,817.96,706.72,709.43,14.49,0,0,0,0,0,1,1,0,0,7.06,0,8862.25,%sOxidizer Pressure Confirmation
4942,26.57,1927.55,108.26,544.52,817.96,706.72,709.43,14.49,0,0,0,0,0,1,1,0,0,7.06,0,8862.28,%sOxidizer Pressure Confirmation
4943,28.63,1927.55,108.26,544.52,818,707.47,710.15,15.08,0,0,0,0,0,1,1,0,0,7.06,0,8862.31,%sOxidizer Pressure Confirmation
4944,25.3,1927.55,108.26,544.52,818,707.47,710.15,15.08,0,0,0,0,0,1,1,0,0,7.05,0,8862.33,%sOxidizer Pressure Confirmation
4945,46.76,1927.14,108.24,544.56,818,707.47,710.15,15.08,0,0,0,0,0,1,1,0,0,7.05,0,8862.38,%sOxidizer Pressure Confirmation
4946,24.58,1927.14,108.24,544.56,818.06,707.47,710.15,15.08,0,0,0,0,0,1,1,0,0,7.05,0,8862.4,%sOxidizer Pressure Confirmation
4947,22.16,1927.14,108.24,544.56,818.06,707.74,710.32,15.08,0,0,0,0,0,1,1,0,0,7.05,0,8862.43,%sOxidizer Pressure Confirmation
4948,31.07,1927.14,108.24,544.56,818.06,707.74,710.32,15.09,0,0,0,0,0,1,1,0,0,7.05,0,8862.46,%sOxidizer Pressure Confirmation
4949,23.06,1927.14,108.24,544.56,818.06,707.74,710.32,15.09,0,0,0,0,0,1,1,0,0,7.05,0,8862.48,%sOxidizer Pressure Confirmation
4950,38.72,1926.79,108.21,544.58,818.2,707.74,710.32,15.09,0,0,0,0,0,1,1,0,0,7.05,0,8862.52,%sOxidizer Pressure Confirmation
4951,29.59,1926.79,108.21,544.58,818.2,708.12,710.72,15.09,0,0,0,0,0,1,1,0,0,7.05,0,8862.55,%sOxidizer Pressure Confirmation
4952,25.45,1926.79,108.21,544.58,818.2,708.12,710.72,15.49,0,0,0,0,0,1,1,0,0,7.05,0,8862.57,%sOxidizer Pressure Confirmation
4953,29.33,1926.48,108.19,544.58,818.2,708.12,710.72,15.49,0,0,0,0,0,1,1,0,0,7.05,0,8862.6,%sOxidizer Pressure Confirmation
4954,22.94,1926.48,108.19,544.5,818.15,708.12,710.72,15.49,0,0,0,0,0,1,1,0,0,7.05,0,8862.63,%sOxidizer Pressure Confirmation
4955,29.62,1926.48,108.19,544.5,818.15,708.46,711.27,16.05,0,0,0,0,0,1,1,0,0,7.05,0,8862.66,%sOxidizer Pressure Confirmation
4956,27.27,1926.48,108.19,544.5,818.15,708.46,711.27,16.05,0,0,0,0,0,1,1,0,0,7.05,0.01,8862.68,%sOxidizer Pressure Confirmation
4957,25.77,1925.92,108.19,544.5,818.15,708.46,711.27,16.05,0,0,0,0,0,1,1,0,0,7.05,0.01,8862.71,%sOxidizer Pressure Confirmation
4958,28.3,1925.92,108.01,544.32,818.19,708.77,711.27,16.05,0,0,0,0,0,1,1,0,0,7.05,0.01,8862.74,%sOxidizer Pressure Confirmation
4959,25.81,1925.92,108.01,544.32,818.19,708.77,711.65,16.47,0,0,0,0,0,1,1,0,0,7.05,0.01,8862.76,%sOxidizer Pressure Confirmation
4960,36.04,1925.92,108.01,544.32,818.19,708.77,711.65,16.47,0,0,0,0,0,1,1,0,0,7.05,0.02,8862.8,%sOxidizer Pressure Confirmation
4961,24.21,1925.79,107.93,544.17,818.19,708.77,711.65,16.47,0,0,0,0,0,1,1,0,0,7.05,0.02,8862.82,%sOxidizer Pressure Confirmation
4962,24.2,1925.79,107.93,544.17,818.09,709.06,711.65,16.47,0,0,0,0,0,1,1,0,0,7.05,0.02,8862.85,%sOxidizer Pressure Confirmation
4963,22.29,1925.79,107.93,544.17,818.09,709.06,712.05,16.47,0,0,0,0,0,1,1,0,0,7.05,0.02,8862.87,%sOxidizer Pressure Confirmation
4964,23.71,1925.79,107.93,544.17,818.09,709.06,712.05,16.88,0,0,0,0,0,1,1,0,0,7.05,0.02,8862.89,%sOxidizer Pressure Confirmation
4965,24.14,1925.67,107.82,544.17,818.09,709.06,712.05,16.88,0,0,0,0,0,1,1,0,0,7.05,0.02,8862.92,%sOxidizer Pressure Confirmation
4966,24.36,1925.67,107.82,544.1,818.14,709.13,712.33,16.88,0,0,0,0,0,1,1,0,0,7.05,0.02,8862.94,%sOxidizer Pressure Confirmation
4967,29.72,1925.67,107.82,544.1,818.14,709.13,712.33,17.31,0,0,0,0,0,1,1,0,0,7.05,0.02,8862.97,%sOxidizer Pressure Confirmation
4968,29.52,1925.67,107.82,544.1,818.14,709.13,712.33,17.31,0,0,0,0,0,1,1,0,0,7.05,0.03,8863,%sOxidizer Pressure Confirmation
4969,26.09,1926.07,107.91,544.08,818.02,709.13,712.33,17.31,0,0,0,0,0,1,1,0,0,7.05,0.03,8863.03,%sOxidizer Pressure Confirmation
4970,23.62,1926.07,107.91,544.08,818.02,708.77,712.25,17.31,0,0,0,0,0,1,1,0,0,7.05,0.03,8863.05,%sOxidizer Pressure Confirmation
4971,22.24,1926.07,107.91,544.08,818.02,708.77,712.25,17.3,0,0,0,0,0,1,1,0,0,7.06,0.05,8863.07,%sOxidizer Pressure Confirmation
4972,22.64,1926.28,107.91,544.08,818.02,708.77,712.25,17.3,0,0,0,0,0,1,1,0,0,7.06,0.05,8863.1,%sOxidizer Pressure Confirmation
4973,23.3,1926.28,107.84,543.99,818.02,708.77,712.25,17.3,0,0,0,0,0,1,1,0,0,7.06,0.05,8863.12,%sOxidizer Pressure Confirmation
4974,24.18,1926.28,107.84,543.99,817.88,708.44,711.89,17.01,0,0,0,0,0,1,1,0,0,7.06,0.05,8863.14,%sOxidizer Pressure Confirmation
4975,24.77,1926.28,107.84,543.99,817.88,708.44,711.89,17.01,0,0,0,0,0,1,1,0,0,7.06,0.05,8863.17,%sOxidizer Pressure Confirmation
4976,29.4,1926.66,107.82,543.98,817.89,708.44,711.89,17.01,0,0,0,0,0,1,1,0,0,7.06,0.05,8863.2,%sOxidizer Pressure Confirmation
4977,23.19,1926.66,107.82,543.98,817.89,708.22,711.6,17.01,0,0,0,0,0,1,1,0,0,7.06,0.05,8863.22,%sOxidizer Pressure Confirmation
4978,27.94,1926.66,107.82,543.98,817.89,708.22,711.6,16.89,0,0,0,0,0,1,1,0,0,7.07,0.07,8863.25,%sOxidizer Pressure Confirmation
4979,27.23,1927.34,107.82,543.98,817.89,708.22,711.6,16.89,0,0,0,0,0,1,1,0,0,7.07,0.07,8863.28,%sOxidizer Pressure Confirmation
4980,24.87,1927.34,107.84,544.03,817.89,708.22,711.6,16.89,0,0,0,0,0,1,1,0,0,7.07,0.07,8863.3,%sOxidizer Pressure Confirmation
4981,24.78,1927.34,107.84,544.03,817.88,707.61,710.92,16.89,0,0,0,0,0,1,1,0,0,7.07,0.07,8863.33,%sOxidizer Pressure Confirmation
4982,25.87,1927.34,107.84,544.03,817.88,707.61,710.92,16.28,0,0,0,0,0,1,1,0,0,7.07,0.07,8863.35,%sOxidizer Pressure Confirmation
4983,24.15,1927.81,107.84,544.03,817.88,707.61,710.92,16.28,0,0,0,0,0,1,1,0,0,7.07,0.07,8863.38,%sOxidizer Pressure Confirmation
4984,25.05,1927.81,107.93,544.06,817.88,707.61,710.92,16.28,0,0,0,0,0,1,1,0,0,7.07,0.07,8863.4,%sOxidizer Pressure Confirmation
4985,25.31,1927.81,107.93,544.06,817.86,707.61,710.92,16.28,0,0,0,0,0,1,1,0,0,7.07,0.07,8863.43,%sOxidizer Pressure Confirmation
4986,25.16,1927.81,107.93,544.06,817.86,707.39,710.83,16.25,0,0,0,0,0,1,1,0,0,7.07,0.07,8863.45,%sOxidizer Pressure Confirmation
4987,30.8,1928.04,107.87,544.06,817.86,707.39,710.83,16.25,0,0,0,0,0,1,1,0,0,7.07,0.07,8863.48,%sOxidizer Pressure Confirmation
4988,26.25,1928.04,107.87,543.99,817.69,707.39,710.83,16.25,0,0,0,0,0,1,1,0,0,7.07,0.07,8863.51,%sOxidizer Pressure Confirmation
4989,23.1,1928.04,107.87,543.99,817.69,706.75,710.35,15.81,0,0,0,0,0,1,1,0,0,7.07,0.07,8863.53,%sOxidizer Pressure Confirmation
4990,27.63,1928.71,107.87,543.99,817.69,706.75,710.35,15.81,0,0,0,0,0,1,1,0,0,7.08,0.07,8863.56,%sOxidizer Pressure Confirmation
4991,26.63,1928.71,107.93,543.99,817.69,706.75,710.35,15.81,0,0,0,0,0,1,1,0,0,7.08,0.07,8863.59,%sOxidizer Pressure Confirmation
4992,23.04,1928.71,107.93,544.1,817.69,706.41,709.85,15.57,0,0,0,0,0,1,1,0,0,7.08,0.07,8863.61,%sOxidizer Pressure Confirmation
4993,25.04,1929.26,107.93,544.1,817.69,706.41,709.85,15.57,0,0,0,0,0,1,1,0,0,7.08,0.07,8863.63,%sOxidizer Pressure Confirmation
4994,25.84,1929.26,108.09,544.1,817.69,706.41,709.85,15.57,0,0,0,0,0,1,1,0,0,7.08,0.07,8863.66,%sOxidizer Pressure Confirmation
4995,25.46,1929.26,108.09,544.17,817.69,705.94,709.85,15.57,0,0,0,0,0,1,1,0,0,7.08,0.07,8863.69,%sOxidizer Pressure Confirmation
4996,23.37,1929.26,108.09,544.17,817.69,705.94,709.48,15.57,0,0,0,0,0,1,1,0,0,7.08,0.07,8863.71,%sOxidizer Pressure Confirmation
4997,26.23,1929.6,108.09,544.12,817.69,705.94,709.48,15.1,0,0,0,0,0,1,1,0,0,7.08,0.06,8863.73,%sOxidizer Pressure Confirmation
4998,27.87,1929.6,108.09,544.12,817.68,705.94,709.48,15.1,0,0,0,0,0,1,1,0,0,7.08,0.06,8863.76,%sOxidizer Pressure Confirmation
4999,22.75,1929.6,108.09,544.12,817.68,705.59,709.11,14.83,0,0,0,0,0,1,1,0,0,7.08,0.06,8863.79,%sOxidizer Pressure Confirmation
5000,22.71,1929.6,108.09,544.12,817.68,705.59,709.11,14.83,0,0,0,0,0,1,1,0,0,7.09,0.06,8863.81,%sOxidizer Pressure Confirmation
5001,25.93,1929.98,108.09,544.24,817.59,705.59,709.11,14.83,0,0,0,0,0,1,1,0,0,7.09,0.06,8863.83,%sOxidizer Pressure Confirmation
5002,26.7,1929.98,108.09,544.24,817.59,705.29,708.83,14.83,0,0,0,0,0,1,1,0,0,7.09,0.06,8863.86,%sOxidizer Pressure Confirmation
5003,25.75,1929.98,108.09,544.24,817.59,705.29,708.83,14.47,0,0,0,0,0,1,1,0,0,7.09,0.06,8863.89,%sOxidizer Pressure Confirmation
5004,22.82,1929.58,108.03,544.24,817.59,705.29,708.83,14.47,0,0,0,0,0,1,1,0,0,7.08,0.06,8863.91,%sOxidizer Pressure Confirmation
5005,23.15,1929.58,108.03,544.37,817.65,705.32,708.84,14.47,0,0,0,0,0,1,1,0,0,7.08,0.06,8863.93,%sOxidizer Pressure Confirmation
5006,27.5,1929.58,108.03,544.37,817.65,705.32,708.84,14.43,0,0,0,0,0,1,1,0,0,7.08,0.04,8863.96,%sOxidizer Pressure Confirmation
5007,25.65,1929.47,108.27,544.37,817.65,705.32,708.84,14.43,0,0,0,0,0,1,1,0,0,7.08,0.04,8863.99,%sOxidizer Pressure Confirmation
5008,23.73,1929.47,108.27,544.61,817.75,705.32,708.84,14.43,0,0,0,0,0,1,1,0,0,7.08,0.04,8864.01,%sOxidizer Pressure Confirmation
5009,25.09,1929.47,108.27,544.61,817.75,705.2,708.85,14.27,0,0,0,0,0,1,1,0,0,7.08,0.04,8864.03,%sOxidizer Pressure Confirmation
5010,27.78,1929.23,108.33,544.64,817.75,705.2,708.85,14.27,0,0,0,0,0,1,1,0,0,7.08,0.04,8864.06,%sOxidizer Pressure Confirmation
5011,23.71,1929.23,108.33,544.64,817.77,705.2,708.85,14.27,0,0,0,0,0,1,1,0,0,7.08,0.04,8864.09,%sOxidizer Pressure Confirmation
5012,40.33,1929.23,108.33,544.64,817.77,705.21,708.64,13.94,0,0,0,0,0,1,1,0,0,7.08,0.04,8864.13,%sOxidizer Pressure Confirmation
5013,25.24,1928.81,108.3,544.63,817.77,705.21,708.64,13.94,0,0,0,0,0,1,1,0,0,7.08,0.04,8864.15,%sOxidizer Pressure Confirmation
5014,26.44,1928.81,108.3,544.63,817.77,705.19,708.69,13.94,0,0,0,0,0,1,1,0,0,7.08,0.04,8864.18,%sCountdown
5015,23.58,1928.81,108.3,544.63,817.77,705.19,708.69,14.41,0,0,0,0,0,1,1,0,0,7.08,0.05,8864.2,%sCountdown
5016,28.7,1928.56,108.22,544.51,817.77,705.19,708.69,14.41,0,0,0,0,0,1,1,0,0,7.08,0.05,8864.23,%sCountdown
5017,26.27,1928.56,108.22,544.51,817.72,705.07,708.69,14.41,0,0,0,0,0,1,1,0,0,7.08,0.05,8864.26,%sCountdown
5018,26.85,1928.56,108.22,544.51,817.72,705.07,708.54,14.56,0,0,0,0,0,1,1,0,0,7.08,0.05,8864.28,%sCountdown
5019,27.37,1928.81,108.22,544.51,817.72,705.07,708.54,14.56,0,0,0,0,0,1,1,0,0,7.08,0.05,8864.31,%sCountdown
5020,42.95,1928.81,108.39,544.45,817.74,705.18,708.54,14.56,0,0,0,0,0,1,1,0,0,7.08,0.05,8864.35,%sCountdown
5021,24.18,1928.81,108.39,544.45,817.74,705.18,708.65,14.56,0,0,0,0,0,1,1,0,0,7.08,0.05,8864.38,%sCountdown
5022,27.87,1928.77,108.39,544.45,817.74,705.18,708.65,14.59,0,0,0,0,0,1,1,0,0,7.09,0.07,8864.41,%sCountdown
5023,32.15,1928.77,108.33,544.29,817.74,705.18,708.65,14.59,0,0,0,0,0,1,1,0,0,7.09,0.07,8864.44,%sCountdown
5024,29.68,1928.77,108.33,544.29,817.77,705.18,708.65,14.59,0,0,0,0,0,1,1,0,0,7.09,0.07,8864.47,%sCountdown
5025,26.64,1928.77,108.33,544.29,817.77,705.19,708.65,14.59,0,0,0,0,0,1,1,0,0,7.09,0.07,8864.49,%sCountdown
5026,26.76,1928.77,108.33,544.29,817.77,705.19,708.54,14.39,0,0,0,0,0,1,1,0,0,7.09,0.07,8864.52,%sCountdown
5027,26.64,1928.56,108.33,544.29,817.77,705.19,708.54,14.39,0,0,0,0,0,1,1,0,0,7.09,0.07,8864.55,%sCountdown
5028,30.73,1928.56,108.18,544.25,817.77,705.19,708.54,14.39,0,0,0,0,0,1,1,0,0,7.09,0.07,8864.58,%sCountdown
5029,24.71,1928.56,108.18,544.25,817.73,705.36,708.54,14.39,0,0,0,0,0,1,1,0,0,7.09,0.07,8864.6,%sCountdown
5030,25.67,1928.56,108.18,544.25,817.73,705.36,708.51,14.39,0,0,0,0,0,1,1,0,0,7.09,0.07,8864.63,%sCountdown
5031,29.81,1928.56,108.18,544.25,817.73,705.36,708.51,14.53,0,0,0,0,0,1,1,0,0,7.09,0.07,8864.66,%sCountdown
5032,30.09,1928.08,108.18,544.25,817.73,705.36,708.51,14.53,0,0,0,0,0,1,1,0,0,7.08,0.06,8864.69,%sCountdown
5033,39.34,1928.08,108.12,544.32,817.73,705.36,708.51,14.53,0,0,0,0,0,1,1,0,0,7.08,0.06,8864.73,%sCountdown
5034,26.14,1928.08,108.12,544.32,817.76,705.36,708.51,14.53,0,0,0,0,0,1,1,0,0,7.08,0.06,8864.75,%sCountdown
5035,35.77,1928.08,108.12,544.32,817.76,705.51,708.74,14.53,0,0,0,0,0,1,1,0,0,7.08,0.06,8864.79,%sCountdown
5036,23.19,1928.08,108.12,544.32,817.76,705.51,708.74,14.64,0,0,0,0,0,1,1,0,0,7.08,0.06,8864.81,%sCountdown
5037,30.71,1928.08,108.12,544.32,817.76,705.51,708.74,14.64,0,0,0,0,0,1,1,0,0,7.07,0.05,8864.84,%sCountdown
5038,28.75,1927.73,108.12,544.32,817.76,705.51,708.74,14.64,0,0,0,0,0,1,1,0,0,7.07,0.05,8864.87,%sCountdown
5039,35.79,1927.73,108.13,544.17,817.76,705.51,708.74,14.64,0,0,0,0,0,1,1,0,0,7.07,0.05,8864.91,%sCountdown
5040,32.8,1927.73,108.13,544.17,817.84,705.51,708.74,14.64,0,0,0,0,0,1,1,0,0,7.07,0.05,8864.94,%sCountdown
5041,29.71,1927.73,108.13,544.17,817.84,705.96,709.13,14.64,0,0,0,0,0,1,1,0,0,7.07,0.05,8864.97,%sCountdown
5042,45.35,1927.73,108.13,544.17,817.84,705.96,709.13,14.92,0,0,0,0,0,1,1,0,0,7.07,0.05,8865.02,%sCountdown
5043,35.3,1927.73,108.13,544.17,817.84,705.96,709.13,14.92,0,0,0,0,0,1,1,0,0,7.08,0.06,8865.05,%sCountdown
5044,38.56,1927.73,108.13,544.17,817.84,705.96,709.13,14.92,0,0,0,0,0,1,1,0,0,7.08,0.06,8865.09,%sCountdown
5045,35.78,1927.73,108.06,544.17,817.84,705.96,709.13,14.92,0,0,0,0,0,1,1,0,0,7.08,0.06,8865.13,%sCountdown
5046,30.66,1927.73,108.06,544.07,817.84,705.96,709.13,14.92,0,0,0,0,0,1,1,0,0,7.08,0.06,8865.16,%sCountdown
5047,34.41,1927.73,108.06,544.07,817.8,706.39,709.13,14.92,0,0,0,0,0,1,1,0,0,7.08,0.06,8865.19,%sCountdown
5048,35.84,1927.73,108.06,544.07,817.8,706.39,709.13,14.92,0,0,0,0,0,1,1,0,0,7.08,0.06,8865.23,%sCountdown
5049,28.97,1927.73,108.06,544.07,817.8,706.39,709.53,14.92,0,0,0,0,0,1,1,0,0,7.08,0.06,8865.26,%sCountdown
5050,36.57,1927.73,108.06,544.07,817.8,706.39,709.53,15.3,0,0,0,0,0,1,1,0,0,7.08,0.06,8865.29,%sCountdown
5051,38.36,1927.73,108.06,544.07,817.8,706.39,709.53,15.3,0,0,0,0,0,1,1,0,0,7.08,0.06,8865.33,%sCountdown
5052,42.41,1927.91,108.06,544.07,817.8,706.39,709.53,15.3,0,0,0,0,0,1,1,0,0,7.08,0.06,8865.37,%sCountdown
5053,44.87,1927.91,108.15,543.87,817.8,706.39,709.53,15.3,0,0,0,0,0,1,1,0,0,7.08,0.06,8865.42,%sCountdown
5054,27.83,1927.91,108.15,543.87,817.8,706.39,709.53,15.3,0,0,0,0,0,1,1,0,0,7.08,0.06,8865.45,%sCountdown
5055,36.38,1927.91,108.15,543.87,817.74,706.39,709.53,15.3,0,0,0,0,0,1,1,0,0,7.08,0.06,8865.48,%sCountdown
5056,38.96,1927.91,108.15,543.87,817.74,706.53,709.48,15.3,0,0,0,0,0,1,1,0,0,7.08,0.06,8865.52,%sCountdown
5057,29.81,1927.91,108.15,543.87,817.74,706.53,709.48,15.3,0,0,0,0,0,1,1,0,0,7.08,0.06,8865.55,%sCountdown
5058,27.41,1927.91,108.15,543.87,817.74,706.53,709.48,15.58,0,0,0,0,0,1,1,0,0,7.08,0.06,8865.58,%sCountdown
5059,40.27,1927.91,108.15,543.87,817.74,706.53,709.48,15.58,0,0,0,0,0,1,1,0,0,7.07,0.06,8865.62,%sCountdown
5060,39.47,1928.12,108.11,543.87,817.74,706.53,709.48,15.58,0,0,0,0,0,1,1,0,0,7.07,0.06,8865.66,%sCountdown
5061,36.03,1928.12,108.11,543.85,817.74,706.53,709.48,15.58,0,0,0,0,0,1,1,0,0,7.07,0.06,8865.69,%sCountdown
5062,38.2,1928.12,108.11,543.85,817.74,706.53,709.48,15.58,0,0,0,0,0,1,1,0,0,7.07,0.06,8865.73,%sCountdown
5063,35.79,1928.12,108.11,543.85,817.74,706.6,709.48,15.58,0,0,0,0,0,1,1,0,0,7.07,0.06,8865.77,%sCountdown
5064,46.55,1928.12,108.11,543.85,817.74,706.6,709.92,15.58,0,0,0,0,0,1,1,0,0,7.07,0.06,8865.81,%sCountdown
5065,41.47,1928.12,108.11,543.85,817.74,706.6,709.92,16.18,0,0,0,0,0,1,1,0,0,7.07,0.05,8865.86,%sCountdown
5066,48.6,1928.12,108.11,543.85,817.74,706.6,709.92,16.18,0,0,0,0,0,1,1,0,0,7.07,0.05,8865.9,%sCountdown
5067,38.59,1928.12,108.11,543.85,817.74,706.6,709.92,16.18,0,0,0,0,0,1,1,0,0,7.07,0.05,8865.94,%sCountdown
5068,31.63,1928.1,108.37,543.85,817.74,706.6,709.92,16.18,0,0,0,0,0,1,1,0,0,7.07,0.05,8865.97,%sCountdown
5069,37.6,1928.1,108.37,544.07,817.74,706.6,709.92,16.18,0,0,0,0,0,1,1,0,0,7.07,0.05,8866.01,%sCountdown
5070,28.59,1928.1,108.37,544.07,817.74,706.6,709.92,16.18,0,0,0,0,0,1,1,0,0,7.07,0.05,8866.04,%sCountdown
5071,45.97,1928.1,108.37,544.07,817.76,706.54,709.92,16.18,0,0,0,0,0,1,1,0,0,7.07,0.05,8866.09,%sCountdown
5072,37.71,1928.1,108.37,544.07,817.76,706.54,709.99,16.18,0,0,0,0,0,1,1,0,0,7.07,0.05,8866.12,%sCountdown
5073,29.7,1928.1,108.37,544.07,817.76,706.54,709.99,16.18,0,0,0,0,0,1,1,0,0,7.07,0.05,8866.15,%sCountdown
5074,25.63,1928.1,108.37,544.07,817.76,706.54,709.99,15.71,0,0,0,0,0,1,1,0,0,7.07,0.05,8866.18,%sCountdown
5075,26.69,1928.1,108.37,544.07,817.76,706.54,709.99,15.71,0,0,0,0,0,1,1,0,0,7.06,0.03,8866.21,%sCountdown
5076,34.24,1927.82,108.37,544.07,817.76,706.54,709.99,15.71,0,0,0,0,0,1,1,0,0,7.06,0.03,8866.24,%sCountdown
5077,25,1927.82,108.41,544.09,817.79,706.54,709.99,15.71,0,0,0,0,0,1,1,0,0,7.06,0.03,8866.27,%sCountdown
5078,30.38,1927.82,108.41,544.09,817.79,706.54,709.99,15.71,0,0,0,0,0,1,1,0,0,7.06,0.03,8866.3,%sCountdown
5079,34.58,1927.82,108.41,544.09,817.79,706.9,710.35,15.71,0,0,0,0,0,1,1,0,0,7.06,0.03,8866.33,%sCountdown
5080,28.79,1927.82,108.41,544.09,817.79,706.9,710.35,15.69,0,0,0,0,0,1,1,0,0,7.06,0.03,8866.36,%sCountdown
5081,28.17,1927.82,108.41,544.09,817.79,706.9,710.35,15.69,0,0,0,0,0,1,1,0,0,7.06,0.04,8866.39,%sCountdown
5082,26.13,1927.76,108.41,544.09,817.79,706.9,710.35,15.69,0,0,0,0,0,1,1,0,0,7.06,0.04,8866.41,%sCountdown
5083,29.62,1927.76,108.17,544.12,817.79,706.9,710.35,15.69,0,0,0,0,0,1,1,0,0,7.06,0.04,8866.44,%sCountdown
5084,24.33,1927.76,108.17,544.12,818.02,706.9,710.35,15.69,0,0,0,0,0,1,1,0,0,7.06,0.04,8866.47,%sCountdown
5085,26.7,1927.76,108.17,544.12,818.02,707.22,710.31,16.22,0,0,0,0,0,1,1,0,0,7.06,0.04,8866.49,%sCountdown
5086,35.12,1927.76,108.17,544.12,818.02,707.22,710.31,16.22,0,0,0,0,0,1,1,0,0,7.06,0.03,8866.53,%sCountdown
5087,25.93,1927.76,108.17,544.12,818.02,707.22,710.31,16.22,0,0,0,0,0,1,1,0,0,7.06,0.03,8866.56,%sCountdown
5088,25.73,1927.52,108.17,544.12,818.02,707.22,710.31,16.22,0,0,0,0,0,1,1,0,0,7.06,0.03,8866.58,%sCountdown
5089,27.71,1927.52,108.25,544.15,818.03,707.23,710.31,16.22,0,0,0,0,0,1,1,0,0,7.06,0.03,8866.61,%sCountdown
5090,27.75,1927.52,108.25,544.15,818.03,707.23,710.55,16.22,0,0,0,0,0,1,1,0,0,7.06,0.03,8866.64,%sCountdown
5091,29.2,1927.52,108.25,544.15,818.03,707.23,710.55,16.22,0,0,0,0,0,1,1,0,0,7.06,0.03,8866.67,%sCountdown
5092,25.75,1927.32,108.25,544.15,818.03,707.23,710.55,16.81,0,0,0,0,0,1,1,0,0,7.05,0.03,8866.69,%sCountdown
5093,33.12,1927.32,108.25,544.15,818.03,707.23,710.55,16.81,0,0,0,0,0,1,1,0,0,7.05,0.03,8866.73,%sCountdown
5094,28.54,1927.32,108.31,544.15,818.03,707.23,710.55,16.81,0,0,0,0,0,1,1,0,0,7.05,0.03,8866.75,%sCountdown
5095,42.74,1927.32,108.31,544.17,818.14,707.23,710.55,16.81,0,0,0,0,0,1,1,0,0,7.05,0.03,8866.8,%sCountdown
5096,27.62,1927.32,108.31,544.17,818.14,707.72,710.91,16.81,0,0,0,0,0,1,1,0,0,7.05,0.03,8866.82,%sCountdown
5097,24.11,1927.32,108.31,544.17,818.14,707.72,710.91,17.15,0,0,0,0,0,1,1,0,0,7.05,0.03,8866.85,%sCountdown
5098,29.1,1927.32,108.31,544.17,818.14,707.72,710.91,17.15,0,0,0,0,0,1,1,0,0,7.06,0.03,8866.88,%sCountdown
5099,49.5,1927.78,108.35,544.27,818.14,707.72,710.91,17.15,0,0,0,0,0,1,1,0,0,7.06,0.03,8866.93,%sCountdown
5100,29.26,1927.78,108.35,544.27,818.16,707.72,710.91,17.15,0,0,0,0,0,1,1,0,0,7.06,0.03,8866.96,%sCountdown
5101,36.15,1927.78,108.35,544.27,818.16,707.61,710.59,17.15,0,0,0,0,0,1,1,0,0,7.06,0.03,8866.99,%sCountdown
5102,42.1,1927.78,108.35,544.27,818.16,707.61,710.59,16.88,0,0,0,0,0,1,1,0,0,7.06,0.04,8867.03,%sCountdown
5103,28.53,1927.68,108.35,544.27,818.16,707.61,710.59,16.88,0,0,0,0,0,1,1,0,0,7.06,0.04,8867.06,%sCountdown
5104,29.25,1927.68,108.19,544.25,818.16,707.61,710.59,16.88,0,0,0,0,0,1,1,0,0,7.06,0.04,8867.09,%sCountdown
5105,28.36,1927.68,108.19,544.25,818.08,707.84,710.59,16.88,0,0,0,0,0,1,1,0,0,7.06,0.04,8867.12,%sCountdown
5106,23.99,1927.68,108.19,544.25,818.08,707.84,710.88,16.88,0,0,0,0,0,1,1,0,0,7.06,0.04,8867.14,%sCountdown
5107,25.27,1927.68,108.19,544.25,818.08,707.84,710.88,17.19,0,0,0,0,0,1,1,0,0,7.06,0.04,8867.17,%sCountdown
5108,33.68,1928.03,108.19,544.25,818.08,707.84,710.88,17.19,0,0,0,0,0,1,1,0,0,7.06,0.04,8867.2,%sCountdown
5109,26.67,1928.03,108.32,544.24,818.08,707.84,710.88,17.19,0,0,0,0,0,1,1,0,0,7.06,0.04,8867.23,%sCountdown
5110,31.45,1928.03,108.32,544.24,818.12,707.48,710.66,17.19,0,0,0,0,0,1,1,0,0,7.06,0.04,8867.26,%sCountdown
5111,27.67,1928.03,108.32,544.24,818.12,707.48,710.66,16.8,0,0,0,0,0,1,1,0,0,7.06,0.04,8867.29,%sCountdown
5112,59.42,1928.03,108.32,544.24,818.12,707.48,710.66,16.8,0,0,0,0,0,1,1,0,0,7.07,0.04,8867.35,%sCountdown
5113,29.38,1927.91,108.32,544.24,818.12,707.48,710.66,16.8,0,0,0,0,0,1,1,0,0,7.07,0.04,8867.38,%sCountdown
5114,28.81,1927.91,108.18,544.35,818.07,707.48,710.66,16.8,0,0,0,0,0,1,1,0,0,7.07,0.04,8867.41,%sCountdown
5115,25.44,1927.91,108.18,544.35,818.07,707.38,710.75,16.7,0,0,0,0,0,1,1,0,0,7.07,0.04,8867.43,%sCountdown
5116,29.51,1927.91,108.18,544.35,818.07,707.38,710.75,16.7,0,0,0,0,0,1,1,0,0,7.06,0.03,8867.46,%sCountdown
5117,36.69,1927.91,108.18,544.35,818.07,707.38,710.75,16.7,0,0,0,0,0,1,1,0,0,7.06,0.03,8867.5,%sCountdown
5118,33.51,1927.63,108.18,544.35,818.07,707.38,710.75,16.7,0,0,0,0,0,1,1,0,0,7.06,0.03,8867.53,%sCountdown
5119,25.12,1927.63,108.43,544.34,818.07,707.38,710.75,16.7,0,0,0,0,0,1,1,0,0,7.06,0.03,8867.56,%sCountdown
5120,28.57,1927.63,108.43,544.34,818.04,707.38,710.75,16.7,0,0,0,0,0,1,1,0,0,7.06,0.03,8867.59,%sCountdown
5121,23.66,1927.63,108.43,544.34,818.04,707.17,710.13,16,0,0,0,0,0,1,1,0,0,7.06,0.03,8867.61,%sCountdown
5122,28.88,1927.63,108.43,544.34,818.04,707.17,710.13,16,0,0,0,0,0,1,1,0,0,7.07,0.05,8867.64,%sCountdown
5123,24.05,1927.63,108.43,544.34,818.04,707.17,710.13,16,0,0,0,0,0,1,1,0,0,7.07,0.05,8867.66,%sCountdown
5124,25.64,1927.63,108.19,544.13,818.04,707.17,710.13,16,0,0,0,0,0,1,1,0,0,7.07,0.05,8867.69,%sCountdown
5125,27.25,1927.63,108.19,544.13,818.06,707.24,710.12,16,0,0,0,0,0,1,1,0,0,7.07,0.05,8867.71,%sCountdown
5126,24.79,1927.63,108.19,544.13,818.06,707.24,710.12,16.47,0,0,0,0,0,1,1,0,0,7.07,0.06,8867.74,%sCountdown
5127,27.09,1927.67,108.19,544.13,818.06,707.24,710.12,16.47,0,0,0,0,0,1,1,0,0,7.07,0.06,8867.77,%sCountdown
5128,24.17,1927.67,108.04,544.22,818.27,707.24,710.12,16.47,0,0,0,0,0,1,1,0,0,7.07,0.06,8867.79,%sCountdown
5129,26.74,1927.67,108.04,544.22,818.27,707.45,710.01,16.47,0,0,0,0,0,1,1,0,0,7.07,0.06,8867.82,%sCountdown
5130,31.89,1927.67,108.04,544.22,818.27,707.45,710.01,16.36,0,0,0,0,0,1,1,0,0,7.07,0.06,8867.85,%sCountdown
5131,26.93,1927.2,108.04,544.22,818.27,707.45,710.01,16.36,0,0,0,0,0,1,1,0,0,7.07,0.06,8867.88,%sCountdown
5132,29.83,1927.2,108.05,544.24,818.27,707.45,710.01,16.36,0,0,0,0,0,1,1,0,0,7.07,0.06,8867.91,%sCountdown
5133,26.68,1927.2,108.05,544.24,818.05,707.61,710.63,16.36,0,0,0,0,0,1,1,0,0,7.07,0.06,8867.93,%sCountdown
5134,24.64,1927.2,108.05,544.24,818.05,707.61,710.63,16.41,0,0,0,0,0,1,1,0,0,7.07,0.06,8867.96,%sCountdown
5135,27.24,1927.18,108.05,544.24,818.05,707.61,710.63,16.41,0,0,0,0,0,1,1,0,0,7.07,0.06,8867.98,%sCountdown
5136,22.65,1927.18,107.89,544.24,818.05,707.61,710.63,16.41,0,0,0,0,0,1,1,0,0,7.07,0.06,8868.01,%sCountdown
5137,24.14,1927.18,107.89,544.31,818.09,707.7,710.36,16.41,0,0,0,0,0,1,1,0,0,7.07,0.06,8868.03,%sCountdown
5138,28.77,1927.18,107.89,544.31,818.09,707.7,710.36,15.65,0,0,0,0,0,1,1,0,0,7.07,0.06,8868.06,%sCountdown
5139,25.17,1927.18,107.89,544.31,818.09,707.7,710.36,15.65,0,0,0,0,0,1,1,0,0,7.07,0.04,8868.09,%sCountdown
5140,22.25,1927.34,108.02,544.31,818.09,707.7,710.36,15.65,0,0,0,0,0,1,1,0,0,7.07,0.04,8868.11,%sCountdown
5141,24.82,1927.34,108.02,544.48,818.17,707.22,709.93,15.65,0,0,0,0,0,1,1,0,0,7.07,0.04,8868.13,%sCountdown
5142,25.12,1927.34,108.02,544.48,818.17,707.22,709.93,15.22,0,0,0,0,0,1,1,0,0,7.07,0.04,8868.16,%sCountdown
5143,26.86,1927.56,108.02,544.48,818.17,707.22,709.93,15.22,0,0,0,0,0,1,1,0,0,7.07,0.04,8868.18,%sCountdown
5144,21.27,1927.56,108.18,544.37,818.17,707.22,709.93,15.22,0,0,0,0,0,1,1,0,0,7.07,0.04,8868.21,%sCountdown
5145,21.8,1927.56,108.18,544.37,818.13,707.22,709.93,15.22,0,0,0,0,0,1,1,0,0,7.07,0.04,8868.23,%sCountdown
5146,25.22,1927.56,108.18,544.37,818.13,707.25,710.05,15.18,0,0,0,0,0,1,1,0,0,7.07,0.04,8868.25,%sCountdown
5147,23.8,1927.84,108.24,544.37,818.13,707.25,710.05,15.18,0,0,0,0,0,1,1,0,0,7.07,0.04,8868.28,%sCountdown
5148,25.43,1927.84,108.24,544.34,818.1,707.25,710.05,15.18,0,0,0,0,0,1,1,0,0,7.07,0.04,8868.3,%sCountdown
5149,25.4,1927.84,108.24,544.34,818.1,706.46,710.05,15.18,0,0,0,0,0,1,1,0,0,7.07,0.04,8868.33,%sCountdown
5150,27.13,1927.84,108.24,544.34,818.1,706.46,709.26,14.75,0,0,0,0,0,1,1,0,0,7.08,0.04,8868.35,%sCountdown
5151,24.91,1928.02,108.16,544.34,818.1,706.46,709.26,14.75,0,0,0,0,0,1,1,0,0,7.08,0.04,8868.38,%sCountdown
5152,24.86,1928.02,108.16,544.33,818.1,706.46,709.26,14.75,0,0,0,0,0,1,1,0,0,7.08,0.04,8868.4,%sCountdown
5153,26.66,1928.02,108.16,544.33,818.05,706.46,709.15,14.75,0,0,0,0,0,1,1,0,0,7.08,0.04,8868.43,%sCountdown
5154,26.48,1928.02,108.16,544.33,818.05,706.46,709.15,14.86,0,0,0,0,0,1,1,0,0,7.08,0.06,8868.46,%sCountdown
5155,28.16,1928.02,108.16,544.33,818.05,706.46,709.15,14.86,0,0,0,0,0,1,1,0,0,7.08,0.06,8868.49,%sCountdown
5156,28.27,1928.21,108.01,544.33,818.05,706.46,709.15,14.86,0,0,0,0,0,1,1,0,0,7.08,0.06,8868.51,%sCountdown
5157,30.73,1928.21,108.01,544.24,818.14,706.46,709.15,14.86,0,0,0,0,0,1,1,0,0,7.08,0.06,8868.54,%sCountdown
5158,24.67,1928.21,108.01,544.24,818.14,706.65,709.15,14.86,0,0,0,0,0,1,1,0,0,7.08,0.06,8868.57,%sCountdown
5159,24.78,1928.21,108.01,544.24,818.14,706.65,709.33,15.15,0,0,0,0,0,1,1,0,0,7.08,0.06,8868.59,%sCountdown
5160,25.64,1928.21,108.01,544.24,818.14,706.65,709.33,15.15,0,0,0,0,0,1,1,0,0,7.08,0.06,8868.62,%sCountdown
5161,23.13,1928.49,108.01,544.24,818.14,706.65,709.33,15.15,0,0,0,0,0,1,1,0,0,7.08,0.06,8868.64,%sCountdown
5162,25.73,1928.49,107.71,544.25,818.14,706.65,709.33,15.15,0,0,0,0,0,1,1,0,0,7.08,0.06,8868.67,%sCountdown
5163,27.71,1928.49,107.71,544.25,818.19,706.76,709.44,15.15,0,0,0,0,0,1,1,0,0,7.08,0.06,8868.7,%sCountdown
5164,28.64,1928.49,107.71,544.25,818.19,706.76,709.44,15.18,0,0,0,0,0,1,1,0,0,7.08,0.06,8868.73,%sCountdown
5165,23.68,1928.49,107.71,544.25,818.19,706.76,709.44,15.18,0,0,0,0,0,1,1,0,0,7.08,0.05,8868.75,%sCountdown
5166,24.97,1928.92,107.78,544.25,818.19,706.76,709.44,15.18,0,0,0,0,0,1,1,0,0,7.08,0.05,8868.77,%sCountdown
5167,25.16,1928.92,107.78,544.26,818.19,706.76,709.44,15.18,0,0,0,0,0,1,1,0,0,7.08,0.05,8868.8,%sCountdown
5168,24.1,1928.92,107.78,544.26,818.19,706.66,709.42,15.18,0,0,0,0,0,1,1,0,0,7.08,0.05,8868.82,%sCountdown
5169,24.05,1928.92,107.78,544.26,818.19,706.66,709.42,15.18,0,0,0,0,0,1,1,0,0,7.08,0.05,8868.85,%sCountdown
5170,26.62,1929.42,107.78,544.26,818.19,706.66,709.42,14.71,0,0,0,0,0,1,1,0,0,7.08,0.06,8868.87,%sCountdown
5171,31.26,1929.42,107.96,544.19,818.19,706.66,709.42,14.71,0,0,0,0,0,1,1,0,0,7.08,0.06,8868.9,%sCountdown
5172,26.96,1929.42,107.96,544.19,818.04,706.3,709.42,14.71,0,0,0,0,0,1,1,0,0,7.08,0.06,8868.93,%sCountdown
5173,29.63,1929.42,107.96,544.19,818.04,706.3,709.35,14.71,0,0,0,0,0,1,1,0,0,7.08,0.06,8868.96,%sCountdown
5174,26.64,1929.42,107.96,544.19,818.04,706.3,709.35,14.71,0,0,0,0,0,1,1,0,0,7.08,0.06,8868.99,%sCountdown
5175,23.72,1929.49,108.01,544.19,818.04,706.3,709.35,14.71,0,0,0,0,0,1,1,0,0,7.08,0.06,8869.01,%sCountdown
5176,27.63,1929.49,108.01,544.19,818.21,706.3,709.35,14.71,0,0,0,0,0,1,1,0,0,7.08,0.06,8869.04,%sCountdown
5177,28.47,1929.49,108.01,544.19,818.21,706.4,709.23,14.71,0,0,0,0,0,1,1,0,0,7.08,0.06,8869.07,%sCountdown
5178,23.68,1929.49,108.01,544.19,818.21,706.4,709.23,14.58,0,0,0,0,0,1,1,0,0,7.08,0.08,8869.09,%sCountdown
5179,23.33,1929.32,107.93,544.17,818.21,706.4,709.23,14.58,0,0,0,0,0,1,1,0,0,7.08,0.08,8869.12,%sCountdown
5180,25.67,1929.32,107.93,544.17,818.19,706.4,709.23,14.58,0,0,0,0,0,1,1,0,0,7.08,0.08,8869.14,%sCountdown
5181,27.19,1929.32,107.93,544.17,818.19,706.73,709.69,14.58,0,0,0,0,0,1,1,0,0,7.08,0.08,8869.17,%sCountdown
5182,23.02,1929.32,107.93,544.17,818.19,706.73,709.69,15.03,0,0,0,0,0,1,1,0,0,7.08,0.08,8869.19,%sCountdown
5183,24.18,1929.49,107.92,544.17,818.19,706.73,709.69,15.03,0,0,0,0,0,1,1,0,0,7.09,0.08,8869.22,%sCountdown
5184,25.61,1929.49,107.92,544,818.02,706.72,709.69,15.03,0,0,0,0,0,1,1,0,0,7.09,0.08,8869.24,%sCountdown
5185,28.56,1929.49,107.92,544,818.02,706.72,709.8,15.03,0,0,0,0,0,1,1,0,0,7.09,0.08,8869.27,%sCountdown
5186,22.67,1929.49,107.92,544,818.02,706.72,709.8,15.23,0,0,0,0,0,1,1,0,0,7.09,0.1,8869.29,%sCountdown
5187,27.52,1929.53,107.67,543.94,818.02,706.72,709.8,15.23,0,0,0,0,0,1,1,0,0,7.09,0.1,8869.32,%sCountdown
5188,27.12,1929.53,107.67,543.94,818.01,706.72,709.8,15.23,0,0,0,0,0,1,1,0,0,7.09,0.1,8869.35,%sCountdown
5189,21.06,1929.53,107.67,543.94,818.01,706.62,709.77,15.23,0,0,0,0,0,1,1,0,0,7.09,0.1,8869.37,%sCountdown
5190,22.11,1929.53,107.67,543.94,818.01,706.62,709.77,15.36,0,0,0,0,0,1,1,0,0,7.09,0.11,8869.39,%sCountdown
5191,27.87,1929.23,107.72,543.99,818.01,706.62,709.77,15.36,0,0,0,0,0,1,1,0,0,7.09,0.11,8869.42,%sCountdown
5192,30.32,1929.23,107.72,543.99,818.1,706.62,709.77,15.36,0,0,0,0,0,1,1,0,0,7.09,0.11,8869.45,%sCountdown
5193,24.76,1929.23,107.72,543.99,818.1,706.84,710.46,15.36,0,0,0,0,0,1,1,0,0,7.09,0.11,8869.47,%sCountdown
5194,26,1928.64,107.72,543.99,818.1,706.84,710.46,15.73,0,0,0,0,0,1,1,0,0,7.08,0.12,8869.5,%sCountdown
5195,27.08,1928.64,107.68,543.99,818.1,706.84,710.46,15.73,0,0,0,0,0,1,1,0,0,7.08,0.12,8869.53,%sCountdown
5196,25.7,1928.64,107.68,543.98,818.14,706.84,710.46,15.73,0,0,0,0,0,1,1,0,0,7.08,0.12,8869.55,%sCountdown
5197,25.07,1928.64,107.68,543.98,818.14,707.12,710.71,15.73,0,0,0,0,0,1,1,0,0,7.08,0.12,8869.58,%sCountdown
5198,26.63,1928.64,107.68,543.98,818.14,707.12,710.71,15.94,0,0,0,0,0,1,1,0,0,7.08,0.12,8869.6,%sCountdown
5199,29.54,1928.04,107.74,543.98,818.14,707.12,710.71,15.94,0,0,0,0,0,1,1,0,0,7.08,0.12,8869.63,%sCountdown
5200,25.12,1928.04,107.74,543.95,818.11,707.12,710.71,15.94,0,0,0,0,0,1,1,0,0,7.08,0.12,8869.66,%sCountdown
5201,23.31,1928.04,107.74,543.95,818.11,707.38,710.97,15.9,0,0,0,0,0,1,1,0,0,7.08,0.12,8869.68,%sCountdown
5202,28.94,1928.04,107.74,543.95,818.11,707.38,710.97,15.9,0,0,0,0,0,1,1,0,0,7.07,0.12,8869.71,%sCountdown
5203,26.87,1927.75,107.76,544.03,818.11,707.38,710.97,15.9,0,0,0,0,0,1,1,0,0,7.07,0.12,8869.74,%sCountdown
5204,27.38,1927.75,107.76,544.03,818.22,707.79,711.38,15.9,0,0,0,0,0,1,1,0,0,7.07,0.12,8869.76,%sCountdown
5205,23.35,1927.75,107.76,544.03,818.22,707.79,711.38,16.18,0,0,0,0,0,1,1,0,0,7.07,0.12,8869.79,%sCountdown
5206,28.41,1927.39,107.76,544.03,818.22,707.79,711.38,16.18,0,0,0,0,0,1,1,0,0,7.07,0.11,8869.82,%sCountdown
5207,27.66,1927.39,107.68,544.01,818.18,707.79,711.38,16.18,0,0,0,0,0,1,1,0,0,7.07,0.11,8869.84,%sCountdown
5208,25.46,1927.39,107.68,544.01,818.18,708.19,711.65,16.18,0,0,0,0,0,1,1,0,0,7.07,0.11,8869.87,%sCountdown
5209,22.57,1927.39,107.68,544.01,818.18,708.19,711.65,16.46,0,0,0,0,0,1,1,0,0,7.07,0.1,8869.89,%sCountdown
5210,24.91,1927.32,107.68,544.01,818.18,708.19,711.65,16.46,0,0,0,0,0,1,1,0,0,7.07,0.1,8869.92,%sCountdown
5211,26.42,1927.32,107.67,544.01,818.16,708.07,711.74,16.46,0,0,0,0,0,1,1,0,0,7.07,0.1,8869.94,%sCountdown
5212,22.01,1927.32,107.67,544.01,818.16,708.07,711.74,16.64,0,0,0,0,0,1,1,0,0,7.07,0.08,8869.97,%sCountdown
5213,24.96,1927.28,107.67,544.01,818.16,708.07,711.74,16.64,0,0,0,0,0,1,1,0,0,7.07,0.08,8869.99,%sCountdown
5214,23.04,1927.28,107.71,544.07,818.16,708.07,711.74,16.64,0,0,0,0,0,1,1,0,0,7.07,0.08,8870.01,%sCountdown
5215,24.82,1927.28,107.71,544.07,818.13,707.92,711.74,16.64,0,0,0,0,0,1,1,0,0,7.07,0.08,8870.04,%sCountdown
5216,21.22,1927.28,107.71,544.07,818.13,707.92,711.54,16.45,0,0,0,0,0,1,1,0,0,7.07,0.09,8870.06,%sCountdown
5217,28.69,1927.31,107.71,544.07,818.13,707.92,711.54,16.45,0,0,0,0,0,1,1,0,0,7.07,0.09,8870.09,%sCountdown
5218,22.8,1927.31,107.76,544.07,818.11,707.92,711.54,16.45,0,0,0,0,0,1,1,0,0,7.07,0.09,8870.11,%sCountdown
5219,24.99,1927.31,107.76,544.07,818.11,707.43,711.12,16.45,0,0,0,0,0,1,1,0,0,7.07,0.09,8870.14,%sCountdown
5220,27.79,1927.26,107.76,544.07,818.11,707.43,711.12,16.39,0,0,0,0,0,1,1,0,0,7.07,0.1,8870.16,%sCountdown
5221,30.96,1927.26,107.66,544.03,818.11,707.43,711.12,16.39,0,0,0,0,0,1,1,0,0,7.07,0.1,8870.19,%sCountdown
5222,24.46,1927.26,107.66,544.03,818.14,707.4,711.16,16.39,0,0,0,0,0,1,1,0,0,7.07,0.1,8870.22,%sCountdown
5223,27.21,1927.26,107.66,544.03,818.14,707.4,711.16,16.38,0,0,0,0,0,1,1,0,0,7.06,0.08,8870.25,%sCountdown
5224,28.67,1926.54,107.66,544.03,818.14,707.4,711.16,16.38,0,0,0,0,0,1,1,0,0,7.06,0.08,8870.27,%sCountdown
5225,27.09,1926.54,107.8,544.13,818.24,707.4,711.16,16.38,0,0,0,0,0,1,1,0,0,7.06,0.08,8870.3,%sCountdown
5226,28.86,1926.54,107.8,544.13,818.24,707.61,711.18,16.22,0,0,0,0,0,1,1,0,0,7.06,0.08,8870.33,%sCountdown
5227,28.82,1926.54,107.8,544.13,818.24,707.61,711.18,16.22,0,0,0,0,0,1,1,0,0,7.06,0.07,8870.36,%sCountdown
5228,27.09,1926.86,107.91,544.24,818.24,707.61,711.18,16.22,0,0,0,0,0,1,1,0,0,7.06,0.07,8870.39,%sCountdown
5229,25.43,1926.86,107.91,544.24,818.33,707.61,711.18,16.22,0,0,0,0,0,1,1,0,0,7.06,0.07,8870.41,%sCountdown
5230,23.12,1926.86,107.91,544.24,818.33,707.51,710.62,16.22,0,0,0,0,0,1,1,0,0,7.06,0.07,8870.44,%sCountdown
5231,23.92,1926.86,107.91,544.24,818.33,707.51,710.62,15.66,0,0,0,0,0,1,1,0,0,7.06,0.07,8870.46,%sCountdown
5232,25.11,1927.45,107.99,544.24,818.33,707.51,710.62,15.66,0,0,0,0,0,1,1,0,0,7.06,0.05,8870.48,%sCountdown
5233,26.15,1927.45,107.99,544.38,818.4,707.51,710.62,15.66,0,0,0,0,0,1,1,0,0,7.06,0.05,8870.51,%sCountdown
5234,28.74,1927.45,107.99,544.38,818.4,707.28,710.62,15.66,0,0,0,0,0,1,1,0,0,7.06,0.05,8870.54,%sCountdown
5235,27.01,1927.45,107.99,544.38,818.4,707.28,710.41,15.44,0,0,0,0,0,1,1,0,0,7.06,0.04,8870.57,%sCountdown
5236,25.94,1927.64,107.99,544.38,818.4,707.28,710.41,15.44,0,0,0,0,0,1,1,0,0,7.06,0.04,8870.59,%sCountdown
5237,27.71,1927.64,107.95,544.38,818.4,706.85,710.41,15.44,0,0,0,0,0,1,1,0,0,7.06,0.04,8870.62,%sCountdown
5238,26.93,1927.64,107.95,544.38,818.4,706.85,710.15,15.44,0,0,0,0,0,1,1,0,0,7.06,0.04,8870.65,%sCountdown
5239,22.73,1927.64,107.95,544.38,818.4,706.85,710.15,15.29,0,0,0,0,0,1,1,0,0,7.07,0.05,8870.67,%sCountdown
5240,25.81,1927.6,107.92,544.38,818.4,706.85,710.15,15.29,0,0,0,0,0,1,1,0,0,7.07,0.05,8870.7,%sCountdown
5241,22.77,1927.6,107.92,544.32,818.4,706.85,710.15,15.29,0,0,0,0,0,1,1,0,0,7.07,0.05,8870.72,%sCountdown
5242,23.9,1927.6,107.92,544.32,818.3,706.41,709.89,15.46,0,0,0,0,0,1,1,0,0,7.07,0.05,8870.74,%sCountdown
5243,25.83,1927.6,107.92,544.32,818.3,706.41,709.89,15.46,0,0,0,0,0,1,1,0,0,7.07,0.05,8870.77,%sCountdown
5244,30.3,1927.55,107.89,544.31,818.3,706.41,709.89,15.46,0,0,0,0,0,1,1,0,0,7.07,0.05,8870.8,%sCountdown
5245,22.98,1927.55,107.89,544.31,818.29,705.99,710.17,15.46,0,0,0,0,0,1,1,0,0,7.07,0.05,8870.82,%sCountdown
5246,26.76,1927.55,107.89,544.31,818.29,705.99,710.17,15.81,0,0,0,0,0,1,1,0,0,7.07,0.05,8870.85,%sCountdown
5247,27.24,1927.09,107.86,544.45,818.29,705.99,710.17,15.81,0,0,0,0,0,1,1,0,0,7.07,0.05,8870.87,%sCountdown
5248,26.3,1927.09,107.86,544.45,818.42,706.41,710.45,15.81,0,0,0,0,0,1,1,0,0,7.07,0.05,8870.9,%sCountdown
5249,24.13,1927.09,107.86,544.45,818.42,706.41,710.45,15.56,0,0,0,0,0,1,1,0,0,7.07,0.04,8870.93,%sCountdown
5250,29.61,1927.23,107.86,544.45,818.42,706.41,710.45,15.56,0,0,0,0,0,1,1,0,0,7.07,0.04,8870.96,%sCountdown
5251,23.79,1927.23,107.97,544.52,818.42,706.41,710.45,15.56,0,0,0,0,0,1,1,0,0,7.07,0.04,8870.98,%sCountdown
5252,25.44,1927.23,107.97,544.52,818.46,706.55,710.65,15.56,0,0,0,0,0,1,1,0,0,7.07,0.04,8871,%sCountdown
5253,23.45,1927.23,107.97,544.52,818.46,706.55,710.65,15.33,0,0,0,0,0,1,1,0,0,7.07,0.02,8871.03,%sCountdown
5254,25.28,1927.63,107.97,544.52,818.46,706.55,710.65,15.33,0,0,0,0,0,1,1,0,0,7.07,0.02,8871.05,%sCountdown
5255,25.81,1927.63,108.19,544.67,818.46,706.55,710.65,15.33,0,0,0,0,0,1,1,0,0,7.07,0.02,8871.08,%sCountdown
5256,26.48,1927.63,108.19,544.67,818.46,706.63,710.72,15.33,0,0,0,0,0,1,1,0,0,7.07,0.02,8871.11,%sCountdown
5257,28.72,1927.63,108.19,544.67,818.46,706.63,710.72,15.05,0,0,0,0,0,1,1,0,0,7.07,0.02,8871.13,%sCountdown
5258,30.8,1927.7,108.19,544.67,818.46,706.63,710.72,15.05,0,0,0,0,0,1,1,0,0,7.07,0.02,8871.16,%sCountdown
5259,27.85,1927.7,108.3,544.7,818.46,706.63,710.72,15.05,0,0,0,0,0,1,1,0,0,7.07,0.02,8871.19,%sCountdown
5260,26.33,1927.7,108.3,544.7,818.4,706.56,710.72,15.05,0,0,0,0,0,1,1,0,0,7.07,0.02,8871.22,%sCountdown
5261,24.49,1927.7,108.3,544.7,818.4,706.56,710.55,15.08,0,0,0,0,0,1,1,0,0,7.07,0.04,8871.24,%sCountdown
5262,32.31,1927.7,108.3,544.7,818.4,706.56,710.55,15.08,0,0,0,0,0,1,1,0,0,7.07,0.04,8871.28,%sCountdown
5263,24.28,1928.27,108.38,544.7,818.4,706.56,710.55,15.08,0,0,0,0,0,1,1,0,0,7.07,0.04,8871.3,%sCountdown
5264,23.02,1928.27,108.38,544.8,818.4,706.56,710.55,15.08,0,0,0,0,0,1,1,0,0,7.07,0.04,8871.32,%sCountdown
5265,26.77,1928.27,108.38,544.8,818.39,706.56,710.55,15.08,0,0,0,0,0,1,1,0,0,7.07,0.04,8871.35,%sCountdown
5266,29.7,1928.27,108.38,544.8,818.39,706.4,710.61,15.08,0,0,0,0,0,1,1,0,0,7.07,0.04,8871.38,%sCountdown
5267,29.32,1928.27,108.38,544.8,818.39,706.4,710.61,15.14,0,0,0,0,0,1,1,0,0,7.07,0.04,8871.41,%sCountdown
5268,27.08,1928.27,108.38,544.8,818.39,706.4,710.61,15.14,0,0,0,0,0,1,1,0,0,7.08,0.05,8871.44,%sCountdown
5269,37.25,1928.58,108.38,544.8,818.39,706.4,710.61,15.14,0,0,0,0,0,1,1,0,0,7.08,0.05,8871.47,%sCountdown
5270,28.16,1928.58,108.45,544.71,818.39,706.4,710.61,15.14,0,0,0,0,0,1,1,0,0,7.08,0.05,8871.5,%sCountdown
5271,33.85,1928.58,108.45,544.71,818.26,706.4,710.61,15.14,0,0,0,0,0,1,1,0,0,7.08,0.05,8871.54,%sCountdown
5272,31.74,1928.58,108.45,544.71,818.26,706.44,710.62,15.14,0,0,0,0,0,1,1,0,0,7.08,0.05,8871.57,%sCountdown
5273,30.82,1928.58,108.45,544.71,818.26,706.44,710.62,15.19,0,0,0,0,0,1,1,0,0,7.08,0.05,8871.6,%sCountdown
5274,30.67,1928.58,108.45,544.71,818.26,706.44,710.62,15.19,0,0,0,0,0,1,1,0,0,7.08,0.06,8871.63,%sCountdown
5275,31.88,1928.31,108.42,544.71,818.26,706.44,710.62,15.19,0,0,0,0,0,1,1,0,0,7.08,0.06,8871.66,%sCountdown
5276,33.3,1928.31,108.42,544.62,818.26,706.44,710.62,15.19,0,0,0,0,0,1,1,0,0,7.08,0.06,8871.69,%sCountdown
5277,30.64,1928.31,108.42,544.62,818.23,706.44,710.62,15.19,0,0,0,0,0,1,1,0,0,7.08,0.06,8871.72,%sCountdown
5278,28.36,1928.31,108.42,544.62,818.23,706.33,710.64,15.19,0,0,0,0,0,1,1,0,0,7.08,0.06,8871.75,%sCountdown
5279,35.26,1928.31,108.42,544.62,818.23,706.33,710.64,15.06,0,0,0,0,0,1,1,0,0,7.08,0.06,8871.79,%sCountdown
5280,28.64,1928.31,108.42,544.62,818.23,706.33,710.64,15.06,0,0,0,0,0,1,1,0,0,7.08,0.05,8871.82,%sCountdown
5281,27.38,1928.61,108.42,544.62,818.23,706.33,710.64,15.06,0,0,0,0,0,1,1,0,0,7.08,0.05,8871.84,%sCountdown
5282,29.71,1928.61,108.42,544.65,818.23,706.33,710.64,15.06,0,0,0,0,0,1,1,0,0,7.08,0.05,8871.87,%sCountdown
5283,31.17,1928.61,108.42,544.65,818.29,706.33,710.64,15.06,0,0,0,0,0,1,1,0,0,7.08,0.05,8871.9,%sCountdown
5284,41.43,1928.61,108.42,544.65,818.29,706.54,710.87,15.06,0,0,0,0,0,1,1,0,0,7.08,0.05,8871.95,%sCountdown
5285,33.72,1928.61,108.42,544.65,818.29,706.54,710.87,15.2,0,0,0,0,0,1,1,0,0,7.08,0.05,8871.98,%sCountdown
5286,34.38,1928.61,108.42,544.65,818.29,706.54,710.87,15.2,0,0,0,0,0,1,1,0,0,7.08,0.05,8872.01,%sCountdown
5287,29.54,1928.61,108.42,544.65,818.29,706.54,710.87,15.2,0,0,0,0,0,1,1,0,0,7.09,0.04,8872.04,%sCountdown
5288,28.73,1929.1,108.66,544.65,818.29,706.54,710.87,15.2,0,0,0,0,0,1,1,0,0,7.09,0.04,8872.07,%sCountdown
5289,46.26,1929.1,108.66,544.7,818.29,706.54,710.87,15.2,0,0,0,0,0,1,1,0,0,7.09,0.04,8872.12,%sCountdown
5290,34.63,1929.1,108.66,544.7,818.26,706.54,710.87,15.2,0,0,0,0,0,1,1,0,0,7.09,0.04,8872.15,%sCountdown
5291,28.71,1929.1,108.66,544.7,818.26,706.61,710.89,14.9,0,0,0,0,0,1,1,0,0,7.09,0.04,8872.18,%sCountdown
5292,29.26,1929.1,108.66,544.7,818.26,706.61,710.89,14.9,0,0,0,0,0,1,1,0,0,7.09,0.04,8872.21,%sCountdown
5293,29.73,1929.1,108.66,544.7,818.26,706.61,710.89,14.9,0,0,0,0,0,1,1,0,0,7.08,0.04,8872.24,%sCountdown
5294,28.62,1929.23,108.66,544.7,818.26,706.61,710.89,14.9,0,0,0,0,0,1,1,0,0,7.08,0.04,8872.27,%sCountdown
5295,31.17,1929.23,108.84,544.9,818.26,706.61,710.89,14.9,0,0,0,0,0,1,1,0,0,7.08,0.04,8872.3,%sCountdown
5296,35.62,1929.23,108.84,544.9,818.35,706.61,710.89,14.9,0,0,0,0,0,1,1,0,0,7.08,0.04,8872.34,%sCountdown
5297,24.65,1929.23,108.84,544.9,818.35,706.72,710.31,14.9,0,0,0,0,0,1,1,0,0,7.08,0.04,8872.36,%sCountdown
5298,30.64,1929.23,108.84,544.9,818.35,706.72,710.31,14.35,0,0,0,0,0,1,1,0,0,7.08,0.04,8872.39,%sCountdown
5299,23.66,1929.23,108.84,544.9,818.35,706.72,710.31,14.35,0,0,0,0,0,1,1,0,0,7.08,0.04,8872.42,%sCountdown
5300,24.54,1929.3,108.79,544.92,818.35,706.72,710.31,14.35,0,0,0,0,0,1,1,0,0,7.08,0.04,8872.44,%sCountdown
5301,33.25,1929.3,108.79,544.92,818.37,706.72,710.31,14.35,0,0,0,0,0,1,1,0,0,7.08,0.04,8872.47,%sCountdown
5302,26.82,1929.3,108.79,544.92,818.37,706.79,710.15,14.23,0,0,0,0,0,1,1,0,0,7.08,0.04,8872.5,%sCountdown
5303,30.68,1929.3,108.79,544.92,818.37,706.79,710.15,14.23,0,0,0,0,0,1,1,0,0,7.08,0.05,8872.53,%sCountdown
5304,32.69,1929.1,108.79,544.92,818.37,706.79,710.15,14.23,0,0,0,0,0,1,1,0,0,7.08,0.05,8872.56,%sCountdown
5305,30.16,1929.1,108.63,544.92,818.37,706.79,710.15,14.23,0,0,0,0,0,1,1,0,0,7.08,0.05,8872.59,%sCountdown
5306,23.33,1929.1,108.63,544.75,818.44,706.79,710.15,14.23,0,0,0,0,0,1,1,0,0,7.08,0.05,8872.62,%sCountdown
5307,39.38,1929.1,108.63,544.75,818.44,707.01,710.29,14.23,0,0,0,0,0,1,1,0,0,7.08,0.05,8872.66,%sCountdown
5308,27.65,1929.1,108.63,544.75,818.44,707.01,710.29,0.18,0,0,0,0,0,1,1,0,0,7.08,0.01,8872.68,%sCommand Ignition
5309,32.98,1928.9,108.63,544.75,818.44,707.01,710.29,0.18,0,0,0,0,0,1,1,0,0,7.08,0.01,8872.72,%sCommand Ignition
5310,26.76,1928.9,108.49,544.57,818.44,707.01,710.29,0.18,0,0,0,0,0,1,1,0,0,7.08,0.01,8872.74,%sCommand Ignition
5311,37.98,1928.9,108.49,544.57,818.44,707.01,710.29,0.18,0,0,0,0,0,1,1,0,0,7.08,0.01,8872.78,%sCommand Ignition
5312,27,1928.9,108.49,544.57,818.47,707.21,710.29,0.18,0,0,0,0,0,1,1,0,0,7.08,0.01,8872.81,%sIgnition Confirmation
5313,34.57,1928.9,108.49,544.57,818.47,707.21,710.46,0.36,0,0,0,0,0,1,1,0,0,7.08,0.01,8872.84,%sIgnition Confirmation
5314,26.6,1928.9,108.49,544.57,818.47,707.21,710.46,0.36,0,0,0,0,0,1,1,0,0,7.08,0,8872.87,%sOpen Valves
5315,30.34,1929.07,108.49,544.57,818.47,707.21,710.46,0.36,0,0,0,0,0,1,1,0,0,7.08,0,8872.9,%sValve Confirmation
5316,22.9,1929.07,108.45,544.76,818.47,707.21,710.46,0.36,0,0,0,0,0,1,1,0,0,7.08,0,8872.92,%sValve Confirmation
5317,28.64,1929.07,108.45,544.76,818.51,707.25,710.49,0.36,0,0,0,0,0,1,1,0,0,7.08,0,8872.95,%sValve Confirmation
5318,29.68,1929.07,108.45,544.76,818.51,707.25,710.49,0.36,0,0,0,0,0,1,1,0,0,7.08,0,8872.98,%sValve Confirmation
5319,23.68,1929.07,108.45,544.76,818.51,707.25,710.49,0.11,0,0,0,0,0,1,1,0,100,7.08,0,8873.01,%sValve Confirmation
5320,50.64,1928.76,108.45,544.76,818.51,707.25,710.49,0.11,0,0,0,0,0,1,1,100,100,7.08,-0.01,8873.06,%sValve Confirmation
5321,26.27,1928.76,108.35,544.59,818.51,707.25,710.49,0.11,0,0,0,0,0,1,1,100,100,7.08,-0.01,8873.08,%sValve Confirmation
5322,30.61,1928.76,108.35,544.59,818.43,707.25,710.49,0.11,0,0,0,0,0,1,1,100,100,7.08,-0.01,8873.11,%sValve Confirmation
5323,24.21,1928.76,108.35,544.59,818.43,707.21,710.31,0.11,0,0,0,0,0,1,1,100,100,7.08,-0.01,8873.14,%sValve Confirmation
5324,21.16,1928.76,108.35,544.59,818.43,707.21,710.31,0.08,0,0,0,0,0,1,1,100,100,7.08,0,8873.16,%sValve Confirmation
5325,27.44,1929.22,108.52,544.81,818.43,707.21,710.31,0.08,0,0,0,0,0,1,1,100,100,7.08,0,8873.19,%sValve Confirmation
5326,23.35,1929.22,108.52,544.81,818.7,707.21,710.31,0.08,0,0,0,0,0,1,1,100,100,7.08,0,8873.21,%sValve Confirmation
5327,30.68,1929.22,108.52,544.81,818.7,707.21,710.31,0.08,0,0,0,0,0,1,1,100,100,7.08,0,8873.24,%sValve Confirmation
5328,31.35,1929.22,108.52,544.81,818.7,707.77,710.78,0.57,0,0,0,0,0,1,1,100,100,7.08,0,8873.27,%sValve Confirmation
5329,23.05,1929.22,108.52,544.81,818.7,707.77,710.78,0.57,0,0,0,0,0,1,1,100,100,7.08,0.02,8873.29,%sValve Confirmation
5330,24,1929.95,108.52,544.81,818.7,707.77,710.78,0.57,0,0,0,0,0,1,1,100,100,7.08,0.02,8873.32,%sValve Confirmation
5331,28.11,1929.95,108.59,544.93,818.84,707.77,710.78,0.57,0,0,0,0,0,1,1,100,100,7.08,0.02,8873.35,%sValve Confirmation
5332,29.35,1929.95,108.59,544.93,818.84,708.38,711.21,0.57,0,0,0,0,0,1,1,100,100,7.08,0.02,8873.38,%sValve Confirmation
5333,23.81,1929.95,108.59,544.93,818.84,708.38,711.21,1.02,0,0,0,0,0,1,1,100,100,7.08,0.02,8873.4,%sValve Confirmation
5334,27.8,1931.82,108.59,544.93,818.84,708.38,711.21,1.02,0,0,0,0,0,1,1,100,100,7.1,0.08,8873.43,%sValve Confirmation
5335,28.87,1931.82,109.53,545.89,818.84,708.38,711.21,1.02,0,0,0,0,0,1,1,100,100,7.1,0.08,8873.46,%sValve Confirmation
5336,30.65,1931.82,109.53,545.89,819.65,710.59,711.21,1.02,0,0,0,0,0,1,1,100,100,7.1,0.08,8873.49,%sValve Confirmation
5337,30.13,1931.82,109.53,545.89,819.65,710.59,713.04,2.33,0,0,0,0,0,1,1,100,100,7.1,0.08,8873.52,%sEngine Run
5338,25.47,1932.2,109.53,545.89,819.65,710.59,713.04,2.33,0,0,0,0,0,1,1,100,100,7.1,0.1,8873.54,%sEngine Run
5339,30.75,1932.2,109.53,545.89,819.65,710.59,713.04,2.33,0,0,0,0,0,1,1,100,100,7.1,0.1,8873.57,%sEngine Run
5340,24.78,1932.2,109.58,545.89,819.65,710.59,713.04,2.33,0,0,0,0,0,1,1,100,100,7.1,0.1,8873.6,%sEngine Run
5341,29.37,1932.2,109.58,546.11,820.01,711.52,713.04,2.33,0,0,0,0,0,1,1,100,100,7.1,0.1,8873.63,%sEngine Run
5342,30.65,1932.2,109.58,546.11,820.01,711.52,713.74,2.33,0,0,0,0,0,1,1,100,100,7.1,0.1,8873.66,%sEngine Run
5343,23.05,1932.2,109.58,546.11,820.01,711.52,713.74,2.9,0,0,0,0,0,1,1,100,100,7.1,0.12,8873.68,%sEngine Run
5344,25.12,1933.11,109.58,546.11,820.01,711.52,713.74,2.9,0,0,0,0,0,1,1,100,100,7.1,0.12,8873.71,%sEngine Run
5345,26.67,1933.11,109.77,546.11,820.01,711.52,713.74,2.9,0,0,0,0,0,1,1,100,100,7.1,0.12,8873.73,%sEngine Run
5346,29.13,1933.11,109.77,546.28,820.3,711.52,713.74,2.9,0,0,0,0,0,1,1,100,100,7.1,0.12,8873.76,%sEngine Run
5347,27.62,1933.11,109.77,546.28,820.3,712.53,712.76,2.9,0,0,0,0,0,1,1,100,100,7.1,0.12,8873.79,%sEngine Run
5348,21.83,1933.11,109.77,546.28,820.3,712.53,712.76,3.9,0,0,0,0,0,1,1,100,100,7.1,0.12,8873.81,%sEngine Run
5349,24.22,1933.11,109.77,546.28,820.3,712.53,712.76,3.9,0,0,0,0,0,1,1,100,100,7.06,0.6,8873.84,%sEngine Run
5350,26.89,1934.31,110.07,546.28,820.3,712.53,712.76,3.9,0,0,0,0,0,1,1,100,100,7.06,0.6,8873.86,%sEngine Run
5351,25.74,1934.31,110.07,546.49,820.49,712.53,712.76,3.9,0,0,0,0,0,1,1,100,100,7.06,0.6,8873.89,%sEngine Run
5352,24.85,1934.31,110.07,546.49,820.49,711.63,712.76,3.9,0,0,0,0,0,1,1,100,100,7.06,0.6,8873.91,%sEngine Run
5353,26.77,1934.31,110.07,546.49,820.49,711.63,710.77,6.14,0,0,0,0,0,1,1,100,100,7.06,0.6,8873.94,%sEngine Run
5354,26.29,1934.31,110.07,546.49,820.49,711.63,710.77,6.14,0,0,0,0,0,1,1,100,100,7.03,1.76,8873.97,%sEngine Run
5355,27.77,1934.58,110.14,546.52,820.49,711.63,710.77,6.14,0,0,0,0,0,1,1,100,100,7.03,1.76,8873.99,%sEngine Run
5356,29.3,1934.58,110.14,546.52,820.3,708.7,706.47,6.14,0,0,0,0,0,1,1,100,100,7.03,1.76,8874.02,%sEngine Run
5357,29.88,1934.58,110.14,546.52,820.3,708.7,706.47,9,0,0,0,0,0,1,1,100,100,7.03,1.76,8874.05,%sEngine Run
5358,25.2,1934.58,110.14,546.52,820.3,708.7,706.47,9,0,0,0,0,0,1,1,100,100,7.01,3.52,8874.08,%sEngine Run
5359,25.14,1934.69,110.14,546.52,820.3,708.7,706.47,9,0,0,0,0,0,1,1,100,100,7.01,3.52,8874.1,%sEngine Run
5360,24.82,1934.69,110.11,546.53,820.32,705.03,706.47,9,0,0,0,0,0,1,1,100,100,7.01,3.52,8874.13,%sEngine Run
5361,38.89,1934.69,110.11,546.53,820.32,705.03,701.35,11.94,0,0,0,0,0,1,1,100,100,7.01,3.52,8874.17,%sEngine Run
5362,27.92,1934.26,110.11,546.53,820.32,705.03,701.35,11.94,0,0,0,0,0,1,1,100,100,6.97,5.37,8874.19,%sEngine Run
5363,26.51,1934.26,110.01,546.35,820.32,705.03,701.35,11.94,0,0,0,0,0,1,1,100,100,6.97,5.37,8874.22,%sEngine Run
5364,28.54,1934.26,110.01,546.35,820.34,700.57,696.1,11.94,0,0,0,0,0,1,1,100,100,6.97,5.37,8874.25,%sEngine Run
5365,29.75,1934.26,110.01,546.35,820.34,700.57,696.1,15.17,0,0,0,0,0,1,1,100,100,6.97,5.37,8874.28,%sEngine Run
5366,23.75,1934.26,110.01,546.35,820.34,700.57,696.1,15.17,0,0,0,0,0,1,1,100,100,6.92,7.19,8874.3,%sEngine Run
5367,28.7,1934.2,109.99,546.41,820.43,700.57,696.1,15.17,0,0,0,0,0,1,1,100,100,6.92,7.19,8874.33,%sEngine Run
5368,28.74,1934.2,109.99,546.41,820.43,695.48,690.37,15.17,0,0,0,0,0,1,1,100,100,6.92,7.19,8874.36,%sEngine Run
5369,23.8,1934.2,109.99,546.41,820.43,695.48,690.37,18.32,0,0,0,0,0,1,1,100,100,6.92,7.19,8874.38,%sEngine Run
5370,25.39,1933.11,109.99,546.41,820.43,695.48,690.37,18.32,0,0,0,0,0,1,1,100,100,6.86,8.98,8874.41,%sEngine Run
5371,27.02,1933.11,109.65,546.18,820.43,695.48,690.37,18.32,0,0,0,0,0,1,1,100,100,6.86,8.98,8874.44,%sEngine Run
5372,26.86,1933.11,109.65,546.18,820.22,689.12,690.37,18.32,0,0,0,0,0,1,1,100,100,6.86,8.98,8874.46,%sEngine Run
5373,23.09,1933.11,109.65,546.18,820.22,689.12,683.62,18.32,0,0,0,0,0,1,1,100,100,6.86,8.98,8874.49,%sEngine Run
5374,23.13,1932.13,109.42,546.18,820.22,689.12,683.62,20.72,0,0,0,0,0,1,1,100,100,6.79,10.72,8874.51,%sEngine Run
5375,26.13,1932.13,109.42,546.18,820.22,689.12,683.62,20.72,0,0,0,0,0,1,1,100,100,6.79,10.72,8874.54,%sEngine Run
5376,25.75,1932.13,109.42,546.01,820.22,689.12,683.62,20.72,0,0,0,0,0,1,1,100,100,6.79,10.72,8874.56,%sEngine Run
5377,26.12,1932.13,109.42,546.01,820.06,689.12,683.62,20.72,0,0,0,0,0,1,1,100,100,6.79,10.72,8874.59,%sEngine Run
5378,21.82,1932.13,109.42,546.01,820.06,682.3,676.38,23.42,0,0,0,0,0,1,1,100,100,6.79,10.72,8874.61,%sEngine Run
5379,23.76,1932.13,109.42,546.01,820.06,682.3,676.38,23.42,0,0,0,0,0,1,1,100,100,6.7,12.41,8874.63,%sEngine Run
5380,25.72,1929.89,108.36,545.03,820.06,682.3,676.38,23.42,0,0,0,0,0,1,1,100,100,6.7,12.41,8874.66,%sEngine Run
5381,23.13,1929.89,108.36,545.03,819.17,682.3,676.38,23.42,0,0,0,0,0,1,1,100,100,6.7,12.41,8874.68,%sEngine Run
5382,27.4,1929.89,108.36,545.03,819.17,673.29,667.11,23.42,0,0,0,0,0,1,1,100,100,6.7,12.41,8874.71,%sEngine Run
5383,26.3,1929.89,108.36,545.03,819.17,673.29,667.11,24.62,0,0,0,0,0,1,1,100,100,6.7,12.41,8874.74,%sEngine Run
5384,22.59,1929.89,108.36,545.03,819.17,673.29,667.11,24.62,0,0,0,0,0,1,1,100,100,6.61,14.11,8874.76,%sEngine Run
5385,27.13,1929.12,108.14,545.03,819.17,673.29,667.11,24.62,0,0,0,0,0,1,1,100,100,6.61,14.11,8874.79,%sEngine Run
5386,24.38,1929.12,108.14,544.77,818.82,665.48,658.94,24.62,0,0,0,0,0,1,1,100,100,6.61,14.11,8874.81,%sEngine Run
5387,29.89,1929.12,108.14,544.77,818.82,665.48,658.94,26.63,0,0,0,0,0,1,1,100,100,6.61,14.11,8874.84,%sEngine Run
5388,24.06,1929.12,108.14,544.77,818.82,665.48,658.94,26.63,0,0,0,0,0,1,1,100,100,6.52,15.79,8874.86,%sEngine Run
5389,23.9,1927.96,107.75,544.77,818.82,665.48,658.94,26.63,0,0,0,0,0,1,1,100,100,6.52,15.79,8874.89,%sEngine Run
5390,22.58,1927.96,107.75,544.41,818.54,657.63,658.94,26.63,0,0,0,0,0,1,1,100,100,6.52,15.79,8874.91,%sEngine Run
5391,23.26,1927.96,107.75,544.41,818.54,657.63,652.61,26.63,0,0,0,0,0,1,1,100,100,6.52,15.79,8874.93,%sEngine Run
5392,25.77,1927.96,107.75,544.41,818.54,657.63,652.61,28.49,0,0,0,0,0,1,1,100,100,6.45,17.02,8874.96,%sEngine Run
5393,24.03,1926.79,107.75,544.41,818.54,657.63,652.61,28.49,0,0,0,0,0,1,1,100,100,6.45,17.02,8874.98,%sEngine Run
5394,24.04,1926.79,107.41,544.41,818.54,657.63,652.61,28.49,0,0,0,0,0,1,1,100,100,6.45,17.02,8875.01,%sEngine Run
5395,27.26,1926.79,107.41,544.05,818.24,651.23,652.61,28.49,0,0,0,0,0,1,1,100,100,6.45,17.02,8875.04,%sEngine Run
5396,30.67,1926.79,107.41,544.05,818.24,651.23,646.98,28.49,0,0,0,0,0,1,1,100,100,6.45,17.02,8875.07,%sEngine Run
5397,25.76,1926.79,107.41,544.05,818.24,651.23,646.98,29.22,0,0,0,0,0,1,1,100,100,6.37,17.55,8875.09,%sEngine Run
5398,28.93,1926.55,107.32,544.01,818.24,651.23,646.98,29.22,0,0,0,0,0,1,1,100,100,6.37,17.55,8875.12,%sEngine Run
5399,25.02,1926.55,107.32,544.01,818.2,651.23,646.98,29.22,0,0,0,0,0,1,1,100,100,6.37,17.55,8875.15,%sEngine Run
5400,24.71,1926.55,107.32,544.01,818.2,646.69,643.36,28.98,0,0,0,0,0,1,1,100,100,6.37,17.47,8875.17,%sEngine Run
5401,24.17,1926.55,107.32,544.01,818.2,646.69,643.36,28.98,0,0,0,0,0,1,1,100,100,6.27,17.47,8875.19,%sEngine Run
5402,26.83,1926.11,107.25,544.05,818.24,646.69,643.36,28.98,0,0,0,0,0,1,1,100,100,6.27,17.47,8875.22,%sEngine Run
5403,23.99,1926.11,107.25,544.05,818.24,643.49,641.12,28.98,0,0,0,0,0,1,1,100,100,6.27,17.47,8875.25,%sEngine Run
5404,23.84,1926.11,107.25,544.05,818.24,643.49,641.12,28.78,0,0,0,0,0,1,1,100,100,6.27,17.47,8875.27,%sEngine Run
5405,23.18,1926.04,107.25,544.05,818.24,643.49,641.12,28.78,0,0,0,0,0,1,1,100,100,6.17,17.32,8875.29,%sEngine Run
5406,29.41,1926.04,107.24,544.05,818.24,643.49,641.12,28.78,0,0,0,0,0,1,1,100,100,6.17,17.32,8875.32,%sEngine Run
5407,28.88,1926.04,107.24,544.05,818.24,641.19,639.03,28.36,0,0,0,0,0,1,1,100,100,6.17,17.32,8875.35,%sEngine Run
5408,28.81,1926.04,107.24,544.05,818.24,641.19,639.03,28.36,0,0,0,0,0,1,1,100,100,6.08,17.2,8875.38,%sEngine Run
5409,21.67,1925.87,107.24,544.05,818.24,641.19,639.03,28.36,0,0,0,0,0,1,1,100,100,6.08,17.2,8875.4,%sEngine Run
5410,26.68,1925.87,107.13,544.01,818.24,641.19,639.03,28.36,0,0,0,0,0,1,1,100,100,6.08,17.2,8875.43,%sEngine Run
5411,29.29,1925.87,107.13,544.01,818.24,639.36,637.53,28.22,0,0,0,0,0,1,1,100,100,6.08,17.2,8875.46,%sEngine Run
5412,22.77,1925.87,107.13,544.01,818.24,639.36,637.53,28.22,0,0,0,0,0,1,1,100,100,5.98,17.08,8875.48,%sEngine Run
5413,22.72,1925.94,107.13,544.01,818.24,639.36,637.53,28.22,0,0,0,0,0,1,1,100,100,5.98,17.08,8875.5,%sEngine Run
5414,26.65,1925.94,107.04,543.99,818.2,639.36,637.53,28.22,0,0,0,0,0,1,1,100,100,5.98,17.08,8875.53,%sEngine Run
5415,26.12,1925.94,107.04,543.99,818.2,637.75,635.92,28.1,0,0,0,0,0,1,1,100,100,5.98,17.08,8875.56,%sEngine Run
5416,21.4,1925.95,107.04,543.99,818.2,637.75,635.92,28.1,0,0,0,0,0,1,1,100,100,5.89,17.01,8875.58,%sEngine Run
5417,24.37,1925.95,107.16,543.99,818.2,637.75,635.92,28.1,0,0,0,0,0,1,1,100,100,5.89,17.01,8875.6,%sEngine Run
5418,26.68,1925.95,107.16,544,818.19,637.75,635.92,28.1,0,0,0,0,0,1,1,100,100,5.89,17.01,8875.63,%sEngine Run
5419,22.4,1925.95,107.16,544,818.19,636.39,634.63,27.7,0,0,0,0,0,1,1,100,100,5.89,16.94,8875.65,%sEngine Run
5420,27.71,1925.87,107.16,544,818.19,636.39,634.63,27.7,0,0,0,0,0,1,1,100,100,5.79,16.94,8875.68,%sEngine Run
5421,26.76,1925.87,107.23,543.99,818.24,636.39,634.63,27.7,0,0,0,0,0,1,1,100,100,5.79,16.94,8875.7,%sEngine Run
5422,24.73,1925.87,107.23,543.99,818.24,635.15,633.21,27.7,0,0,0,0,0,1,1,100,100,5.79,16.94,8875.73,%sEngine Run
5423,27.2,1925.85,107.23,543.99,818.24,635.15,633.21,27.55,0,0,0,0,0,1,1,100,100,5.7,16.91,8875.76,%sEngine Run
5424,22.41,1925.85,107.26,543.98,818.24,635.15,633.21,27.55,0,0,0,0,0,1,1,100,100,5.7,16.91,8875.78,%sEngine Run
5425,24.16,1925.85,107.26,543.98,818.27,633.74,631.83,27.55,0,0,0,0,0,1,1,100,100,5.7,16.91,8875.8,%sEngine Run
5426,24.75,1925.85,107.26,543.98,818.27,633.74,631.83,27.46,0,0,0,0,0,1,1,100,100,5.7,16.88,8875.83,%sEngine Run
5427,26.26,1925.9,107.32,543.99,818.27,633.74,631.83,27.46,0,0,0,0,0,1,1,100,100,5.61,16.88,8875.85,%sEngine Run
5428,23.86,1925.9,107.32,543.99,818.26,633.74,631.83,27.46,0,0,0,0,0,1,1,100,100,5.61,16.88,8875.88,%sEngine Run
5429,24.67,1925.9,107.32,543.99,818.26,632.31,630.31,27.43,0,0,0,0,0,1,1,100,100,5.61,16.88,8875.9,%sEngine Run
5430,21.31,1925.86,107.32,543.99,818.26,632.31,630.31,27.43,0,0,0,0,0,1,1,100,100,5.53,16.86,8875.92,%sEngine Run
5431,27.69,1925.86,107.34,543.97,818.26,630.31,630.31,27.43,0,0,0,0,0,1,1,100,100,5.53,16.86,8875.95,%sEngine Run
5432,30.76,1925.86,107.34,543.97,818.26,630.31,628.4,27.19,0,0,0,0,0,1,1,100,100,5.53,16.86,8875.98,%sEngine Run
5433,25.74,1925.86,107.34,543.97,818.26,630.31,628.4,27.19,0,0,0,0,0,1,1,100,100,5.45,16.84,8876.01,%sEngine Run
5434,25.61,1925.97,107.41,543.99,818.29,630.31,628.4,27.19,0,0,0,0,0,1,1,100,100,5.45,16.84,8876.03,%sEngine Run
5435,27.54,1925.97,107.41,543.99,818.29,628.18,626.27,27.12,0,0,0,0,0,1,1,100,100,5.45,16.84,8876.06,%sEngine Run
5436,26.74,1925.97,107.41,543.99,818.29,628.18,626.27,27.12,0,0,0,0,0,1,1,100,100,5.37,16.82,8876.09,%sEngine Run
5437,26.88,1926.04,107.46,544,818.27,628.18,626.27,27.12,0,0,0,0,0,1,1,100,100,5.37,16.82,8876.11,%sEngine Run
5438,26.29,1926.04,107.46,544,818.27,625.74,623.8,26.93,0,0,0,0,0,1,1,100,100,5.37,16.82,8876.14,%sEngine Run
5439,27.74,1926.04,107.46,544,818.27,625.74,623.8,26.93,0,0,0,0,0,1,1,100,100,5.29,16.79,8876.17,%sEngine Run
5440,25.21,1926.1,107.38,543.97,818.27,625.74,623.8,26.93,0,0,0,0,0,1,1,100,100,5.29,16.79,8876.19,%sEngine Run
5441,28.15,1926.1,107.38,543.97,818.3,623.14,623.8,26.93,0,0,0,0,0,1,1,100,100,5.29,16.79,8876.22,%sEngine Run
5442,28.92,1926.1,107.38,543.97,818.3,623.14,621.3,26.83,0,0,0,0,0,1,1,100,100,5.21,16.77,8876.25,%sEngine Run
5443,26.57,1926.14,107.41,543.97,818.3,623.14,621.3,26.83,0,0,0,0,0,1,1,100,100,5.21,16.77,8876.28,%sEngine Run
5444,25.58,1926.14,107.41,543.96,818.24,620.52,621.3,26.83,0,0,0,0,0,1,1,100,100,5.21,16.77,8876.3,%sEngine Run
5445,23.05,1926.14,107.41,543.96,818.24,620.52,618.41,26.83,0,0,0,0,0,1,1,100,100,5.21,16.77,8876.33,%sEngine Run
5446,29.65,1926.13,107.41,543.96,818.24,620.52,618.41,26.52,0,0,0,0,0,1,1,100,100,5.14,16.74,8876.36,%sEngine Run
5447,27.64,1926.13,107.46,543.99,818.3,620.52,618.41,26.52,0,0,0,0,0,1,1,100,100,5.14,16.74,8876.38,%sEngine Run
5448,26.1,1926.13,107.46,543.99,818.3,618.05,615.78,26.42,0,0,0,0,0,1,1,100,100,5.14,16.74,8876.41,%sEngine Run
5449,25.93,1926.13,107.46,543.99,818.3,618.05,615.78,26.42,0,0,0,0,0,1,1,100,100,5.07,16.71,8876.44,%sEngine Run
5450,23.43,1926.16,107.43,543.96,818.3,618.05,615.78,26.42,0,0,0,0,0,1,1,100,100,5.07,16.71,8876.46,%sEngine Run
5451,22.03,1926.16,107.43,543.96,818.24,618.05,615.78,26.42,0,0,0,0,0,1,1,100,100,5.07,16.71,8876.48,%sEngine Run
5452,21.55,1926.16,107.43,543.96,818.24,615.41,613.01,26.36,0,0,0,0,0,1,1,100,100,5.07,16.71,8876.5,%sEngine Run
5453,24.12,1926.16,107.43,543.96,818.24,615.41,613.01,26.36,0,0,0,0,0,1,1,100,100,5,16.68,8876.53,%sEngine Run
5454,23.63,1926.21,107.4,543.97,818.21,615.41,613.01,26.36,0,0,0,0,0,1,1,100,100,5,16.68,8876.55,%sEngine Run
5455,28.2,1926.21,107.4,543.97,818.21,612.88,610.62,26.36,0,0,0,0,0,1,1,100,100,5,16.68,8876.58,%sEngine Run
5456,23.62,1926.21,107.4,543.97,818.21,612.88,610.62,26.25,0,0,0,0,0,1,1,100,100,5,16.68,8876.6,%sEngine Run
5457,28.66,1926.36,107.4,543.97,818.21,612.88,610.62,26.25,0,0,0,0,0,1,1,100,100,4.93,16.64,8876.63,%sEngine Run
5458,34.61,1926.36,107.34,544,818.22,612.88,610.62,26.25,0,0,0,0,0,1,1,100,100,4.93,16.64,8876.67,%sEngine Run
5459,25.57,1926.36,107.34,544,818.22,610.57,608.45,26.33,0,0,0,0,0,1,1,100,100,4.93,16.64,8876.69,%sEngine Run
5460,25.63,1926.36,107.34,544,818.22,610.57,608.45,26.33,0,0,0,0,0,1,1,100,100,4.86,16.59,8876.72,%sEngine Run
5461,24.62,1926.66,107.34,544,818.22,610.57,608.45,26.33,0,0,0,0,0,1,1,100,100,4.86,16.59,8876.74,%sEngine Run
5462,26.56,1926.66,107.34,544.07,818.25,610.57,608.45,26.33,0,0,0,0,0,1,1,100,100,4.86,16.59,8876.77,%sEngine Run
5463,25.99,1926.66,107.34,544.07,818.25,607.74,605.88,26.1,0,0,0,0,0,1,1,100,100,4.86,16.55,8876.79,%sEngine Run
5464,24.16,1926.66,107.34,544.07,818.25,607.74,605.88,26.1,0,0,0,0,0,1,1,100,100,4.78,16.55,8876.82,%sEngine Run
5465,21.19,1926.63,107.33,544.09,818.25,607.74,605.88,26.1,0,0,0,0,0,1,1,100,100,4.78,16.55,8876.84,%sEngine Run
5466,26.07,1926.63,107.33,544.09,818.29,607.74,605.88,26.1,0,0,0,0,0,1,1,100,100,4.78,16.55,8876.87,%sEngine Run
5467,25.6,1926.63,107.33,544.09,818.29,605.35,603.49,26.11,0,0,0,0,0,1,1,100,100,4.71,16.49,8876.89,%sEngine Run
5468,31.17,1926.52,107.4,544.15,818.29,605.35,603.49,26.11,0,0,0,0,0,1,1,100,100,4.71,16.49,8876.92,%sEngine Run
5469,22.06,1926.52,107.4,544.15,818.38,605.35,603.49,26.11,0,0,0,0,0,1,1,100,100,4.71,16.49,8876.94,%sEngine Run
5470,23.63,1926.52,107.4,544.15,818.38,602.84,601.04,26.11,0,0,0,0,0,1,1,100,100,4.71,16.49,8876.97,%sEngine Run
5471,24.11,1926.52,107.4,544.15,818.38,602.84,601.04,25.99,0,0,0,0,0,1,1,100,100,4.63,16.43,8876.99,%sEngine Run
5472,29.19,1926.41,107.4,544.15,818.38,602.84,601.04,25.99,0,0,0,0,0,1,1,100,100,4.63,16.43,8877.02,%sEngine Run
5473,30.49,1926.41,107.46,544.14,818.36,602.84,601.04,25.99,0,0,0,0,0,1,1,100,100,4.63,16.43,8877.05,%sEngine Run
5474,26.61,1926.41,107.46,544.14,818.36,600.21,598.59,25.98,0,0,0,0,0,1,1,100,100,4.63,16.43,8877.08,%sEngine Run
5475,21.83,1926.41,107.46,544.14,818.36,600.21,598.59,25.98,0,0,0,0,0,1,1,100,100,4.55,16.37,8877.1,%sEngine Run
5476,25.87,1926.22,107.49,544.14,818.36,600.21,598.59,25.98,0,0,0,0,0,1,1,100,100,4.55,16.37,8877.13,%sEngine Run
5477,30.6,1926.22,107.49,544.15,818.36,597.45,595.95,25.98,0,0,0,0,0,1,1,100,100,4.55,16.37,8877.16,%sEngine Run
5478,28.66,1926.22,107.49,544.15,818.36,597.45,595.95,25.87,0,0,0,0,0,1,1,100,100,4.55,16.37,8877.19,%sEngine Run
5479,26.18,1926.22,107.49,544.15,818.36,597.45,595.95,25.87,0,0,0,0,0,1,1,100,100,4.55,16.31,8877.21,%sEngine Run
5480,24.99,1926.28,107.43,544.17,818.36,597.45,595.95,25.87,0,0,0,0,0,1,1,100,100,4.47,16.31,8877.24,%sEngine Run
5481,26.63,1926.28,107.43,544.17,818.43,594.69,595.95,25.87,0,0,0,0,0,1,1,100,100,4.47,16.31,8877.26,%sEngine Run
5482,25.07,1926.28,107.43,544.17,818.43,594.69,593.5,25.83,0,0,0,0,0,1,1,100,100,4.47,16.31,8877.29,%sEngine Run
5483,22.25,1926.28,107.43,544.17,818.43,594.69,593.5,25.83,0,0,0,0,0,1,1,100,100,4.39,16.25,8877.31,%sEngine Run
5484,24.14,1926.24,107.43,544.17,818.43,594.69,593.5,25.83,0,0,0,0,0,1,1,100,100,4.39,16.25,8877.33,%sEngine Run
5485,24.75,1926.24,107.52,544.17,818.41,591.77,593.5,25.83,0,0,0,0,0,1,1,100,100,4.39,16.25,8877.36,%sEngine Run
5486,33.61,1926.24,107.52,544.17,818.41,591.77,593.5,25.83,0,0,0,0,0,1,1,100,100,4.39,16.25,8877.39,%sEngine Run
5487,26.24,1926.24,107.52,544.17,818.41,591.77,590.94,25.7,0,0,0,0,0,1,1,100,100,4.39,16.18,8877.42,%sEngine Run
5488,24.17,1926.2,107.52,544.17,818.41,591.77,590.94,25.7,0,0,0,0,0,1,1,100,100,4.31,16.18,8877.44,%sEngine Run
5489,25.75,1926.2,107.46,544.17,818.41,591.77,590.94,25.7,0,0,0,0,0,1,1,100,100,4.31,16.18,8877.47,%sEngine Run
5490,37.13,1926.2,107.46,544.21,818.41,591.77,590.94,25.7,0,0,0,0,0,1,1,100,100,4.31,16.18,8877.51,%sEngine Run
5491,25.72,1926.2,107.46,544.21,818.49,591.77,590.94,25.7,0,0,0,0,0,1,1,100,100,4.31,16.18,8877.53,%sEngine Run
5492,26.1,1926.2,107.46,544.21,818.49,589.07,588.41,25.6,0,0,0,0,0,1,1,100,100,4.31,16.18,8877.56,%sEngine Run
5493,28.86,1926.2,107.46,544.21,818.49,589.07,588.41,25.6,0,0,0,0,0,1,1,100,100,4.31,16.18,8877.59,%sEngine Run
5494,28.11,1926.2,107.46,544.21,818.49,589.07,588.41,25.6,0,0,0,0,0,1,1,100,100,4.23,16.11,8877.61,%sEngine Run
5495,28.75,1926.31,107.52,544.21,818.49,589.07,588.41,25.6,0,0,0,0,0,1,1,100,100,4.23,16.11,8877.64,%sEngine Run
5496,47.76,1926.31,107.52,544.23,818.49,589.07,588.41,25.6,0,0,0,0,0,1,1,100,100,4.23,16.11,8877.69,%sEngine Run
5497,26.71,1926.31,107.52,544.23,818.5,586.14,588.41,25.6,0,0,0,0,0,1,1,100,100,4.23,16.11,8877.72,%sEngine Run
5498,37.25,1926.31,107.52,544.23,818.5,586.14,585.52,25.6,0,0,0,0,0,1,1,100,100,4.23,16.11,8877.76,%sEngine Run
5499,27.74,1926.31,107.52,544.23,818.5,586.14,585.52,25.53,0,0,0,0,0,1,1,100,100,4.23,16.11,8877.78,%sEngine Run
5500,34.82,1926.31,107.52,544.23,818.5,586.14,585.52,25.53,0,0,0,0,0,1,1,100,100,4.13,16.03,8877.82,%sEngine Run
5501,35.68,1926.18,107.57,544.23,818.5,586.14,585.52,25.53,0,0,0,0,0,1,1,100,100,4.13,16.03,8877.85,%sEngine Run
5502,28.72,1926.18,107.57,544.19,818.5,586.14,585.52,25.53,0,0,0,0,0,1,1,100,100,4.13,16.03,8877.88,%sEngine Run
5503,28.35,1926.18,107.57,544.19,818.51,583.06,585.52,25.53,0,0,0,0,0,1,1,100,100,4.13,16.03,8877.91,%sEngine Run
5504,35.62,1926.18,107.57,544.19,818.51,583.06,582.33,25.53,0,0,0,0,0,1,1,100,100,4.13,16.03,8877.95,%sEngine Run
5505,25.7,1926.18,107.57,544.19,818.51,583.06,582.33,25.29,0,0,0,0,0,1,1,100,100,4.13,16.03,8877.97,%sEngine Run
5506,23.11,1926.18,107.57,544.19,818.51,583.06,582.33,25.29,0,0,0,0,0,1,1,100,100,4.04,15.96,8878,%sEngine Run
5507,39.93,1925.94,107.57,544.19,818.51,583.06,582.33,25.29,0,0,0,0,0,1,1,100,100,4.04,15.96,8878.03,%sEngine Run
5508,27.71,1925.94,107.51,544.15,818.51,583.06,582.33,25.29,0,0,0,0,0,1,1,100,100,4.04,15.96,8878.06,%sEngine Run
5509,34.13,1925.94,107.51,544.15,818.53,580.07,582.33,25.29,0,0,0,0,0,1,1,100,100,4.04,15.96,8878.1,%sEngine Run
5510,40.15,1925.94,107.51,544.15,818.53,580.07,579.37,25.29,0,0,0,0,0,1,1,100,100,4.04,15.96,8878.14,%sEngine Run
5511,24.71,1925.94,107.51,544.15,818.53,580.07,579.37,25.11,0,0,0,0,0,1,1,100,100,4.04,15.96,8878.16,%sEngine Run
5512,36.27,1925.94,107.51,544.15,818.53,580.07,579.37,25.11,0,0,0,0,0,1,1,100,100,3.94,15.88,8878.2,%sEngine Run
5513,32.25,1925.96,107.54,544.15,818.53,580.07,579.37,25.11,0,0,0,0,0,1,1,100,100,3.94,15.88,8878.23,%sEngine Run
5514,26.14,1925.96,107.54,544.15,818.53,580.07,579.37,25.11,0,0,0,0,0,1,1,100,100,3.94,15.88,8878.26,%sEngine Run
5515,26.66,1925.96,107.54,544.11,818.51,580.07,579.37,25.11,0,0,0,0,0,1,1,100,100,3.94,15.88,8878.28,%sEngine Run
5516,27.22,1925.96,107.54,544.11,818.51,576.54,575.82,25.11,0,0,0,0,0,1,1,100,100,3.94,15.88,8878.31,%sEngine Run
5517,33.74,1925.96,107.54,544.11,818.51,576.54,575.82,24.93,0,0,0,0,0,1,1,100,100,3.94,15.88,8878.34,%sEngine Run
5518,40.25,1925.96,107.54,544.11,818.51,576.54,575.82,24.93,0,0,0,0,0,1,1,100,100,3.83,15.8,8878.38,%sEngine Run
5519,35.9,1926,107.42,544.11,818.51,576.54,575.82,24.93,0,0,0,0,0,1,1,100,100,3.83,15.8,8878.42,%sEngine Run
5520,49.86,1926,107.42,544.07,818.51,576.54,575.82,24.93,0,0,0,0,0,1,1,100,100,3.83,15.8,8878.47,%sEngine Run
5521,29.1,1926,107.42,544.07,818.45,576.54,575.82,24.93,0,0,0,0,0,1,1,100,100,3.83,15.8,8878.5,%sEngine Run
5522,37.36,1926,107.42,544.07,818.45,572.59,571.97,24.93,0,0,0,0,0,1,1,100,100,3.83,15.8,8878.54,%sEngine Run
5523,29.68,1926,107.42,544.07,818.45,572.59,571.97,24.74,0,0,0,0,0,1,1,100,100,3.83,15.71,8878.57,%sEngine Run
5524,35.77,1926,107.42,544.07,818.45,572.59,571.97,24.74,0,0,0,0,0,1,1,100,100,3.7,15.71,8878.6,%sEngine Run
5525,32.69,1925.94,107.42,544.07,818.45,572.59,571.97,24.74,0,0,0,0,0,1,1,100,100,3.7,15.71,8878.63,%sEngine Run
5526,25.61,1925.94,107.35,544.03,818.48,572.59,571.97,24.74,0,0,0,0,0,1,1,100,100,3.7,15.71,8878.66,%sEngine Run
5527,26.29,1925.94,107.35,544.03,818.48,572.59,571.97,24.74,0,0,0,0,0,1,1,100,100,3.7,15.71,8878.69,%sEngine Run
5528,25.83,1925.94,107.35,544.03,818.48,568.44,567.81,24.74,0,0,0,0,0,1,1,100,100,3.7,15.71,8878.71,%sEngine Run
5529,23.95,1925.94,107.35,544.03,818.48,568.44,567.81,24.36,0,0,0,0,0,1,1,100,100,3.7,15.71,8878.74,%sEngine Run
5530,23.61,1926.2,107.35,544.03,818.48,568.44,567.81,24.36,0,0,0,0,0,1,1,100,100,3.57,15.6,8878.76,%sEngine Run
5531,25.95,1926.2,107.35,544.03,818.48,568.44,567.81,24.36,0,0,0,0,0,1,1,100,100,3.57,15.6,8878.79,%sEngine Run
5532,22.65,1926.2,107.43,544.06,818.48,568.44,567.81,24.36,0,0,0,0,0,1,1,100,100,3.57,15.6,8878.81,%sEngine Run
5533,28.16,1926.2,107.43,544.06,818.49,568.44,567.81,24.36,0,0,0,0,0,1,1,100,100,3.57,15.6,8878.84,%sEngine Run
5534,24.24,1926.2,107.43,544.06,818.49,564.13,563.44,24.36,0,0,0,0,0,1,1,100,100,3.57,15.6,8878.86,%sEngine Run
5535,29.56,1926.2,107.43,544.06,818.49,564.13,563.44,24.2,0,0,0,0,0,1,1,100,100,3.57,15.6,8878.89,%sEngine Run
5536,25.71,1926.2,107.43,544.06,818.49,564.13,563.44,24.2,0,0,0,0,0,1,1,100,100,3.57,15.48,8878.92,%sEngine Run
5537,29.37,1926.2,107.43,544.06,818.49,564.13,563.44,24.2,0,0,0,0,0,1,1,100,100,3.44,15.48,8878.95,%sEngine Run
5538,26.55,1926.07,107.49,544.02,818.49,564.13,563.44,24.2,0,0,0,0,0,1,1,100,100,3.44,15.48,8878.97,%sEngine Run
5539,28.54,1926.07,107.49,544.02,818.42,564.13,563.44,24.2,0,0,0,0,0,1,1,100,100,3.44,15.48,8879,%sEngine Run
5540,28.56,1926.07,107.49,544.02,818.42,559.68,558.76,23.92,0,0,0,0,0,1,1,100,100,3.44,15.37,8879.03,%sEngine Run
5541,27.03,1926.07,107.49,544.02,818.42,559.68,558.76,23.92,0,0,0,0,0,1,1,100,100,3.3,15.37,8879.06,%sEngine Run
5542,26.74,1926.29,107.49,544.02,818.42,559.68,558.76,23.92,0,0,0,0,0,1,1,100,100,3.3,15.37,8879.08,%sEngine Run
5543,23.95,1926.29,107.48,544.03,818.46,555.13,558.76,23.92,0,0,0,0,0,1,1,100,100,3.3,15.37,8879.11,%sEngine Run
5544,28.68,1926.29,107.48,544.03,818.46,555.13,554.08,23.92,0,0,0,0,0,1,1,100,100,3.3,15.37,8879.14,%sEngine Run
5545,26.59,1926.29,107.48,544.03,818.46,555.13,554.08,23.67,0,0,0,0,0,1,1,100,100,3.3,15.37,8879.16,%sEngine Run
5546,27.24,1926.3,107.49,544.03,818.46,555.13,554.08,23.67,0,0,0,0,0,1,1,100,100,3.15,15.25,8879.19,%sEngine Run
5547,26.64,1926.3,107.49,544.01,818.43,555.13,554.08,23.67,0,0,0,0,0,1,1,100,100,3.15,15.25,8879.22,%sEngine Run
5548,28.59,1926.3,107.49,544.01,818.43,550.3,554.08,23.67,0,0,0,0,0,1,1,100,100,3.15,15.25,8879.24,%sEngine Run
5549,29.58,1926.3,107.49,544.01,818.43,550.3,549.25,23.3,0,0,0,0,0,1,1,100,100,3.15,15.25,8879.27,%sEngine Run
5550,28.62,1926.3,107.49,544.01,818.43,550.3,549.25,23.3,0,0,0,0,0,1,1,100,100,3.01,15.13,8879.3,%sEngine Run
5551,24.22,1926.19,107.55,544.01,818.43,550.3,549.25,23.3,0,0,0,0,0,1,1,100,100,3.01,15.13,8879.33,%sEngine Run
5552,29.41,1926.19,107.55,544.02,818.43,550.3,549.25,23.3,0,0,0,0,0,1,1,100,100,3.01,15.13,8879.36,%sEngine Run
5553,31.66,1926.19,107.55,544.02,818.43,550.3,549.25,23.3,0,0,0,0,0,1,1,100,100,3.01,15.13,8879.39,%sEngine Run
5554,26.16,1926.19,107.55,544.02,818.43,545.55,544.58,22.93,0,0,0,0,0,1,1,100,100,3.01,15.13,8879.41,%sEngine Run
5555,27.64,1926.19,107.55,544.02,818.43,545.55,544.58,22.93,0,0,0,0,0,1,1,100,100,3.01,15.01,8879.44,%sEngine Run
5556,27.68,1926.19,107.55,544.02,818.43,545.55,544.58,22.93,0,0,0,0,0,1,1,100,100,2.86,15.01,8879.47,%sEngine Run
5557,27.1,1926.1,107.59,544.02,818.43,545.55,544.58,22.93,0,0,0,0,0,1,1,100,100,2.86,15.01,8879.5,%sEngine Run
5558,33.87,1926.1,107.59,544.06,818.43,545.55,544.58,22.93,0,0,0,0,0,1,1,100,100,2.86,15.01,8879.53,%sEngine Run
5559,28.64,1926.1,107.59,544.06,818.48,541.03,544.58,22.93,0,0,0,0,0,1,1,100,100,2.86,15.01,8879.56,%sEngine Run
5560,29.55,1926.1,107.59,544.06,818.48,541.03,539.96,22.93,0,0,0,0,0,1,1,100,100,2.86,15.01,8879.59,%sEngine Run
5561,29.14,1926.1,107.59,544.06,818.48,541.03,539.96,22.71,0,0,0,0,0,1,1,100,100,2.86,15.01,8879.62,%sEngine Run
5562,29.05,1926.1,107.59,544.06,818.48,541.03,539.96,22.71,0,0,0,0,0,1,1,100,100,2.71,14.88,8879.65,%sEngine Run
5563,22.63,1926.11,107.59,544.06,818.48,541.03,539.96,22.71,0,0,0,0,0,1,1,100,100,2.71,14.88,8879.67,%sEngine Run
5564,24.13,1926.11,107.63,544.06,818.48,541.03,539.96,22.71,0,0,0,0,0,1,1,100,100,2.71,14.88,8879.69,%sEngine Run
5565,29.64,1926.11,107.63,544.06,818.42,536.2,539.96,22.71,0,0,0,0,0,1,1,100,100,2.71,14.88,8879.72,%sEngine Run
5566,32.69,1926.11,107.63,544.06,818.42,536.2,535.06,22.41,0,0,0,0,0,1,1,100,100,2.71,14.88,8879.76,%sEngine Run
5567,25.55,1926.11,107.63,544.06,818.42,536.2,535.06,22.41,0,0,0,0,0,1,1,100,100,2.57,14.75,8879.78,%sEngine Run
5568,33.46,1926.1,107.58,544.06,818.42,536.2,535.06,22.41,0,0,0,0,0,1,1,100,100,2.57,14.75,8879.81,%sEngine Run
5569,27.85,1926.1,107.58,544.05,818.42,536.2,535.06,22.41,0,0,0,0,0,1,1,100,100,2.57,14.75,8879.84,%sEngine Run
5570,29.62,1926.1,107.58,544.05,818.42,531.62,530.61,22.41,0,0,0,0,0,1,1,100,100,2.57,14.75,8879.87,%sEngine Run
5571,23.66,1926.1,107.58,544.05,818.42,531.62,530.61,22.06,0,0,0,0,0,1,1,100,100,2.57,14.75,8879.9,%sEngine Run
5572,25.58,1926.1,107.58,544.05,818.42,531.62,530.61,22.06,0,0,0,0,0,1,1,100,100,2.47,14.38,8879.92,%sEngine Run
5573,27.67,1926.22,107.64,544.05,818.42,531.62,530.61,22.06,0,0,0,0,0,1,1,100,100,2.47,14.38,8879.95,%sEngine Run
5574,24.3,1926.22,107.64,544.05,818.41,531.62,530.61,22.06,0,0,0,0,0,1,1,100,100,2.47,14.38,8879.97,%sEngine Run
5575,25.66,1926.22,107.64,544.05,818.41,527.72,532.5,20.08,0,0,0,0,0,1,1,100,100,2.47,14.38,8880,%sEngine Run
5576,27.06,1926.22,107.64,544.05,818.41,527.72,532.5,20.08,0,0,0,0,0,1,1,100,100,2.35,13.51,8880.03,%sEngine Run
5577,24.57,1926.22,107.64,544.05,818.41,527.72,532.5,20.08,0,0,0,0,0,1,1,100,100,2.35,13.51,8880.05,%sEngine Run
5578,23.09,1926.48,107.64,544.05,818.41,527.72,532.5,20.08,0,0,0,0,0,1,1,100,100,2.35,13.51,8880.07,%sEngine Run
5579,28.72,1926.48,107.64,544.09,818.45,524,532.5,20.08,0,0,0,0,0,1,1,100,100,2.35,13.51,8880.1,%sEngine Run
5580,29.57,1926.48,107.64,544.09,818.45,524,534.61,18.02,0,0,0,0,0,1,1,100,100,2.35,13.51,8880.13,%sEngine Run
5581,25.63,1926.48,107.64,544.09,818.45,524,534.61,18.02,0,0,0,0,0,1,1,100,100,2.35,12.66,8880.16,%sEngine Run
5582,26.15,1926.24,107.64,544.09,818.45,524,534.61,18.02,0,0,0,0,0,1,1,100,100,2.24,12.66,8880.18,%sEngine Run
5583,26.62,1926.24,107.52,544.06,818.45,524,534.61,18.02,0,0,0,0,0,1,1,100,100,2.24,12.66,8880.21,%sEngine Run
5584,28.66,1926.24,107.52,544.06,818.42,520.7,537.03,18.02,0,0,0,0,0,1,1,100,100,2.24,12.66,8880.24,%sEngine Run
5585,25.71,1926.24,107.52,544.06,818.42,520.7,537.03,15.92,0,0,0,0,0,1,1,100,100,2.24,11.81,8880.27,%sEngine Run
5586,29.61,1926.24,107.52,544.06,818.42,520.7,537.03,15.92,0,0,0,0,0,1,1,100,100,2.15,11.81,8880.29,%sEngine Run
5587,22.84,1926.57,107.59,544.1,818.42,520.7,537.03,15.92,0,0,0,0,0,1,1,100,100,2.15,11.81,8880.32,%sEngine Run
5588,25.68,1926.57,107.59,544.1,818.48,517.75,540.03,15.92,0,0,0,0,0,1,1,100,100,2.15,11.81,8880.34,%sEngine Run
5589,31.58,1926.57,107.59,544.1,818.48,517.75,540.03,13.82,0,0,0,0,0,1,1,100,100,2.15,11.81,8880.37,%sEngine Run
5590,22.11,1926.57,107.59,544.1,818.48,517.75,540.03,13.82,0,0,0,0,0,1,1,100,100,2.08,10.95,8880.4,%sEngine Run
5591,25.31,1926.53,107.53,544.08,818.48,517.75,540.03,13.82,0,0,0,0,0,1,1,100,100,2.08,10.95,8880.42,%sEngine Run
5592,26.37,1926.53,107.53,544.08,818.43,515.06,540.03,13.82,0,0,0,0,0,1,1,100,100,2.08,10.95,8880.45,%sEngine Run
5593,28.17,1926.53,107.53,544.08,818.43,515.06,543.2,13.82,0,0,0,0,0,1,1,100,100,2.08,10.95,8880.48,%sEngine Run
5594,25.49,1926.53,107.53,544.08,818.43,515.06,543.2,11.64,0,0,0,0,0,1,1,100,100,2,10.05,8880.5,%sEngine Run
5595,25.41,1926.51,107.52,544.08,818.43,515.06,543.2,11.64,0,0,0,0,0,1,1,100,100,2,10.05,8880.53,%sEngine Run
5596,30.62,1926.51,107.52,544.11,818.46,515.06,543.2,11.64,0,0,0,0,0,1,1,100,100,2,10.05,8880.56,%sEngine Run
5597,26.11,1926.51,107.52,544.11,818.46,512.67,546.71,11.64,0,0,0,0,0,1,1,100,100,2,10.05,8880.58,%sEngine Run
5598,28.7,1926.51,107.52,544.11,818.46,512.67,546.71,9.47,0,0,0,0,0,1,1,100,100,2,10.05,8880.61,%sEngine Run
5599,25.62,1926.51,107.52,544.11,818.46,512.67,546.71,9.47,0,0,0,0,0,1,1,100,100,1.93,9.1,8880.64,%sEngine Run
5600,24.99,1926.62,107.57,544.13,818.46,512.67,546.71,9.47,0,0,0,0,0,1,1,100,100,1.93,9.1,8880.66,%sEngine Run
5601,30.71,1926.62,107.57,544.13,818.51,512.67,546.71,9.47,0,0,0,0,0,1,1,100,100,1.93,9.1,8880.69,%sEngine Run
5602,30.21,1926.62,107.57,544.13,818.51,510.14,550.45,7.25,0,0,0,0,0,1,1,100,100,1.93,9.1,8880.72,%sEngine Run
5603,32.95,1926.62,107.57,544.13,818.51,510.14,550.45,7.25,0,0,0,0,0,1,1,100,100,1.87,8.09,8880.76,%sEngine Run
5604,25.02,1926.73,107.57,544.13,818.51,510.14,550.45,7.25,0,0,0,0,0,1,1,100,100,1.87,8.09,8880.78,%sEngine Run
5605,26.34,1926.73,107.41,544.08,818.48,510.14,550.45,7.25,0,0,0,0,0,1,1,100,100,1.87,8.09,8880.81,%sEngine Run
5606,28.8,1926.73,107.41,544.08,818.48,507.25,550.45,7.25,0,0,0,0,0,1,1,100,100,1.87,8.09,8880.84,%sEngine Run
5607,26.16,1926.73,107.41,544.08,818.48,507.25,554.37,7.25,0,0,0,0,0,1,1,100,100,1.87,8.09,8880.86,%sEngine Run
5608,21.15,1926.73,107.41,544.08,818.48,507.25,554.37,4.86,0,0,0,0,0,1,1,100,100,1.87,7.04,8880.89,%sEngine Run
5609,25.82,1926.64,107.45,544.04,818.48,507.25,554.37,4.86,0,0,0,0,0,1,1,100,100,1.82,7.04,8880.91,%sEngine Run
5610,24.27,1926.64,107.45,544.04,818.53,507.25,554.37,4.86,0,0,0,0,0,1,1,100,100,1.82,7.04,8880.94,%sEngine Run
5611,30.86,1926.64,107.45,544.04,818.53,504.55,558.81,4.86,0,0,0,0,0,1,1,100,100,1.82,7.04,8880.97,%sEngine Run
5612,27.34,1926.66,107.45,544.04,818.53,504.55,558.81,2.59,0,0,0,0,0,1,1,100,100,1.78,5.96,8880.99,%sEngine Run
5613,29.51,1926.66,107.44,544.04,818.53,504.55,558.81,2.59,0,0,0,0,0,1,1,100,100,1.78,5.96,8881.02,%sEngine Run
5614,26.32,1926.66,107.44,544.04,818.46,504.55,558.81,2.59,0,0,0,0,0,1,1,100,100,1.78,5.96,8881.05,%sEngine Run
5615,25.2,1926.66,107.44,544.04,818.46,501.62,563.48,0.4,0,0,0,0,0,1,1,100,100,1.78,5.1,8881.07,%sEngine Run
5616,29.4,1926.73,107.44,544.04,818.46,501.62,563.48,0.4,0,0,0,0,0,1,1,100,100,1.72,5.1,8881.1,%sEngine Run
5617,26.6,1926.73,107.47,544.05,818.57,501.62,563.48,0.4,0,0,0,0,0,1,1,100,100,1.72,5.1,8881.13,%sEngine Run
5618,32.85,1926.73,107.47,544.05,818.57,498.22,562.6,0.4,0,0,0,0,0,1,1,100,100,1.72,5.1,8881.16,%sEngine Run
5619,22.11,1926.73,107.47,544.05,818.57,498.22,562.6,0.08,0,0,0,0,0,1,1,100,100,1.72,5.1,8881.19,%sEngine Run
5620,25.27,1926.65,107.51,544.05,818.57,498.22,562.6,0.08,0,0,0,0,0,1,1,100,100,1.68,4.72,8881.21,%sEngine Run
5621,25.24,1926.65,107.51,544.04,818.49,498.22,562.6,0.08,0,0,0,0,0,1,1,100,100,1.68,4.72,8881.24,%sEngine Run
5622,32.21,1926.65,107.51,544.04,818.49,498.22,562.6,0.08,0,0,0,0,0,1,1,100,100,1.68,4.72,8881.27,%sEngine Run
5623,22.99,1926.65,107.51,544.04,818.49,494.57,561.86,-0.17,0,0,0,0,0,1,1,100,100,1.68,4.72,8881.29,%sEngine Run
5624,32.27,1926.65,107.51,544.04,818.49,494.57,561.86,-0.17,0,0,0,0,0,1,1,100,100,1.66,4.32,8881.32,%sEngine Run
5625,28.24,1926.82,107.63,544.08,818.49,494.57,561.86,-0.17,0,0,0,0,0,1,1,100,100,1.66,4.32,8881.35,%sEngine Run
5626,24.17,1926.82,107.63,544.08,818.6,490.4,561.86,-0.17,0,0,0,0,0,1,1,100,100,1.66,4.32,8881.38,%sEngine Run
5627,28.79,1926.82,107.63,544.08,818.6,490.4,561.31,-0.17,0,0,0,0,0,1,1,100,100,1.66,4.32,8881.4,%sEngine Run
5628,21.35,1926.82,107.63,544.08,818.6,490.4,561.31,-0.5,0,0,0,0,0,1,1,100,100,1.63,3.92,8881.43,%sEngine Run
5629,26.69,1926.61,107.59,544.02,818.6,490.4,561.31,-0.5,0,0,0,0,0,1,1,100,100,1.63,3.92,8881.45,%sEngine Run
5630,28.82,1926.61,107.59,544.02,818.52,490.4,561.31,-0.5,0,0,0,0,0,1,1,100,100,1.63,3.92,8881.48,%sEngine Run
5631,24.34,1926.61,107.59,544.02,818.52,485.81,560.71,-0.71,0,0,0,0,0,1,1,100,100,1.63,3.92,8881.51,%sEngine Run
5632,28.58,1926.44,107.59,544.02,818.52,485.81,560.71,-0.71,0,0,0,0,0,1,1,100,100,1.59,3.53,8881.53,%sEngine Run
5633,26.67,1926.44,107.53,543.99,818.52,485.81,560.71,-0.71,0,0,0,0,0,1,1,100,100,1.59,3.53,8881.56,%sEngine Run
5634,30.56,1926.44,107.53,543.99,818.53,480.93,560.17,-0.71,0,0,0,0,0,1,1,100,100,1.59,3.53,8881.59,%sEngine Run
5635,32.19,1926.44,107.53,543.99,818.53,480.93,560.17,-0.79,0,0,0,0,0,1,1,100,100,1.59,3.53,8881.62,%sEngine Run
5636,29.24,1926.46,107.53,543.99,818.53,480.93,560.17,-0.79,0,0,0,0,0,1,1,100,100,1.56,3.17,8881.65,%sEngine Run
5637,23.94,1926.46,107.56,543.95,818.53,480.93,560.17,-0.79,0,0,0,0,0,1,1,100,100,1.56,3.17,8881.68,%sEngine Run
5638,27.09,1926.46,107.56,543.95,818.52,475.71,559.65,-0.79,0,0,0,0,0,1,1,100,100,1.56,3.17,8881.7,%sEngine Run
5639,22.22,1926.46,107.56,543.95,818.52,475.71,559.65,-0.87,0,0,0,0,0,1,1,100,100,1.56,3.17,8881.73,%sEngine Run
5640,30.67,1926.55,107.56,543.95,818.52,475.71,559.65,-0.87,0,0,0,0,0,1,1,100,100,1.54,2.88,8881.76,%sEngine Run
5641,22.85,1926.55,107.51,543.91,818.52,475.71,559.65,-0.87,0,0,0,0,0,1,1,100,100,1.54,2.88,8881.78,%sEngine Run
5642,26.71,1926.55,107.51,543.91,818.55,475.71,559.65,-0.87,0,0,0,0,0,1,1,100,100,1.54,2.88,8881.81,%sEngine Run
5643,25.73,1926.55,107.51,543.91,818.55,470.67,559.11,-0.87,0,0,0,0,0,1,1,100,100,1.54,2.88,8881.83,%sEngine Run
5644,31.27,1926.64,107.51,543.91,818.55,470.67,559.11,-0.87,0,0,0,0,0,1,1,100,100,1.52,2.66,8881.86,%sEngine Run
5645,27.82,1926.64,107.67,543.91,818.53,465.52,558.63,-0.87,0,0,0,0,0,1,1,100,100,1.52,2.66,8881.89,%sEngine Run
5646,28.33,1926.64,107.67,543.91,818.53,465.52,558.63,-0.87,0,0,0,0,0,1,1,100,100,1.52,2.66,8881.92,%sEngine Run
5647,23.04,1926.64,107.67,543.91,818.53,465.52,558.63,-0.91,0,0,0,0,0,1,1,100,100,1.5,2.48,8881.94,%sEngine Run
5648,25.33,1926.7,107.67,543.91,818.53,465.52,558.63,-0.91,0,0,0,0,0,1,1,100,100,1.5,2.48,8881.97,%sEngine Run
5649,25.48,1926.7,107.68,543.93,818.46,460.26,558.2,-0.91,0,0,0,0,0,1,1,100,100,1.5,2.48,8881.99,%sEngine Run
5650,25.36,1926.7,107.68,543.93,818.46,460.26,558.2,-0.83,0,0,0,0,0,1,1,100,100,1.5,2.34,8882.02,%sEngine Run
5651,23.3,1926.7,107.68,543.93,818.46,460.26,558.2,-0.83,0,0,0,0,0,1,1,100,100,1.48,2.34,8882.04,%sEngine Run
5652,25.72,1926.84,107.68,543.96,818.46,460.26,558.2,-0.83,0,0,0,0,0,1,1,100,100,1.48,2.34,8882.07,%sEngine Run
5653,22.3,1926.84,107.68,543.96,818.48,455.08,557.65,-0.83,0,0,0,0,0,1,1,100,100,1.48,2.34,8882.09,%sEngine Run
5654,24.72,1926.84,107.68,543.96,818.48,455.08,557.65,-0.89,0,0,0,0,0,1,1,100,100,1.48,2.23,8882.11,%sEngine Run
5655,23.92,1926.78,107.68,543.96,818.48,455.08,557.65,-0.89,0,0,0,0,0,1,1,100,100,1.46,2.23,8882.14,%sEngine Run
5656,26.15,1926.78,107.67,543.95,818.45,455.08,557.65,-0.89,0,0,0,0,0,1,1,100,100,1.46,2.23,8882.16,%sEngine Run
5657,22.71,1926.78,107.67,543.95,818.45,450.11,556.95,-0.89,0,0,0,0,0,1,1,100,100,1.46,2.23,8882.19,%sEngine Run
5658,25.75,1926.78,107.67,543.95,818.45,450.11,556.95,-1,0,0,0,0,0,1,1,100,100,1.45,2.16,8882.21,%sEngine Run
5659,24.6,1926.68,107.59,543.96,818.45,450.11,556.95,-1,0,0,0,0,0,1,1,100,100,1.45,2.16,8882.24,%sEngine Run
5660,25.09,1926.68,107.59,543.96,818.54,450.11,556.95,-1,0,0,0,0,0,1,1,100,100,1.45,2.16,8882.26,%sEngine Run
5661,24.8,1926.68,107.59,543.96,818.54,445.3,556.32,-1,0,0,0,0,0,1,1,100,100,1.45,2.16,8882.29,%sEngine Run
5662,23.59,1926.59,107.59,543.96,818.54,445.3,556.32,-1.06,0,0,0,0,0,1,1,100,100,1.43,2.1,8882.31,%sEngine Run
5663,24.26,1926.59,107.55,543.96,818.54,445.3,556.32,-1.06,0,0,0,0,0,1,1,100,100,1.43,2.1,8882.34,%sEngine Run
5664,32.06,1926.59,107.55,543.93,818.49,445.3,556.32,-1.06,0,0,0,0,0,1,1,100,100,1.43,2.1,8882.37,%sEngine Run
5665,26.29,1926.59,107.55,543.93,818.49,440.57,555.84,-1.06,0,0,0,0,0,1,1,100,100,1.43,2.1,8882.39,%sEngine Run
5666,24.7,1926.59,107.55,543.93,818.49,440.57,555.84,-1.03,0,0,0,0,0,1,1,100,100,1.41,2.03,8882.42,%sEngine Run
5667,29.07,1926.56,107.55,543.93,818.49,440.57,555.84,-1.03,0,0,0,0,0,1,1,100,100,1.41,2.03,8882.45,%sEngine Run
5668,23.65,1926.56,107.55,543.96,818.55,435.74,555.84,-1.03,0,0,0,0,0,1,1,100,100,1.41,2.03,8882.47,%sEngine Run
5669,27.72,1926.56,107.55,543.96,818.55,435.74,555.1,-1.03,0,0,0,0,0,1,1,100,100,1.41,2.03,8882.5,%sEngine Run
5670,25.86,1926.56,107.55,543.96,818.55,435.74,555.1,-1.09,0,0,0,0,0,1,1,100,100,1.4,1.98,8882.53,%sEngine Run
5671,22.65,1926.5,107.56,543.96,818.55,435.74,555.1,-1.09,0,0,0,0,0,1,1,100,100,1.4,1.98,8882.55,%sEngine Run
5672,27.24,1926.5,107.56,543.96,818.53,431.09,555.1,-1.09,0,0,0,0,0,1,1,100,100,1.4,1.98,8882.57,%sEngine Run
5673,26.23,1926.5,107.56,543.96,818.53,431.09,554.52,-1.11,0,0,0,0,0,1,1,100,100,1.4,1.98,8882.6,%sEngine Run
5674,25.11,1926.45,107.56,543.96,818.53,431.09,554.52,-1.11,0,0,0,0,0,1,1,100,100,1.39,1.93,8882.63,%sEngine Run
5675,29.85,1926.45,107.55,543.99,818.58,431.09,554.52,-1.11,0,0,0,0,0,1,1,100,100,1.39,1.93,8882.66,%sEngine Run
5676,25.43,1926.45,107.55,543.99,818.58,426.41,553.94,-1.11,0,0,0,0,0,1,1,100,100,1.39,1.93,8882.68,%sEngine Run
5677,24.88,1926.45,107.55,543.99,818.58,426.41,553.94,-0.99,0,0,0,0,0,1,1,100,100,1.39,1.88,8882.71,%sEngine Run
5678,24.33,1926.36,107.47,543.98,818.58,426.41,553.94,-0.99,0,0,0,0,0,1,1,100,100,1.37,1.88,8882.73,%sEngine Run
5679,26.19,1926.36,107.47,543.98,818.54,421.51,553.94,-0.99,0,0,0,0,0,1,1,100,100,1.37,1.88,8882.76,%sEngine Run
5680,25.35,1926.36,107.47,543.98,818.54,421.51,553.94,-0.99,0,0,0,0,0,1,1,100,100,1.37,1.88,8882.78,%sEngine Run
5681,23.63,1926.36,107.47,543.98,818.54,421.51,553.12,-1.05,0,0,0,0,0,1,1,100,100,1.37,1.83,8882.81,%sEngine Run
5682,23.76,1926.36,107.47,543.98,818.54,421.51,553.12,-1.05,0,0,0,0,0,1,1,100,100,1.35,1.83,8882.83,%sEngine Run
5683,28.62,1926.31,107.3,543.96,818.57,421.51,553.12,-1.05,0,0,0,0,0,1,1,100,100,1.35,1.83,8882.86,%sEngine Run
5684,25.98,1926.31,107.3,543.96,818.57,416.85,553.12,-1.05,0,0,0,0,0,1,1,100,100,1.35,1.83,8882.88,%sEngine Run
5685,25.14,1926.31,107.3,543.96,818.57,416.85,552.44,-0.91,0,0,0,0,0,1,1,100,100,1.35,1.78,8882.91,%sEngine Run
5686,22.26,1926.37,107.25,543.97,818.57,416.85,552.44,-0.91,0,0,0,0,0,1,1,100,100,1.34,1.78,8882.93,%sEngine Run
5687,27.38,1926.37,107.25,543.97,818.67,412.39,552.44,-0.91,0,0,0,0,0,1,1,100,100,1.34,1.78,8882.96,%sEngine Run
5688,26.96,1926.37,107.25,543.97,818.67,412.39,551.46,-0.92,0,0,0,0,0,1,1,100,100,1.34,1.78,8882.99,%sEngine Run
5689,24.13,1926.37,107.25,543.97,818.67,412.39,551.46,-0.92,0,0,0,0,0,1,1,100,100,1.32,1.73,8883.01,%sEngine Run
5690,26.2,1926.31,107.28,543.97,818.71,412.39,551.46,-0.92,0,0,0,0,0,1,1,100,100,1.32,1.73,8883.04,%sEngine Run
5691,24.5,1926.31,107.28,543.97,818.71,407.81,550.69,-0.92,0,0,0,0,0,1,1,100,100,1.32,1.73,8883.06,%sEngine Run
5692,23.11,1926.31,107.28,543.97,818.71,407.81,550.69,-0.9,0,0,0,0,0,1,1,100,100,1.3,1.69,8883.08,%sEngine Run
5693,25.21,1926.26,107.28,543.97,818.71,407.81,550.69,-0.9,0,0,0,0,0,1,1,100,100,1.3,1.69,8883.11,%sEngine Run
5694,23.23,1926.26,107.28,543.93,818.71,407.81,550.69,-0.9,0,0,0,0,0,1,1,100,100,1.3,1.69,8883.13,%sEngine Run
5695,30.63,1926.26,107.28,543.93,818.64,403.35,549.72,-0.95,0,0,0,0,0,1,1,100,100,1.3,1.69,8883.16,%sEngine Run
5696,22.1,1926.26,107.28,543.93,818.64,403.35,549.72,-0.95,0,0,0,0,0,1,1,100,100,1.29,1.64,8883.19,%sEngine Run
5697,24.94,1926.42,107.39,543.93,818.64,403.35,549.72,-0.95,0,0,0,0,0,1,1,100,100,1.29,1.64,8883.21,%sEngine Run
5698,26.19,1926.42,107.39,543.93,818.56,403.35,549.72,-0.95,0,0,0,0,0,1,1,100,100,1.29,1.64,8883.24,%sEngine Run
5699,23.74,1926.42,107.39,543.93,818.56,398.95,548.76,-0.97,0,0,0,0,0,1,1,100,100,1.28,1.6,8883.26,%sEngine Run
5700,24.96,1926.36,107.39,543.93,818.56,398.95,548.76,-0.97,0,0,0,0,0,1,1,100,100,1.28,1.6,8883.28,%sEngine Run
5701,24.73,1926.36,107.37,543.93,818.55,398.95,548.76,-0.97,0,0,0,0,0,1,1,100,100,1.28,1.6,8883.31,%sEngine Run
5702,26.16,1926.36,107.37,543.93,818.55,394.76,547.52,-0.97,0,0,0,0,0,1,1,100,100,1.28,1.6,8883.34,%sEngine Run
5703,25.79,1926.49,107.37,543.93,818.55,394.76,547.52,-1.02,0,0,0,0,0,1,1,100,100,1.27,1.57,8883.36,%sEngine Run
5704,29.07,1926.49,107.3,543.94,818.55,394.76,547.52,-1.02,0,0,0,0,0,1,1,100,100,1.27,1.57,8883.39,%sEngine Run
5705,24.52,1926.49,107.3,543.94,818.58,394.76,547.52,-1.02,0,0,0,0,0,1,1,100,100,1.27,1.57,8883.42,%sEngine Run
5706,23.66,1926.49,107.3,543.94,818.58,390.83,546.49,-1.02,0,0,0,0,0,1,1,100,100,1.25,1.53,8883.44,%sEngine Run
5707,26.9,1926.67,107.3,543.94,818.58,390.83,546.49,-1.02,0,0,0,0,0,1,1,100,100,1.25,1.53,8883.47,%sEngine Run
5708,23.38,1926.67,107.34,543.98,818.58,390.83,546.49,-1.02,0,0,0,0,0,1,1,100,100,1.25,1.53,8883.49,%sEngine Run
5709,26.56,1926.67,107.34,543.98,818.64,390.83,546.49,-1.02,0,0,0,0,0,1,1,100,100,1.25,1.53,8883.52,%sEngine Run
5710,24.67,1926.67,107.34,543.98,818.64,386.65,545.12,-1.08,0,0,0,0,0,1,1,100,100,1.24,1.49,8883.54,%sEngine Run
5711,32.68,1926.66,107.34,543.98,818.64,386.65,545.12,-1.08,0,0,0,0,0,1,1,100,100,1.24,1.49,8883.57,%sEngine Run
5712,26.7,1926.66,107.38,543.96,818.66,386.65,545.12,-1.08,0,0,0,0,0,1,1,100,100,1.24,1.49,8883.6,%sEngine Run
5713,28.1,1926.66,107.38,543.96,818.66,382.6,543.84,-1.08,0,0,0,0,0,1,1,100,100,1.24,1.49,8883.63,%sEngine Run
5714,23.11,1926.66,107.38,543.96,818.66,382.6,543.84,-1.14,0,0,0,0,0,1,1,100,100,1.24,1.46,8883.65,%sEngine Run
5715,23.12,1926.66,107.38,543.96,818.66,382.6,543.84,-1.14,0,0,0,0,0,1,1,100,100,1.23,1.46,8883.67,%sEngine Run
5716,28.23,1926.74,107.5,544,818.66,382.6,543.84,-1.14,0,0,0,0,0,1,1,100,100,1.23,1.46,8883.7,%sEngine Run
5717,50.89,1926.74,107.5,544,818.7,378.76,543.84,-1.14,0,0,0,0,0,1,1,100,100,1.23,1.46,8883.75,%sEngine Run
5718,26.86,1926.74,107.5,544,818.7,378.76,543.84,-1.14,0,0,0,0,0,1,1,100,100,1.23,1.46,8883.78,%sEngine Run
5719,27.57,1926.74,107.5,544,818.7,378.76,542.54,-1.07,0,0,0,0,0,1,1,100,100,1.23,1.46,8883.81,%sEngine Run
5720,33.27,1926.74,107.5,544,818.7,378.76,542.54,-1.07,0,0,0,0,0,1,1,100,100,1.22,1.43,8883.84,%sEngine Run
5721,24.82,1926.62,107.59,544,818.7,378.76,542.54,-1.07,0,0,0,0,0,1,1,100,100,1.22,1.43,8883.87,%sEngine Run
5722,26.65,1926.62,107.59,544.01,818.7,378.76,542.54,-1.07,0,0,0,0,0,1,1,100,100,1.22,1.43,8883.89,%sEngine Run
5723,28.3,1926.62,107.59,544.01,818.66,378.76,542.54,-1.07,0,0,0,0,0,1,1,100,100,1.22,1.43,8883.92,%sEngine Run
5724,25.02,1926.62,107.59,544.01,818.66,375.03,541.16,-1.07,0,0,0,0,0,1,1,100,100,1.22,1.43,8883.95,%sEngine Run
5725,33.41,1926.62,107.59,544.01,818.66,375.03,541.16,-1.02,0,0,0,0,0,1,1,100,100,1.22,1.39,8883.98,%sEngine Run
5726,23.67,1926.62,107.59,544.01,818.66,375.03,541.16,-1.02,0,0,0,0,0,1,1,100,100,1.21,1.39,8884,%sEngine Run
5727,25.11,1926.75,107.57,544.01,818.66,375.03,541.16,-1.02,0,0,0,0,0,1,1,100,100,1.21,1.39,8884.03,%sEngine Run
5728,32.28,1926.75,107.57,544.05,818.66,375.03,541.16,-1.02,0,0,0,0,0,1,1,100,100,1.21,1.39,8884.06,%sEngine Run
5729,32.71,1926.75,107.57,544.05,818.67,375.03,541.16,-1.02,0,0,0,0,0,1,1,100,100,1.21,1.39,8884.09,%sEngine Run
5730,32.19,1926.75,107.57,544.05,818.67,371.07,541.16,-1.02,0,0,0,0,0,1,1,100,100,1.21,1.39,8884.13,%sEngine Run
5731,28.64,1926.75,107.57,544.05,818.67,371.07,539.79,-1.02,0,0,0,0,0,1,1,100,100,1.21,1.39,8884.15,%sEngine Run
5732,27.46,1926.75,107.57,544.05,818.67,371.07,539.79,-0.93,0,0,0,0,0,1,1,100,100,1.21,1.39,8884.18,%sEngine Run
5733,30.81,1926.75,107.57,544.05,818.67,371.07,539.79,-0.93,0,0,0,0,0,1,1,100,100,1.19,1.35,8884.21,%sEngine Run
5734,28.63,1926.82,107.57,544.05,818.67,371.07,539.79,-0.93,0,0,0,0,0,1,1,100,100,1.19,1.35,8884.24,%sEngine Run
5735,25.28,1926.82,107.58,544.06,818.67,371.07,539.79,-0.93,0,0,0,0,0,1,1,100,100,1.19,1.35,8884.27,%sEngine Run
5736,37.24,1926.82,107.58,544.06,818.67,371.07,539.79,-0.93,0,0,0,0,0,1,1,100,100,1.19,1.35,8884.3,%sEngine Run
5737,33.3,1926.82,107.58,544.06,818.67,366.95,537.91,-0.93,0,0,0,0,0,1,1,100,100,1.19,1.35,8884.34,%sEngine Run
5738,25.68,1926.82,107.58,544.06,818.67,366.95,537.91,-0.89,0,0,0,0,0,1,1,100,100,1.19,1.35,8884.36,%sEngine Run
5739,38.64,1926.82,107.58,544.06,818.67,366.95,537.91,-0.89,0,0,0,0,0,1,1,100,100,1.18,1.31,8884.4,%sEngine Run
5740,32.94,1927,107.58,544.06,818.67,366.95,537.91,-0.89,0,0,0,0,0,1,1,100,100,1.18,1.31,8884.43,%sEngine Run
5741,28.75,1927,107.55,544.12,818.67,366.95,537.91,-0.89,0,0,0,0,0,1,1,100,100,1.18,1.31,8884.46,%sEngine Run
5742,44.04,1927,107.55,544.12,818.71,362.05,537.91,-0.89,0,0,0,0,0,1,1,100,100,1.18,1.31,8884.51,%sEngine Run
5743,37.28,1927,107.55,544.12,818.71,362.05,537.91,-0.89,0,0,0,0,0,1,1,100,100,1.18,1.31,8884.54,%sEngine Run
5744,24.28,1927,107.55,544.12,818.71,362.05,535.72,-0.89,0,0,0,0,0,1,1,100,100,1.18,1.31,8884.57,%sEngine Run
5745,31.21,1927,107.55,544.12,818.71,362.05,535.72,-0.91,0,0,0,0,0,1,1,100,100,1.18,1.31,8884.6,%sEngine Run
5746,32.39,1927,107.55,544.12,818.71,362.05,535.72,-0.91,0,0,0,0,0,1,1,100,100,1.18,1.25,8884.63,%sEngine Run
5747,31.93,1927,107.55,544.12,818.71,362.05,535.72,-0.91,0,0,0,0,0,1,1,100,100,1.16,1.25,8884.66,%sEngine Run
5748,29.56,1926.74,107.55,544.12,818.71,362.05,535.72,-0.91,0,0,0,0,0,1,1,100,100,1.16,1.25,8884.69,%sEngine Run
5749,26.36,1926.74,107.54,544.1,818.71,362.05,535.72,-0.91,0,0,0,0,0,1,1,100,100,1.16,1.25,8884.72,%sEngine Run
5750,26.04,1926.74,107.54,544.1,818.71,362.05,535.72,-0.91,0,0,0,0,0,1,1,100,100,1.16,1.25,8884.75,%sEngine Run
5751,29.61,1926.74,107.54,544.1,818.79,356.44,535.72,-0.91,0,0,0,0,0,1,1,100,100,1.16,1.25,8884.78,%sEngine Run
5752,32.72,1926.74,107.54,544.1,818.79,356.44,532.85,-0.91,0,0,0,0,0,1,1,100,100,1.16,1.25,8884.81,%sEngine Run
5753,40.11,1926.74,107.54,544.1,818.79,356.44,532.85,-0.92,0,0,0,0,0,1,1,100,100,1.16,1.25,8884.85,%sEngine Run
5754,30.87,1926.74,107.54,544.1,818.79,356.44,532.85,-0.92,0,0,0,0,0,1,1,100,100,1.15,1.2,8884.88,%sEngine Run
5755,33.09,1926.91,107.54,544.1,818.79,356.44,532.85,-0.92,0,0,0,0,0,1,1,100,100,1.15,1.2,8884.91,%sEngine Run
5756,25.97,1926.91,107.49,544.1,818.79,356.44,532.85,-0.92,0,0,0,0,0,1,1,100,100,1.15,1.2,8884.94,%sEngine Run
5757,60.12,1926.91,107.49,544.1,818.81,350.45,532.85,-0.92,0,0,0,0,0,1,1,100,100,1.15,1.2,8885,%sEngine Run
5758,35.44,1926.91,107.49,544.1,818.81,350.45,532.85,-0.92,0,0,0,0,0,1,1,100,100,1.15,1.2,8885.03,%sEngine Run
5759,34.99,1926.91,107.49,544.1,818.81,350.45,529.63,-0.95,0,0,0,0,0,1,1,100,100,1.15,1.2,8885.07,%sEngine Run
5760,38.58,1926.91,107.49,544.1,818.81,350.45,529.63,-0.95,0,0,0,0,0,1,1,100,100,1.13,1.14,8885.11,%sEngine Run
5761,29.58,1926.91,107.49,544.1,818.81,350.45,529.63,-0.95,0,0,0,0,0,1,1,100,100,1.13,1.14,8885.14,%sEngine Run
5762,27.53,1926.95,107.54,544.1,818.81,350.45,529.63,-0.95,0,0,0,0,0,1,1,100,100,1.13,1.14,8885.16,%sEngine Run
5763,53.44,1926.95,107.54,544.08,818.81,350.45,529.63,-0.95,0,0,0,0,0,1,1,100,100,1.13,1.14,8885.22,%sEngine Run
5764,40.07,1926.95,107.54,544.08,818.74,350.45,529.63,-0.95,0,0,0,0,0,1,1,100,100,1.13,1.14,8885.26,%sEngine Run
5765,30.75,1926.95,107.54,544.08,818.74,343.84,525.8,-0.95,0,0,0,0,0,1,1,100,100,1.13,1.14,8885.29,%sEngine Run
5766,27.76,1926.95,107.54,544.08,818.74,343.84,525.8,-0.92,0,0,0,0,0,1,1,100,100,1.13,1.14,8885.32,%sEngine Run
5767,31.76,1926.95,107.54,544.08,818.74,343.84,525.8,-0.92,0,0,0,0,0,1,1,100,100,1.1,1.08,8885.35,%sEngine Run
5768,24.45,1926.82,107.49,544.08,818.74,343.84,525.8,-0.92,0,0,0,0,0,1,1,100,100,1.1,1.08,8885.37,%sEngine Run
5769,49.87,1926.82,107.49,544.06,818.74,343.84,525.8,-0.92,0,0,0,0,0,1,1,100,100,1.1,1.08,8885.42,%sEngine Run
5770,26.68,1926.82,107.49,544.06,818.68,343.84,525.8,-0.92,0,0,0,0,0,1,1,100,100,1.1,1.08,8885.45,%sEngine Run
5771,24.1,1926.82,107.49,544.06,818.68,336.66,521.06,-0.92,0,0,0,0,0,1,1,100,100,1.1,1.08,8885.47,%sEngine Run
5772,28.83,1926.82,107.49,544.06,818.68,336.66,521.06,-0.93,0,0,0,0,0,1,1,100,100,1.1,1.02,8885.5,%sEngine Run
5773,30.1,1926.82,107.49,544.06,818.68,336.66,521.06,-0.93,0,0,0,0,0,1,1,100,100,1.08,1.02,8885.53,%sEngine Run
5774,22.09,1926.97,107.49,544.06,818.68,336.66,521.06,-0.93,0,0,0,0,0,1,1,100,100,1.08,1.02,8885.55,%sEngine Run
5775,29.39,1926.97,107.38,544.06,818.65,336.66,521.06,-0.93,0,0,0,0,0,1,1,100,100,1.08,1.02,8885.58,%sEngine Run
5776,31.16,1926.97,107.38,544.06,818.65,329.26,521.06,-0.93,0,0,0,0,0,1,1,100,100,1.08,1.02,8885.61,%sEngine Run
5777,23.14,1926.97,107.38,544.06,818.65,329.26,515.82,-0.93,0,0,0,0,0,1,1,100,100,1.08,1.02,8885.64,%sEngine Run
5778,26.65,1926.75,107.38,544.06,818.65,329.26,515.82,-0.93,0,0,0,0,0,1,1,100,100,1.05,0.96,8885.66,%sEngine Run
5779,30.67,1926.75,107.38,544.06,818.65,329.26,515.82,-0.93,0,0,0,0,0,1,1,100,100,1.05,0.96,8885.7,%sEngine Run
5780,26.99,1926.75,107.22,544.02,818.59,329.26,515.82,-0.93,0,0,0,0,0,1,1,100,100,1.05,0.96,8885.72,%sEngine Run
5781,35.65,1926.75,107.22,544.02,818.59,321.69,515.82,-0.93,0,0,0,0,0,1,1,100,100,1.05,0.96,8885.76,%sEngine Run
5782,26.46,1926.75,107.22,544.02,818.59,321.69,510.35,-0.92,0,0,0,0,0,1,1,100,100,1.05,0.96,8885.78,%sEngine Run
5783,27.2,1926.75,107.22,544.02,818.59,321.69,510.35,-0.92,0,0,0,0,0,1,1,100,100,1.03,0.9,8885.81,%sEngine Run
5784,30.77,1926.8,107.24,544.03,818.59,321.69,510.35,-0.92,0,0,0,0,0,1,1,100,100,1.03,0.9,8885.84,%sEngine Run
5785,38.51,1926.8,107.24,544.03,818.63,313.62,510.35,-0.92,0,0,0,0,0,1,1,100,100,1.03,0.9,8885.88,%sEngine Run
5786,34.4,1926.8,107.24,544.03,818.63,313.62,504.02,-0.92,0,0,0,0,0,1,1,100,100,1.03,0.9,8885.92,%sEngine Run
5787,21.15,1926.8,107.24,544.03,818.63,313.62,504.02,-1.09,0,0,0,0,0,1,1,100,100,1.03,0.9,8885.94,%sEngine Run
5788,23.91,1926.64,107.24,544.03,818.63,313.62,504.02,-1.09,0,0,0,0,0,1,1,100,100,1.01,0.84,8885.96,%sPost-ignition Purge
5789,24.07,1926.64,107.25,544.03,818.63,313.62,504.02,-1.09,0,0,0,0,0,1,1,100,100,1.01,0.84,8885.98,%sPost-ignition Purge
5790,25.99,1926.64,107.25,544,818.63,313.62,504.02,-1.09,0,0,0,0,0,1,1,100,100,1.01,0.84,8886.01,%sPost-ignition Purge
5791,24.34,1926.64,107.25,544,818.63,305.87,497.65,-1.09,0,0,0,0,0,1,1,100,100,1.01,0.84,8886.03,%sPost-ignition Purge
5792,24.66,1926.64,107.25,544,818.63,305.87,497.65,-1.15,0,0,0,0,0,1,1,100,100,1.01,0.79,8886.06,%sPost-ignition Purge
5793,25.22,1926.52,107.15,544,818.63,305.87,497.65,-1.15,0,0,0,0,0,1,1,100,100,0.98,0.79,8886.08,%sPost-ignition Purge
5794,27.43,1926.52,107.15,544.01,818.63,305.87,497.65,-1.15,0,0,0,0,0,1,1,100,100,0.98,0.79,8886.11,%sPost-ignition Purge
5795,23.16,1926.52,107.15,544.01,818.63,298.28,497.65,-1.15,0,0,0,0,0,1,1,100,100,0.98,0.79,8886.13,%sPost-ignition Purge
5796,23.68,1926.52,107.15,544.01,818.63,298.28,491.06,-1.18,0,0,0,0,0,1,1,100,100,0.98,0.74,8886.16,%sPost-ignition Purge
5797,24.18,1926.25,107.17,544.01,818.63,298.28,491.06,-1.18,0,0,0,0,0,1,1,100,100,0.96,0.74,8886.18,%sPost-ignition Purge
5798,34.97,1926.25,107.17,543.96,818.65,298.28,491.06,-1.18,0,0,0,0,0,1,1,100,100,0.96,0.74,8886.22,%sPost-ignition Purge
5799,23.02,1926.25,107.17,543.96,818.65,291.52,484.65,-1.18,0,0,0,0,0,1,1,100,100,0.96,0.74,8886.24,%sPost-ignition Purge
5800,26.77,1926.25,107.17,543.96,818.65,291.52,484.65,-1.17,0,0,0,0,0,1,1,100,100,0.96,0.74,8886.27,%sPost-ignition Purge
5801,25.13,1926.25,107.17,543.96,818.65,291.52,484.65,-1.17,0,0,0,0,0,1,1,100,100,0.94,0.7,8886.29,%sPost-ignition Purge
5802,26.63,1926.36,107.04,543.96,818.65,291.52,484.65,-1.17,0,0,0,0,0,1,1,100,100,0.94,0.7,8886.32,%sPost-ignition Purge
5803,28.59,1926.36,107.04,543.96,818.64,285.26,478.44,-1.17,0,0,0,0,0,1,1,100,100,0.94,0.7,8886.35,%sPost-ignition Purge
5804,23.34,1926.36,107.04,543.96,818.64,285.26,478.44,-1.21,0,0,0,0,0,1,1,100,100,0.94,0.7,8886.37,%sPost-ignition Purge
5805,23.29,1926.36,107.04,543.96,818.64,285.26,478.44,-1.21,0,0,0,0,0,1,1,100,100,0.92,0.67,8886.39,%sPost-ignition Purge
5806,23.41,1926.36,107.04,543.96,818.64,285.26,478.44,-1.21,0,0,0,0,0,1,1,100,100,0.92,0.67,8886.42,%sPost-ignition Purge
5807,21.69,1926.36,107,543.93,818.64,279.32,472.29,-1.21,0,0,0,0,0,1,1,100,100,0.92,0.67,8886.44,%sPost-ignition Purge
5808,34.83,1926.36,107,543.93,818.64,279.32,472.29,-1.21,0,0,0,0,0,1,1,100,100,0.92,0.67,8886.47,%sPost-ignition Purge
5809,25.81,1926.36,107,543.93,818.64,279.32,472.29,-1.21,0,0,0,0,0,1,1,100,100,0.9,0.64,8886.5,%sPost-ignition Purge
5810,27.54,1926.24,106.99,543.93,818.64,279.32,472.29,-1.21,0,0,0,0,0,1,1,100,100,0.9,0.64,8886.53,%sPost-ignition Purge
5811,32.25,1926.24,106.99,543.92,818.68,279.32,472.29,-1.21,0,0,0,0,0,1,1,100,100,0.9,0.64,8886.56,%sPost-ignition Purge
5812,27.78,1926.24,106.99,543.92,818.68,274.18,472.29,-1.21,0,0,0,0,0,1,1,100,100,0.9,0.64,8886.59,%sPost-ignition Purge
5813,29.94,1926.24,106.99,543.92,818.68,274.18,466.43,-1.22,0,0,0,0,0,1,1,100,100,0.9,0.64,8886.62,%sPost-ignition Purge
5814,26.08,1926.38,106.99,543.92,818.68,274.18,466.43,-1.22,0,0,0,0,0,1,1,100,100,0.89,0.61,8886.64,%sPost-ignition Purge
5815,32.42,1926.38,106.99,543.92,818.68,274.18,466.43,-1.22,0,0,0,0,0,1,1,100,100,0.89,0.61,8886.68,%sPost-ignition Purge
5816,28.68,1926.38,106.99,543.93,818.73,274.18,466.43,-1.22,0,0,0,0,0,1,1,100,100,0.89,0.61,8886.71,%sPost-ignition Purge
5817,26.15,1926.38,106.99,543.93,818.73,269.83,461.33,-1.22,0,0,0,0,0,1,1,100,100,0.89,0.61,8886.73,%sPost-ignition Purge
5818,28.73,1926.38,106.99,543.93,818.73,269.83,461.33,-1.22,0,0,0,0,0,1,1,100,100,0.88,0.59,8886.76,%sPost-ignition Purge
5819,28.2,1926.35,106.99,543.93,818.73,269.83,461.33,-1.22,0,0,0,0,0,1,1,100,100,0.88,0.59,8886.79,%sPost-ignition Purge
5820,28.69,1926.35,106.98,543.92,818.73,269.83,461.33,-1.22,0,0,0,0,0,1,1,100,100,0.88,0.59,8886.82,%sPost-ignition Purge
5821,27.58,1926.35,106.98,543.92,818.72,265.73,461.33,-1.22,0,0,0,0,0,1,1,100,100,0.88,0.59,8886.84,%sPost-ignition Purge
5822,32.15,1926.35,106.98,543.92,818.72,265.73,456.28,-1.22,0,0,0,0,0,1,1,100,100,0.88,0.59,8886.88,%sPost-ignition Purge
5823,23.56,1926.35,106.98,543.92,818.72,265.73,456.28,-1.28,0,0,0,0,0,1,1,100,100,0.87,0.57,8886.9,%sPost-ignition Purge
5824,26.49,1926.45,107.1,543.92,818.72,265.73,456.28,-1.28,0,0,0,0,0,1,1,100,100,0.87,0.57,8886.93,%sPost-ignition Purge
5825,35.83,1926.45,107.1,543.91,818.73,265.73,456.28,-1.28,0,0,0,0,0,1,1,100,100,0.87,0.57,8886.96,%sPost-ignition Purge
5826,25.59,1926.45,107.1,543.91,818.73,261.69,451,-1.28,0,0,0,0,0,1,1,100,100,0.87,0.57,8886.99,%sPost-ignition Purge
5827,28.84,1926.45,107.1,543.91,818.73,261.69,451,-1.34,0,0,0,0,0,1,1,100,100,0.87,0.55,8887.02,%sPost-ignition Purge
5828,27.33,1926.46,107.1,543.91,818.73,261.69,451,-1.34,0,0,0,0,0,1,1,100,100,0.85,0.55,8887.04,%sPost-ignition Purge
5829,30.74,1926.46,107.04,543.89,818.73,261.69,451,-1.34,0,0,0,0,0,1,1,100,100,0.85,0.55,8887.07,%sPost-ignition Purge
5830,27.97,1926.46,107.04,543.89,818.78,258.07,445.98,-1.34,0,0,0,0,0,1,1,100,100,0.85,0.55,8887.1,%sPost-ignition Purge
5831,22.79,1926.46,107.04,543.89,818.78,258.07,445.98,-1.26,0,0,0,0,0,1,1,100,100,0.85,0.55,8887.13,%sPost-ignition Purge
5832,30.39,1926.46,107.04,543.89,818.78,258.07,445.98,-1.26,0,0,0,0,0,1,1,100,100,0.84,0.53,8887.16,%sPost-ignition Purge
5833,24.86,1926.33,107.07,543.88,818.78,258.07,445.98,-1.26,0,0,0,0,0,1,1,100,100,0.84,0.53,8887.18,%sPost-ignition Purge
5834,26.96,1926.33,107.07,543.88,818.72,254.33,440.79,-1.26,0,0,0,0,0,1,1,100,100,0.84,0.53,8887.21,%sPost-ignition Purge
5835,28.79,1926.33,107.07,543.88,818.72,254.33,440.79,-1.31,0,0,0,0,0,1,1,100,100,0.84,0.52,8887.24,%sPost-ignition Purge
5836,25.5,1926.37,107.07,543.88,818.72,254.33,440.79,-1.31,0,0,0,0,0,1,1,100,100,0.83,0.52,8887.26,%sPost-ignition Purge
5837,29.85,1926.37,107.09,543.85,818.75,254.33,440.79,-1.31,0,0,0,0,0,1,1,100,100,0.83,0.52,8887.29,%sPost-ignition Purge
5838,23.69,1926.37,107.09,543.85,818.75,250.75,435.45,-1.31,0,0,0,0,0,1,1,100,100,0.83,0.52,8887.32,%sPost-ignition Purge
5839,25.72,1926.37,107.09,543.85,818.75,250.75,435.45,-1.33,0,0,0,0,0,1,1,100,100,0.83,0.52,8887.34,%sPost-ignition Purge
5840,24.1,1926.51,107.04,543.85,818.75,250.75,435.45,-1.33,0,0,0,0,0,1,1,100,100,0.82,0.51,8887.37,%sPost-ignition Purge
5841,27.59,1926.51,107.04,543.88,818.75,250.75,435.45,-1.33,0,0,0,0,0,1,1,100,100,0.82,0.51,8887.39,%sPost-ignition Purge
5842,26.16,1926.51,107.04,543.88,818.78,250.75,435.45,-1.33,0,0,0,0,0,1,1,100,100,0.82,0.51,8887.42,%sPost-ignition Purge
5843,28.63,1926.51,107.04,543.88,818.78,247.17,430.04,-1.33,0,0,0,0,0,1,1,100,100,0.81,0.5,8887.45,%sPost-ignition Purge
5844,26.16,1926.49,107.16,543.88,818.78,247.17,430.04,-1.33,0,0,0,0,0,1,1,100,100,0.81,0.5,8887.47,%sPost-ignition Purge
5845,27.19,1926.49,107.16,543.92,818.8,247.17,430.04,-1.33,0,0,0,0,0,1,1,100,100,0.81,0.5,8887.5,%sPost-ignition Purge
5846,31.66,1926.49,107.16,543.92,818.8,243.74,424.76,-1.33,0,0,0,0,0,1,1,100,100,0.81,0.5,8887.53,%sPost-ignition Purge
5847,28.94,1926.49,107.16,543.92,818.8,243.74,424.76,-1.15,0,0,0,0,0,1,1,100,100,0.8,0.48,8887.56,%sPost-ignition Purge
5848,33.53,1926.41,107.16,543.92,818.8,243.74,424.76,-1.15,0,0,0,0,0,1,1,100,100,0.8,0.48,8887.6,%sPost-ignition Purge
5849,28.08,1926.41,106.98,543.92,818.8,243.74,424.76,-1.15,0,0,0,0,0,1,1,100,100,0.8,0.48,8887.62,%sPost-ignition Purge
5850,25.4,1926.41,106.98,544.02,818.89,240.5,424.76,-1.15,0,0,0,0,0,1,1,100,100,0.8,0.48,8887.65,%sPost-ignition Purge
5851,29.07,1926.41,106.98,544.02,818.89,240.5,419.42,-1.15,0,0,0,0,0,1,1,100,100,0.8,0.48,8887.68,%sPost-ignition Purge
5852,24.63,1926.41,106.98,544.02,818.89,240.5,419.42,-0.97,0,0,0,0,0,1,1,100,100,0.8,0.48,8887.7,%sPost-ignition Purge
5853,22.08,1924.73,106.98,544.02,818.89,240.5,419.42,-0.97,0,0,0,0,0,1,1,100,100,0.8,0.48,8887.72,%sPost-ignition Purge
5854,24.64,1924.73,106.56,526.04,818.96,240.5,419.42,-0.97,0,0,0,0,0,1,1,100,100,0.8,0.48,8887.75,%sPost-ignition Purge
5855,26.58,1924.73,106.56,526.04,818.96,237.38,419.42,-0.97,0,0,0,0,0,1,1,100,100,0.8,0.48,8887.78,%sPost-ignition Purge
5856,26.57,1924.73,106.56,526.04,818.96,237.38,413.93,-0.97,0,0,0,0,0,1,1,100,100,0.8,0.48,8887.8,%sPost-ignition Purge
5857,23.15,1924.73,106.56,526.04,818.96,237.38,413.93,-0.84,0,0,0,0,0,1,1,100,100,0.79,0.47,8887.83,%sPost-ignition Purge
5858,28.59,1922.77,106.62,507.96,818.96,237.38,413.93,-0.84,0,0,0,0,0,1,1,100,100,0.79,0.47,8887.85,%sPost-ignition Purge
5859,26.68,1922.77,106.62,507.96,818.96,237.38,413.93,-0.84,0,0,0,0,0,1,1,100,100,0.79,0.47,8887.88,%sPost-ignition Purge
5860,23.05,1922.77,106.62,507.96,818.96,234.63,408.18,-0.84,0,0,0,0,0,1,1,100,100,0.79,0.47,8887.9,%sPost-ignition Purge
5861,23.68,1922.77,106.62,507.96,818.96,234.63,408.18,-0.68,0,0,0,0,0,1,1,100,100,0.79,0.46,8887.93,%sPost-ignition Purge
5862,22.82,1920.68,106.74,507.96,818.96,234.63,408.18,-0.68,0,0,0,0,0,1,1,100,100,0.78,0.46,8887.95,%sPost-ignition Purge
5863,24.43,1920.68,106.74,489.99,818.96,234.63,408.18,-0.68,0,0,0,0,0,1,1,100,100,0.78,0.46,8887.97,%sPost-ignition Purge
5864,28.14,1920.68,106.74,489.99,819.02,232.47,408.18,-0.68,0,0,0,0,0,1,1,100,100,0.78,0.46,8888,%sPost-ignition Purge
5865,22.71,1920.68,106.74,489.99,819.02,232.47,402.26,-0.68,0,0,0,0,0,1,1,100,100,0.78,0.46,8888.03,%sPost-ignition Purge
5866,27.66,1918.46,106.74,489.99,819.02,232.47,402.26,-0.46,0,0,0,0,0,1,1,100,100,0.77,0.46,8888.05,%sPost-ignition Purge
5867,24.68,1918.46,106.7,489.99,819.02,232.47,402.26,-0.46,0,0,0,0,0,1,1,100,100,0.77,0.46,8888.08,%sPost-ignition Purge
5868,26.29,1918.46,106.7,471.99,819.08,232.47,402.26,-0.46,0,0,0,0,0,1,1,100,100,0.77,0.46,8888.1,%sPost-ignition Purge
5869,24.4,1918.46,106.7,471.99,819.08,230.83,396.8,-0.46,0,0,0,0,0,1,1,100,100,0.77,0.46,8888.13,%sPost-ignition Purge
5870,26.08,1918.46,106.7,471.99,819.08,230.83,396.8,-0.18,0,0,0,0,0,1,1,100,100,0.76,0.45,8888.15,%sPost-ignition Purge
5871,24.78,1916.03,106.7,471.99,819.08,230.83,396.8,-0.18,0,0,0,0,0,1,1,100,100,0.76,0.45,8888.18,%sPost-ignition Purge
5872,27.24,1916.03,106.79,454.14,819.08,230.83,396.8,-0.18,0,0,0,0,0,1,1,100,100,0.76,0.45,8888.21,%sPost-ignition Purge
5873,24.63,1916.03,106.79,454.14,819.12,229.45,391.35,-0.18,0,0,0,0,0,1,1,100,100,0.76,0.45,8888.23,%sPost-ignition Purge
5874,27.55,1916.03,106.79,454.14,819.12,229.45,391.35,-0.08,0,0,0,0,0,1,1,100,100,0.75,0.45,8888.26,%sPost-ignition Purge
5875,26.16,1913.54,106.84,454.14,819.12,229.45,391.35,-0.08,0,0,0,0,0,1,1,100,100,0.75,0.45,8888.29,%sPost-ignition Purge
5876,27.08,1913.54,106.84,436.08,819.21,228.64,391.35,-0.08,0,0,0,0,0,1,1,100,100,0.75,0.45,8888.31,%sPost-ignition Purge
5877,27.87,1913.54,106.84,436.08,819.21,228.64,386.1,0.06,0,0,0,0,0,1,1,100,100,0.75,0.45,8888.34,%sPost-ignition Purge
5878,25.08,1913.54,106.84,436.08,819.21,228.64,386.1,0.06,0,0,0,0,0,1,1,100,100,0.74,0.45,8888.37,%sPost-ignition Purge
5879,30.42,1910.67,106.99,418.12,819.21,228.64,386.1,0.06,0,0,0,0,0,1,1,100,100,0.74,0.45,8888.4,%sPost-ignition Purge
5880,26.47,1910.67,106.99,418.12,819.3,228.64,386.1,0.06,0,0,0,0,0,1,1,100,100,0.74,0.45,8888.42,%sPost-ignition Purge
5881,25.73,1910.67,106.99,418.12,819.3,228.42,381.23,0.06,0,0,0,0,0,1,1,100,100,0.74,0.45,8888.45,%sPost-ignition Purge
5882,23.31,1910.67,106.99,418.12,819.3,228.42,381.23,0.23,0,0,0,0,0,1,1,100,100,0.74,0.45,8888.47,%sPost-ignition Purge
5883,24.06,1907.69,107,400.1,819.3,228.42,381.23,0.23,0,0,0,0,0,1,1,100,100,0.74,0.45,8888.5,%sPost-ignition Purge
5884,27.39,1907.69,107,400.1,819.33,228.21,376.5,0.23,0,0,0,0,0,1,1,100,100,0.74,0.45,8888.52,%sPost-ignition Purge
5885,23.09,1907.69,107,400.1,819.33,228.21,376.5,0.23,0,0,0,0,0,1,1,100,100,0.74,0.45,8888.55,%sPost-ignition Purge
5886,20.99,1907.69,107,400.1,819.33,228.21,376.5,0.38,0,0,0,0,0,1,1,100,100,0.73,0.46,8888.57,%sPost-ignition Purge
5887,24.54,1904.5,107.02,400.1,819.33,228.21,376.5,0.38,0,0,0,0,0,1,1,100,100,0.73,0.46,8888.59,%sPost-ignition Purge
5888,22.9,1904.5,107.02,382.1,819.33,228.21,376.5,0.38,0,0,0,0,0,1,1,100,100,0.73,0.46,8888.61,%sPost-ignition Purge
5889,24.72,1904.5,107.02,382.1,819.39,228.51,371.76,0.46,0,0,0,0,0,1,1,100,100,0.73,0.46,8888.64,%sPost-ignition Purge
5890,26.24,1904.5,107.02,382.1,819.39,228.51,371.76,0.46,0,0,0,0,0,1,1,100,100,0.72,0.45,8888.67,%sPost-ignition Purge
5891,28.67,1901.26,107.02,382.1,819.39,228.51,371.76,0.46,0,0,0,0,0,1,1,100,100,0.72,0.45,8888.69,%sPost-ignition Purge
5892,26.3,1901.26,107.34,364.06,819.31,228.93,371.76,0.46,0,0,0,0,0,1,1,100,100,0.72,0.45,8888.72,%sPost-ignition Purge
5893,28.69,1901.26,107.34,364.06,819.31,228.93,367.33,0.45,0,0,0,0,0,1,1,100,100,0.72,0.45,8888.75,%sPost-ignition Purge
5894,23.02,1901.26,107.34,364.06,819.31,228.93,367.33,0.45,0,0,0,0,0,1,1,100,100,0.7,0.45,8888.77,%sPost-ignition Purge
5895,25.1,1899.53,107.34,364.06,819.31,228.93,367.33,0.45,0,0,0,0,0,1,1,100,100,0.7,0.45,8888.8,%sPost-ignition Purge
5896,25.1,1899.53,107.89,364.09,819.35,229.4,362.99,0.45,0,0,0,0,0,1,1,100,100,0.7,0.45,8888.82,%sPost-ignition Purge
5897,25.62,1899.53,107.89,364.09,819.35,229.4,362.99,0.45,0,0,0,0,0,1,1,100,100,0.7,0.45,8888.85,%sPost-ignition Purge
5898,24.18,1899.53,107.89,364.09,819.35,229.4,362.99,0.45,0,0,0,0,0,1,1,100,100,0.7,0.45,8888.87,%sPost-ignition Purge
5899,26.85,1897.82,108.01,364.09,819.35,229.4,362.99,0.45,0,0,0,0,0,1,1,100,100,0.7,0.45,8888.9,%sPost-ignition Purge
5900,25.88,1897.82,108.01,364.23,819.37,229.78,359.21,0.45,0,0,0,0,0,1,1,100,100,0.7,0.45,8888.92,%sPost-ignition Purge
5901,25.61,1897.82,108.01,364.23,819.37,229.78,359.21,0.59,0,0,0,0,0,1,1,100,100,0.7,0.45,8888.95,%sPost-ignition Purge
5902,29.56,1896.12,108.01,364.23,819.37,229.78,359.21,0.59,0,0,0,0,0,1,1,100,100,0.69,0.45,8888.98,%sPost-ignition Purge
5903,27.84,1896.12,108.11,364.18,819.4,229.78,359.21,0.59,0,0,0,0,0,1,1,100,100,0.69,0.45,8889.01,%sPost-ignition Purge
5904,23.84,1896.12,108.11,364.18,819.4,229.99,355.62,0.59,0,0,0,0,0,1,1,100,100,0.69,0.45,8889.03,%sPost-ignition Purge
5905,24.79,1896.12,108.11,364.18,819.4,229.99,355.62,0.57,0,0,0,0,0,1,1,100,100,0.69,0.45,8889.06,%sPost-ignition Purge
5906,25.73,1894.28,108.11,364.18,819.4,229.99,355.62,0.57,0,0,0,0,0,1,1,100,100,0.69,0.45,8889.08,%sPost-ignition Purge
5907,27.74,1894.28,108.08,364.22,819.47,229.99,355.62,0.57,0,0,0,0,0,1,1,100,100,0.69,0.45,8889.11,%sPost-ignition Purge
5908,24.29,1894.28,108.08,364.22,819.47,229.99,352.1,0.51,0,0,0,0,0,1,1,100,100,0.69,0.45,8889.13,%sPost-ignition Purge
5909,25.77,1894.28,108.08,364.22,819.47,229.99,352.1,0.51,0,0,0,0,0,1,1,100,100,0.68,0.45,8889.16,%sPost-ignition Purge
5910,24.28,1892.61,108.17,364.04,819.43,230.03,352.1,0.51,0,0,0,0,0,1,1,100,100,0.68,0.45,8889.18,%sPost-ignition Purge
5911,24.7,1892.61,108.17,364.04,819.43,230.03,348.79,0.51,0,0,0,0,0,1,1,100,100,0.68,0.45,8889.21,%sPost-ignition Purge
5912,23.28,1890.92,108.17,364.04,819.43,230.03,348.79,0.51,0,0,0,0,0,1,1,100,100,0.68,0.45,8889.23,%sPost-ignition Purge
5913,27.82,1890.92,108.15,364.14,819.43,230.03,348.79,0.51,0,0,0,0,0,1,1,100,100,0.68,0.45,8889.26,%sPost-ignition Purge
5914,26.1,1890.92,108.15,364.14,819.41,229.9,345.55,0.51,0,0,0,0,0,1,1,100,100,0.68,0.45,8889.29,%sPost-ignition Purge
5915,26.88,1890.92,108.15,364.14,819.41,229.9,345.55,0.54,0,0,0,0,0,1,1,100,100,0.67,0.44,8889.31,%sPost-ignition Purge
5916,24.32,1889.32,108.15,364.14,819.41,229.9,345.55,0.54,0,0,0,0,0,1,1,100,100,0.67,0.44,8889.34,%sPost-ignition Purge
5917,23.68,1889.32,108.11,364.02,819.41,229.9,345.55,0.54,0,0,0,0,0,1,1,100,100,0.67,0.44,8889.36,%sPost-ignition Purge
5918,30.7,1889.32,108.11,364.02,819.37,229.61,345.55,0.54,0,0,0,0,0,1,1,100,100,0.67,0.44,8889.39,%sPost-ignition Purge
5919,24.21,1889.32,108.11,364.02,819.37,229.61,342.65,0.51,0,0,0,0,0,1,1,100,100,0.67,0.44,8889.42,%sPost-ignition Purge
5920,26.68,1887.65,108.24,364.02,819.37,229.61,342.65,0.51,0,0,0,0,0,1,1,100,100,0.66,0.44,8889.44,%sPost-ignition Purge
5921,24.24,1887.65,108.24,363.83,819.37,229.61,342.65,0.51,0,0,0,0,0,1,1,100,100,0.66,0.44,8889.47,%sPost-ignition Purge
5922,22.57,1887.65,108.24,363.83,819.32,229.51,339.66,0.49,0,0,0,0,0,1,1,100,100,0.66,0.43,8889.49,%sPost-ignition Purge
5923,25.18,1887.65,108.24,363.83,819.32,229.51,339.66,0.49,0,0,0,0,0,1,1,100,100,0.66,0.43,8889.51,%sPost-ignition Purge
5924,24.73,1886.06,108.22,363.83,819.32,229.51,339.66,0.49,0,0,0,0,0,1,1,100,100,0.66,0.43,8889.54,%sPost-ignition Purge
5925,24.09,1886.06,108.22,363.62,819.28,229.51,339.66,0.49,0,0,0,0,0,1,1,100,100,0.66,0.43,8889.56,%sPost-ignition Purge
5926,24.78,1886.06,108.22,363.62,819.28,229.14,339.66,0.49,0,0,0,0,0,1,1,100,100,0.66,0.43,8889.59,%sPost-ignition Purge
5927,25.03,1884.56,108.25,363.62,819.28,229.14,336.81,0.38,0,0,0,0,0,1,1,100,100,0.65,0.43,8889.61,%sPost-ignition Purge
5928,23.42,1884.56,108.25,363.44,819.28,229.14,336.81,0.38,0,0,0,0,0,1,1,100,100,0.65,0.43,8889.64,%sPost-ignition Purge
5929,26.58,1884.56,108.25,363.44,819.34,228.79,336.81,0.38,0,0,0,0,0,1,1,100,100,0.65,0.43,8889.66,%sPost-ignition Purge
5930,25.71,1884.56,108.25,363.44,819.34,228.79,334.1,0.41,0,0,0,0,0,1,1,100,100,0.65,0.43,8889.69,%sPost-ignition Purge
5931,26.17,1882.89,108.18,363.21,819.34,228.79,334.1,0.41,0,0,0,0,0,1,1,100,100,0.64,0.43,8889.71,%sPost-ignition Purge
5932,26.43,1882.89,108.18,363.21,819.31,228.79,334.1,0.41,0,0,0,0,0,1,1,100,100,0.64,0.43,8889.74,%sPost-ignition Purge
5933,26.78,1882.89,108.18,363.21,819.31,228.44,331.67,0.41,0,0,0,0,0,1,1,100,100,0.64,0.43,8889.77,%sPost-ignition Purge
5934,25.01,1882.89,108.18,363.21,819.31,228.44,331.67,0.39,0,0,0,0,0,1,1,100,100,0.64,0.43,8889.79,%sPost-ignition Purge
5935,24.88,1881.16,108.16,362.99,819.31,228.44,331.67,0.39,0,0,0,0,0,1,1,100,100,0.64,0.43,8889.82,%sPost-ignition Purge
5936,24.57,1881.16,108.16,362.99,819.31,228.44,331.67,0.39,0,0,0,0,0,1,1,100,100,0.64,0.43,8889.84,%sPost-ignition Purge
5937,26.83,1881.16,108.16,362.99,819.31,228,331.67,0.39,0,0,0,0,0,1,1,100,100,0.64,0.43,8889.87,%sPost-ignition Purge
5938,24.03,1881.16,108.16,362.99,819.31,228,329.17,0.21,0,0,0,0,0,1,1,100,100,0.64,0.43,8889.89,%sPost-ignition Purge
5939,31.67,1879.59,108.16,362.99,819.31,228,329.17,0.21,0,0,0,0,0,1,1,100,100,0.64,0.43,8889.92,%sPost-ignition Purge
5940,34.29,1879.59,108.13,362.95,819.29,228,329.17,0.21,0,0,0,0,0,1,1,100,100,0.64,0.43,8889.96,%sPost-ignition Purge
5941,27.13,1879.59,108.13,362.95,819.29,227.45,329.17,0.21,0,0,0,0,0,1,1,100,100,0.64,0.43,8889.99,%sPost-ignition Purge
5942,24.71,1879.59,108.13,362.95,819.29,227.45,326.75,0.16,0,0,0,0,0,1,1,100,100,0.64,0.43,8890.01,%sPost-ignition Purge
5943,29.74,1879.59,108.13,362.95,819.29,227.45,326.75,0.16,0,0,0,0,0,1,1,100,100,0.64,0.43,8890.04,%sPost-ignition Purge
5944,24.09,1878.35,108.13,362.95,819.29,227.45,326.75,0.16,0,0,0,0,0,1,1,100,100,0.64,0.43,8890.06,%sPost-ignition Purge
5945,24.67,1878.35,108.31,362.95,819.29,227.45,326.75,0.16,0,0,0,0,0,1,1,100,100,0.64,0.43,8890.09,%sPost-ignition Purge
5946,26.7,1878.35,108.31,362.75,819.28,227.09,326.75,0.16,0,0,0,0,0,1,1,100,100,0.64,0.43,8890.12,%sPost-ignition Purge
5947,24.67,1878.35,108.31,362.75,819.28,227.09,324.53,0.16,0,0,0,0,0,1,1,100,100,0.64,0.43,8890.14,%sPost-ignition Purge
5948,23.17,1878.35,108.31,362.75,819.28,227.09,324.53,0.17,0,0,0,0,0,1,1,100,100,0.64,0.43,8890.16,%sPost-ignition Purge
5949,26.86,1878.35,108.31,362.75,819.28,227.09,324.53,0.17,0,0,0,0,0,1,1,100,100,0.63,0.42,8890.19,%sPost-ignition Purge
5950,27.12,1876.84,108.25,362.75,819.28,227.09,324.53,0.17,0,0,0,0,0,1,1,100,100,0.63,0.42,8890.22,%sPost-ignition Purge
5951,31.68,1876.84,108.25,362.6,819.28,227.09,324.53,0.17,0,0,0,0,0,1,1,100,100,0.63,0.42,8890.25,%sPost-ignition Purge
5952,34.88,1876.84,108.25,362.6,819.28,226.74,322.43,0.17,0,0,0,0,0,1,1,100,100,0.63,0.42,8890.28,%sPost-ignition Purge
5953,28.47,1876.84,108.25,362.6,819.28,226.74,322.43,0.2,0,0,0,0,0,1,1,100,100,0.63,0.42,8890.31,%sPost-ignition Purge
5954,28.71,1876.84,108.25,362.6,819.28,226.74,322.43,0.2,0,0,0,0,0,1,1,100,100,0.63,0.42,8890.34,%sPost-ignition Purge
5955,30.43,1875.46,108.25,362.6,819.28,226.74,322.43,0.2,0,0,0,0,0,1,1,100,100,0.63,0.42,8890.37,%sPost-ignition Purge
5956,32.7,1875.46,108.26,362.35,819.28,226.74,322.43,0.2,0,0,0,0,0,1,1,100,100,0.63,0.42,8890.4,%sPost-ignition Purge
5957,31.17,1875.46,108.26,362.35,819.3,226.74,322.43,0.2,0,0,0,0,0,1,1,100,100,0.63,0.42,8890.44,%sPost-ignition Purge
5958,23,1875.46,108.26,362.35,819.3,226.28,322.43,0.2,0,0,0,0,0,1,1,100,100,0.63,0.42,8890.46,%sPost-ignition Purge
5959,25.84,1875.46,108.26,362.35,819.3,226.28,320.19,0.16,0,0,0,0,0,1,1,100,100,0.63,0.42,8890.49,%sPost-ignition Purge
5960,29.2,1875.46,108.26,362.35,819.3,226.28,320.19,0.16,0,0,0,0,0,1,1,100,100,0.63,0.42,8890.51,%sPost-ignition Purge
5961,29.79,1873.81,108.29,362.35,819.3,226.28,320.19,0.16,0,0,0,0,0,1,1,100,100,0.63,0.42,8890.54,%sPost-ignition Purge
5962,27.81,1873.81,108.29,362.15,819.3,226.28,320.19,0.16,0,0,0,0,0,1,1,100,100,0.63,0.42,8890.57,%sPost-ignition Purge
5963,32.48,1873.81,108.29,362.15,819.32,225.83,320.19,0.16,0,0,0,0,0,1,1,100,100,0.63,0.42,8890.6,%sPost-ignition Purge
5964,36.62,1873.81,108.29,362.15,819.32,225.83,317.68,0.16,0,0,0,0,0,1,1,100,100,0.63,0.42,8890.64,%sPost-ignition Purge
5965,26.68,1873.81,108.29,362.15,819.32,225.83,317.68,0.15,0,0,0,0,0,1,1,100,100,0.63,0.42,8890.67,%sPost-ignition Purge
5966,31.79,1873.81,108.29,362.15,819.32,225.83,317.68,0.15,0,0,0,0,0,1,1,100,100,0.62,0.42,8890.7,%sPost-ignition Purge
5967,26.6,1871.88,108.2,362.15,819.32,225.83,317.68,0.15,0,0,0,0,0,1,1,100,100,0.62,0.42,8890.73,%sPost-ignition Purge
5968,27.74,1871.88,108.2,361.99,819.32,225.83,317.68,0.15,0,0,0,0,0,1,1,100,100,0.62,0.42,8890.75,%sPost-ignition Purge
5969,26.82,1871.88,108.2,361.99,819.37,225.12,317.68,0.15,0,0,0,0,0,1,1,100,100,0.62,0.42,8890.78,%sPost-ignition Purge
5970,29.13,1871.88,108.2,361.99,819.37,225.12,315.11,0.15,0,0,0,0,0,1,1,100,100,0.62,0.42,8890.81,%sPost-ignition Purge
5971,27.14,1871.88,108.2,361.99,819.37,225.12,315.11,0.18,0,0,0,0,0,1,1,100,100,0.62,0.42,8890.84,%sPost-ignition Purge
5972,30.98,1869.94,108.2,361.99,819.37,225.12,315.11,0.18,0,0,0,0,0,1,1,100,100,0.62,0.42,8890.87,%sPost-ignition Purge
5973,30.32,1869.94,108.25,361.99,819.37,225.12,315.11,0.18,0,0,0,0,0,1,1,100,100,0.62,0.42,8890.9,%sPost-ignition Purge
5974,28.06,1869.94,108.25,361.94,819.35,225.12,315.11,0.18,0,0,0,0,0,1,1,100,100,0.62,0.42,8890.93,%sPost-ignition Purge
5975,23.63,1869.94,108.25,361.94,819.35,224.39,315.11,0.18,0,0,0,0,0,1,1,100,100,0.62,0.42,8890.95,%sPost-ignition Purge
5976,25.04,1869.94,108.25,361.94,819.35,224.39,312.46,0.17,0,0,0,0,0,1,1,100,100,0.62,0.42,8890.97,%sPost-ignition Purge
5977,24.66,1869.94,108.25,361.94,819.35,224.39,312.46,0.17,0,0,0,0,0,1,1,100,100,0.61,0.41,8891,%sPost-ignition Purge
5978,24.62,1867.69,108.23,361.58,819.35,224.39,312.46,0.17,0,0,0,0,0,1,1,100,100,0.61,0.41,8891.02,%sPost-ignition Purge
5979,29.67,1867.69,108.23,361.58,819.32,224.39,312.46,0.17,0,0,0,0,0,1,1,100,100,0.61,0.41,8891.05,%sPost-ignition Purge
5980,40.16,1867.69,108.23,361.58,819.32,223.62,309.69,0.17,0,0,0,0,0,1,1,100,100,0.61,0.41,8891.09,%sPost-ignition Purge
5981,23.67,1867.69,108.23,361.58,819.32,223.62,309.69,0.14,0,0,0,0,0,1,1,100,100,0.61,0.41,8891.12,%sPost-ignition Purge
5982,26.25,1865.37,108.23,361.58,819.32,223.62,309.69,0.14,0,0,0,0,0,1,1,100,100,0.61,0.41,8891.14,%sPost-ignition Purge
5983,42.28,1865.37,108.32,361.2,819.32,223.62,309.69,0.14,0,0,0,0,0,1,1,100,100,0.61,0.41,8891.19,%sPost-ignition Purge
5984,31.69,1865.37,108.32,361.2,819.34,223.62,309.69,0.14,0,0,0,0,0,1,1,100,100,0.61,0.41,8891.22,%sPost-ignition Purge
5985,29.67,1865.37,108.32,361.2,819.34,222.7,306.57,0.14,0,0,0,0,0,1,1,100,100,0.61,0.41,8891.25,%sPost-ignition Purge
5986,25.19,1865.37,108.32,361.2,819.34,222.7,306.57,0.15,0,0,0,0,0,1,1,100,100,0.61,0.41,8891.27,%sPost-ignition Purge
5987,36.25,1865.37,108.32,361.2,819.34,222.7,306.57,0.15,0,0,0,0,0,1,1,100,100,0.6,0.4,8891.31,%sPost-ignition Purge
5988,31.18,1863.02,108.33,361.2,819.34,222.7,306.57,0.15,0,0,0,0,0,1,1,100,100,0.6,0.4,8891.34,%sPost-ignition Purge
5989,29.66,1863.02,108.33,360.9,819.34,222.7,306.57,0.15,0,0,0,0,0,1,1,100,100,0.6,0.4,8891.37,%sPost-ignition Purge
5990,33.74,1863.02,108.33,360.9,819.38,222.7,306.57,0.15,0,0,0,0,0,1,1,100,100,0.6,0.4,8891.4,%sPost-ignition Purge
5991,29.1,1863.02,108.33,360.9,819.38,221.74,303.36,0.15,0,0,0,0,0,1,1,100,100,0.6,0.4,8891.43,%sPost-ignition Purge
5992,25.32,1863.02,108.33,360.9,819.38,221.74,303.36,0.16,0,0,0,0,0,1,1,100,100,0.6,0.4,8891.46,%sPost-ignition Purge
5993,34.74,1863.02,108.33,360.9,819.38,221.74,303.36,0.16,0,0,0,0,0,1,1,100,100,0.59,0.39,8891.49,%sPost-ignition Purge
5994,29.87,1860.34,108.33,360.9,819.38,221.74,303.36,0.16,0,0,0,0,0,1,1,100,100,0.59,0.39,8891.52,%sPost-ignition Purge
5995,33.79,1860.34,108.41,360.41,819.38,221.74,303.36,0.16,0,0,0,0,0,1,1,100,100,0.59,0.39,8891.56,%sPost-ignition Purge
5996,31.6,1860.34,108.41,360.41,819.35,221.74,303.36,0.16,0,0,0,0,0,1,1,100,100,0.59,0.39,8891.59,%sPost-ignition Purge
5997,24.07,1860.34,108.41,360.41,819.35,220.72,300.15,0.16,0,0,0,0,0,1,1,100,100,0.59,0.39,8891.61,%sPost-ignition Purge
5998,28.7,1860.34,108.41,360.41,819.35,220.72,300.15,0.2,0,0,0,0,0,1,1,100,100,0.59,0.39,8891.64,%sPost-ignition Purge
5999,32.63,1860.34,108.41,360.41,819.35,220.72,300.15,0.2,0,0,0,0,0,1,1,100,100,0.58,0.39,8891.67,%sPost-ignition Purge
6000,28.75,1857.36,108.41,360.41,819.35,220.72,300.15,0.2,0,0,0,0,0,1,1,100,100,0.58,0.39,8891.7,%sPost-ignition Purge
6001,28.14,1857.36,108.41,360.04,819.35,220.72,300.15,0.2,0,0,0,0,0,1,1,100,100,0.58,0.39,8891.73,%sPost-ignition Purge
6002,27.63,1857.36,108.41,360.04,819.37,219.59,296.71,0.2,0,0,0,0,0,1,1,100,100,0.58,0.39,8891.76,%sPost-ignition Purge
6003,31.65,1857.36,108.41,360.04,819.37,219.59,296.71,0.2,0,0,0,0,0,1,1,100,100,0.58,0.39,8891.79,%sPost-ignition Purge
6004,21.57,1857.36,108.41,360.04,819.37,219.59,296.71,0.15,0,0,0,0,0,1,1,100,100,0.58,0.39,8891.81,%sPost-ignition Purge
6005,25.02,1854.58,108.48,360.04,819.37,219.59,296.71,0.15,0,0,0,0,0,1,1,100,100,0.58,0.39,8891.84,%sPost-ignition Purge
6006,34.16,1854.58,108.48,359.57,819.36,219.59,296.71,0.15,0,0,0,0,0,1,1,100,100,0.58,0.39,8891.87,%sPost-ignition Purge
6007,22.14,1854.58,108.48,359.57,819.36,218.32,293.24,0.15,0,0,0,0,0,1,1,100,100,0.58,0.39,8891.89,%sPost-ignition Purge
6008,24.32,1854.58,108.48,359.57,819.36,218.32,293.24,0.12,0,0,0,0,0,1,1,100,100,0.57,0.38,8891.92,%sPost-ignition Purge
6009,28.81,1851.63,108.48,359.57,819.36,218.32,293.24,0.12,0,0,0,0,0,1,1,100,100,0.57,0.38,8891.95,%sPost-ignition Purge
6010,32.53,1851.63,108.58,359.13,819.36,218.32,293.24,0.12,0,0,0,0,0,1,1,100,100,0.57,0.38,8891.98,%sPost-ignition Purge
6011,29.58,1851.63,108.58,359.13,819.35,218.32,293.24,0.12,0,0,0,0,0,1,1,100,100,0.57,0.38,8892.01,%sPost-ignition Purge
6012,25.24,1851.63,108.58,359.13,819.35,217.15,289.92,0.12,0,0,0,0,0,1,1,100,100,0.57,0.38,8892.03,%sPost-ignition Purge
6013,27.62,1851.63,108.58,359.13,819.35,217.15,289.92,0.14,0,0,0,0,0,1,1,100,100,0.57,0.38,8892.06,%sPost-ignition Purge
6014,23.29,1848.61,108.58,359.13,819.35,217.15,289.92,0.14,0,0,0,0,0,1,1,100,100,0.57,0.38,8892.08,%sPost-ignition Purge
6015,26.94,1848.61,108.6,358.7,819.3,217.15,289.92,0.14,0,0,0,0,0,1,1,100,100,0.57,0.38,8892.11,%sPost-ignition Purge
6016,28.38,1848.61,108.6,358.7,819.3,215.81,286.6,0.14,0,0,0,0,0,1,1,100,100,0.57,0.38,8892.14,%sPost-ignition Purge
6017,24.96,1848.61,108.6,358.7,819.3,215.81,286.6,0.25,0,0,0,0,0,1,1,100,100,0.57,0.38,8892.16,%sPost-ignition Purge
6018,22.1,1845.98,108.75,358.7,819.3,215.81,286.6,0.25,0,0,0,0,0,1,1,100,100,0.56,0.38,8892.19,%sPost-ignition Purge
6019,22.55,1845.98,108.75,358.3,819.31,215.81,286.6,0.25,0,0,0,0,0,1,1,100,100,0.56,0.38,8892.21,%sPost-ignition Purge
6020,25.65,1845.98,108.75,358.3,819.31,214.69,283.63,0.25,0,0,0,0,0,1,1,100,100,0.56,0.38,8892.23,%sPost-ignition Purge
6021,26.66,1845.98,108.75,358.3,819.31,214.69,283.63,0.21,0,0,0,0,0,1,1,100,100,0.56,0.38,8892.26,%sPost-ignition Purge
6022,21.86,1845.98,108.75,358.3,819.31,214.69,283.63,0.21,0,0,0,0,0,1,1,100,100,0.56,0.37,8892.28,%sPost-ignition Purge
6023,27.84,1843.36,108.71,358.3,819.31,214.69,283.63,0.21,0,0,0,0,0,1,1,100,100,0.55,0.37,8892.31,%sPost-ignition Purge
6024,24.65,1843.36,108.71,357.89,819.33,214.69,283.63,0.21,0,0,0,0,0,1,1,100,100,0.55,0.37,8892.34,%sPost-ignition Purge
6025,21.1,1843.36,108.71,357.89,819.33,213.59,280.9,0.21,0,0,0,0,0,1,1,100,100,0.55,0.37,8892.36,%sPost-ignition Purge
6026,24.54,1843.36,108.71,357.89,819.33,213.59,280.9,0.2,0,0,0,0,0,1,1,100,100,0.55,0.37,8892.38,%sPost-ignition Purge
6027,22.15,1840.63,108.71,357.89,819.33,213.59,280.9,0.2,0,0,0,0,0,1,1,100,100,0.55,0.37,8892.4,%sPost-ignition Purge
6028,27.1,1840.63,108.77,357.57,819.33,213.59,280.9,0.2,0,0,0,0,0,1,1,100,100,0.55,0.37,8892.43,%sPost-ignition Purge
6029,27.68,1840.63,108.77,357.57,819.33,212.43,277.46,0.2,0,0,0,0,0,1,1,100,100,0.55,0.37,8892.46,%sPost-ignition Purge
6030,26.04,1840.63,108.77,357.57,819.33,212.43,277.46,-0.47,0,0,0,0,0,1,1,100,100,0.55,0.34,8892.48,%sPost-ignition Purge
6031,22.7,1837.55,108.54,357.19,819.33,212.43,277.46,-0.47,0,0,0,0,0,1,1,100,100,0.54,0.34,8892.51,%sPost-ignition Purge
6032,24.78,1837.55,108.54,357.19,819.1,212.43,277.46,-0.47,0,0,0,0,0,1,1,100,100,0.54,0.34,8892.53,%sPost-ignition Purge
6033,26.47,1837.55,108.54,357.19,819.1,210.72,277.46,-0.47,0,0,0,0,0,1,1,100,100,0.54,0.34,8892.56,%sPost-ignition Purge
6034,24.05,1837.55,108.54,357.19,819.1,210.72,274.44,-1.18,0,0,0,0,0,1,1,100,100,0.54,0.34,8892.58,%sPost-ignition Purge
6035,24.23,1837.55,108.54,357.19,819.1,210.72,274.44,-1.18,0,0,0,0,0,1,1,100,100,0.53,0.32,8892.61,%sPost-ignition Purge
6036,27.12,1834.45,108.31,356.65,819.1,210.72,274.44,-1.18,0,0,0,0,0,1,1,100,100,0.53,0.32,8892.63,%sPost-ignition Purge
6037,25.7,1834.45,108.31,356.65,818.84,210.72,274.44,-1.18,0,0,0,0,0,1,1,100,100,0.53,0.32,8892.66,%sPost-ignition Purge
6038,27.12,1834.45,108.31,356.65,818.84,209,271.51,-1.18,0,0,0,0,0,1,1,100,100,0.53,0.32,8892.69,%sPost-ignition Purge
6039,28.13,1834.45,108.31,356.65,818.84,209,271.51,-1.87,0,0,0,0,0,1,1,100,100,0.52,0.3,8892.71,%sPost-ignition Purge
6040,27.61,1831.62,108.31,356.65,818.84,209,271.51,-1.87,0,0,0,0,0,1,1,100,100,0.52,0.3,8892.74,%sPost-ignition Purge
6041,28.75,1831.62,108.06,356.15,818.68,209,271.51,-1.87,0,0,0,0,0,1,1,100,100,0.52,0.3,8892.77,%sPost-ignition Purge
6042,28.45,1831.62,108.06,356.15,818.68,207.37,268.73,-1.87,0,0,0,0,0,1,1,100,100,0.52,0.3,8892.8,%sPost-ignition Purge
6043,27.82,1831.62,108.06,356.15,818.68,207.37,268.73,-2.65,0,0,0,0,0,1,1,100,100,0.52,0.3,8892.83,%sPost-ignition Purge
6044,23.6,1831.62,108.06,356.15,818.68,207.37,268.73,-2.65,0,0,0,0,0,1,1,100,100,0.5,0.28,8892.85,%sPost-ignition Purge
6045,26.12,1828.95,108.06,356.15,818.68,207.37,268.73,-2.65,0,0,0,0,0,1,1,100,100,0.5,0.28,8892.88,%sPost-ignition Purge
6046,27.59,1828.95,107.69,355.66,818.68,207.37,268.73,-2.65,0,0,0,0,0,1,1,100,100,0.5,0.28,8892.9,%sPost-ignition Purge
6047,26.5,1828.95,107.69,355.66,818.45,205.61,266.08,-3.38,0,0,0,0,0,1,1,100,100,0.5,0.28,8892.93,%sPost-ignition Purge
6048,26.09,1828.95,107.69,355.66,818.45,205.61,266.08,-3.38,0,0,0,0,0,1,1,100,100,0.49,0.26,8892.96,%sPost-ignition Purge
6049,33.57,1826.18,107.37,355.28,818.45,205.61,266.08,-3.38,0,0,0,0,0,1,1,100,100,0.49,0.26,8892.99,%sPost-ignition Purge
6050,32.1,1826.18,107.37,355.28,818.45,205.61,266.08,-3.38,0,0,0,0,0,1,1,100,100,0.49,0.26,8893.02,%sPost-ignition Purge
6051,25.64,1826.18,107.37,355.28,818.27,205.61,266.08,-3.38,0,0,0,0,0,1,1,100,100,0.49,0.26,8893.05,%sPost-ignition Purge
6052,22.07,1826.18,107.37,355.28,818.27,204.07,263.43,-4.12,0,0,0,0,0,1,1,100,100,0.49,0.23,8893.07,%sPost-ignition Purge
6053,27.64,1823.43,107.37,355.28,818.27,204.07,263.43,-4.12,0,0,0,0,0,1,1,100,100,0.48,0.23,8893.1,%sPost-ignition Purge
6054,27.56,1823.43,107.11,354.76,818.27,204.07,263.43,-4.12,0,0,0,0,0,1,1,100,100,0.48,0.23,8893.13,%sPost-ignition Purge
6055,26.6,1823.43,107.11,354.76,818.09,202.47,260.86,-4.12,0,0,0,0,0,1,1,100,100,0.48,0.23,8893.15,%sPost-ignition Purge
6056,23.01,1823.43,107.11,354.76,818.09,202.47,260.86,-4.87,0,0,0,0,0,1,1,100,100,0.48,0.21,8893.18,%sPost-ignition Purge
6057,26.7,1820.97,107.11,354.76,818.09,202.47,260.86,-4.87,0,0,0,0,0,1,1,100,100,0.47,0.21,8893.2,%sPost-ignition Purge
6058,23.2,1820.97,106.94,354.76,818.09,202.47,260.86,-4.87,0,0,0,0,0,1,1,100,100,0.47,0.21,8893.22,%sPost-ignition Purge
6059,25.55,1820.97,106.94,354.22,817.89,200.93,258.72,-4.87,0,0,0,0,0,1,1,100,100,0.47,0.21,8893.25,%sPost-ignition Purge
6060,26.11,1820.97,106.94,354.22,817.89,200.93,258.72,-5.6,0,0,0,0,0,1,1,100,100,0.47,0.18,8893.28,%sPost-ignition Purge
6061,28.87,1818.28,106.94,354.22,817.89,200.93,258.72,-5.6,0,0,0,0,0,1,1,100,100,0.46,0.18,8893.31,%sPost-ignition Purge
6062,20.59,1818.28,106.62,354.22,817.89,200.93,258.72,-5.6,0,0,0,0,0,1,1,100,100,0.46,0.18,8893.33,%sPost-ignition Purge
6063,29.35,1818.28,106.62,353.71,817.65,199.26,256.45,-5.6,0,0,0,0,0,1,1,100,100,0.46,0.18,8893.36,%sPost-ignition Purge
6064,27.98,1818.28,106.62,353.71,817.65,199.26,256.45,-5.6,0,0,0,0,0,1,1,100,100,0.46,0.18,8893.38,%sPost-ignition Purge
6065,23.03,1818.28,106.62,353.71,817.65,199.26,256.45,-6.28,0,0,0,0,0,1,1,100,100,0.45,0.16,8893.41,%sPost-ignition Purge
6066,25.36,1815.63,106.37,353.04,817.65,199.26,256.45,-6.28,0,0,0,0,0,1,1,100,100,0.45,0.16,8893.43,%sPost-ignition Purge
6067,25.91,1815.63,106.37,353.04,817.42,199.26,256.45,-6.28,0,0,0,0,0,1,1,100,100,0.45,0.16,8893.46,%sPost-ignition Purge
6068,26.97,1815.63,106.37,353.04,817.42,197.63,256.45,-6.28,0,0,0,0,0,1,1,100,100,0.45,0.16,8893.48,%sPost-ignition Purge
6069,22.04,1815.63,106.37,353.04,817.42,197.63,253.99,-6.28,0,0,0,0,0,1,1,100,100,0.45,0.16,8893.51,%sPost-ignition Purge
6070,21.18,1815.63,106.37,353.04,817.42,197.63,253.99,-6.96,0,0,0,0,0,1,1,100,100,0.44,0.14,8893.53,%sPost-ignition Purge
6071,28.2,1812.34,104.57,351.11,817.42,197.63,253.99,-6.96,0,0,0,0,0,1,1,100,100,0.44,0.14,8893.56,%sPost-ignition Purge
6072,41.95,1812.34,104.57,351.11,817.24,197.63,253.99,-6.96,0,0,0,0,0,1,1,100,100,0.44,0.14,8893.6,%sPost-ignition Purge
6073,26.57,1812.34,104.57,351.11,817.24,195.94,252.13,-6.96,0,0,0,0,0,1,1,100,100,0.44,0.14,8893.62,%sPost-ignition Purge
6074,26.3,1812.34,104.57,351.11,817.24,195.94,252.13,-7.06,0,0,0,0,0,1,1,100,100,0.43,0.14,8893.65,%sPost-ignition Purge
6075,27.13,1809.71,104.11,351.11,817.24,195.94,252.13,-7.06,0,0,0,0,0,1,1,100,100,0.43,0.14,8893.68,%sPost-ignition Purge
6076,25.32,1809.71,104.11,350.29,817.21,195.94,252.13,-7.06,0,0,0,0,0,1,1,100,100,0.43,0.14,8893.7,%sPost-ignition Purge
6077,24.38,1809.71,104.11,350.29,817.21,194.29,252.13,-7.06,0,0,0,0,0,1,1,100,100,0.43,0.14,8893.73,%sPost-ignition Purge
6078,23.12,1809.71,104.11,350.29,817.21,194.29,250.2,-7.08,0,0,0,0,0,1,1,100,100,0.43,0.13,8893.75,%sPost-ignition Purge
6079,27.4,1807.47,104.11,350.29,817.21,194.29,250.2,-7.08,0,0,0,0,0,1,1,100,100,0.43,0.13,8893.78,%sPost-ignition Purge
6080,27.32,1807.47,104.12,349.28,817.21,194.29,250.2,-7.08,0,0,0,0,0,1,1,100,100,0.43,0.13,8893.81,%sPost-ignition Purge
6081,26.31,1807.47,104.12,349.28,817.13,192.58,248.36,-7.08,0,0,0,0,0,1,1,100,100,0.43,0.13,8893.83,%sPost-ignition Purge
6082,26.11,1807.47,104.12,349.28,817.13,192.58,248.36,-7.26,0,0,0,0,0,1,1,100,100,0.43,0.13,8893.86,%sPost-ignition Purge
6083,26.15,1805.21,104.12,349.28,817.13,192.58,248.36,-7.26,0,0,0,0,0,1,1,100,100,0.42,0.13,8893.88,%sPost-ignition Purge
6084,24.61,1805.21,104.15,349.28,817.13,192.58,248.36,-7.26,0,0,0,0,0,1,1,100,100,0.42,0.13,8893.91,%sPost-ignition Purge
6085,24.73,1805.21,104.15,348.28,817.03,190.34,246.53,-7.26,0,0,0,0,0,1,1,100,100,0.42,0.13,8893.93,%sPost-ignition Purge
6086,25.69,1805.21,104.15,348.28,817.03,190.34,246.53,-7.33,0,0,0,0,0,1,1,100,100,0.42,0.12,8893.96,%sPost-ignition Purge
6087,28.75,1803.01,104.15,348.28,817.03,190.34,246.53,-7.33,0,0,0,0,0,1,1,100,100,0.42,0.12,8893.99,%sPost-ignition Purge
6088,25.72,1803.01,104.27,347.15,817,188.08,246.53,-7.33,0,0,0,0,0,1,1,100,100,0.42,0.12,8894.01,%sPost-ignition Purge
6089,27.33,1803.01,104.27,347.15,817,188.08,244.67,-7.33,0,0,0,0,0,1,1,100,100,0.42,0.12,8894.04,%sPost-ignition Purge
6090,22.63,1803.01,104.27,347.15,817,188.08,244.67,-7.5,0,0,0,0,0,1,1,100,100,0.42,0.12,8894.06,%sPost-ignition Purge
6091,26.68,1800.72,104.34,345.81,817,188.08,244.67,-7.5,0,0,0,0,0,1,1,100,100,0.42,0.11,8894.09,%sPost-ignition Purge
6092,24.6,1800.72,104.34,345.81,816.99,185.29,242.99,-7.5,0,0,0,0,0,1,1,100,100,0.42,0.11,8894.11,%sPost-ignition Purge
6093,23.07,1800.72,104.34,345.81,816.99,185.29,242.99,-7.6,0,0,0,0,0,1,1,100,100,0.42,0.11,8894.14,%sPost-ignition Purge
6094,26.3,1798.42,104.34,345.81,816.99,185.29,242.99,-7.6,0,0,0,0,0,1,1,100,100,0.41,0.11,8894.16,%sPost-ignition Purge
6095,23.66,1798.42,104.32,345.81,816.99,185.29,242.99,-7.6,0,0,0,0,0,1,1,100,100,0.41,0.11,8894.19,%sPost-ignition Purge
6096,25.13,1798.42,104.32,344.6,816.94,182.3,241.18,-7.6,0,0,0,0,0,1,1,100,100,0.41,0.11,8894.21,%sPost-ignition Purge
6097,27.67,1798.42,104.32,344.6,816.94,182.3,241.18,-7.73,0,0,0,0,0,1,1,100,100,0.4,0.11,8894.24,%sPost-ignition Purge
6098,28.43,1796.11,104.32,344.6,816.94,182.3,241.18,-7.73,0,0,0,0,0,1,1,100,100,0.4,0.11,8894.27,%sPost-ignition Purge
6099,25.03,1796.11,104.24,343.33,816.9,179.06,239.37,-7.73,0,0,0,0,0,1,1,100,100,0.4,0.11,8894.29,%sPost-ignition Purge
6100,23.59,1796.11,104.24,343.33,816.9,179.06,239.37,-7.91,0,0,0,0,0,1,1,100,100,0.4,0.11,8894.32,%sPost-ignition Purge
6101,21.46,1793.89,104.24,343.33,816.9,179.06,239.37,-7.91,0,0,0,0,0,1,1,100,100,0.4,0.09,8894.34,%sPost-ignition Purge
6102,26.07,1793.89,104.19,341.97,816.9,179.06,239.37,-7.91,0,0,0,0,0,1,1,100,100,0.4,0.09,8894.37,%sPost-ignition Purge
6103,22.61,1793.89,104.19,341.97,816.9,179.06,239.37,-7.91,0,0,0,0,0,1,1,100,100,0.4,0.09,8894.39,%sPost-ignition Purge
6104,22.07,1793.89,104.19,341.97,816.9,175.84,237.6,-7.98,0,0,0,0,0,1,1,100,100,0.39,0.08,8894.41,%sPost-ignition Purge
6105,25.77,1791.77,104.19,341.97,816.9,175.84,237.6,-7.98,0,0,0,0,0,1,1,100,100,0.39,0.08,8894.44,%sPost-ignition Purge
6106,23.36,1791.77,104.21,340.63,816.9,175.84,237.6,-7.98,0,0,0,0,0,1,1,100,100,0.39,0.08,8894.46,%sPost-ignition Purge
6107,24.19,1791.77,104.21,340.63,816.89,172.49,236.03,-7.98,0,0,0,0,0,1,1,100,100,0.39,0.08,8894.48,%sPost-ignition Purge
6108,23.13,1791.77,104.21,340.63,816.89,172.49,236.03,-7.98,0,0,0,0,0,1,1,100,100,0.39,0.08,8894.51,%sPost-ignition Purge
6109,27.23,1790.18,104.94,340.63,816.89,172.49,236.03,-7.98,0,0,0,0,0,1,1,100,100,0.39,0.08,8894.53,%sPost-ignition Purge
6110,44.18,1790.18,104.94,340.83,816.89,172.49,236.03,-7.98,0,0,0,0,0,1,1,100,100,0.39,0.08,8894.58,%sPost-ignition Purge
6111,25.58,1790.18,104.94,340.83,816.85,172.49,236.03,-7.98,0,0,0,0,0,1,1,100,100,0.39,0.08,8894.6,%sPost-ignition Purge
6112,25.12,1790.18,104.94,340.83,816.85,169.03,234.66,-7.88,0,0,0,0,0,1,1,100,100,0.39,0.08,8894.63,%sPost-ignition Purge
6113,28.11,1788.55,104.94,340.83,816.85,169.03,234.66,-7.88,0,0,0,0,0,1,1,100,100,0.4,0.08,8894.66,%sPost-ignition Purge
6114,25.44,1788.55,104.98,340.81,816.85,169.03,234.66,-7.88,0,0,0,0,0,1,1,100,100,0.4,0.08,8894.68,%sPost-ignition Purge
6115,27.19,1788.55,104.98,340.81,816.87,166.24,234.66,-7.88,0,0,0,0,0,1,1,100,100,0.4,0.08,8894.71,%sPost-ignition Purge
6116,23.38,1788.55,104.98,340.81,816.87,166.24,233.12,-7.83,0,0,0,0,0,1,1,100,100,0.4,0.07,8894.73,%sPost-ignition Purge
6117,26.37,1786.96,104.98,340.81,816.87,166.24,233.12,-7.83,0,0,0,0,0,1,1,100,100,0.39,0.07,8894.76,%sPost-ignition Purge
6118,22.71,1786.96,105,341.13,816.87,166.24,233.12,-7.83,0,0,0,0,0,1,1,100,100,0.39,0.07,8894.78,%sPost-ignition Purge
6119,24.1,1786.96,105,341.13,816.93,163.53,233.12,-7.83,0,0,0,0,0,1,1,100,100,0.39,0.07,8894.81,%sPost-ignition Purge
6120,24.76,1786.96,105,341.13,816.93,163.53,231.59,-7.59,0,0,0,0,0,1,1,100,100,0.39,0.07,8894.83,%sPost-ignition Purge
6121,22.68,1785.43,105,341.13,816.93,163.53,231.59,-7.59,0,0,0,0,0,1,1,100,100,0.39,0.08,8894.85,%sPost-ignition Purge
6122,25.63,1785.43,105,341.5,816.93,163.53,231.59,-7.59,0,0,0,0,0,1,1,100,100,0.39,0.08,8894.88,%sPost-ignition Purge
6123,26.08,1785.43,105,341.5,816.98,161.66,230.26,-7.59,0,0,0,0,0,1,1,100,100,0.39,0.08,8894.9,%sPost-ignition Purge
6124,23.83,1785.43,105,341.5,816.98,161.66,230.26,-7.51,0,0,0,0,0,1,1,100,100,0.39,0.08,8894.93,%sPost-ignition Purge
6125,24.06,1783.67,105.03,341.5,816.98,161.66,230.26,-7.51,0,0,0,0,0,1,1,100,100,0.39,0.07,8894.95,%sPost-ignition Purge
6126,29.26,1783.67,105.03,341.96,816.97,159.9,230.26,-7.51,0,0,0,0,0,1,1,100,100,0.39,0.07,8894.98,%sPost-ignition Purge
6127,27.66,1783.67,105.03,341.96,816.97,159.9,228.86,-7.51,0,0,0,0,0,1,1,100,100,0.39,0.07,8895.01,%sPost-ignition Purge
6128,24.56,1782.14,105.03,341.96,816.97,159.9,228.86,-7.29,0,0,0,0,0,1,1,100,100,0.38,0.07,8895.03,%sPost-ignition Purge
6129,26.64,1782.14,105.13,342.61,816.97,159.9,228.86,-7.29,0,0,0,0,0,1,1,100,100,0.38,0.07,8895.06,%sPost-ignition Purge
6130,27.58,1782.14,105.13,342.61,816.97,159.9,228.86,-7.29,0,0,0,0,0,1,1,100,100,0.38,0.07,8895.09,%sPost-ignition Purge
6131,22.02,1782.14,105.13,342.61,816.97,158.81,227.3,-7.29,0,0,0,0,0,1,1,100,100,0.38,0.07,8895.11,%sPost-ignition Purge
6132,22.43,1782.14,105.13,342.61,816.97,158.81,227.3,-7.17,0,0,0,0,0,1,1,100,100,0.38,0.07,8895.13,%sPost-ignition Purge
6133,25.49,1780.68,105.3,343.4,816.97,158.81,227.3,-7.17,0,0,0,0,0,1,1,100,100,0.38,0.07,8895.16,%sPost-ignition Purge
6134,23.19,1780.68,105.3,343.4,816.97,157.92,225.9,-7.02,0,0,0,0,0,1,1,100,100,0.38,0.07,8895.18,%sPost-ignition Purge
6135,24.05,1780.68,105.3,343.4,816.97,157.92,225.9,-7.02,0,0,0,0,0,1,1,100,100,0.38,0.07,8895.21,%sPost-ignition Purge
6136,25.47,1779.04,105.38,343.4,816.97,157.92,225.9,-7.02,0,0,0,0,0,1,1,100,100,0.38,0.07,8895.23,%sPost-ignition Purge
6137,22.73,1779.04,105.38,344.13,816.99,157.92,225.9,-7.02,0,0,0,0,0,1,1,100,100,0.38,0.07,8895.25,%sPost-ignition Purge
6138,24.02,1779.04,105.38,344.13,816.99,157.58,224.35,-6.87,0,0,0,0,0,1,1,100,100,0.38,0.07,8895.28,%sPost-ignition Purge
6139,28.15,1777.54,105.38,344.13,816.99,157.58,224.35,-6.87,0,0,0,0,0,1,1,100,100,0.38,0.07,8895.31,%sPost-ignition Purge
6140,27.26,1777.54,105.49,344.92,816.99,157.58,224.35,-6.87,0,0,0,0,0,1,1,100,100,0.38,0.07,8895.33,%sPost-ignition Purge
6141,30.49,1777.54,105.49,344.92,816.98,157.34,222.87,-6.87,0,0,0,0,0,1,1,100,100,0.38,0.07,8895.36,%sPost-ignition Purge
6142,29.69,1777.54,105.49,344.92,816.98,157.34,222.87,-6.78,0,0,0,0,0,1,1,100,100,0.38,0.07,8895.39,%sPost-ignition Purge
6143,37.61,1777.54,105.49,344.92,816.98,157.34,222.87,-6.78,0,0,0,0,0,1,1,100,100,0.38,0.08,8895.43,%sPost-ignition Purge
6144,26.6,1775.99,105.52,344.92,816.98,157.34,222.87,-6.78,0,0,0,0,0,1,1,100,100,0.38,0.08,8895.46,%sPost-ignition Purge
6145,28.08,1775.99,105.52,345.73,817.03,157.34,222.87,-6.78,0,0,0,0,0,1,1,100,100,0.38,0.08,8895.49,%sPost-ignition Purge
6146,24.61,1775.99,105.52,345.73,817.03,157.3,221.39,-6.78,0,0,0,0,0,1,1,100,100,0.38,0.08,8895.51,%sPost-ignition Purge
6147,28.26,1775.99,105.52,345.73,817.03,157.3,221.39,-6.73,0,0,0,0,0,1,1,100,100,0.38,0.1,8895.54,%sPost-ignition Purge
6148,44.04,1775.41,105.52,345.73,817.03,157.3,221.39,-6.73,0,0,0,0,0,1,1,100,100,0.38,0.1,8895.58,%sPost-ignition Purge
6149,51.54,1775.41,106.62,346.67,817.03,157.3,221.39,-6.73,0,0,0,0,0,1,1,100,100,0.38,0.1,8895.63,%sPost-ignition Purge
6150,23.74,1775.41,106.62,346.67,817.29,157.3,221.39,-6.73,0,0,0,0,0,1,1,100,100,0.38,0.1,8895.66,%sPost-ignition Purge
6151,29.78,1775.41,106.62,346.67,817.29,158.3,220.58,-6.73,0,0,0,0,0,1,1,100,100,0.38,0.1,8895.69,%sPost-ignition Purge
6152,23.65,1775.41,106.62,346.67,817.29,158.3,220.58,-6.05,0,0,0,0,0,1,1,100,100,0.38,0.12,8895.71,%sPost-ignition Purge
6153,43.6,1774.65,106.62,346.67,817.29,158.3,220.58,-6.05,0,0,0,0,0,1,1,100,100,0.38,0.12,8895.76,%sPost-ignition Purge
6154,25.63,1774.65,107.26,346.87,817.29,158.3,220.58,-6.05,0,0,0,0,0,1,1,100,100,0.38,0.12,8895.78,%sPost-ignition Purge
6155,45.75,1774.65,107.26,346.87,817.52,158.3,220.58,-6.05,0,0,0,0,0,1,1,100,100,0.38,0.12,8895.83,%sPost-ignition Purge
6156,26.53,1774.65,107.26,346.87,817.52,159.37,219.74,-6.05,0,0,0,0,0,1,1,100,100,0.38,0.12,8895.85,%sPost-ignition Purge
6157,24.64,1774.65,107.26,346.87,817.52,159.37,219.74,-5.38,0,0,0,0,0,1,1,100,100,0.38,0.12,8895.88,%sPost-ignition Purge
6158,44.89,1773.51,107.26,346.87,817.52,159.37,219.74,-5.38,0,0,0,0,0,1,1,100,100,0.38,0.14,8895.92,%sPost-ignition Purge
6159,28.6,1773.51,107.54,346.87,817.52,159.37,219.74,-5.38,0,0,0,0,0,1,1,100,100,0.38,0.14,8895.95,%sPost-ignition Purge
6160,44.2,1773.51,107.54,346.95,817.52,159.37,219.74,-5.38,0,0,0,0,0,1,1,100,100,0.38,0.14,8896,%sPost-ignition Purge
6161,47.03,1773.51,107.54,346.95,817.77,159.37,219.74,-5.38,0,0,0,0,0,1,1,100,100,0.38,0.14,8896.04,%sPost-ignition Purge
6162,52.85,1773.51,107.54,346.95,817.77,160.45,219.74,-5.38,0,0,0,0,0,1,1,100,100,0.38,0.14,8896.1,%sPost-ignition Purge
6163,44.45,1773.51,107.54,346.95,817.77,160.45,218.88,-5.38,0,0,0,0,0,1,1,100,100,0.38,0.14,8896.14,%sPost-ignition Purge
6164,36.21,1773.51,107.54,346.95,817.77,160.45,218.88,-4.79,0,0,0,0,0,1,1,0,100,0.38,0.16,8896.18,%sPost-ignition Purge
6165,63.13,1773.51,107.54,346.95,817.77,160.45,218.88,-4.79,0,0,0,0,0,1,1,0,0,0.38,0.16,8896.24,%sPost-ignition Purge
6166,28.68,1773.51,107.54,346.95,817.77,160.45,218.88,-4.79,0,0,0,0,0,1,1,0,0,0.38,0.16,8896.27,%sPost-ignition Purge
6167,35.74,1772.03,107.75,346.95,817.77,160.45,218.88,-4.79,0,0,0,0,0,1,1,0,0,0.38,0.16,8896.3,%sPost-ignition Purge
6168,34.29,1772.03,107.75,346.95,817.77,160.45,218.88,-4.79,0,0,0,0,0,1,1,0,0,0.38,0.16,8896.34,%sPost-ignition Purge
6169,34.31,1772.03,107.75,347.05,818.01,160.45,218.88,-4.79,0,0,0,0,0,1,1,0,0,0.38,0.16,8896.37,%sPost-ignition Purge
6170,32.95,1772.03,107.75,347.05,818.01,161.41,218.88,-4.79,0,0,0,0,0,1,1,0,0,0.38,0.16,8896.4,%sPost-ignition Purge
6171,101.1,1772.03,107.75,347.05,818.01,161.41,217.67,-4.79,0,0,0,0,0,1,1,0,0,0.38,0.16,8896.51,%sPost-ignition Purge
6172,37.7,1772.03,107.75,347.05,818.01,161.41,217.67,-4.79,0,0,0,0,0,1,1,0,0,0.38,0.16,8896.54,%sPost-ignition Purge
6173,64.82,1772.03,107.75,347.05,818.01,161.41,217.67,-4.07,0,0,0,0,0,1,1,0,0,0.38,0.16,8896.61,%sPost-ignition Purge
6174,56.31,1772.03,107.75,347.05,818.01,161.41,217.67,-4.07,0,0,0,0,0,1,1,100,0,0.38,0.18,8896.66,%sPost-ignition Purge
6175,60.18,1772.03,107.75,347.05,818.01,161.41,217.67,-4.07,0,0,0,0,0,1,1,100,100,0.39,0.18,8896.73,%sPost-ignition Purge
6176,40.27,1770.32,107.75,347.05,818.01,161.41,217.67,-4.07,0,0,0,0,0,1,1,100,100,0.39,0.18,8896.77,%sPost-ignition Purge
6177,45.82,1770.32,107.91,347.08,818.01,161.41,217.67,-4.07,0,0,0,0,0,1,1,100,100,0.39,0.18,8896.81,%sPost-ignition Purge
6178,40.43,1770.32,107.91,347.08,818.01,161.41,217.67,-4.07,0,0,0,0,0,1,1,100,100,0.39,0.18,8896.85,%sPost-ignition Purge
6179,36.28,1770.32,107.91,347.08,818.28,161.41,217.67,-4.07,0,0,0,0,0,1,1,100,100,0.39,0.18,8896.89,%sPost-ignition Purge
6180,33.22,1770.32,107.91,347.08,818.28,162.49,216.36,-4.07,0,0,0,0,0,1,1,100,100,0.39,0.18,8896.92,%sPost-ignition Purge
6181,77.38,1770.32,107.91,347.08,818.28,162.49,216.36,-3.43,0,0,0,0,0,1,1,100,100,0.39,0.18,8897,%sPost-ignition Purge
6182,34.25,1770.32,107.91,347.08,818.28,162.49,216.36,-3.43,0,0,0,0,0,1,1,100,100,0.39,0.18,8897.03,%sPost-ignition Purge
6183,35.01,1770.32,107.91,347.08,818.28,162.49,216.36,-3.43,0,0,0,0,0,1,1,100,100,0.4,0.21,8897.07,%sPost-ignition Purge
6184,41.28,1768.76,107.91,347.08,818.28,162.49,216.36,-3.43,0,0,0,0,0,1,1,100,100,0.4,0.21,8897.11,%sPost-ignition Purge
6185,31.25,1768.76,108.33,347.59,818.28,162.49,216.36,-3.43,0,0,0,0,0,1,1,100,100,0.4,0.21,8897.14,%sPost-ignition Purge
6186,30.84,1768.76,108.33,347.59,818.28,162.49,216.36,-3.43,0,0,0,0,0,1,1,100,100,0.4,0.21,8897.17,%sPost-ignition Purge
6187,28.73,1768.76,108.33,347.59,818.75,162.49,216.36,-3.43,0,0,0,0,0,1,1,100,100,0.4,0.21,8897.2,%sPost-ignition Purge
6188,28.07,1768.76,108.33,347.59,818.75,164.34,215.63,-3.43,0,0,0,0,0,1,1,100,100,0.4,0.21,8897.23,%sPost-ignition Purge
6189,27.06,1768.76,108.33,347.59,818.75,164.34,215.63,-3.43,0,0,0,0,0,1,1,100,100,0.4,0.21,8897.25,%sPost-ignition Purge
6190,25.71,1768.76,108.33,347.59,818.75,164.34,215.63,-2.03,0,0,0,0,0,1,1,100,100,0.4,0.21,8897.28,%sPost-ignition Purge
6191,31.64,1768.76,108.33,347.59,818.75,164.34,215.63,-2.03,0,0,0,0,0,1,1,100,100,0.4,0.22,8897.31,%sPost-ignition Purge
6192,33.14,1769.14,108.33,347.59,818.75,164.34,215.63,-2.03,0,0,0,0,0,1,1,100,100,0.4,0.22,8897.35,%sPost-ignition Purge
6193,29.83,1769.14,108.1,347.59,818.75,164.34,215.63,-2.03,0,0,0,0,0,1,1,100,100,0.4,0.22,8897.38,%sPost-ignition Purge
6194,34.16,1769.14,108.1,367.52,818.75,164.34,215.63,-2.03,0,0,0,0,0,1,1,100,100,0.4,0.22,8897.41,%sPost-ignition Purge
6195,41.86,1769.14,108.1,367.52,819.16,166.96,215.63,-2.03,0,0,0,0,0,1,1,100,100,0.4,0.22,8897.45,%sPost-ignition Purge
6196,33.38,1769.14,108.1,367.52,819.16,166.96,215.63,-2.03,0,0,0,0,0,1,1,100,100,0.4,0.22,8897.48,%sPost-ignition Purge
6197,31.26,1769.14,108.1,367.52,819.16,166.96,214.63,-0.69,0,0,0,0,0,1,1,100,100,0.4,0.22,8897.52,%sPost-ignition Purge
6198,34.34,1769.14,108.1,367.52,819.16,166.96,214.63,-0.69,0,0,0,0,0,1,1,100,100,0.4,0.22,8897.55,%sPost-ignition Purge
6199,37.74,1769.14,108.1,367.52,819.16,166.96,214.63,-0.69,0,0,0,0,0,1,1,100,100,0.4,0.23,8897.59,%sPost-ignition Purge
6200,31.89,1769.14,108.1,367.52,819.16,166.96,214.63,-0.69,0,0,0,0,0,1,1,100,100,0.4,0.23,8897.62,%sPost-ignition Purge
6201,34.27,1768.53,108.1,367.52,819.16,166.96,214.63,-0.69,0,0,0,0,0,1,1,100,100,0.4,0.23,8897.65,%sPost-ignition Purge
6202,30.62,1768.53,108.28,387.2,819.37,166.96,214.63,-0.69,0,0,0,0,0,1,1,100,100,0.4,0.23,8897.68,%sPost-ignition Purge
6203,37.81,1768.53,108.28,387.2,819.37,166.96,214.63,-0.69,0,0,0,0,0,1,1,100,100,0.4,0.23,8897.72,%sPost-ignition Purge
6204,30.67,1768.53,108.28,387.2,819.37,167.82,212.77,-0.69,0,0,0,0,0,1,1,100,100,0.4,0.23,8897.75,%sPost-ignition Purge
6205,29.36,1768.53,108.28,387.2,819.37,167.82,212.77,-0.14,0,0,0,0,0,1,1,100,100,0.4,0.23,8897.78,%sPost-ignition Purge
6206,23.19,1768.53,108.28,387.2,819.37,167.82,212.77,-0.14,0,0,0,0,0,1,1,100,100,0.4,0.24,8897.81,%sPost-ignition Purge
6207,36.34,1768.13,108.28,387.2,819.37,167.82,212.77,-0.14,0,0,0,0,0,1,1,100,100,0.4,0.24,8897.84,%sPost-ignition Purge
6208,30.74,1768.13,108.51,406.86,819.37,167.82,212.77,-0.14,0,0,0,0,0,1,1,100,100,0.4,0.24,8897.87,%sPost-ignition Purge
6209,39.21,1768.13,108.51,406.86,819.37,167.82,212.77,-0.14,0,0,0,0,0,1,1,100,100,0.4,0.24,8897.91,%sPost-ignition Purge
6210,22.64,1768.13,108.51,406.86,819.56,167.82,212.77,-0.14,0,0,0,0,0,1,1,100,100,0.4,0.24,8897.93,%sPost-ignition Purge
6211,29.53,1768.13,108.51,406.86,819.56,167.82,210.65,-0.14,0,0,0,0,0,1,1,100,100,0.4,0.24,8897.96,%sPost-ignition Purge
6212,24.94,1768.13,108.51,406.86,819.56,167.82,210.65,0.38,0,0,0,0,0,1,1,100,100,0.4,0.24,8897.99,%sPost-ignition Purge
6213,27.57,1767.98,108.51,406.86,819.56,167.82,210.65,0.38,0,0,0,0,0,1,1,100,100,0.41,0.25,8898.02,%sPost-ignition Purge
6214,36.72,1767.98,108.51,406.86,819.56,167.82,210.65,0.38,0,0,0,0,0,1,1,100,100,0.41,0.25,8898.05,%sPost-ignition Purge
6215,28.62,1767.98,108.69,426.56,819.56,167.82,210.65,0.38,0,0,0,0,0,1,1,100,100,0.41,0.25,8898.08,%sPost-ignition Purge
6216,32.55,1767.98,108.69,426.56,819.72,167.1,210.65,0.38,0,0,0,0,0,1,1,100,100,0.41,0.25,8898.11,%sPost-ignition Purge
6217,32.26,1767.98,108.69,426.56,819.72,167.1,208.34,0.38,0,0,0,0,0,1,1,100,100,0.41,0.25,8898.15,%sPost-ignition Purge
6218,22.01,1767.98,108.69,426.56,819.72,167.1,208.34,0.85,0,0,0,0,0,1,1,100,100,0.41,0.25,8898.17,%sPost-ignition Purge
6219,25.13,1767.98,108.69,426.56,819.72,167.1,208.34,0.85,0,0,0,0,0,1,1,100,100,0.39,0.21,8898.19,%sPost-ignition Purge
6220,27.43,1766.25,106.93,426.56,819.72,167.1,208.34,0.85,0,0,0,0,0,1,1,100,100,0.39,0.21,8898.22,%sPost-ignition Purge
6221,28.03,1766.25,106.93,445.74,819.72,167.1,208.34,0.85,0,0,0,0,0,1,1,100,100,0.39,0.21,8898.25,%sPost-ignition Purge
6222,32.84,1766.25,106.93,445.74,819.39,164.1,208.34,0.85,0,0,0,0,0,1,1,100,100,0.39,0.21,8898.28,%sPost-ignition Purge
6223,25.86,1766.25,106.93,445.74,819.39,164.1,204.74,0.85,0,0,0,0,0,1,1,100,100,0.39,0.21,8898.31,%sPost-ignition Purge
6224,26.4,1766.25,106.93,445.74,819.39,164.1,204.74,-0.1,0,0,0,0,0,1,1,100,100,0.39,0.18,8898.33,%sPost-ignition Purge
6225,24.82,1766.25,106.93,445.74,819.39,164.1,204.74,-0.1,0,0,0,0,0,1,1,100,100,0.38,0.18,8898.36,%sPost-ignition Purge
6226,26.22,1765.1,106.55,445.74,819.39,164.1,204.74,-0.1,0,0,0,0,0,1,1,100,100,0.38,0.18,8898.39,%sPost-ignition Purge
6227,26.98,1765.1,106.55,464.93,819.39,164.1,204.74,-0.1,0,0,0,0,0,1,1,100,100,0.38,0.18,8898.41,%sPost-ignition Purge
6228,26.38,1765.1,106.55,464.93,819.17,164.1,204.74,-0.1,0,0,0,0,0,1,1,100,100,0.38,0.18,8898.44,%sPost-ignition Purge
6229,25.27,1765.1,106.55,464.93,819.17,160.09,201.22,-1.04,0,0,0,0,0,1,1,100,100,0.38,0.18,8898.46,%sPost-ignition Purge
6230,24.78,1765.1,106.55,464.93,819.17,160.09,201.22,-1.04,0,0,0,0,0,1,1,100,100,0.38,0.18,8898.49,%sPost-ignition Purge
6231,27.6,1764.23,106.55,464.93,819.17,160.09,201.22,-1.04,0,0,0,0,0,1,1,100,100,0.37,0.13,8898.52,%sPost-ignition Purge
6232,25.75,1764.23,106.32,464.93,819.17,160.09,201.22,-1.04,0,0,0,0,0,1,1,100,100,0.37,0.13,8898.54,%sPost-ignition Purge
6233,28.48,1764.23,106.32,484.11,819.17,160.09,201.22,-1.04,0,0,0,0,0,1,1,100,100,0.37,0.13,8898.57,%sPost-ignition Purge
6234,25.31,1764.23,106.32,484.11,818.8,160.09,201.22,-1.04,0,0,0,0,0,1,1,100,100,0.37,0.13,8898.6,%sPost-ignition Purge
6235,28.07,1764.23,106.32,484.11,818.8,155.56,197.51,-1.04,0,0,0,0,0,1,1,100,100,0.37,0.13,8898.62,%sPost-ignition Purge
6236,27.77,1764.23,106.32,484.11,818.8,155.56,197.51,-1.96,0,0,0,0,0,1,1,100,100,0.35,0.09,8898.65,%sPost-ignition Purge
6237,26.71,1763.65,106.02,484.11,818.8,155.56,197.51,-1.96,0,0,0,0,0,1,1,100,100,0.35,0.09,8898.68,%sPost-ignition Purge
6238,25.24,1763.65,106.02,503.3,818.8,155.56,197.51,-1.96,0,0,0,0,0,1,1,100,100,0.35,0.09,8898.7,%sPost-ignition Purge
6239,28.39,1763.65,106.02,503.3,818.5,150.18,193.85,-1.96,0,0,0,0,0,1,1,100,100,0.35,0.09,8898.73,%sPost-ignition Purge
6240,26.88,1763.65,106.02,503.3,818.5,150.18,193.85,-2.93,0,0,0,0,0,1,1,100,100,0.35,0.05,8898.76,%sPost-ignition Purge
6241,23.26,1763.65,106.02,503.3,818.5,150.18,193.85,-2.93,0,0,0,0,0,1,1,100,100,0.33,0.05,8898.78,%sPost-ignition Purge
6242,22.31,1763.52,106.02,503.3,818.5,150.18,193.85,-2.93,0,0,0,0,0,1,1,100,100,0.33,0.05,8898.8,%sPost-ignition Purge
6243,24.19,1763.52,105.76,522.56,818.5,150.18,193.85,-2.93,0,0,0,0,0,1,1,100,100,0.33,0.05,8898.83,%sPost-ignition Purge
6244,24.17,1763.52,105.76,522.56,818.19,144.35,190.38,-2.93,0,0,0,0,0,1,1,100,100,0.33,0.05,8898.85,%sPost-ignition Purge
6245,25.86,1763.52,105.76,522.56,818.19,144.35,190.38,-3.84,0,0,0,0,0,1,1,100,100,0.33,-0.01,8898.88,%sPost-ignition Purge
6246,28.73,1763.38,105.76,522.56,818.19,144.35,190.38,-3.84,0,0,0,0,0,1,1,100,100,0.31,-0.01,8898.91,%sPost-ignition Purge
6247,26.92,1763.38,105.2,541.36,818.19,144.35,190.38,-3.84,0,0,0,0,0,1,1,100,100,0.31,-0.01,8898.93,%sPost-ignition Purge
6248,26.81,1763.38,105.2,541.36,817.67,144.35,190.38,-3.84,0,0,0,0,0,1,1,100,100,0.31,-0.01,8898.96,%sPost-ignition Purge
6249,26.2,1763.38,105.2,541.36,817.67,137,186.48,-3.84,0,0,0,0,0,1,1,100,100,0.31,-0.01,8898.99,%sPost-ignition Purge
6250,23.82,1763.38,105.2,541.36,817.67,137,186.48,-5.48,0,0,0,0,0,1,1,100,100,0.31,-0.01,8899.01,%sPost-ignition Purge
6251,22.76,1761.54,105.23,541.36,817.67,137,186.48,-5.48,0,0,0,0,0,1,1,100,100,0.29,-0.05,8899.03,%sPost-ignition Purge
6252,24.64,1761.54,105.23,540.65,817.67,137,186.48,-5.48,0,0,0,0,0,1,1,100,100,0.29,-0.05,8899.06,%sPost-ignition Purge
6253,27.08,1761.54,105.23,540.65,817.24,128.52,182.82,-5.48,0,0,0,0,0,1,1,100,100,0.29,-0.05,8899.09,%sPost-ignition Purge
6254,22.03,1761.54,105.23,540.65,817.24,128.52,182.82,-7.04,0,0,0,0,0,1,1,100,100,0.29,-0.05,8899.11,%sPost-ignition Purge
6255,23.92,1761.07,105.23,540.65,817.24,128.52,182.82,-7.04,0,0,0,0,0,1,1,100,100,0.28,-0.08,8899.13,%sPost-ignition Purge
6256,26.83,1761.07,104.97,540.38,816.99,128.52,182.82,-7.04,0,0,0,0,0,1,1,100,100,0.28,-0.08,8899.16,%sPost-ignition Purge
6257,27.24,1761.07,104.97,540.38,816.99,121.16,179.82,-7.04,0,0,0,0,0,1,1,100,100,0.28,-0.08,8899.19,%sPost-ignition Purge
6258,24.82,1761.07,104.97,540.38,816.99,121.16,179.82,-7.95,0,0,0,0,0,1,1,100,100,0.28,-0.08,8899.21,%sPost-ignition Purge
6259,21.83,1761.07,104.97,540.38,816.99,121.16,179.82,-7.95,0,0,0,0,0,1,1,100,100,0.26,-0.12,8899.23,%sPost-ignition Purge
6260,23,1760.28,104.62,540.15,816.99,121.16,179.82,-7.95,0,0,0,0,0,1,1,100,100,0.26,-0.12,8899.26,%sPost-ignition Purge
6261,26.59,1760.28,104.62,540.15,816.76,114.63,176.95,-7.95,0,0,0,0,0,1,1,100,100,0.26,-0.12,8899.28,%sPost-ignition Purge
6262,24.26,1760.28,104.62,540.15,816.76,114.63,176.95,-8.69,0,0,0,0,0,1,1,100,100,0.26,-0.12,8899.31,%sPost-ignition Purge
6263,26.37,1760.28,104.62,540.15,816.76,114.63,176.95,-8.69,0,0,0,0,0,1,1,100,100,0.24,-0.15,8899.33,%sPost-ignition Purge
6264,23.19,1759.46,104.43,539.89,816.76,114.63,176.95,-8.69,0,0,0,0,0,1,1,100,100,0.24,-0.15,8899.36,%sPost-ignition Purge
6265,30.31,1759.46,104.43,539.89,816.5,114.63,176.95,-8.69,0,0,0,0,0,1,1,100,100,0.24,-0.15,8899.39,%sPost-ignition Purge
6266,25.84,1759.46,104.43,539.89,816.5,108.37,174.28,-8.69,0,0,0,0,0,1,1,100,100,0.24,-0.15,8899.41,%sPost-ignition Purge
6267,26.23,1759.46,104.43,539.89,816.5,108.37,174.28,-9.52,0,0,0,0,0,1,1,100,100,0.24,-0.16,8899.44,%sPost-ignition Purge
6268,25.22,1759.85,105.78,539.97,816.5,108.37,174.28,-9.52,0,0,0,0,0,1,1,100,100,0.24,-0.16,8899.46,%sPost-ignition Purge
6269,27.47,1759.85,105.78,539.97,816.57,103.32,174.28,-9.52,0,0,0,0,0,1,1,100,100,0.24,-0.16,8899.49,%sPost-ignition Purge
6270,26.48,1759.85,105.78,539.97,816.57,103.32,174.28,-9.52,0,0,0,0,0,1,1,100,100,0.24,-0.16,8899.52,%sPost-ignition Purge
6271,23.19,1759.85,105.78,539.97,816.57,103.32,172.02,-9.52,0,0,0,0,0,1,1,100,100,0.24,-0.16,8899.54,%sPost-ignition Purge
6272,24.76,1759.94,105.78,539.97,816.57,103.32,172.02,-9.58,0,0,0,0,0,1,1,100,100,0.23,-0.16,8899.57,%sPost-ignition Purge
6273,23.8,1759.94,105.78,539.95,816.46,103.32,172.02,-9.58,0,0,0,0,0,1,1,100,100,0.23,-0.16,8899.59,%sPost-ignition Purge
6274,28.48,1759.94,105.78,539.95,816.46,98.67,169.88,-9.58,0,0,0,0,0,1,1,100,100,0.23,-0.16,8899.62,%sPost-ignition Purge
6275,26.25,1759.94,105.78,539.95,816.46,98.67,169.88,-9.59,0,0,0,0,0,1,1,100,100,0.23,-0.17,8899.64,%sPost-ignition Purge
6276,26.36,1759.98,105.74,540.03,816.46,98.67,169.88,-9.59,0,0,0,0,0,1,1,100,100,0.22,-0.17,8899.67,%sPost-ignition Purge
6277,26.14,1759.98,105.74,540.03,816.59,98.67,169.88,-9.59,0,0,0,0,0,1,1,100,100,0.22,-0.17,8899.7,%sPost-ignition Purge
6278,25.4,1759.98,105.74,540.03,816.59,94.58,167.78,-9.59,0,0,0,0,0,1,1,100,100,0.22,-0.17,8899.72,%sPost-ignition Purge
6279,23.83,1760.04,105.74,540.03,816.59,94.58,167.78,-9.62,0,0,0,0,0,1,1,100,100,0.21,-0.17,8899.75,%sPost-ignition Purge
6280,30.74,1760.04,105.74,540.05,816.59,94.58,167.78,-9.62,0,0,0,0,0,1,1,100,100,0.21,-0.17,8899.78,%sPost-ignition Purge
6281,23.41,1760.04,105.74,540.05,816.6,94.58,167.78,-9.62,0,0,0,0,0,1,1,100,100,0.21,-0.17,8899.8,%sPost-ignition Purge
6282,24.03,1760.04,105.74,540.05,816.6,91.04,167.78,-9.62,0,0,0,0,0,1,1,100,100,0.21,-0.17,8899.82,%sPost-ignition Purge
6283,23.75,1760.15,105.74,540.05,816.6,91.04,165.76,-9.6,0,0,0,0,0,1,1,100,100,0.21,-0.18,8899.85,%sPost-ignition Purge
6284,25.34,1760.15,105.72,540.09,816.6,91.04,165.76,-9.6,0,0,0,0,0,1,1,100,100,0.21,-0.18,8899.87,%sPost-ignition Purge
6285,27.31,1760.15,105.72,540.09,816.57,87.57,163.81,-9.6,0,0,0,0,0,1,1,100,100,0.21,-0.18,8899.9,%sPost-ignition Purge
6286,26.03,1760.15,105.72,540.09,816.57,87.57,163.81,-9.63,0,0,0,0,0,1,1,100,100,0.21,-0.18,8899.93,%sPost-ignition Purge
6287,24.64,1760.22,105.73,540.1,816.57,87.57,163.81,-9.63,0,0,0,0,0,1,1,100,100,0.2,-0.18,8899.95,%sPost-ignition Purge
6288,23.26,1760.22,105.73,540.1,816.51,87.57,163.81,-9.63,0,0,0,0,0,1,1,100,100,0.2,-0.18,8899.97,%sPost-ignition Purge
6289,23.65,1760.22,105.73,540.1,816.51,84.52,161.72,-9.63,0,0,0,0,0,1,1,100,100,0.2,-0.18,8900,%sPost-ignition Purge
6290,20.76,1760.22,105.73,540.1,816.51,84.52,161.72,-9.69,0,0,0,0,0,1,1,100,100,0.19,-0.17,8900.02,%sPost-ignition Purge
6291,21.18,1760.21,105.66,540.1,816.51,84.52,161.72,-9.69,0,0,0,0,0,1,1,100,100,0.19,-0.17,8900.04,%sPost-ignition Purge
6292,28.06,1760.21,105.66,540.07,816.45,84.52,161.72,-9.69,0,0,0,0,0,1,1,100,100,0.19,-0.17,8900.07,%sPost-ignition Purge
6293,23.6,1760.21,105.66,540.07,816.45,81.7,159.55,-9.72,0,0,0,0,0,1,1,100,100,0.19,-0.17,8900.09,%sPost-ignition Purge
6294,25.84,1760.3,105.65,540.07,816.45,81.7,159.55,-9.72,0,0,0,0,0,1,1,100,100,0.19,-0.17,8900.12,%sPost-ignition Purge
6295,27.91,1760.3,105.65,540.08,816.46,79.22,159.55,-9.72,0,0,0,0,0,1,1,100,100,0.19,-0.17,8900.15,%sPost-ignition Purge
6296,20.74,1760.3,105.65,540.08,816.46,79.22,157.71,-9.62,0,0,0,0,0,1,1,100,100,0.19,-0.17,8900.17,%sPost-ignition Purge
6297,24.71,1760.44,105.72,540.08,816.46,79.22,157.71,-9.62,0,0,0,0,0,1,1,100,100,0.19,-0.17,8900.19,%sPost-ignition Purge
6298,27.92,1760.44,105.72,540.08,816.44,79.22,157.71,-9.62,0,0,0,0,0,1,1,100,100,0.19,-0.17,8900.22,%sPost-ignition Purge
6299,27.33,1760.44,105.72,540.08,816.44,76.6,155.71,-9.62,0,0,0,0,0,1,1,100,100,0.19,-0.17,8900.25,%sPost-ignition Purge
6300,23.55,1760.61,105.72,540.08,816.44,76.6,155.71,-9.73,0,0,0,0,0,1,1,100,100,0.18,-0.18,8900.27,%sPost-ignition Purge
6301,28.18,1760.61,105.71,540.09,816.4,76.6,155.71,-9.73,0,0,0,0,0,1,1,100,100,0.18,-0.18,8900.3,%sPost-ignition Purge
6302,24.94,1760.61,105.71,540.09,816.4,74.09,153.74,-9.73,0,0,0,0,0,1,1,100,100,0.18,-0.18,8900.32,%sPost-ignition Purge
6303,23.95,1760.61,105.71,540.09,816.4,74.09,153.74,-9.67,0,0,0,0,0,1,1,100,100,0.18,-0.18,8900.35,%sPost-ignition Purge
6304,24.76,1760.58,105.79,540.13,816.37,74.09,153.74,-9.67,0,0,0,0,0,1,1,100,100,0.18,-0.18,8900.37,%sPost-ignition Purge
6305,25.13,1760.58,105.79,540.13,816.37,71.9,151.86,-9.68,0,0,0,0,0,1,1,100,100,0.18,-0.18,8900.4,%sPost-ignition Purge
6306,26.42,1760.58,105.79,540.13,816.37,71.9,151.86,-9.68,0,0,0,0,0,1,1,100,100,0.17,-0.18,8900.42,%sPost-ignition Purge
6307,28.55,1760.58,105.92,540.15,816.41,71.9,151.86,-9.68,0,0,0,0,0,1,1,100,100,0.17,-0.18,8900.45,%sPost-ignition Purge
6308,26.14,1760.58,105.92,540.15,816.41,70.03,149.88,-9.69,0,0,0,0,0,1,1,100,100,0.17,-0.18,8900.48,%sPost-ignition Purge
6309,27.84,1760.58,105.92,540.15,816.41,70.03,149.88,-9.69,0,0,0,0,0,1,1,100,100,0.17,-0.19,8900.51,%sPost-ignition Purge
6310,23.69,1760.63,105.85,540.1,816.41,70.03,149.88,-9.69,0,0,0,0,0,1,1,100,100,0.17,-0.19,8900.53,%sPost-ignition Purge
6311,27.03,1760.63,105.85,540.1,816.33,68.01,148.22,-9.69,0,0,0,0,0,1,1,100,100,0.17,-0.19,8900.56,%sPost-ignition Purge
6312,21.47,1760.63,105.85,540.1,816.33,68.01,148.22,-9.66,0,0,0,0,0,1,1,100,100,0.17,-0.19,8900.58,%sPost-ignition Purge
6313,28.28,1760.84,105.85,540.1,816.33,68.01,148.22,-9.66,0,0,0,0,0,1,1,100,100,0.17,-0.18,8900.61,%sPost-ignition Purge
6314,24.71,1760.84,105.87,540.14,816.3,66.04,148.22,-9.66,0,0,0,0,0,1,1,100,100,0.17,-0.18,8900.63,%sPost-ignition Purge
6315,27.27,1760.84,105.87,540.14,816.3,66.04,146.38,-9.73,0,0,0,0,0,1,1,100,100,0.17,-0.18,8900.66,%sPost-ignition Purge
6316,22.68,1760.84,105.87,540.14,816.3,66.04,146.38,-9.73,0,0,0,0,0,1,1,100,100,0.16,-0.18,8900.68,%sPost-ignition Purge
6317,25.19,1760.93,105.86,540.14,816.3,66.04,146.38,-9.73,0,0,0,0,0,1,1,100,100,0.16,-0.18,8900.71,%sPost-ignition Purge
6318,24.81,1760.93,105.86,540.1,816.34,64.39,144.35,-9.75,0,0,0,0,0,1,1,100,100,0.16,-0.18,8900.73,%sPost-ignition Purge
6319,28.65,1760.93,105.86,540.1,816.34,64.39,144.35,-9.75,0,0,0,0,0,1,1,100,100,0.16,-0.18,8900.76,%sPost-ignition Purge
6320,26.26,1761.12,105.87,540.18,816.34,64.39,144.35,-9.75,0,0,0,0,0,1,1,100,100,0.16,-0.18,8900.79,%sPost-ignition Purge
6321,22.48,1761.12,105.87,540.18,816.38,64.39,144.35,-9.75,0,0,0,0,0,1,1,100,100,0.16,-0.18,8900.81,%sPost-ignition Purge
6322,23.32,1761.12,105.87,540.18,816.38,62.71,142.49,-9.77,0,0,0,0,0,1,1,100,100,0.16,-0.18,8900.83,%sPost-ignition Purge
6323,28.8,1761.35,105.87,540.18,816.38,62.71,142.49,-9.77,0,0,0,0,0,1,1,100,100,0.16,-0.18,8900.86,%sPost-ignition Purge
6324,25.93,1761.35,105.97,540.23,816.38,62.71,142.49,-9.77,0,0,0,0,0,1,1,100,100,0.16,-0.18,8900.89,%sPost-ignition Purge
6325,22.97,1761.35,105.97,540.23,816.38,61.01,140.66,-9.77,0,0,0,0,0,1,1,100,100,0.16,-0.18,8900.91,%sPost-ignition Purge
6326,23.96,1761.35,105.97,540.23,816.38,61.01,140.66,-9.78,0,0,0,0,0,1,1,100,100,0.15,-0.18,8900.93,%sPost-ignition Purge
6327,27.61,1761.35,105.97,540.24,816.35,61.01,140.66,-9.78,0,0,0,0,0,1,1,100,100,0.15,-0.18,8900.96,%sPost-ignition Purge
6328,22.22,1761.35,105.97,540.24,816.35,59.46,138.71,-9.78,0,0,0,0,0,1,1,100,100,0.15,-0.18,8900.98,%sPost-ignition Purge
6329,23.2,1761.35,105.97,540.24,816.35,59.46,138.71,-9.87,0,0,0,0,0,1,1,100,100,0.15,-0.19,8901.01,%sPost-ignition Purge
6330,25.81,1761.56,105.98,540.27,816.35,59.46,138.71,-9.87,0,0,0,0,0,1,1,100,100,0.15,-0.19,8901.03,%sPost-ignition Purge
6331,27.84,1761.56,105.98,540.27,816.34,57.78,136.86,-9.87,0,0,0,0,0,1,1,100,100,0.15,-0.19,8901.06,%sPost-ignition Purge
6332,28.12,1761.56,105.98,540.27,816.34,57.78,136.86,-9.8,0,0,0,0,0,1,1,100,100,0.15,-0.19,8901.09,%sPost-ignition Purge
6333,24.29,1761.59,105.98,540.27,816.34,57.78,136.86,-9.8,0,0,0,0,0,1,1,100,100,0.15,-0.18,8901.11,%sPost-ignition Purge
6334,25.57,1761.59,105.96,540.31,816.41,56.35,134.84,-9.8,0,0,0,0,0,1,1,100,100,0.15,-0.18,8901.14,%sPost-ignition Purge
6335,23.37,1761.59,105.96,540.31,816.41,56.35,134.84,-9.88,0,0,0,0,0,1,1,100,100,0.15,-0.19,8901.16,%sPost-ignition Purge
6336,22.81,1761.6,105.96,540.31,816.41,56.35,134.84,-9.88,0,0,0,0,0,1,1,100,100,0.15,-0.19,8901.18,%sPost-ignition Purge
6337,23.82,1761.6,105.88,540.27,816.41,56.35,134.84,-9.88,0,0,0,0,0,1,1,100,100,0.15,-0.19,8901.21,%sPost-ignition Purge
6338,25.82,1761.6,105.88,540.27,816.38,54.92,133.08,-9.88,0,0,0,0,0,1,1,100,100,0.15,-0.19,8901.23,%sPost-ignition Purge
6339,25.56,1761.72,105.88,540.27,816.38,54.92,133.08,-9.74,0,0,0,0,0,1,1,100,100,0.14,-0.19,8901.26,%sPost-ignition Purge
6340,28.89,1761.72,105.81,540.29,816.42,54.92,133.08,-9.74,0,0,0,0,0,1,1,100,100,0.14,-0.19,8901.29,%sPost-ignition Purge
6341,23.89,1761.72,105.81,540.29,816.42,53.54,131.34,-9.74,0,0,0,0,0,1,1,100,100,0.14,-0.19,8901.31,%sPost-ignition Purge
6342,23.62,1761.72,105.81,540.29,816.42,53.54,131.34,-9.77,0,0,0,0,0,1,1,100,100,0.14,-0.18,8901.34,%sPost-ignition Purge
6343,23.94,1761.86,105.79,540.33,816.46,52.15,131.34,-9.77,0,0,0,0,0,1,1,100,100,0.14,-0.18,8901.36,%sPost-ignition Purge
6344,31.54,1761.86,105.79,540.33,816.46,52.15,129.28,-9.77,0,0,0,0,0,1,1,100,100,0.14,-0.18,8901.39,%sPost-ignition Purge
6345,26.86,1761.89,105.79,540.33,816.46,52.15,129.28,-9.77,0,0,0,0,0,1,1,100,100,0.14,-0.18,8901.42,%sPost-ignition Purge
6346,26.89,1761.89,105.8,540.35,816.46,52.15,129.28,-9.77,0,0,0,0,0,1,1,100,100,0.14,-0.18,8901.44,%sPost-ignition Purge
6347,24.47,1761.89,105.8,540.35,816.56,50.94,129.28,-9.77,0,0,0,0,0,1,1,100,100,0.14,-0.18,8901.47,%sPost-ignition Purge
6348,25.19,1761.89,105.8,540.35,816.56,50.94,127.43,-9.76,0,0,0,0,0,1,1,100,100,0.14,-0.19,8901.49,%sPost-ignition Purge
6349,24.76,1761.89,105.8,540.35,816.56,50.94,127.43,-9.76,0,0,0,0,0,1,1,100,100,0.13,-0.19,8901.52,%sPost-ignition Purge
6350,28.71,1762.07,105.81,540.41,816.53,50.94,127.43,-9.76,0,0,0,0,0,1,1,100,100,0.13,-0.19,8901.55,%sPost-ignition Purge
6351,29.25,1762.07,105.81,540.41,816.53,49.44,125.69,-9.76,0,0,0,0,0,1,1,100,100,0.13,-0.19,8901.58,%sPost-ignition Purge
6352,24.8,1762.07,105.81,540.41,816.53,49.44,125.69,-9.76,0,0,0,0,0,1,1,100,100,0.13,-0.19,8901.6,%sPost-ignition Purge
6353,26.03,1762.05,105.81,540.41,816.53,49.44,125.69,-9.76,0,0,0,0,0,1,1,100,100,0.13,-0.19,8901.63,%sPost-ignition Purge
6354,24.85,1762.05,105.81,540.36,816.5,48.11,125.69,-9.76,0,0,0,0,0,1,1,100,100,0.13,-0.19,8901.65,%sPost-ignition Purge
6355,22.18,1762.05,105.81,540.36,816.5,48.11,123.87,-9.72,0,0,0,0,0,1,1,100,100,0.13,-0.19,8901.67,%sPost-ignition Purge
6356,24.28,1762.05,105.81,540.36,816.5,48.11,123.87,-9.72,0,0,0,0,0,1,1,100,100,0.13,-0.19,8901.7,%sPost-ignition Purge
6357,26.18,1761.98,105.76,540.34,816.5,48.11,123.87,-9.72,0,0,0,0,0,1,1,100,100,0.13,-0.19,8901.73,%sPost-ignition Purge
6358,24.3,1761.98,105.76,540.34,816.5,46.77,122.06,-9.72,0,0,0,0,0,1,1,100,100,0.13,-0.19,8901.75,%sPost-ignition Purge
6359,26.77,1761.98,105.76,540.34,816.5,46.77,122.06,-9.74,0,0,0,0,0,1,1,100,100,0.13,-0.19,8901.78,%sPost-ignition Purge
6360,23.56,1762.17,105.73,540.3,816.54,46.77,122.06,-9.74,0,0,0,0,0,1,1,100,100,0.12,-0.19,8901.8,%sPost-ignition Purge
6361,26.7,1762.17,105.73,540.3,816.54,45.31,120.16,-9.74,0,0,0,0,0,1,1,100,100,0.12,-0.19,8901.83,%sPost-ignition Purge
6362,25.12,1762.17,105.73,540.3,816.54,45.31,120.16,-9.69,0,0,0,0,0,1,1,100,100,0.12,-0.19,8901.85,%sPost-ignition Purge
6363,26,1762.17,105.73,540.3,816.54,45.31,120.16,-9.69,0,0,0,0,0,1,1,100,100,0.12,-0.19,8901.88,%sPost-ignition Purge
6364,28.1,1762.17,105.65,540.32,816.59,44.2,120.16,-9.69,0,0,0,0,0,1,1,100,100,0.12,-0.19,8901.91,%sPost-ignition Purge
6365,23.18,1762.17,105.65,540.32,816.59,44.2,118.37,-9.76,0,0,0,0,0,1,1,100,100,0.12,-0.19,8901.93,%sPost-ignition Purge
6366,22.22,1762.27,105.65,540.32,816.59,44.2,118.37,-9.76,0,0,0,0,0,1,1,100,100,0.12,-0.19,8901.95,%sPost-ignition Purge
6367,24.79,1762.27,105.68,540.28,816.53,42.98,118.37,-9.76,0,0,0,0,0,1,1,100,100,0.12,-0.19,8901.98,%sPost-ignition Purge
6368,23.51,1762.27,105.68,540.28,816.53,42.98,118.37,-9.76,0,0,0,0,0,1,1,100,100,0.12,-0.19,8902,%sPost-ignition Purge
6369,22.17,1762.47,105.68,540.28,816.53,42.98,116.71,-9.69,0,0,0,0,0,1,1,100,100,0.11,-0.18,8902.02,%sPost-ignition Purge
6370,26.1,1762.47,105.75,540.27,816.53,42.98,116.71,-9.69,0,0,0,0,0,1,1,100,100,0.11,-0.18,8902.05,%sPost-ignition Purge
6371,24.21,1762.47,105.75,540.27,816.53,41.75,116.71,-9.69,0,0,0,0,0,1,1,100,100,0.11,-0.18,8902.07,%sPost-ignition Purge
6372,26.78,1762.47,105.75,540.27,816.53,41.75,114.84,-9.8,0,0,0,0,0,1,1,100,100,0.11,-0.18,8902.1,%sPost-ignition Purge
6373,23.71,1762.47,105.75,540.24,816.48,41.75,114.84,-9.8,0,0,0,0,0,1,1,100,100,0.11,-0.19,8902.12,%sPost-ignition Purge
6374,31.71,1762.47,105.75,540.24,816.48,40.53,112.98,-9.8,0,0,0,0,0,1,1,100,100,0.11,-0.19,8902.15,%sPost-ignition Purge
6375,24.61,1762.47,105.75,540.24,816.48,40.53,112.98,-9.75,0,0,0,0,0,1,1,100,100,0.11,-0.19,8902.18,%sPost-ignition Purge
6376,24.03,1762.59,105.79,540.26,816.48,40.53,112.98,-9.75,0,0,0,0,0,1,1,100,100,0.11,-0.19,8902.2,%sPost-ignition Purge
6377,27.2,1762.59,105.79,540.26,816.5,39.43,112.98,-9.75,0,0,0,0,0,1,1,100,100,0.11,-0.19,8902.23,%sPost-ignition Purge
6378,22.14,1762.59,105.79,540.26,816.5,39.43,111.24,-9.8,0,0,0,0,0,1,1,100,100,0.11,-0.19,8902.25,%sPost-ignition Purge
6379,29.27,1762.65,105.71,540.26,816.5,39.43,111.24,-9.8,0,0,0,0,0,1,1,100,100,0.11,-0.19,8902.28,%sPost-ignition Purge
6380,24.79,1762.65,105.71,540.22,816.5,39.43,111.24,-9.8,0,0,0,0,0,1,1,100,100,0.11,-0.19,8902.31,%sPost-ignition Purge
6381,29.73,1762.65,105.71,540.22,816.44,38.15,111.24,-9.8,0,0,0,0,0,1,1,100,100,0.11,-0.19,8902.34,%sPost-ignition Purge
6382,21.74,1762.65,105.71,540.22,816.44,38.15,109.61,-9.8,0,0,0,0,0,1,1,100,100,0.11,-0.19,8902.36,%sPost-ignition Purge
6383,28.02,1762.65,105.71,540.22,816.44,38.15,109.61,-9.74,0,0,0,0,0,1,1,100,100,0.1,-0.2,8902.39,%sPost-ignition Purge
6384,27.73,1762.65,105.72,540.22,816.44,38.15,109.61,-9.74,0,0,0,0,0,1,1,100,100,0.1,-0.2,8902.41,%sPost-ignition Purge
6385,30.21,1762.65,105.72,540.22,816.45,37.13,109.61,-9.74,0,0,0,0,0,1,1,100,100,0.1,-0.2,8902.44,%sPost-ignition Purge
6386,25.71,1762.65,105.72,540.22,816.45,37.13,107.83,-9.74,0,0,0,0,0,1,1,100,100,0.1,-0.2,8902.47,%sPost-ignition Purge
6387,26.07,1762.65,105.72,540.22,816.45,37.13,107.83,-9.73,0,0,0,0,0,1,1,100,100,0.1,-0.2,8902.5,%sPost-ignition Purge
6388,57.95,1762.65,105.72,540.22,816.45,37.13,107.83,-9.73,0,0,0,0,0,1,1,100,100,0.1,-0.2,8902.55,%sPost-ignition Purge
6389,234.82,1762.75,105.72,540.22,816.45,37.13,107.83,-9.73,0,0,0,0,0,1,1,100,100,0.1,-0.2,8902.79,%sPost-ignition Purge
6390,42.52,1762.75,105.64,540.22,816.45,37.13,107.83,-9.73,0,0,0,0,0,1,1,100,100,0.1,-0.2,8902.83,%sPost-ignition Purge
6391,35.72,1762.75,105.64,540.2,816.45,37.13,107.83,-9.73,0,0,0,0,0,1,1,100,100,0.1,-0.2,8902.87,%sSafe
6392,52.37,1762.75,105.64,540.2,816.5,36.08,107.83,-9.73,0,0,0,0,0,1,1,100,100,0.1,-0.2,8902.92,%sSafe
6393,34.39,1762.75,105.64,540.2,816.5,36.08,106.22,-9.73,0,0,0,0,0,1,1,100,100,0.1,-0.2,8902.95,%sSafe
6394,33.2,1762.75,105.64,540.2,816.5,36.08,106.22,-9.76,0,0,0,0,0,1,1,100,100,0.1,-0.2,8902.99,%sSafe
6395,34.26,1762.75,105.64,540.2,816.5,36.08,106.22,-9.76,0,0,0,0,0,1,1,100,100,0.1,-0.2,8903.02,%sSafe
6396,33.89,1762.75,105.64,540.2,816.5,36.08,106.22,-9.76,0,0,0,0,0,1,1,100,100,0.1,-0.2,8903.05,%sSafe
6397,31.66,1762.86,105.67,540.2,816.5,36.08,106.22,-9.76,0,0,0,0,0,1,1,100,100,0.1,-0.2,8903.09,%sSafe
6398,35.72,1762.86,105.67,540.2,816.54,34.87,106.22,-9.76,0,0,0,0,0,1,1,100,100,0.1,-0.2,8903.12,%sSafe
6399,34.8,1762.86,105.67,540.2,816.54,34.87,104.27,-9.76,0,0,0,0,0,1,1,100,100,0.1,-0.2,8903.16,%sSafe
6400,28.69,1762.86,105.67,540.2,816.54,34.87,104.27,-9.7,0,0,0,0,0,1,1,100,100,0.1,-0.2,8903.19,%sSafe
6401,30.7,1762.86,105.67,540.2,816.54,34.87,104.27,-9.7,0,0,0,0,0,1,1,100,100,0.1,-0.2,8903.22,%sSafe
6402,25.22,1762.91,105.67,540.2,816.54,34.87,104.27,-9.7,0,0,0,0,0,1,1,100,100,0.09,-0.2,8903.24,%sSafe
6403,156.96,1762.91,105.64,540.2,816.54,34.87,104.27,-9.7,0,0,0,0,0,1,1,100,100,0.09,-0.2,8903.4,%sSafe
6404,176.98,1762.91,105.64,540.21,816.54,34.87,104.27,-9.7,0,0,0,0,0,1,1,100,100,0.09,-0.2,8903.58,%sSafe
6405,32.12,1762.91,105.64,540.21,816.5,34.87,104.27,-9.7,0,0,0,0,0,1,1,100,100,0.09,-0.2,8903.61,%sSafe
6406,77.26,1762.91,105.64,540.21,816.5,33.53,104.27,-9.7,0,0,0,0,0,1,1,100,100,0.09,-0.2,8903.68,%sSafe
6407,23.71,1762.91,105.64,540.21,816.5,33.53,101.97,-9.7,0,0,0,0,0,1,1,100,100,0.09,-0.2,8903.71,%sSafe
6408,48.4,1762.91,105.64,540.21,816.5,33.53,101.97,-9.74,0,0,0,0,0,1,1,100,100,0.09,-0.21,8903.76,%sSafe
6409,41.03,1762.91,105.64,540.21,816.5,33.53,101.97,-9.74,0,0,0,0,0,1,1,100,100,0.09,-0.21,8903.8,%sSafe
6410,30.48,1762.91,105.64,540.21,816.5,33.53,101.97,-9.74,0,0,0,0,0,1,1,100,100,0.09,-0.21,8903.83,%sSafe
6411,28.41,1762.8,105.64,540.12,816.5,33.53,101.97,-9.74,0,0,0,0,0,1,1,100,100,0.09,-0.21,8903.86,%sSafe
6412,38.1,1762.8,105.64,540.12,816.5,33.53,101.97,-9.74,0,0,0,0,0,1,1,100,100,0.09,-0.21,8903.89,%sSafe
6413,26.21,1762.8,105.64,540.12,816.45,33.53,101.97,-9.74,0,0,0,0,0,1,1,100,100,0.09,-0.21,8903.92,%sSafe
6414,40.8,1762.8,105.64,540.12,816.45,31.51,98.68,-9.74,0,0,0,0,0,1,1,100,100,0.09,-0.21,8903.96,%sSafe
6415,26.06,1762.8,105.64,540.12,816.45,31.51,98.68,-9.87,0,0,0,0,0,1,1,100,100,0.09,-0.21,8903.99,%sSafe
6416,42.93,1762.8,105.64,540.12,816.45,31.51,98.68,-9.87,0,0,0,0,0,1,1,100,100,0.08,-0.21,8904.03,%sSafe
6417,26.03,1762.7,105.64,540.12,816.45,31.51,98.68,-9.87,0,0,0,0,0,1,1,100,100,0.08,-0.21,8904.06,%sSafe
6418,25.64,1762.7,105.56,540.12,816.45,31.51,98.68,-9.87,0,0,0,0,0,1,1,100,100,0.08,-0.21,8904.08,%sSafe
6419,24.18,1762.7,105.56,540.08,816.45,31.51,98.68,-9.87,0,0,0,0,0,1,1,100,100,0.08,-0.21,8904.11,%sSafe
6420,54.31,1762.7,105.56,540.08,816.42,31.51,98.68,-9.87,0,0,0,0,0,1,1,100,100,0.08,-0.21,8904.16,%sSafe
6421,26.68,1762.7,105.56,540.08,816.42,29.37,95.13,-9.87,0,0,0,0,0,1,1,100,100,0.08,-0.21,8904.19,%sSafe
6422,39.06,1762.7,105.56,540.08,816.42,29.37,95.13,-10.08,0,0,0,0,0,1,1,100,100,0.08,-0.21,8904.23,%sSafe
6423,23.4,1762.7,105.56,540.08,816.42,29.37,95.13,-10.08,0,0,0,0,0,1,1,100,100,0.07,-0.22,8904.25,%sSafe
6424,62.16,1762.66,105.56,540.08,816.42,29.37,95.13,-10.08,0,0,0,0,0,1,1,100,100,0.07,-0.22,8904.31,%sSafe
6425,22.56,1762.66,105.51,540.04,816.38,29.37,95.13,-10.08,0,0,0,0,0,1,1,100,100,0.07,-0.22,8904.33,%sSafe
6426,38.16,1762.66,105.51,540.04,816.38,29.37,95.13,-10.08,0,0,0,0,0,1,1,100,100,0.07,-0.22,8904.37,%sSafe
6427,22.83,1762.66,105.51,540.04,816.38,27.16,95.13,-10.08,0,0,0,0,0,1,1,100,100,0.07,-0.22,8904.4,%sSafe
6428,51.9,1762.66,105.51,540.04,816.38,27.16,91.48,-10.22,0,0,0,0,0,1,1,100,100,0.07,-0.22,8904.45,%sSafe
6429,28.34,1762.66,105.51,540.04,816.38,27.16,91.48,-10.22,0,0,0,0,0,1,1,100,100,0.06,-0.23,8904.48,%sSafe
6430,28.55,1762.66,105.51,540.03,816.38,27.16,91.48,-10.22,0,0,0,0,0,1,1,100,100,0.06,-0.23,8904.5,%sSafe
6431,27.14,1762.66,105.51,540.03,816.34,27.16,91.48,-10.22,0,0,0,0,0,1,1,100,100,0.06,-0.23,8904.53,%sSafe
6432,31.55,1762.66,105.51,540.03,816.34,24.88,91.48,-10.22,0,0,0,0,0,1,1,100,100,0.06,-0.23,8904.56,%sSafe
6433,28.71,1762.66,105.51,540.03,816.34,24.88,87.78,-10.42,0,0,0,0,0,1,1,100,100,0.06,-0.23,8904.59,%sSafe
6434,26.86,1762.66,105.51,540.03,816.34,24.88,87.78,-10.42,0,0,0,0,0,1,1,100,100,0.06,-0.23,8904.62,%sSafe
6435,25.14,1762.66,105.51,540.03,816.34,24.88,87.78,-10.42,0,0,0,0,0,1,1,100,100,0.06,-0.25,8904.64,%sSafe
6436,47.94,1762.66,105.51,540.03,816.34,24.88,87.78,-10.42,0,0,0,0,0,1,1,100,100,0.05,-0.25,8904.69,%sSafe
6437,29.81,1762.66,105.42,539.96,816.34,24.88,87.78,-10.42,0,0,0,0,0,1,1,100,100,0.05,-0.25,8904.72,%sSafe
6438,27.16,1762.66,105.42,539.96,816.24,22.65,83.97,-10.42,0,0,0,0,0,1,1,100,100,0.05,-0.25,8904.75,%sSafe
6439,40.24,1762.66,105.42,539.96,816.24,22.65,83.97,-10.55,0,0,0,0,0,1,1,100,100,0.05,-0.25,8904.79,%sSafe
6440,22.22,1762.66,105.42,539.96,816.24,22.65,83.97,-10.55,0,0,0,0,0,1,1,100,100,0.04,-0.26,8904.81,%sSafe
6441,23.55,1762.64,105.42,539.96,816.24,22.65,83.97,-10.55,0,0,0,0,0,1,1,100,100,0.04,-0.26,8904.84,%sSafe
6442,25.63,1762.64,105.41,539.96,816.24,22.65,83.97,-10.55,0,0,0,0,0,1,1,100,100,0.04,-0.26,8904.86,%sSafe
6443,45.28,1762.64,105.41,539.92,816.16,20.42,83.97,-10.55,0,0,0,0,0,1,1,100,100,0.04,-0.26,8904.91,%sSafe
6444,36.44,1762.64,105.41,539.92,816.16,20.42,79.92,-10.55,0,0,0,0,0,1,1,100,100,0.04,-0.26,8904.94,%sSafe
6445,22.46,1762.64,105.41,539.92,816.16,20.42,79.92,-10.77,0,0,0,0,0,1,1,100,100,0.04,-0.27,8904.96,%sSafe
6446,35.23,1762.71,105.41,539.92,816.16,20.42,79.92,-10.77,0,0,0,0,0,1,1,100,100,0.04,-0.27,8905,%sSafe
6447,34,1762.71,105.31,539.85,816.16,20.42,79.92,-10.77,0,0,0,0,0,1,1,100,100,0.04,-0.27,8905.03,%sSafe
6448,24.82,1762.71,105.31,539.85,816.1,18.1,79.92,-10.77,0,0,0,0,0,1,1,100,100,0.04,-0.27,8905.06,%sSafe
6449,30.68,1762.71,105.31,539.85,816.1,18.1,75.96,-10.77,0,0,0,0,0,1,1,100,100,0.04,-0.27,8905.09,%sSafe
6450,23.06,1762.71,105.31,539.85,816.1,18.1,75.96,-10.94,0,0,0,0,0,1,1,100,100,0.04,-0.27,8905.11,%sSafe
6451,26.91,1762.71,105.31,539.85,816.1,18.1,75.96,-10.94,0,0,0,0,0,1,1,100,100,0.03,-0.27,8905.14,%sSafe
6452,32.57,1762.79,105.3,539.85,816.1,18.1,75.96,-10.94,0,0,0,0,0,1,1,100,100,0.03,-0.27,8905.17,%sSafe
6453,34.23,1762.79,105.3,539.84,816.06,18.1,75.96,-10.94,0,0,0,0,0,1,1,100,100,0.03,-0.27,8905.21,%sSafe
6454,32.41,1762.79,105.3,539.84,816.06,15.84,71.89,-10.94,0,0,0,0,0,1,1,100,100,0.03,-0.27,8905.24,%sSafe
6455,28.85,1762.79,105.3,539.84,816.06,15.84,71.89,-11.11,0,0,0,0,0,1,1,100,100,0.02,-0.28,8905.27,%sSafe
6456,50.25,1762.81,105.3,539.84,816.06,15.84,71.89,-11.11,0,0,0,0,0,1,1,100,100,0.02,-0.28,8905.32,%sSafe
6457,23.23,1762.81,105.22,539.8,815.99,15.84,71.89,-11.11,0,0,0,0,0,1,1,100,100,0.02,-0.28,8905.34,%sSafe
6458,27.68,1762.81,105.22,539.8,815.99,15.84,71.89,-11.11,0,0,0,0,0,1,1,100,100,0.02,-0.28,8905.37,%sSafe
6459,26.05,1762.81,105.22,539.8,815.99,13.79,71.89,-11.11,0,0,0,0,0,1,1,100,100,0.02,-0.28,8905.39,%sSafe
6460,24.64,1762.81,105.22,539.8,815.99,13.79,67.96,-11.33,0,0,0,0,0,1,1,100,100,0.02,-0.28,8905.42,%sSafe
6461,22.48,1762.82,105.22,539.8,815.99,13.79,67.96,-11.33,0,0,0,0,0,1,1,100,100,0.01,-0.29,8905.44,%sSafe
6462,26.58,1762.82,105.22,539.8,815.99,13.79,67.96,-11.33,0,0,0,0,0,1,1,100,100,0.01,-0.29,8905.47,%sSafe
6463,23.82,1762.82,105.22,539.79,815.99,13.79,67.96,-11.33,0,0,0,0,0,1,1,100,100,0.01,-0.29,8905.49,%sSafe
6464,26.77,1762.82,105.22,539.79,815.93,11.92,67.96,-11.33,0,0,0,0,0,1,1,100,100,0.01,-0.29,8905.52,%sSafe
6465,33.96,1762.82,105.22,539.79,815.93,11.92,64.56,-11.47,0,0,0,0,0,1,1,100,100,0.01,-0.29,8905.55,%sSafe
6466,26.09,1762.82,105.22,539.79,815.93,11.92,64.56,-11.47,0,0,0,0,0,1,1,100,100,0,-0.29,8905.58,%sSafe
6467,22.99,1763.03,105.2,539.79,815.93,11.92,64.56,-11.47,0,0,0,0,0,1,1,100,100,0,-0.29,8905.6,%sSafe
6468,27.78,1763.03,105.2,539.83,815.93,11.92,64.56,-11.47,0,0,0,0,0,1,1,100,100,0,-0.29,8905.63,%sSafe
6469,24.21,1763.03,105.2,539.83,815.9,11.92,64.56,-11.47,0,0,0,0,0,1,1,100,100,0,-0.29,8905.65,%sSafe
6470,24.67,1763.03,105.2,539.83,815.9,10.66,64.56,-11.47,0,0,0,0,0,1,1,100,100,0,-0.29,8905.68,%sSafe
6471,24.09,1763.03,105.2,539.83,815.9,10.66,62.02,-11.47,0,0,0,0,0,1,1,100,100,0,-0.29,8905.7,%sSafe
6472,28.27,1763.03,105.2,539.83,815.9,10.66,62.02,-11.47,0,0,0,0,0,1,1,100,100,0,-0.29,8905.73,%sSafe
6473,36.64,1763.27,105.18,539.83,815.9,10.66,62.02,-11.47,0,0,0,0,0,1,1,100,100,0,-0.29,8905.77,%sSafe
6474,25.67,1763.27,105.18,539.85,815.92,10.66,62.02,-11.47,0,0,0,0,0,1,1,100,100,0,-0.29,8905.79,%sSafe
6475,25.66,1763.27,105.18,539.85,815.92,9.59,62.02,-11.47,0,0,0,0,0,1,1,100,100,0,-0.29,8905.82,%sSafe
6476,29.27,1763.27,105.18,539.85,815.92,9.59,59.65,-11.47,0,0,0,0,0,1,1,100,100,0,-0.29,8905.85,%sSafe
6477,30.81,1763.4,105.18,539.85,815.92,9.59,59.65,-11.47,0,0,0,0,0,1,1,100,100,0,-0.29,8905.88,%sSafe
6478,24.23,1763.4,105.18,539.87,815.96,9.59,59.65,-11.47,0,0,0,0,0,1,1,100,100,0,-0.29,8905.9,%sSafe
6479,27.42,1763.4,105.18,539.87,815.96,8.64,59.65,-11.47,0,0,0,0,0,1,1,100,100,0,-0.29,8905.93,%sSafe
6480,31.86,1763.4,105.18,539.87,815.96,8.64,57.49,-11.47,0,0,0,0,0,1,1,100,100,0,-0.29,8905.96,%sSafe
6481,24.08,1763.61,105.18,539.87,815.96,8.64,57.49,-11.48,0,0,0,0,0,1,1,100,100,0,-0.29,8905.99,%sSafe
6482,24.88,1763.61,105.17,539.86,815.96,8.64,57.49,-11.48,0,0,0,0,0,1,1,100,100,0,-0.29,8906.01,%sSafe
6483,24.32,1763.61,105.17,539.86,815.95,8.64,57.49,-11.48,0,0,0,0,0,1,1,100,100,0,-0.29,8906.04,%sSafe
6484,31.82,1763.61,105.17,539.86,815.95,7.92,55.31,-11.48,0,0,0,0,0,1,1,100,100,0,-0.29,8906.07,%sSafe
6485,23.35,1763.66,105.17,539.86,815.95,7.92,55.31,-11.48,0,0,0,0,0,1,1,100,100,0,-0.29,8906.09,%sSafe
6486,36.47,1763.66,105.19,539.88,815.95,7.92,55.31,-11.48,0,0,0,0,0,1,1,100,100,0,-0.29,8906.13,%sSafe
6487,29.17,1763.66,105.19,539.88,815.99,7.13,53.33,-11.48,0,0,0,0,0,1,1,100,100,0,-0.29,8906.16,%sSafe
6488,31.1,1763.66,105.19,539.88,815.99,7.13,53.33,-11.48,0,0,0,0,0,1,1,100,100,0,-0.29,8906.19,%sSafe
6489,26.86,1763.81,105.19,539.88,815.99,7.13,53.33,-11.48,0,0,0,0,0,1,1,100,100,-0.01,-0.29,8906.21,%sSafe
6490,22.8,1763.81,105.14,539.9,815.99,7.13,53.33,-11.48,0,0,0,0,0,1,1,100,100,-0.01,-0.29,8906.24,%sSafe
6491,29.22,1763.81,105.14,539.9,816.01,7.13,53.33,-11.48,0,0,0,0,0,1,1,100,100,-0.01,-0.29,8906.27,%sSafe
6492,29.85,1763.81,105.14,539.9,816.01,6.34,51.38,-11.49,0,0,0,0,0,1,1,100,100,-0.01,-0.29,8906.3,%sSafe
6493,32.63,1763.88,105.14,539.9,816.01,6.34,51.38,-11.49,0,0,0,0,0,1,1,100,100,-0.01,-0.29,8906.33,%sSafe
6494,22.95,1763.88,105.14,539.9,816.01,6.34,51.38,-11.49,0,0,0,0,0,1,1,100,100,-0.01,-0.29,8906.35,%sSafe
6495,24.34,1763.88,105.18,539.95,816.02,5.68,51.38,-11.49,0,0,0,0,0,1,1,100,100,-0.01,-0.29,8906.38,%sSafe
6496,24.71,1763.88,105.18,539.95,816.02,5.68,49.57,-11.5,0,0,0,0,0,1,1,100,100,-0.01,-0.29,8906.4,%sSafe
6497,34.23,1763.88,105.18,539.95,816.02,5.68,49.57,-11.5,0,0,0,0,0,1,1,100,100,-0.01,-0.29,8906.44,%sSafe
6498,24.61,1763.95,105.12,539.95,816.02,5.68,49.57,-11.5,0,0,0,0,0,1,1,100,100,-0.01,-0.29,8906.46,%sSafe
6499,26.12,1763.95,105.12,539.93,816.02,5.68,49.57,-11.5,0,0,0,0,0,1,1,100,100,-0.01,-0.29,8906.49,%sSafe
6500,25.72,1763.95,105.12,539.93,815.97,5.68,49.57,-11.5,0,0,0,0,0,1,1,100,100,-0.01,-0.29,8906.51,%sSafe
6501,24.67,1763.95,105.12,539.93,815.97,4.9,47.53,-11.5,0,0,0,0,0,1,1,100,100,-0.01,-0.29,8906.54,%sSafe
6502,23.71,1763.95,105.12,539.93,815.97,4.9,47.53,-11.48,0,0,0,0,0,1,1,100,100,-0.01,-0.29,8906.56,%sSafe
6503,37.36,1763.95,105.12,539.93,815.97,4.9,47.53,-11.48,0,0,0,0,0,1,1,100,100,-0.02,-0.29,8906.6,%sSafe
6504,27.72,1764.09,105.12,539.96,815.97,4.9,47.53,-11.48,0,0,0,0,0,1,1,100,100,-0.02,-0.29,8906.63,%sSafe
6505,33.68,1764.09,105.12,539.96,816.02,4.21,47.53,-11.48,0,0,0,0,0,1,1,100,100,-0.02,-0.29,8906.66,%sSafe
6506,34.62,1764.09,105.12,539.96,816.02,4.21,45.84,-11.48,0,0,0,0,0,1,1,100,100,-0.02,-0.29,8906.69,%sSafe
6507,29.57,1764.09,105.12,539.96,816.02,4.21,45.84,-11.48,0,0,0,0,0,1,1,100,100,-0.02,-0.29,8906.72,%sSafe
6508,26.75,1764.17,105.12,539.96,816.02,4.21,45.84,-11.48,0,0,0,0,0,1,1,100,100,-0.02,-0.29,8906.75,%sSafe
6509,28.37,1764.17,105.08,540,816.04,4.21,45.84,-11.48,0,0,0,0,0,1,1,100,100,-0.02,-0.29,8906.78,%sSafe
6510,27.09,1764.17,105.08,540,816.04,4.21,45.84,-11.48,0,0,0,0,0,1,1,100,100,-0.02,-0.29,8906.81,%sSafe
6511,24.16,1764.17,105.08,540,816.04,3.66,45.84,-11.48,0,0,0,0,0,1,1,100,100,-0.02,-0.29,8906.83,%sSafe
6512,24.03,1764.17,105.08,540,816.04,3.66,44.05,-11.49,0,0,0,0,0,1,1,100,100,-0.02,-0.29,8906.85,%sSafe
6513,27.03,1764.17,105.08,540,816.04,3.66,44.05,-11.49,0,0,0,0,0,1,1,100,100,-0.02,-0.29,8906.88,%sSafe
6514,24.05,1764.25,105.08,540,816.04,3.66,44.05,-11.49,0,0,0,0,0,1,1,100,100,-0.02,-0.29,8906.9,%sSafe
6515,36.04,1764.25,105.08,540,816.01,3.66,44.05,-11.49,0,0,0,0,0,1,1,100,100,-0.02,-0.29,8906.94,%sSafe
6516,26.82,1764.25,105.08,540,816.01,3.02,42.24,-11.49,0,0,0,0,0,1,1,100,100,-0.02,-0.29,8906.97,%sSafe
6517,23.75,1764.25,105.08,540,816.01,3.02,42.24,-11.49,0,0,0,0,0,1,1,100,100,-0.02,-0.29,8906.99,%sSafe
6518,24.41,1764.25,105.08,540,816.01,3.02,42.24,-11.49,0,0,0,0,0,1,1,100,100,-0.02,-0.29,8907.02,%sSafe
6519,24.84,1764.28,105.1,540.02,816.01,3.02,42.24,-11.49,0,0,0,0,0,1,1,100,100,-0.02,-0.29,8907.04,%sSafe
6520,45.03,1764.28,105.1,540.02,816.01,3.02,42.24,-11.49,0,0,0,0,0,1,1,100,100,-0.02,-0.29,8907.09,%sSafe
6521,23.38,1764.28,105.1,540.02,816.01,2.52,40.52,-11.48,0,0,0,0,0,1,1,100,100,-0.02,-0.29,8907.11,%sSafe
6522,26.57,1764.28,105.1,540.02,816.01,2.52,40.52,-11.48,0,0,0,0,0,1,1,100,100,-0.03,-0.29,8907.14,%sSafe
6523,31.15,1764.34,105.11,540.04,816.01,2.52,40.52,-11.48,0,0,0,0,0,1,1,100,100,-0.03,-0.29,8907.17,%sSafe
6524,26.56,1764.34,105.11,540.04,815.99,1.97,38.79,-11.48,0,0,0,0,0,1,1,100,100,-0.03,-0.29,8907.19,%sSafe
6525,34.74,1764.34,105.11,540.04,815.99,1.97,38.79,-11.48,0,0,0,0,0,1,1,100,100,-0.03,-0.29,8907.23,%sSafe
6526,25.97,1764.4,105.11,540.04,815.99,1.97,38.79,-11.48,0,0,0,0,0,1,1,100,100,-0.03,-0.29,8907.25,%sSafe
6527,24.41,1764.4,105.11,540.04,815.99,1.97,38.79,-11.48,0,0,0,0,0,1,1,100,100,-0.03,-0.29,8907.28,%sSafe
6528,31.6,1764.4,105.11,540.07,816.01,1.31,38.79,-11.48,0,0,0,0,0,1,1,100,100,-0.03,-0.29,8907.31,%sSafe
6529,24.74,1764.4,105.11,540.07,816.01,1.31,37.17,-11.48,0,0,0,0,0,1,1,100,100,-0.03,-0.29,8907.33,%sSafe
6530,36.62,1764.4,105.11,540.07,816.01,1.31,37.17,-11.48,0,0,0,0,0,1,1,100,100,-0.03,-0.3,8907.37,%sSafe
6531,26.99,1764.52,105.1,540.05,816.01,1.31,37.17,-11.48,0,0,0,0,0,1,1,100,100,-0.03,-0.3,8907.4,%sSafe
6532,23.07,1764.52,105.1,540.05,816,1.31,37.17,-11.48,0,0,0,0,0,1,1,100,100,-0.03,-0.3,8907.42,%sSafe
6533,30.32,1764.52,105.1,540.05,816,0.8,35.29,-11.48,0,0,0,0,0,1,1,100,100,-0.03,-0.3,8907.45,%sSafe
6534,26.82,1764.52,105.1,540.05,816,0.8,35.29,-11.47,0,0,0,0,0,1,1,100,100,-0.04,-0.29,8907.48,%sSafe
6535,23.12,1764.62,105.1,540.05,816,0.8,35.29,-11.47,0,0,0,0,0,1,1,100,100,-0.04,-0.29,8907.5,%sSafe
6536,25.95,1764.62,105.12,540.05,816,0.8,35.29,-11.47,0,0,0,0,0,1,1,100,100,-0.04,-0.29,8907.53,%sSafe
6537,25.15,1764.62,105.12,540.08,816,0.8,35.29,-11.47,0,0,0,0,0,1,1,100,100,-0.04,-0.29,8907.55,%sSafe
6538,29.71,1764.62,105.12,540.08,816,0.37,33.39,-11.47,0,0,0,0,0,1,1,100,100,-0.04,-0.29,8907.58,%sSafe
6539,22.12,1764.62,105.12,540.08,816,0.37,33.39,-11.46,0,0,0,0,0,1,1,100,100,-0.04,-0.29,8907.6,%sSafe
6540,25.21,1764.7,105.12,540.08,816,0.37,33.39,-11.46,0,0,0,0,0,1,1,100,100,-0.04,-0.29,8907.63,%sSafe
6541,27.8,1764.7,105.12,540.07,816,0.37,33.39,-11.46,0,0,0,0,0,1,1,100,100,-0.04,-0.29,8907.66,%sSafe
6542,31.88,1764.7,105.12,540.07,815.98,0.37,33.39,-11.46,0,0,0,0,0,1,1,100,100,-0.04,-0.29,8907.69,%sSafe
6543,24.46,1764.7,105.12,540.07,815.98,-0.07,31.41,-11.46,0,0,0,0,0,1,1,100,100,-0.04,-0.3,8907.71,%sSafe
6544,25.44,1764.7,105.12,540.07,815.98,-0.07,31.41,-11.46,0,0,0,0,0,1,1,100,100,-0.04,-0.3,8907.74,%sSafe
6545,21.26,1764.82,105.12,540.07,815.98,-0.07,31.41,-11.46,0,0,0,0,0,1,1,100,100,-0.04,-0.3,8907.76,%sSafe
6546,33.78,1764.82,105.13,540.13,815.98,-0.07,31.41,-11.46,0,0,0,0,0,1,1,100,100,-0.04,-0.3,8907.79,%sSafe
6547,26.78,1764.82,105.13,540.13,816.07,-0.4,29.43,-11.46,0,0,0,0,0,1,1,100,100,-0.04,-0.3,8907.82,%sSafe
6548,22.09,1764.82,105.13,540.13,816.07,-0.4,29.43,-11.46,0,0,0,0,0,1,1,100,100,-0.04,-0.3,8907.84,%sSafe
6549,24.31,1764.82,105.13,540.13,816.07,-0.4,29.43,-11.47,0,0,0,0,0,1,1,100,100,-0.04,-0.3,8907.87,%sSafe
6550,23.41,1764.92,105.18,540.13,816.07,-0.4,29.43,-11.47,0,0,0,0,0,1,1,100,100,-0.04,-0.3,8907.89,%sSafe
6551,24.06,1764.92,105.18,540.15,816.06,-0.4,29.43,-11.47,0,0,0,0,0,1,1,100,100,-0.04,-0.3,8907.92,%sSafe
6552,26.5,1764.92,105.18,540.15,816.06,-0.67,29.43,-11.47,0,0,0,0,0,1,1,100,100,-0.04,-0.3,8907.94,%sSafe
6553,31.59,1764.92,105.18,540.15,816.06,-0.67,27.21,-11.46,0,0,0,0,0,1,1,100,100,-0.04,-0.3,8907.97,%sSafe
6554,23.04,1765.08,105.18,540.15,816.06,-0.67,27.21,-11.46,0,0,0,0,0,1,1,100,100,-0.04,-0.3,8908,%sSafe
6555,36.98,1765.08,105.18,540.14,816.06,-0.67,27.21,-11.46,0,0,0,0,0,1,1,100,100,-0.04,-0.3,8908.03,%sSafe
6556,27.57,1765.08,105.18,540.14,816.04,-0.95,25.02,-11.46,0,0,0,0,0,1,1,100,100,-0.04,-0.3,8908.06,%sSafe
6557,25.39,1765.08,105.18,540.14,816.04,-0.95,25.02,-11.45,0,0,0,0,0,1,1,100,100,-0.04,-0.3,8908.09,%sSafe
6558,23.66,1765.16,105.18,540.14,816.04,-0.95,25.02,-11.45,0,0,0,0,0,1,1,100,100,-0.05,-0.3,8908.11,%sSafe
6559,26.95,1765.16,105.21,540.14,816.04,-0.95,25.02,-11.45,0,0,0,0,0,1,1,100,100,-0.05,-0.3,8908.14,%sSafe
6560,34.28,1765.16,105.21,540.15,816.11,-0.95,25.02,-11.45,0,0,0,0,0,1,1,100,100,-0.05,-0.3,8908.17,%sSafe
6561,26.76,1765.16,105.21,540.15,816.11,-1.12,22.84,-11.46,0,0,0,0,0,1,1,100,100,-0.05,-0.3,8908.2,%sSafe
6562,50.01,1765.16,105.21,540.15,816.11,-1.12,22.84,-11.46,0,0,0,0,0,1,1,100,100,-0.05,-0.31,8908.25,%sSafe
6563,23.77,1765.23,105.21,540.19,816.11,-1.12,22.84,-11.46,0,0,0,0,0,1,1,100,100,-0.05,-0.31,8908.27,%sSafe
6564,38.84,1765.23,105.21,540.19,816.12,-1.31,22.84,-11.46,0,0,0,0,0,1,1,100,100,-0.05,-0.31,8908.31,%sSafe
6565,23.64,1765.23,105.21,540.19,816.12,-1.31,20.53,-11.46,0,0,0,0,0,1,1,100,100,-0.05,-0.31,8908.33,%sSafe
6566,41.27,1765.23,105.21,540.19,816.12,-1.31,20.53,-11.46,0,0,0,0,0,1,1,100,100,-0.05,-0.31,8908.38,%sSafe
6567,29.69,1765.44,105.21,540.19,816.12,-1.31,20.53,-11.46,0,0,0,0,0,1,1,100,100,-0.05,-0.31,8908.41,%sSafe
6568,33.79,1765.44,105.21,540.19,816.15,-1.41,20.53,-11.46,0,0,0,0,0,1,1,100,100,-0.05,-0.31,8908.44,%sSafe
6569,36.78,1765.44,105.21,540.19,816.15,-1.41,18.36,-11.46,0,0,0,0,0,1,1,100,100,-0.05,-0.31,8908.48,%sSafe
6570,29.58,1765.44,105.21,540.19,816.15,-1.41,18.36,-11.45,0,0,0,0,0,1,1,100,100,-0.05,-0.31,8908.51,%sSafe
6571,62.47,1765.44,105.21,540.19,816.15,-1.41,18.36,-11.45,0,0,0,0,0,1,1,100,100,-0.05,-0.31,8908.57,%sSafe
6572,48.51,1765.57,105.21,540.19,816.15,-1.41,18.36,-11.45,0,0,0,0,0,1,1,100,100,-0.05,-0.31,8908.62,%sSafe
6573,36.68,1765.57,105.18,540.2,816.15,-1.41,18.36,-11.45,0,0,0,0,0,1,1,100,100,-0.05,-0.31,8908.65,%sSafe
6574,24.78,1765.57,105.18,540.2,816.15,-1.41,18.36,-11.45,0,0,0,0,0,1,1,100,100,-0.05,-0.31,8908.68,%sSafe
6575,26,1765.57,105.18,540.2,816.1,-1.41,18.36,-11.45,0,0,0,0,0,1,1,100,100,-0.05,-0.31,8908.7,%sSafe
6576,33.81,1765.57,105.18,540.2,816.1,-1.43,18.36,-11.45,0,0,0,0,0,1,1,100,100,-0.05,-0.31,8908.74,%sSafe
6577,26.38,1765.57,105.18,540.2,816.1,-1.43,16.25,-11.45,0,0,0,0,0,1,1,100,100,-0.05,-0.31,8908.76,%sSafe
6578,32.57,1765.57,105.18,540.2,816.1,-1.43,16.25,-11.46,0,0,0,0,0,1,1,100,100,-0.05,-0.31,8908.8,%sSafe
6579,41.82,1765.57,105.18,540.2,816.1,-1.43,16.25,-11.46,0,0,0,0,0,1,1,100,100,-0.05,-0.31,8908.84,%sSafe
6580,36.76,1765.57,105.18,540.2,816.1,-1.43,16.25,-11.46,0,0,0,0,0,1,1,100,100,-0.05,-0.31,8908.87,%sSafe
6581,28.68,1765.66,105.18,540.2,816.1,-1.43,16.25,-11.46,0,0,0,0,0,1,1,100,100,-0.05,-0.31,8908.9,%sSafe
6582,47.63,1765.66,105.14,540.26,816.1,-1.43,16.25,-11.46,0,0,0,0,0,1,1,100,100,-0.05,-0.31,8908.95,%sSafe
6583,59.45,1765.66,105.14,540.26,816.08,-1.43,16.25,-11.46,0,0,0,0,0,1,1,100,100,-0.05,-0.31,8909.01,%sSafe
6584,42.22,1765.66,105.14,540.26,816.08,-1.47,16.25,-11.46,0,0,0,0,0,1,1,100,100,-0.05,-0.31,8909.05,%sSafe
6585,39.24,1765.66,105.14,540.26,816.08,-1.47,14.36,-11.45,0,0,0,0,0,1,1,100,100,-0.05,-0.31,8909.09,%sSafe
6586,29.72,1765.66,105.14,540.26,816.08,-1.47,14.36,-11.45,0,0,0,0,0,1,1,100,100,-0.05,-0.32,8909.12,%sSafe
6587,25.64,1765.66,105.14,540.26,816.08,-1.47,14.36,-11.45,0,0,0,0,0,1,1,100,100,-0.05,-0.32,8909.15,%sSafe
6588,26.13,1765.73,105.14,540.26,816.08,-1.47,14.36,-11.45,0,0,0,0,0,1,1,100,100,-0.05,-0.32,8909.17,%sSafe
6589,54.9,1765.73,105.11,540.24,816.08,-1.47,14.36,-11.45,0,0,0,0,0,1,1,100,100,-0.05,-0.32,8909.23,%sSafe
6590,29.67,1765.73,105.11,540.24,816.1,-1.46,14.36,-11.45,0,0,0,0,0,1,1,100,100,-0.05,-0.32,8909.26,%sSafe
6591,45.1,1765.73,105.11,540.24,816.1,-1.46,12.66,-11.45,0,0,0,0,0,1,1,100,100,-0.05,-0.32,8909.3,%sSafe
6592,40.36,1765.73,105.11,540.24,816.1,-1.46,12.66,-11.46,0,0,0,0,0,1,1,100,100,-0.05,-0.32,8909.34,%sSafe
6593,44.23,1765.73,105.11,540.24,816.1,-1.46,12.66,-11.46,0,0,0,0,0,1,1,100,100,-0.06,-0.32,8909.39,%sSafe
6594,30.79,1765.88,105.11,540.24,816.1,-1.46,12.66,-11.46,0,0,0,0,0,1,1,100,100,-0.06,-0.32,8909.42,%sSafe
6595,42.13,1765.88,105.11,540.26,816.1,-1.46,12.66,-11.46,0,0,0,0,0,1,1,100,100,-0.06,-0.32,8909.46,%sSafe
6596,40.98,1765.88,105.11,540.26,816.14,-1.46,12.66,-11.46,0,0,0,0,0,1,1,100,100,-0.06,-0.32,8909.5,%sSafe
6597,27.65,1765.88,105.11,540.26,816.14,-1.47,12.66,-11.46,0,0,0,0,0,1,1,100,100,-0.06,-0.32,8909.53,%sSafe
6598,38.19,1765.88,105.11,540.26,816.14,-1.47,10.9,-11.46,0,0,0,0,0,1,1,100,100,-0.06,-0.32,8909.57,%sSafe
6599,49.14,1765.88,105.11,540.26,816.14,-1.47,10.9,-11.46,0,0,0,0,0,1,1,100,100,-0.06,-0.32,8909.62,%sSafe